id,model,group,mode,power_epoch,validation_issues,passes_current_run_checks,diagnostic_timing,exit_code,abort_reason,requested_context,record_index,backend,kind,MiB,line
CPU-finalist-mistral-7b-uncensored-t5-maskbc,mistral-7b-uncensored,CPU-finalist,bench,charging-01,[],True,False,0,,,0,CPU_Mapped,model,4165.37,load_tensors:   CPU_Mapped model buffer size =  4165.37 MiB
CPU-finalist-mistral-7b-uncensored-t5-maskbc,mistral-7b-uncensored,CPU-finalist,bench,charging-01,[],True,False,0,,,1,CPU_REPACK,model,4094.04,load_tensors:   CPU_REPACK model buffer size =  4094.04 MiB
CPU-finalist-mistral-7b-uncensored-t5-maskbc,mistral-7b-uncensored,CPU-finalist,bench,charging-01,[],True,False,0,,,2,CPU,output,0.12,llama_context:        CPU  output buffer size =     0.12 MiB
CPU-finalist-mistral-7b-uncensored-t5-maskbc,mistral-7b-uncensored,CPU-finalist,bench,charging-01,[],True,False,0,,,3,CPU,KV,32.0,llama_kv_cache:        CPU KV buffer size =    32.00 MiB
CPU-finalist-mistral-7b-uncensored-t5-maskbc,mistral-7b-uncensored,CPU-finalist,bench,charging-01,[],True,False,0,,,4,CPU,compute,30.13,sched_reserve:        CPU compute buffer size =    30.13 MiB
CPU-finalist-mistral-7b-uncensored-t5-maskbc,mistral-7b-uncensored,CPU-finalist,bench,charging-01,[],True,False,0,,,5,CPU,output,0.12,llama_context:        CPU  output buffer size =     0.12 MiB
CPU-finalist-mistral-7b-uncensored-t5-maskbc,mistral-7b-uncensored,CPU-finalist,bench,charging-01,[],True,False,0,,,6,CPU,KV,32.0,llama_kv_cache:        CPU KV buffer size =    32.00 MiB
CPU-finalist-mistral-7b-uncensored-t5-maskbc,mistral-7b-uncensored,CPU-finalist,bench,charging-01,[],True,False,0,,,7,CPU,compute,7.53,sched_reserve:        CPU compute buffer size =     7.53 MiB
CPU-finalist-qwen2.5-coder-1.5b-t5-maskbc,qwen2.5-coder-1.5b,CPU-finalist,bench,charging-01,[],True,False,0,,,0,CPU_Mapped,model,877.31,load_tensors:   CPU_Mapped model buffer size =   877.31 MiB
CPU-finalist-qwen2.5-coder-1.5b-t5-maskbc,qwen2.5-coder-1.5b,CPU-finalist,bench,charging-01,[],True,False,0,,,1,CPU_REPACK,model,934.14,load_tensors:   CPU_REPACK model buffer size =   934.14 MiB
CPU-finalist-qwen2.5-coder-1.5b-t5-maskbc,qwen2.5-coder-1.5b,CPU-finalist,bench,charging-01,[],True,False,0,,,2,CPU,output,0.58,llama_context:        CPU  output buffer size =     0.58 MiB
CPU-finalist-qwen2.5-coder-1.5b-t5-maskbc,qwen2.5-coder-1.5b,CPU-finalist,bench,charging-01,[],True,False,0,,,3,CPU,KV,7.0,llama_kv_cache:        CPU KV buffer size =     7.00 MiB
CPU-finalist-qwen2.5-coder-1.5b-t5-maskbc,qwen2.5-coder-1.5b,CPU-finalist,bench,charging-01,[],True,False,0,,,4,CPU,compute,75.69,sched_reserve:        CPU compute buffer size =    75.69 MiB
CPU-finalist-qwen2.5-coder-1.5b-t5-maskbc,qwen2.5-coder-1.5b,CPU-finalist,bench,charging-01,[],True,False,0,,,5,CPU,output,0.58,llama_context:        CPU  output buffer size =     0.58 MiB
CPU-finalist-qwen2.5-coder-1.5b-t5-maskbc,qwen2.5-coder-1.5b,CPU-finalist,bench,charging-01,[],True,False,0,,,6,CPU,KV,7.0,llama_kv_cache:        CPU KV buffer size =     7.00 MiB
CPU-finalist-qwen2.5-coder-1.5b-t5-maskbc,qwen2.5-coder-1.5b,CPU-finalist,bench,charging-01,[],True,False,0,,,7,CPU,compute,18.92,sched_reserve:        CPU compute buffer size =    18.92 MiB
CPU-finalist-qwen2.5-coder-7b-t5-maskbc,qwen2.5-coder-7b,CPU-finalist,bench,charging-01,[],True,False,0,,,0,CPU_Mapped,model,4460.45,load_tensors:   CPU_Mapped model buffer size =  4460.45 MiB
CPU-finalist-qwen2.5-coder-7b-t5-maskbc,qwen2.5-coder-7b,CPU-finalist,bench,charging-01,[],True,False,0,,,1,CPU_REPACK,model,4166.82,load_tensors:   CPU_REPACK model buffer size =  4166.82 MiB
CPU-finalist-qwen2.5-coder-7b-t5-maskbc,qwen2.5-coder-7b,CPU-finalist,bench,charging-01,[],True,False,0,,,2,CPU,output,0.58,llama_context:        CPU  output buffer size =     0.58 MiB
CPU-finalist-qwen2.5-coder-7b-t5-maskbc,qwen2.5-coder-7b,CPU-finalist,bench,charging-01,[],True,False,0,,,3,CPU,KV,14.0,llama_kv_cache:        CPU KV buffer size =    14.00 MiB
CPU-finalist-qwen2.5-coder-7b-t5-maskbc,qwen2.5-coder-7b,CPU-finalist,bench,charging-01,[],True,False,0,,,4,CPU,compute,77.75,sched_reserve:        CPU compute buffer size =    77.75 MiB
CPU-finalist-qwen2.5-coder-7b-t5-maskbc,qwen2.5-coder-7b,CPU-finalist,bench,charging-01,[],True,False,0,,,5,CPU,output,0.58,llama_context:        CPU  output buffer size =     0.58 MiB
CPU-finalist-qwen2.5-coder-7b-t5-maskbc,qwen2.5-coder-7b,CPU-finalist,bench,charging-01,[],True,False,0,,,6,CPU,KV,14.0,llama_kv_cache:        CPU KV buffer size =    14.00 MiB
CPU-finalist-qwen2.5-coder-7b-t5-maskbc,qwen2.5-coder-7b,CPU-finalist,bench,charging-01,[],True,False,0,,,7,CPU,compute,19.44,sched_reserve:        CPU compute buffer size =    19.44 MiB
CPU-finalist-qwen3-4b-instruct-t5-maskbc,qwen3-4b-instruct,CPU-finalist,bench,charging-01,[],True,False,0,,,0,CPU_Mapped,model,2362.55,load_tensors:   CPU_Mapped model buffer size =  2362.55 MiB
CPU-finalist-qwen3-4b-instruct-t5-maskbc,qwen3-4b-instruct,CPU-finalist,bench,charging-01,[],True,False,0,,,1,CPU_REPACK,model,2375.16,load_tensors:   CPU_REPACK model buffer size =  2375.16 MiB
CPU-finalist-qwen3-4b-instruct-t5-maskbc,qwen3-4b-instruct,CPU-finalist,bench,charging-01,[],True,False,0,,,2,CPU,output,0.58,llama_context:        CPU  output buffer size =     0.58 MiB
CPU-finalist-qwen3-4b-instruct-t5-maskbc,qwen3-4b-instruct,CPU-finalist,bench,charging-01,[],True,False,0,,,3,CPU,KV,36.0,llama_kv_cache:        CPU KV buffer size =    36.00 MiB
CPU-finalist-qwen3-4b-instruct-t5-maskbc,qwen3-4b-instruct,CPU-finalist,bench,charging-01,[],True,False,0,,,4,CPU,compute,76.69,sched_reserve:        CPU compute buffer size =    76.69 MiB
CPU-finalist-qwen3-4b-instruct-t5-maskbc,qwen3-4b-instruct,CPU-finalist,bench,charging-01,[],True,False,0,,,5,CPU,output,0.58,llama_context:        CPU  output buffer size =     0.58 MiB
CPU-finalist-qwen3-4b-instruct-t5-maskbc,qwen3-4b-instruct,CPU-finalist,bench,charging-01,[],True,False,0,,,6,CPU,KV,36.0,llama_kv_cache:        CPU KV buffer size =    36.00 MiB
CPU-finalist-qwen3-4b-instruct-t5-maskbc,qwen3-4b-instruct,CPU-finalist,bench,charging-01,[],True,False,0,,,7,CPU,compute,19.17,sched_reserve:        CPU compute buffer size =    19.17 MiB
CPU-finalist-qwen3.5-4b-instruct-t5-maskbc,qwen3.5-4b-instruct,CPU-finalist,bench,charging-01,[],True,False,0,,,0,CPU_Mapped,model,2603.5,load_tensors:   CPU_Mapped model buffer size =  2603.50 MiB
CPU-finalist-qwen3.5-4b-instruct-t5-maskbc,qwen3.5-4b-instruct,CPU-finalist,bench,charging-01,[],True,False,0,,,1,CPU_REPACK,model,2599.83,load_tensors:   CPU_REPACK model buffer size =  2599.83 MiB
CPU-finalist-qwen3.5-4b-instruct-t5-maskbc,qwen3.5-4b-instruct,CPU-finalist,bench,charging-01,[],True,False,0,,,2,CPU,output,0.95,llama_context:        CPU  output buffer size =     0.95 MiB
CPU-finalist-qwen3.5-4b-instruct-t5-maskbc,qwen3.5-4b-instruct,CPU-finalist,bench,charging-01,[],True,False,0,,,3,CPU,KV,8.0,llama_kv_cache:        CPU KV buffer size =     8.00 MiB
CPU-finalist-qwen3.5-4b-instruct-t5-maskbc,qwen3.5-4b-instruct,CPU-finalist,bench,charging-01,[],True,False,0,,,4,CPU,RS,50.25,llama_memory_recurrent:        CPU RS buffer size =    50.25 MiB
CPU-finalist-qwen3.5-4b-instruct-t5-maskbc,qwen3.5-4b-instruct,CPU-finalist,bench,charging-01,[],True,False,0,,,5,CPU,compute,126.13,sched_reserve:        CPU compute buffer size =   126.13 MiB
CPU-finalist-qwen3.5-4b-instruct-t5-maskbc,qwen3.5-4b-instruct,CPU-finalist,bench,charging-01,[],True,False,0,,,6,CPU,output,0.95,llama_context:        CPU  output buffer size =     0.95 MiB
CPU-finalist-qwen3.5-4b-instruct-t5-maskbc,qwen3.5-4b-instruct,CPU-finalist,bench,charging-01,[],True,False,0,,,7,CPU,KV,8.0,llama_kv_cache:        CPU KV buffer size =     8.00 MiB
CPU-finalist-qwen3.5-4b-instruct-t5-maskbc,qwen3.5-4b-instruct,CPU-finalist,bench,charging-01,[],True,False,0,,,8,CPU,RS,50.25,llama_memory_recurrent:        CPU RS buffer size =    50.25 MiB
CPU-finalist-qwen3.5-4b-instruct-t5-maskbc,qwen3.5-4b-instruct,CPU-finalist,bench,charging-01,[],True,False,0,,,9,CPU,compute,31.53,sched_reserve:        CPU compute buffer size =    31.53 MiB
CPU-norepack-mistral-7b-uncensored-t4-mask9c,mistral-7b-uncensored,threads,bench,charging-01,[],True,False,0,,,0,CPU_Mapped,model,4165.37,load_tensors:   CPU_Mapped model buffer size =  4165.37 MiB
CPU-norepack-mistral-7b-uncensored-t4-mask9c,mistral-7b-uncensored,threads,bench,charging-01,[],True,False,0,,,1,CPU,output,0.12,llama_context:        CPU  output buffer size =     0.12 MiB
CPU-norepack-mistral-7b-uncensored-t4-mask9c,mistral-7b-uncensored,threads,bench,charging-01,[],True,False,0,,,2,CPU,KV,32.0,llama_kv_cache:        CPU KV buffer size =    32.00 MiB
CPU-norepack-mistral-7b-uncensored-t4-mask9c,mistral-7b-uncensored,threads,bench,charging-01,[],True,False,0,,,3,CPU,compute,30.13,sched_reserve:        CPU compute buffer size =    30.13 MiB
CPU-norepack-mistral-7b-uncensored-t4-mask9c,mistral-7b-uncensored,threads,bench,charging-01,[],True,False,0,,,4,CPU,output,0.12,llama_context:        CPU  output buffer size =     0.12 MiB
CPU-norepack-mistral-7b-uncensored-t4-mask9c,mistral-7b-uncensored,threads,bench,charging-01,[],True,False,0,,,5,CPU,KV,32.0,llama_kv_cache:        CPU KV buffer size =    32.00 MiB
CPU-norepack-mistral-7b-uncensored-t4-mask9c,mistral-7b-uncensored,threads,bench,charging-01,[],True,False,0,,,6,CPU,compute,7.53,sched_reserve:        CPU compute buffer size =     7.53 MiB
CPU-norepack-qwen2.5-coder-1.5b-t4-mask9c,qwen2.5-coder-1.5b,threads,bench,charging-01,[],True,False,0,,,0,CPU_Mapped,model,1059.89,load_tensors:   CPU_Mapped model buffer size =  1059.89 MiB
CPU-norepack-qwen2.5-coder-1.5b-t4-mask9c,qwen2.5-coder-1.5b,threads,bench,charging-01,[],True,False,0,,,1,CPU,output,0.58,llama_context:        CPU  output buffer size =     0.58 MiB
CPU-norepack-qwen2.5-coder-1.5b-t4-mask9c,qwen2.5-coder-1.5b,threads,bench,charging-01,[],True,False,0,,,2,CPU,KV,7.0,llama_kv_cache:        CPU KV buffer size =     7.00 MiB
CPU-norepack-qwen2.5-coder-1.5b-t4-mask9c,qwen2.5-coder-1.5b,threads,bench,charging-01,[],True,False,0,,,3,CPU,compute,75.69,sched_reserve:        CPU compute buffer size =    75.69 MiB
CPU-norepack-qwen2.5-coder-1.5b-t4-mask9c,qwen2.5-coder-1.5b,threads,bench,charging-01,[],True,False,0,,,4,CPU,output,0.58,llama_context:        CPU  output buffer size =     0.58 MiB
CPU-norepack-qwen2.5-coder-1.5b-t4-mask9c,qwen2.5-coder-1.5b,threads,bench,charging-01,[],True,False,0,,,5,CPU,KV,7.0,llama_kv_cache:        CPU KV buffer size =     7.00 MiB
CPU-norepack-qwen2.5-coder-1.5b-t4-mask9c,qwen2.5-coder-1.5b,threads,bench,charging-01,[],True,False,0,,,6,CPU,compute,18.92,sched_reserve:        CPU compute buffer size =    18.92 MiB
CPU-norepack-qwen2.5-coder-7b-t4-mask9c,qwen2.5-coder-7b,threads,bench,charging-01,[],True,False,0,,,0,CPU_Mapped,model,4460.45,load_tensors:   CPU_Mapped model buffer size =  4460.45 MiB
CPU-norepack-qwen2.5-coder-7b-t4-mask9c,qwen2.5-coder-7b,threads,bench,charging-01,[],True,False,0,,,1,CPU,output,0.58,llama_context:        CPU  output buffer size =     0.58 MiB
CPU-norepack-qwen2.5-coder-7b-t4-mask9c,qwen2.5-coder-7b,threads,bench,charging-01,[],True,False,0,,,2,CPU,KV,14.0,llama_kv_cache:        CPU KV buffer size =    14.00 MiB
CPU-norepack-qwen2.5-coder-7b-t4-mask9c,qwen2.5-coder-7b,threads,bench,charging-01,[],True,False,0,,,3,CPU,compute,77.75,sched_reserve:        CPU compute buffer size =    77.75 MiB
CPU-norepack-qwen2.5-coder-7b-t4-mask9c,qwen2.5-coder-7b,threads,bench,charging-01,[],True,False,0,,,4,CPU,output,0.58,llama_context:        CPU  output buffer size =     0.58 MiB
CPU-norepack-qwen2.5-coder-7b-t4-mask9c,qwen2.5-coder-7b,threads,bench,charging-01,[],True,False,0,,,5,CPU,KV,14.0,llama_kv_cache:        CPU KV buffer size =    14.00 MiB
CPU-norepack-qwen2.5-coder-7b-t4-mask9c,qwen2.5-coder-7b,threads,bench,charging-01,[],True,False,0,,,6,CPU,compute,19.44,sched_reserve:        CPU compute buffer size =    19.44 MiB
CPU-norepack-qwen3-4b-instruct-t4-mask9c,qwen3-4b-instruct,threads,bench,charging-01,[],True,False,0,,,0,CPU_Mapped,model,2375.91,load_tensors:   CPU_Mapped model buffer size =  2375.91 MiB
CPU-norepack-qwen3-4b-instruct-t4-mask9c,qwen3-4b-instruct,threads,bench,charging-01,[],True,False,0,,,1,CPU,output,0.58,llama_context:        CPU  output buffer size =     0.58 MiB
CPU-norepack-qwen3-4b-instruct-t4-mask9c,qwen3-4b-instruct,threads,bench,charging-01,[],True,False,0,,,2,CPU,KV,36.0,llama_kv_cache:        CPU KV buffer size =    36.00 MiB
CPU-norepack-qwen3-4b-instruct-t4-mask9c,qwen3-4b-instruct,threads,bench,charging-01,[],True,False,0,,,3,CPU,compute,76.69,sched_reserve:        CPU compute buffer size =    76.69 MiB
CPU-norepack-qwen3-4b-instruct-t4-mask9c,qwen3-4b-instruct,threads,bench,charging-01,[],True,False,0,,,4,CPU,output,0.58,llama_context:        CPU  output buffer size =     0.58 MiB
CPU-norepack-qwen3-4b-instruct-t4-mask9c,qwen3-4b-instruct,threads,bench,charging-01,[],True,False,0,,,5,CPU,KV,36.0,llama_kv_cache:        CPU KV buffer size =    36.00 MiB
CPU-norepack-qwen3-4b-instruct-t4-mask9c,qwen3-4b-instruct,threads,bench,charging-01,[],True,False,0,,,6,CPU,compute,19.17,sched_reserve:        CPU compute buffer size =    19.17 MiB
CPU-norepack-qwen3.5-4b-instruct-t4-mask9c,qwen3.5-4b-instruct,threads,bench,charging-01,[],True,False,0,,,0,CPU_Mapped,model,2603.5,load_tensors:   CPU_Mapped model buffer size =  2603.50 MiB
CPU-norepack-qwen3.5-4b-instruct-t4-mask9c,qwen3.5-4b-instruct,threads,bench,charging-01,[],True,False,0,,,1,CPU,output,0.95,llama_context:        CPU  output buffer size =     0.95 MiB
CPU-norepack-qwen3.5-4b-instruct-t4-mask9c,qwen3.5-4b-instruct,threads,bench,charging-01,[],True,False,0,,,2,CPU,KV,8.0,llama_kv_cache:        CPU KV buffer size =     8.00 MiB
CPU-norepack-qwen3.5-4b-instruct-t4-mask9c,qwen3.5-4b-instruct,threads,bench,charging-01,[],True,False,0,,,3,CPU,RS,50.25,llama_memory_recurrent:        CPU RS buffer size =    50.25 MiB
CPU-norepack-qwen3.5-4b-instruct-t4-mask9c,qwen3.5-4b-instruct,threads,bench,charging-01,[],True,False,0,,,4,CPU,compute,126.13,sched_reserve:        CPU compute buffer size =   126.13 MiB
CPU-norepack-qwen3.5-4b-instruct-t4-mask9c,qwen3.5-4b-instruct,threads,bench,charging-01,[],True,False,0,,,5,CPU,output,0.95,llama_context:        CPU  output buffer size =     0.95 MiB
CPU-norepack-qwen3.5-4b-instruct-t4-mask9c,qwen3.5-4b-instruct,threads,bench,charging-01,[],True,False,0,,,6,CPU,KV,8.0,llama_kv_cache:        CPU KV buffer size =     8.00 MiB
CPU-norepack-qwen3.5-4b-instruct-t4-mask9c,qwen3.5-4b-instruct,threads,bench,charging-01,[],True,False,0,,,7,CPU,RS,50.25,llama_memory_recurrent:        CPU RS buffer size =    50.25 MiB
CPU-norepack-qwen3.5-4b-instruct-t4-mask9c,qwen3.5-4b-instruct,threads,bench,charging-01,[],True,False,0,,,8,CPU,compute,31.53,sched_reserve:        CPU compute buffer size =    31.53 MiB
GPU-affinity-mistral-7b-uncensored-t4-mask9c,mistral-7b-uncensored,GPU-threads,bench,charging-01,[],True,False,0,,,0,CPU,model,70.31,load_tensors:          CPU model buffer size =    70.31 MiB
GPU-affinity-mistral-7b-uncensored-t4-mask9c,mistral-7b-uncensored,GPU-threads,bench,charging-01,[],True,False,0,,,1,OpenCL,model,4095.16,load_tensors:       OpenCL model buffer size =  4095.16 MiB
GPU-affinity-mistral-7b-uncensored-t4-mask9c,mistral-7b-uncensored,GPU-threads,bench,charging-01,[],True,False,0,,,2,CPU,output,0.12,llama_context:        CPU  output buffer size =     0.12 MiB
GPU-affinity-mistral-7b-uncensored-t4-mask9c,mistral-7b-uncensored,GPU-threads,bench,charging-01,[],True,False,0,,,3,OpenCL,KV,32.0,llama_kv_cache:     OpenCL KV buffer size =    32.00 MiB
GPU-affinity-mistral-7b-uncensored-t4-mask9c,mistral-7b-uncensored,GPU-threads,bench,charging-01,[],True,False,0,,,4,OpenCL,compute,28.13,sched_reserve:     OpenCL compute buffer size =    28.13 MiB
GPU-affinity-mistral-7b-uncensored-t4-mask9c,mistral-7b-uncensored,GPU-threads,bench,charging-01,[],True,False,0,,,5,CPU,compute,5.13,sched_reserve:        CPU compute buffer size =     5.13 MiB
GPU-affinity-mistral-7b-uncensored-t4-mask9c,mistral-7b-uncensored,GPU-threads,bench,charging-01,[],True,False,0,,,6,CPU,output,0.12,llama_context:        CPU  output buffer size =     0.12 MiB
GPU-affinity-mistral-7b-uncensored-t4-mask9c,mistral-7b-uncensored,GPU-threads,bench,charging-01,[],True,False,0,,,7,OpenCL,KV,32.0,llama_kv_cache:     OpenCL KV buffer size =    32.00 MiB
GPU-affinity-mistral-7b-uncensored-t4-mask9c,mistral-7b-uncensored,GPU-threads,bench,charging-01,[],True,False,0,,,8,OpenCL,compute,7.03,sched_reserve:     OpenCL compute buffer size =     7.03 MiB
GPU-affinity-mistral-7b-uncensored-t4-mask9c,mistral-7b-uncensored,GPU-threads,bench,charging-01,[],True,False,0,,,9,CPU,compute,1.28,sched_reserve:        CPU compute buffer size =     1.28 MiB
GPU-affinity-qwen2.5-coder-1.5b-t4-mask9c,qwen2.5-coder-1.5b,GPU-threads,bench,charging-01,[],True,False,0,,,0,CPU,model,125.19,load_tensors:          CPU model buffer size =   125.19 MiB
GPU-affinity-qwen2.5-coder-1.5b-t4-mask9c,qwen2.5-coder-1.5b,GPU-threads,bench,charging-01,[],True,False,0,,,1,CPU_REPACK,model,195.74,load_tensors:   CPU_REPACK model buffer size =   195.74 MiB
GPU-affinity-qwen2.5-coder-1.5b-t4-mask9c,qwen2.5-coder-1.5b,GPU-threads,bench,charging-01,[],True,False,0,,,2,OpenCL,model,739.03,load_tensors:       OpenCL model buffer size =   739.03 MiB
GPU-affinity-qwen2.5-coder-1.5b-t4-mask9c,qwen2.5-coder-1.5b,GPU-threads,bench,charging-01,[],True,False,0,,,3,CPU,output,0.58,llama_context:        CPU  output buffer size =     0.58 MiB
GPU-affinity-qwen2.5-coder-1.5b-t4-mask9c,qwen2.5-coder-1.5b,GPU-threads,bench,charging-01,[],True,False,0,,,4,OpenCL,KV,7.0,llama_kv_cache:     OpenCL KV buffer size =     7.00 MiB
GPU-affinity-qwen2.5-coder-1.5b-t4-mask9c,qwen2.5-coder-1.5b,GPU-threads,bench,charging-01,[],True,False,0,,,5,OpenCL,compute,16.0,sched_reserve:     OpenCL compute buffer size =    16.00 MiB
GPU-affinity-qwen2.5-coder-1.5b-t4-mask9c,qwen2.5-coder-1.5b,GPU-threads,bench,charging-01,[],True,False,0,,,6,CPU,compute,75.69,sched_reserve:        CPU compute buffer size =    75.69 MiB
GPU-affinity-qwen2.5-coder-1.5b-t4-mask9c,qwen2.5-coder-1.5b,GPU-threads,bench,charging-01,[],True,False,0,,,7,CPU,output,0.58,llama_context:        CPU  output buffer size =     0.58 MiB
GPU-affinity-qwen2.5-coder-1.5b-t4-mask9c,qwen2.5-coder-1.5b,GPU-threads,bench,charging-01,[],True,False,0,,,8,OpenCL,KV,7.0,llama_kv_cache:     OpenCL KV buffer size =     7.00 MiB
GPU-affinity-qwen2.5-coder-1.5b-t4-mask9c,qwen2.5-coder-1.5b,GPU-threads,bench,charging-01,[],True,False,0,,,9,OpenCL,compute,4.0,sched_reserve:     OpenCL compute buffer size =     4.00 MiB
GPU-affinity-qwen2.5-coder-1.5b-t4-mask9c,qwen2.5-coder-1.5b,GPU-threads,bench,charging-01,[],True,False,0,,,10,CPU,compute,18.92,sched_reserve:        CPU compute buffer size =    18.92 MiB
GPU-affinity-qwen2.5-coder-7b-t4-mask9c,qwen2.5-coder-7b,GPU-threads,bench,charging-01,"[""Requested CPU affinity was rejected by Android""]",False,False,0,,,0,CPU,model,292.36,load_tensors:          CPU model buffer size =   292.36 MiB
GPU-affinity-qwen2.5-coder-7b-t4-mask9c,qwen2.5-coder-7b,GPU-threads,bench,charging-01,"[""Requested CPU affinity was rejected by Android""]",False,False,0,,,1,CPU_REPACK,model,426.36,load_tensors:   CPU_REPACK model buffer size =   426.36 MiB
GPU-affinity-qwen2.5-coder-7b-t4-mask9c,qwen2.5-coder-7b,GPU-threads,bench,charging-01,"[""Requested CPU affinity was rejected by Android""]",False,False,0,,,2,OpenCL,model,3741.83,load_tensors:       OpenCL model buffer size =  3741.83 MiB
GPU-affinity-qwen2.5-coder-7b-t4-mask9c,qwen2.5-coder-7b,GPU-threads,bench,charging-01,"[""Requested CPU affinity was rejected by Android""]",False,False,0,,,3,CPU,output,0.58,llama_context:        CPU  output buffer size =     0.58 MiB
GPU-affinity-qwen2.5-coder-7b-t4-mask9c,qwen2.5-coder-7b,GPU-threads,bench,charging-01,"[""Requested CPU affinity was rejected by Android""]",False,False,0,,,4,OpenCL,KV,14.0,llama_kv_cache:     OpenCL KV buffer size =    14.00 MiB
GPU-affinity-qwen2.5-coder-7b-t4-mask9c,qwen2.5-coder-7b,GPU-threads,bench,charging-01,"[""Requested CPU affinity was rejected by Android""]",False,False,0,,,5,OpenCL,compute,33.63,sched_reserve:     OpenCL compute buffer size =    33.63 MiB
GPU-affinity-qwen2.5-coder-7b-t4-mask9c,qwen2.5-coder-7b,GPU-threads,bench,charging-01,"[""Requested CPU affinity was rejected by Android""]",False,False,0,,,6,CPU,compute,77.75,sched_reserve:        CPU compute buffer size =    77.75 MiB
GPU-affinity-qwen2.5-coder-7b-t4-mask9c,qwen2.5-coder-7b,GPU-threads,bench,charging-01,"[""Requested CPU affinity was rejected by Android""]",False,False,0,,,7,CPU,output,0.58,llama_context:        CPU  output buffer size =     0.58 MiB
GPU-affinity-qwen2.5-coder-7b-t4-mask9c,qwen2.5-coder-7b,GPU-threads,bench,charging-01,"[""Requested CPU affinity was rejected by Android""]",False,False,0,,,8,OpenCL,KV,14.0,llama_kv_cache:     OpenCL KV buffer size =    14.00 MiB
GPU-affinity-qwen2.5-coder-7b-t4-mask9c,qwen2.5-coder-7b,GPU-threads,bench,charging-01,"[""Requested CPU affinity was rejected by Android""]",False,False,0,,,9,OpenCL,compute,8.41,sched_reserve:     OpenCL compute buffer size =     8.41 MiB
GPU-affinity-qwen2.5-coder-7b-t4-mask9c,qwen2.5-coder-7b,GPU-threads,bench,charging-01,"[""Requested CPU affinity was rejected by Android""]",False,False,0,,,10,CPU,compute,19.44,sched_reserve:        CPU compute buffer size =    19.44 MiB
GPU-affinity-qwen3-4b-instruct-t4-mask9c,qwen3-4b-instruct,GPU-threads,bench,charging-01,[],True,False,0,,,0,CPU,model,304.28,load_tensors:          CPU model buffer size =   304.28 MiB
GPU-affinity-qwen3-4b-instruct-t4-mask9c,qwen3-4b-instruct,GPU-threads,bench,charging-01,[],True,False,0,,,1,CPU_REPACK,model,304.28,load_tensors:   CPU_REPACK model buffer size =   304.28 MiB
GPU-affinity-qwen3-4b-instruct-t4-mask9c,qwen3-4b-instruct,GPU-threads,bench,charging-01,[],True,False,0,,,2,OpenCL,model,2071.75,load_tensors:       OpenCL model buffer size =  2071.75 MiB
GPU-affinity-qwen3-4b-instruct-t4-mask9c,qwen3-4b-instruct,GPU-threads,bench,charging-01,[],True,False,0,,,3,CPU,output,0.58,llama_context:        CPU  output buffer size =     0.58 MiB
GPU-affinity-qwen3-4b-instruct-t4-mask9c,qwen3-4b-instruct,GPU-threads,bench,charging-01,[],True,False,0,,,4,OpenCL,KV,36.0,llama_kv_cache:     OpenCL KV buffer size =    36.00 MiB
GPU-affinity-qwen3-4b-instruct-t4-mask9c,qwen3-4b-instruct,GPU-threads,bench,charging-01,[],True,False,0,,,5,OpenCL,compute,19.13,sched_reserve:     OpenCL compute buffer size =    19.13 MiB
GPU-affinity-qwen3-4b-instruct-t4-mask9c,qwen3-4b-instruct,GPU-threads,bench,charging-01,[],True,False,0,,,6,CPU,compute,76.69,sched_reserve:        CPU compute buffer size =    76.69 MiB
GPU-affinity-qwen3-4b-instruct-t4-mask9c,qwen3-4b-instruct,GPU-threads,bench,charging-01,[],True,False,0,,,7,CPU,output,0.58,llama_context:        CPU  output buffer size =     0.58 MiB
GPU-affinity-qwen3-4b-instruct-t4-mask9c,qwen3-4b-instruct,GPU-threads,bench,charging-01,[],True,False,0,,,8,OpenCL,KV,36.0,llama_kv_cache:     OpenCL KV buffer size =    36.00 MiB
GPU-affinity-qwen3-4b-instruct-t4-mask9c,qwen3-4b-instruct,GPU-threads,bench,charging-01,[],True,False,0,,,9,OpenCL,compute,4.78,sched_reserve:     OpenCL compute buffer size =     4.78 MiB
GPU-affinity-qwen3-4b-instruct-t4-mask9c,qwen3-4b-instruct,GPU-threads,bench,charging-01,[],True,False,0,,,10,CPU,compute,19.17,sched_reserve:        CPU compute buffer size =    19.17 MiB
GPU-affinity-qwen3.5-4b-instruct-t4-mask9c,qwen3.5-4b-instruct,GPU-threads,bench,charging-01,[],True,False,0,,,0,CPU,model,497.31,load_tensors:          CPU model buffer size =   497.31 MiB
GPU-affinity-qwen3.5-4b-instruct-t4-mask9c,qwen3.5-4b-instruct,GPU-threads,bench,charging-01,[],True,False,0,,,1,CPU_REPACK,model,497.31,load_tensors:   CPU_REPACK model buffer size =   497.31 MiB
GPU-affinity-qwen3.5-4b-instruct-t4-mask9c,qwen3.5-4b-instruct,GPU-threads,bench,charging-01,[],True,False,0,,,2,OpenCL,model,2106.31,load_tensors:       OpenCL model buffer size =  2106.31 MiB
GPU-affinity-qwen3.5-4b-instruct-t4-mask9c,qwen3.5-4b-instruct,GPU-threads,bench,charging-01,[],True,False,0,,,3,CPU,output,0.95,llama_context:        CPU  output buffer size =     0.95 MiB
GPU-affinity-qwen3.5-4b-instruct-t4-mask9c,qwen3.5-4b-instruct,GPU-threads,bench,charging-01,[],True,False,0,,,4,OpenCL,KV,8.0,llama_kv_cache:     OpenCL KV buffer size =     8.00 MiB
GPU-affinity-qwen3.5-4b-instruct-t4-mask9c,qwen3.5-4b-instruct,GPU-threads,bench,charging-01,[],True,False,0,,,5,OpenCL,RS,50.25,llama_memory_recurrent:     OpenCL RS buffer size =    50.25 MiB
GPU-affinity-qwen3.5-4b-instruct-t4-mask9c,qwen3.5-4b-instruct,GPU-threads,bench,charging-01,[],True,False,0,,,6,OpenCL,compute,17.13,sched_reserve:     OpenCL compute buffer size =    17.13 MiB
GPU-affinity-qwen3.5-4b-instruct-t4-mask9c,qwen3.5-4b-instruct,GPU-threads,bench,charging-01,[],True,False,0,,,7,CPU,compute,123.75,sched_reserve:        CPU compute buffer size =   123.75 MiB
GPU-affinity-qwen3.5-4b-instruct-t4-mask9c,qwen3.5-4b-instruct,GPU-threads,bench,charging-01,[],True,False,0,,,8,CPU,output,0.95,llama_context:        CPU  output buffer size =     0.95 MiB
GPU-affinity-qwen3.5-4b-instruct-t4-mask9c,qwen3.5-4b-instruct,GPU-threads,bench,charging-01,[],True,False,0,,,9,OpenCL,KV,8.0,llama_kv_cache:     OpenCL KV buffer size =     8.00 MiB
GPU-affinity-qwen3.5-4b-instruct-t4-mask9c,qwen3.5-4b-instruct,GPU-threads,bench,charging-01,[],True,False,0,,,10,OpenCL,RS,50.25,llama_memory_recurrent:     OpenCL RS buffer size =    50.25 MiB
GPU-affinity-qwen3.5-4b-instruct-t4-mask9c,qwen3.5-4b-instruct,GPU-threads,bench,charging-01,[],True,False,0,,,11,OpenCL,compute,7.59,sched_reserve:     OpenCL compute buffer size =     7.59 MiB
GPU-affinity-qwen3.5-4b-instruct-t4-mask9c,qwen3.5-4b-instruct,GPU-threads,bench,charging-01,[],True,False,0,,,12,CPU,compute,30.94,sched_reserve:        CPU compute buffer size =    30.94 MiB
GPU-finalist-mistral-7b-uncensored-t1-mask80,mistral-7b-uncensored,GPU-threads,bench,charging-01,"[""OpenMP single-thread path does not apply the requested threadpool affinity; needs process-level affinity""]",False,False,0,,,0,CPU,model,70.31,load_tensors:          CPU model buffer size =    70.31 MiB
GPU-finalist-mistral-7b-uncensored-t1-mask80,mistral-7b-uncensored,GPU-threads,bench,charging-01,"[""OpenMP single-thread path does not apply the requested threadpool affinity; needs process-level affinity""]",False,False,0,,,1,OpenCL,model,4095.16,load_tensors:       OpenCL model buffer size =  4095.16 MiB
GPU-finalist-mistral-7b-uncensored-t1-mask80,mistral-7b-uncensored,GPU-threads,bench,charging-01,"[""OpenMP single-thread path does not apply the requested threadpool affinity; needs process-level affinity""]",False,False,0,,,2,CPU,output,0.12,llama_context:        CPU  output buffer size =     0.12 MiB
GPU-finalist-mistral-7b-uncensored-t1-mask80,mistral-7b-uncensored,GPU-threads,bench,charging-01,"[""OpenMP single-thread path does not apply the requested threadpool affinity; needs process-level affinity""]",False,False,0,,,3,OpenCL,KV,32.0,llama_kv_cache:     OpenCL KV buffer size =    32.00 MiB
GPU-finalist-mistral-7b-uncensored-t1-mask80,mistral-7b-uncensored,GPU-threads,bench,charging-01,"[""OpenMP single-thread path does not apply the requested threadpool affinity; needs process-level affinity""]",False,False,0,,,4,OpenCL,compute,28.13,sched_reserve:     OpenCL compute buffer size =    28.13 MiB
GPU-finalist-mistral-7b-uncensored-t1-mask80,mistral-7b-uncensored,GPU-threads,bench,charging-01,"[""OpenMP single-thread path does not apply the requested threadpool affinity; needs process-level affinity""]",False,False,0,,,5,CPU,compute,5.13,sched_reserve:        CPU compute buffer size =     5.13 MiB
GPU-finalist-mistral-7b-uncensored-t1-mask80,mistral-7b-uncensored,GPU-threads,bench,charging-01,"[""OpenMP single-thread path does not apply the requested threadpool affinity; needs process-level affinity""]",False,False,0,,,6,CPU,output,0.12,llama_context:        CPU  output buffer size =     0.12 MiB
GPU-finalist-mistral-7b-uncensored-t1-mask80,mistral-7b-uncensored,GPU-threads,bench,charging-01,"[""OpenMP single-thread path does not apply the requested threadpool affinity; needs process-level affinity""]",False,False,0,,,7,OpenCL,KV,32.0,llama_kv_cache:     OpenCL KV buffer size =    32.00 MiB
GPU-finalist-mistral-7b-uncensored-t1-mask80,mistral-7b-uncensored,GPU-threads,bench,charging-01,"[""OpenMP single-thread path does not apply the requested threadpool affinity; needs process-level affinity""]",False,False,0,,,8,OpenCL,compute,7.03,sched_reserve:     OpenCL compute buffer size =     7.03 MiB
GPU-finalist-mistral-7b-uncensored-t1-mask80,mistral-7b-uncensored,GPU-threads,bench,charging-01,"[""OpenMP single-thread path does not apply the requested threadpool affinity; needs process-level affinity""]",False,False,0,,,9,CPU,compute,1.28,sched_reserve:        CPU compute buffer size =     1.28 MiB
GPU-finalist-mistral-7b-uncensored-t2-mask84,mistral-7b-uncensored,GPU-threads,bench,charging-01,[],True,False,0,,,0,CPU,model,70.31,load_tensors:          CPU model buffer size =    70.31 MiB
GPU-finalist-mistral-7b-uncensored-t2-mask84,mistral-7b-uncensored,GPU-threads,bench,charging-01,[],True,False,0,,,1,OpenCL,model,4095.16,load_tensors:       OpenCL model buffer size =  4095.16 MiB
GPU-finalist-mistral-7b-uncensored-t2-mask84,mistral-7b-uncensored,GPU-threads,bench,charging-01,[],True,False,0,,,2,CPU,output,0.12,llama_context:        CPU  output buffer size =     0.12 MiB
GPU-finalist-mistral-7b-uncensored-t2-mask84,mistral-7b-uncensored,GPU-threads,bench,charging-01,[],True,False,0,,,3,OpenCL,KV,32.0,llama_kv_cache:     OpenCL KV buffer size =    32.00 MiB
GPU-finalist-mistral-7b-uncensored-t2-mask84,mistral-7b-uncensored,GPU-threads,bench,charging-01,[],True,False,0,,,4,OpenCL,compute,28.13,sched_reserve:     OpenCL compute buffer size =    28.13 MiB
GPU-finalist-mistral-7b-uncensored-t2-mask84,mistral-7b-uncensored,GPU-threads,bench,charging-01,[],True,False,0,,,5,CPU,compute,5.13,sched_reserve:        CPU compute buffer size =     5.13 MiB
GPU-finalist-mistral-7b-uncensored-t2-mask84,mistral-7b-uncensored,GPU-threads,bench,charging-01,[],True,False,0,,,6,CPU,output,0.12,llama_context:        CPU  output buffer size =     0.12 MiB
GPU-finalist-mistral-7b-uncensored-t2-mask84,mistral-7b-uncensored,GPU-threads,bench,charging-01,[],True,False,0,,,7,OpenCL,KV,32.0,llama_kv_cache:     OpenCL KV buffer size =    32.00 MiB
GPU-finalist-mistral-7b-uncensored-t2-mask84,mistral-7b-uncensored,GPU-threads,bench,charging-01,[],True,False,0,,,8,OpenCL,compute,7.03,sched_reserve:     OpenCL compute buffer size =     7.03 MiB
GPU-finalist-mistral-7b-uncensored-t2-mask84,mistral-7b-uncensored,GPU-threads,bench,charging-01,[],True,False,0,,,9,CPU,compute,1.28,sched_reserve:        CPU compute buffer size =     1.28 MiB
GPU-finalist-mistral-7b-uncensored-t3-mask8c,mistral-7b-uncensored,GPU-threads,bench,charging-01,[],True,False,0,,,0,CPU,model,70.31,load_tensors:          CPU model buffer size =    70.31 MiB
GPU-finalist-mistral-7b-uncensored-t3-mask8c,mistral-7b-uncensored,GPU-threads,bench,charging-01,[],True,False,0,,,1,OpenCL,model,4095.16,load_tensors:       OpenCL model buffer size =  4095.16 MiB
GPU-finalist-mistral-7b-uncensored-t3-mask8c,mistral-7b-uncensored,GPU-threads,bench,charging-01,[],True,False,0,,,2,CPU,output,0.12,llama_context:        CPU  output buffer size =     0.12 MiB
GPU-finalist-mistral-7b-uncensored-t3-mask8c,mistral-7b-uncensored,GPU-threads,bench,charging-01,[],True,False,0,,,3,OpenCL,KV,32.0,llama_kv_cache:     OpenCL KV buffer size =    32.00 MiB
GPU-finalist-mistral-7b-uncensored-t3-mask8c,mistral-7b-uncensored,GPU-threads,bench,charging-01,[],True,False,0,,,4,OpenCL,compute,28.13,sched_reserve:     OpenCL compute buffer size =    28.13 MiB
GPU-finalist-mistral-7b-uncensored-t3-mask8c,mistral-7b-uncensored,GPU-threads,bench,charging-01,[],True,False,0,,,5,CPU,compute,5.13,sched_reserve:        CPU compute buffer size =     5.13 MiB
GPU-finalist-mistral-7b-uncensored-t3-mask8c,mistral-7b-uncensored,GPU-threads,bench,charging-01,[],True,False,0,,,6,CPU,output,0.12,llama_context:        CPU  output buffer size =     0.12 MiB
GPU-finalist-mistral-7b-uncensored-t3-mask8c,mistral-7b-uncensored,GPU-threads,bench,charging-01,[],True,False,0,,,7,OpenCL,KV,32.0,llama_kv_cache:     OpenCL KV buffer size =    32.00 MiB
GPU-finalist-mistral-7b-uncensored-t3-mask8c,mistral-7b-uncensored,GPU-threads,bench,charging-01,[],True,False,0,,,8,OpenCL,compute,7.03,sched_reserve:     OpenCL compute buffer size =     7.03 MiB
GPU-finalist-mistral-7b-uncensored-t3-mask8c,mistral-7b-uncensored,GPU-threads,bench,charging-01,[],True,False,0,,,9,CPU,compute,1.28,sched_reserve:        CPU compute buffer size =     1.28 MiB
GPU-finalist-qwen2.5-coder-1.5b-t3-mask8c,qwen2.5-coder-1.5b,GPU-threads,bench,charging-01,"[""Requested CPU affinity was rejected by Android""]",False,False,0,,,0,CPU,model,125.19,load_tensors:          CPU model buffer size =   125.19 MiB
GPU-finalist-qwen2.5-coder-1.5b-t3-mask8c,qwen2.5-coder-1.5b,GPU-threads,bench,charging-01,"[""Requested CPU affinity was rejected by Android""]",False,False,0,,,1,CPU_REPACK,model,195.74,load_tensors:   CPU_REPACK model buffer size =   195.74 MiB
GPU-finalist-qwen2.5-coder-1.5b-t3-mask8c,qwen2.5-coder-1.5b,GPU-threads,bench,charging-01,"[""Requested CPU affinity was rejected by Android""]",False,False,0,,,2,OpenCL,model,739.03,load_tensors:       OpenCL model buffer size =   739.03 MiB
GPU-finalist-qwen2.5-coder-1.5b-t3-mask8c,qwen2.5-coder-1.5b,GPU-threads,bench,charging-01,"[""Requested CPU affinity was rejected by Android""]",False,False,0,,,3,CPU,output,0.58,llama_context:        CPU  output buffer size =     0.58 MiB
GPU-finalist-qwen2.5-coder-1.5b-t3-mask8c,qwen2.5-coder-1.5b,GPU-threads,bench,charging-01,"[""Requested CPU affinity was rejected by Android""]",False,False,0,,,4,OpenCL,KV,7.0,llama_kv_cache:     OpenCL KV buffer size =     7.00 MiB
GPU-finalist-qwen2.5-coder-1.5b-t3-mask8c,qwen2.5-coder-1.5b,GPU-threads,bench,charging-01,"[""Requested CPU affinity was rejected by Android""]",False,False,0,,,5,OpenCL,compute,16.0,sched_reserve:     OpenCL compute buffer size =    16.00 MiB
GPU-finalist-qwen2.5-coder-1.5b-t3-mask8c,qwen2.5-coder-1.5b,GPU-threads,bench,charging-01,"[""Requested CPU affinity was rejected by Android""]",False,False,0,,,6,CPU,compute,75.69,sched_reserve:        CPU compute buffer size =    75.69 MiB
GPU-finalist-qwen2.5-coder-1.5b-t3-mask8c,qwen2.5-coder-1.5b,GPU-threads,bench,charging-01,"[""Requested CPU affinity was rejected by Android""]",False,False,0,,,7,CPU,output,0.58,llama_context:        CPU  output buffer size =     0.58 MiB
GPU-finalist-qwen2.5-coder-1.5b-t3-mask8c,qwen2.5-coder-1.5b,GPU-threads,bench,charging-01,"[""Requested CPU affinity was rejected by Android""]",False,False,0,,,8,OpenCL,KV,7.0,llama_kv_cache:     OpenCL KV buffer size =     7.00 MiB
GPU-finalist-qwen2.5-coder-1.5b-t3-mask8c,qwen2.5-coder-1.5b,GPU-threads,bench,charging-01,"[""Requested CPU affinity was rejected by Android""]",False,False,0,,,9,OpenCL,compute,4.0,sched_reserve:     OpenCL compute buffer size =     4.00 MiB
GPU-finalist-qwen2.5-coder-1.5b-t3-mask8c,qwen2.5-coder-1.5b,GPU-threads,bench,charging-01,"[""Requested CPU affinity was rejected by Android""]",False,False,0,,,10,CPU,compute,18.92,sched_reserve:        CPU compute buffer size =    18.92 MiB
GPU-finalist-qwen2.5-coder-7b-t3-mask8c,qwen2.5-coder-7b,GPU-threads,bench,charging-01,[],True,False,0,,,0,CPU,model,292.36,load_tensors:          CPU model buffer size =   292.36 MiB
GPU-finalist-qwen2.5-coder-7b-t3-mask8c,qwen2.5-coder-7b,GPU-threads,bench,charging-01,[],True,False,0,,,1,CPU_REPACK,model,426.36,load_tensors:   CPU_REPACK model buffer size =   426.36 MiB
GPU-finalist-qwen2.5-coder-7b-t3-mask8c,qwen2.5-coder-7b,GPU-threads,bench,charging-01,[],True,False,0,,,2,OpenCL,model,3741.83,load_tensors:       OpenCL model buffer size =  3741.83 MiB
GPU-finalist-qwen2.5-coder-7b-t3-mask8c,qwen2.5-coder-7b,GPU-threads,bench,charging-01,[],True,False,0,,,3,CPU,output,0.58,llama_context:        CPU  output buffer size =     0.58 MiB
GPU-finalist-qwen2.5-coder-7b-t3-mask8c,qwen2.5-coder-7b,GPU-threads,bench,charging-01,[],True,False,0,,,4,OpenCL,KV,14.0,llama_kv_cache:     OpenCL KV buffer size =    14.00 MiB
GPU-finalist-qwen2.5-coder-7b-t3-mask8c,qwen2.5-coder-7b,GPU-threads,bench,charging-01,[],True,False,0,,,5,OpenCL,compute,33.63,sched_reserve:     OpenCL compute buffer size =    33.63 MiB
GPU-finalist-qwen2.5-coder-7b-t3-mask8c,qwen2.5-coder-7b,GPU-threads,bench,charging-01,[],True,False,0,,,6,CPU,compute,77.75,sched_reserve:        CPU compute buffer size =    77.75 MiB
GPU-finalist-qwen2.5-coder-7b-t3-mask8c,qwen2.5-coder-7b,GPU-threads,bench,charging-01,[],True,False,0,,,7,CPU,output,0.58,llama_context:        CPU  output buffer size =     0.58 MiB
GPU-finalist-qwen2.5-coder-7b-t3-mask8c,qwen2.5-coder-7b,GPU-threads,bench,charging-01,[],True,False,0,,,8,OpenCL,KV,14.0,llama_kv_cache:     OpenCL KV buffer size =    14.00 MiB
GPU-finalist-qwen2.5-coder-7b-t3-mask8c,qwen2.5-coder-7b,GPU-threads,bench,charging-01,[],True,False,0,,,9,OpenCL,compute,8.41,sched_reserve:     OpenCL compute buffer size =     8.41 MiB
GPU-finalist-qwen2.5-coder-7b-t3-mask8c,qwen2.5-coder-7b,GPU-threads,bench,charging-01,[],True,False,0,,,10,CPU,compute,19.44,sched_reserve:        CPU compute buffer size =    19.44 MiB
GPU-finalist-qwen3-4b-instruct-t3-mask8c,qwen3-4b-instruct,GPU-threads,bench,charging-01,"[""Requested CPU affinity was rejected by Android""]",False,False,0,,,0,CPU,model,304.28,load_tensors:          CPU model buffer size =   304.28 MiB
GPU-finalist-qwen3-4b-instruct-t3-mask8c,qwen3-4b-instruct,GPU-threads,bench,charging-01,"[""Requested CPU affinity was rejected by Android""]",False,False,0,,,1,CPU_REPACK,model,304.28,load_tensors:   CPU_REPACK model buffer size =   304.28 MiB
GPU-finalist-qwen3-4b-instruct-t3-mask8c,qwen3-4b-instruct,GPU-threads,bench,charging-01,"[""Requested CPU affinity was rejected by Android""]",False,False,0,,,2,OpenCL,model,2071.75,load_tensors:       OpenCL model buffer size =  2071.75 MiB
GPU-finalist-qwen3-4b-instruct-t3-mask8c,qwen3-4b-instruct,GPU-threads,bench,charging-01,"[""Requested CPU affinity was rejected by Android""]",False,False,0,,,3,CPU,output,0.58,llama_context:        CPU  output buffer size =     0.58 MiB
GPU-finalist-qwen3-4b-instruct-t3-mask8c,qwen3-4b-instruct,GPU-threads,bench,charging-01,"[""Requested CPU affinity was rejected by Android""]",False,False,0,,,4,OpenCL,KV,36.0,llama_kv_cache:     OpenCL KV buffer size =    36.00 MiB
GPU-finalist-qwen3-4b-instruct-t3-mask8c,qwen3-4b-instruct,GPU-threads,bench,charging-01,"[""Requested CPU affinity was rejected by Android""]",False,False,0,,,5,OpenCL,compute,19.13,sched_reserve:     OpenCL compute buffer size =    19.13 MiB
GPU-finalist-qwen3-4b-instruct-t3-mask8c,qwen3-4b-instruct,GPU-threads,bench,charging-01,"[""Requested CPU affinity was rejected by Android""]",False,False,0,,,6,CPU,compute,76.69,sched_reserve:        CPU compute buffer size =    76.69 MiB
GPU-finalist-qwen3-4b-instruct-t3-mask8c,qwen3-4b-instruct,GPU-threads,bench,charging-01,"[""Requested CPU affinity was rejected by Android""]",False,False,0,,,7,CPU,output,0.58,llama_context:        CPU  output buffer size =     0.58 MiB
GPU-finalist-qwen3-4b-instruct-t3-mask8c,qwen3-4b-instruct,GPU-threads,bench,charging-01,"[""Requested CPU affinity was rejected by Android""]",False,False,0,,,8,OpenCL,KV,36.0,llama_kv_cache:     OpenCL KV buffer size =    36.00 MiB
GPU-finalist-qwen3-4b-instruct-t3-mask8c,qwen3-4b-instruct,GPU-threads,bench,charging-01,"[""Requested CPU affinity was rejected by Android""]",False,False,0,,,9,OpenCL,compute,4.78,sched_reserve:     OpenCL compute buffer size =     4.78 MiB
GPU-finalist-qwen3-4b-instruct-t3-mask8c,qwen3-4b-instruct,GPU-threads,bench,charging-01,"[""Requested CPU affinity was rejected by Android""]",False,False,0,,,10,CPU,compute,19.17,sched_reserve:        CPU compute buffer size =    19.17 MiB
GPU-finalist-qwen3.5-4b-instruct-t1-mask80,qwen3.5-4b-instruct,GPU-threads,bench,charging-01,"[""OpenMP single-thread path does not apply the requested threadpool affinity; needs process-level affinity""]",False,False,0,,,0,CPU,model,497.31,load_tensors:          CPU model buffer size =   497.31 MiB
GPU-finalist-qwen3.5-4b-instruct-t1-mask80,qwen3.5-4b-instruct,GPU-threads,bench,charging-01,"[""OpenMP single-thread path does not apply the requested threadpool affinity; needs process-level affinity""]",False,False,0,,,1,CPU_REPACK,model,497.31,load_tensors:   CPU_REPACK model buffer size =   497.31 MiB
GPU-finalist-qwen3.5-4b-instruct-t1-mask80,qwen3.5-4b-instruct,GPU-threads,bench,charging-01,"[""OpenMP single-thread path does not apply the requested threadpool affinity; needs process-level affinity""]",False,False,0,,,2,OpenCL,model,2106.31,load_tensors:       OpenCL model buffer size =  2106.31 MiB
GPU-finalist-qwen3.5-4b-instruct-t1-mask80,qwen3.5-4b-instruct,GPU-threads,bench,charging-01,"[""OpenMP single-thread path does not apply the requested threadpool affinity; needs process-level affinity""]",False,False,0,,,3,CPU,output,0.95,llama_context:        CPU  output buffer size =     0.95 MiB
GPU-finalist-qwen3.5-4b-instruct-t1-mask80,qwen3.5-4b-instruct,GPU-threads,bench,charging-01,"[""OpenMP single-thread path does not apply the requested threadpool affinity; needs process-level affinity""]",False,False,0,,,4,OpenCL,KV,8.0,llama_kv_cache:     OpenCL KV buffer size =     8.00 MiB
GPU-finalist-qwen3.5-4b-instruct-t1-mask80,qwen3.5-4b-instruct,GPU-threads,bench,charging-01,"[""OpenMP single-thread path does not apply the requested threadpool affinity; needs process-level affinity""]",False,False,0,,,5,OpenCL,RS,50.25,llama_memory_recurrent:     OpenCL RS buffer size =    50.25 MiB
GPU-finalist-qwen3.5-4b-instruct-t1-mask80,qwen3.5-4b-instruct,GPU-threads,bench,charging-01,"[""OpenMP single-thread path does not apply the requested threadpool affinity; needs process-level affinity""]",False,False,0,,,6,OpenCL,compute,17.13,sched_reserve:     OpenCL compute buffer size =    17.13 MiB
GPU-finalist-qwen3.5-4b-instruct-t1-mask80,qwen3.5-4b-instruct,GPU-threads,bench,charging-01,"[""OpenMP single-thread path does not apply the requested threadpool affinity; needs process-level affinity""]",False,False,0,,,7,CPU,compute,123.75,sched_reserve:        CPU compute buffer size =   123.75 MiB
GPU-finalist-qwen3.5-4b-instruct-t1-mask80,qwen3.5-4b-instruct,GPU-threads,bench,charging-01,"[""OpenMP single-thread path does not apply the requested threadpool affinity; needs process-level affinity""]",False,False,0,,,8,CPU,output,0.95,llama_context:        CPU  output buffer size =     0.95 MiB
GPU-finalist-qwen3.5-4b-instruct-t1-mask80,qwen3.5-4b-instruct,GPU-threads,bench,charging-01,"[""OpenMP single-thread path does not apply the requested threadpool affinity; needs process-level affinity""]",False,False,0,,,9,OpenCL,KV,8.0,llama_kv_cache:     OpenCL KV buffer size =     8.00 MiB
GPU-finalist-qwen3.5-4b-instruct-t1-mask80,qwen3.5-4b-instruct,GPU-threads,bench,charging-01,"[""OpenMP single-thread path does not apply the requested threadpool affinity; needs process-level affinity""]",False,False,0,,,10,OpenCL,RS,50.25,llama_memory_recurrent:     OpenCL RS buffer size =    50.25 MiB
GPU-finalist-qwen3.5-4b-instruct-t1-mask80,qwen3.5-4b-instruct,GPU-threads,bench,charging-01,"[""OpenMP single-thread path does not apply the requested threadpool affinity; needs process-level affinity""]",False,False,0,,,11,OpenCL,compute,7.59,sched_reserve:     OpenCL compute buffer size =     7.59 MiB
GPU-finalist-qwen3.5-4b-instruct-t1-mask80,qwen3.5-4b-instruct,GPU-threads,bench,charging-01,"[""OpenMP single-thread path does not apply the requested threadpool affinity; needs process-level affinity""]",False,False,0,,,12,CPU,compute,30.94,sched_reserve:        CPU compute buffer size =    30.94 MiB
GPU-finalist-qwen3.5-4b-instruct-t2-mask84,qwen3.5-4b-instruct,GPU-threads,bench,charging-01,[],True,False,0,,,0,CPU,model,497.31,load_tensors:          CPU model buffer size =   497.31 MiB
GPU-finalist-qwen3.5-4b-instruct-t2-mask84,qwen3.5-4b-instruct,GPU-threads,bench,charging-01,[],True,False,0,,,1,CPU_REPACK,model,497.31,load_tensors:   CPU_REPACK model buffer size =   497.31 MiB
GPU-finalist-qwen3.5-4b-instruct-t2-mask84,qwen3.5-4b-instruct,GPU-threads,bench,charging-01,[],True,False,0,,,2,OpenCL,model,2106.31,load_tensors:       OpenCL model buffer size =  2106.31 MiB
GPU-finalist-qwen3.5-4b-instruct-t2-mask84,qwen3.5-4b-instruct,GPU-threads,bench,charging-01,[],True,False,0,,,3,CPU,output,0.95,llama_context:        CPU  output buffer size =     0.95 MiB
GPU-finalist-qwen3.5-4b-instruct-t2-mask84,qwen3.5-4b-instruct,GPU-threads,bench,charging-01,[],True,False,0,,,4,OpenCL,KV,8.0,llama_kv_cache:     OpenCL KV buffer size =     8.00 MiB
GPU-finalist-qwen3.5-4b-instruct-t2-mask84,qwen3.5-4b-instruct,GPU-threads,bench,charging-01,[],True,False,0,,,5,OpenCL,RS,50.25,llama_memory_recurrent:     OpenCL RS buffer size =    50.25 MiB
GPU-finalist-qwen3.5-4b-instruct-t2-mask84,qwen3.5-4b-instruct,GPU-threads,bench,charging-01,[],True,False,0,,,6,OpenCL,compute,17.13,sched_reserve:     OpenCL compute buffer size =    17.13 MiB
GPU-finalist-qwen3.5-4b-instruct-t2-mask84,qwen3.5-4b-instruct,GPU-threads,bench,charging-01,[],True,False,0,,,7,CPU,compute,123.75,sched_reserve:        CPU compute buffer size =   123.75 MiB
GPU-finalist-qwen3.5-4b-instruct-t2-mask84,qwen3.5-4b-instruct,GPU-threads,bench,charging-01,[],True,False,0,,,8,CPU,output,0.95,llama_context:        CPU  output buffer size =     0.95 MiB
GPU-finalist-qwen3.5-4b-instruct-t2-mask84,qwen3.5-4b-instruct,GPU-threads,bench,charging-01,[],True,False,0,,,9,OpenCL,KV,8.0,llama_kv_cache:     OpenCL KV buffer size =     8.00 MiB
GPU-finalist-qwen3.5-4b-instruct-t2-mask84,qwen3.5-4b-instruct,GPU-threads,bench,charging-01,[],True,False,0,,,10,OpenCL,RS,50.25,llama_memory_recurrent:     OpenCL RS buffer size =    50.25 MiB
GPU-finalist-qwen3.5-4b-instruct-t2-mask84,qwen3.5-4b-instruct,GPU-threads,bench,charging-01,[],True,False,0,,,11,OpenCL,compute,7.59,sched_reserve:     OpenCL compute buffer size =     7.59 MiB
GPU-finalist-qwen3.5-4b-instruct-t2-mask84,qwen3.5-4b-instruct,GPU-threads,bench,charging-01,[],True,False,0,,,12,CPU,compute,30.94,sched_reserve:        CPU compute buffer size =    30.94 MiB
GPU-finalist-qwen3.5-4b-instruct-t3-mask8c,qwen3.5-4b-instruct,GPU-threads,bench,charging-01,[],True,False,0,,,0,CPU,model,497.31,load_tensors:          CPU model buffer size =   497.31 MiB
GPU-finalist-qwen3.5-4b-instruct-t3-mask8c,qwen3.5-4b-instruct,GPU-threads,bench,charging-01,[],True,False,0,,,1,CPU_REPACK,model,497.31,load_tensors:   CPU_REPACK model buffer size =   497.31 MiB
GPU-finalist-qwen3.5-4b-instruct-t3-mask8c,qwen3.5-4b-instruct,GPU-threads,bench,charging-01,[],True,False,0,,,2,OpenCL,model,2106.31,load_tensors:       OpenCL model buffer size =  2106.31 MiB
GPU-finalist-qwen3.5-4b-instruct-t3-mask8c,qwen3.5-4b-instruct,GPU-threads,bench,charging-01,[],True,False,0,,,3,CPU,output,0.95,llama_context:        CPU  output buffer size =     0.95 MiB
GPU-finalist-qwen3.5-4b-instruct-t3-mask8c,qwen3.5-4b-instruct,GPU-threads,bench,charging-01,[],True,False,0,,,4,OpenCL,KV,8.0,llama_kv_cache:     OpenCL KV buffer size =     8.00 MiB
GPU-finalist-qwen3.5-4b-instruct-t3-mask8c,qwen3.5-4b-instruct,GPU-threads,bench,charging-01,[],True,False,0,,,5,OpenCL,RS,50.25,llama_memory_recurrent:     OpenCL RS buffer size =    50.25 MiB
GPU-finalist-qwen3.5-4b-instruct-t3-mask8c,qwen3.5-4b-instruct,GPU-threads,bench,charging-01,[],True,False,0,,,6,OpenCL,compute,17.13,sched_reserve:     OpenCL compute buffer size =    17.13 MiB
GPU-finalist-qwen3.5-4b-instruct-t3-mask8c,qwen3.5-4b-instruct,GPU-threads,bench,charging-01,[],True,False,0,,,7,CPU,compute,123.75,sched_reserve:        CPU compute buffer size =   123.75 MiB
GPU-finalist-qwen3.5-4b-instruct-t3-mask8c,qwen3.5-4b-instruct,GPU-threads,bench,charging-01,[],True,False,0,,,8,CPU,output,0.95,llama_context:        CPU  output buffer size =     0.95 MiB
GPU-finalist-qwen3.5-4b-instruct-t3-mask8c,qwen3.5-4b-instruct,GPU-threads,bench,charging-01,[],True,False,0,,,9,OpenCL,KV,8.0,llama_kv_cache:     OpenCL KV buffer size =     8.00 MiB
GPU-finalist-qwen3.5-4b-instruct-t3-mask8c,qwen3.5-4b-instruct,GPU-threads,bench,charging-01,[],True,False,0,,,10,OpenCL,RS,50.25,llama_memory_recurrent:     OpenCL RS buffer size =    50.25 MiB
GPU-finalist-qwen3.5-4b-instruct-t3-mask8c,qwen3.5-4b-instruct,GPU-threads,bench,charging-01,[],True,False,0,,,11,OpenCL,compute,7.59,sched_reserve:     OpenCL compute buffer size =     7.59 MiB
GPU-finalist-qwen3.5-4b-instruct-t3-mask8c,qwen3.5-4b-instruct,GPU-threads,bench,charging-01,[],True,False,0,,,12,CPU,compute,30.94,sched_reserve:        CPU compute buffer size =    30.94 MiB
GPU-norepack-qwen2.5-coder-1.5b-t4-mask9c,qwen2.5-coder-1.5b,GPU-threads,bench,charging-01,[],True,False,0,,,0,CPU,model,320.93,load_tensors:          CPU model buffer size =   320.93 MiB
GPU-norepack-qwen2.5-coder-1.5b-t4-mask9c,qwen2.5-coder-1.5b,GPU-threads,bench,charging-01,[],True,False,0,,,1,OpenCL,model,739.03,load_tensors:       OpenCL model buffer size =   739.03 MiB
GPU-norepack-qwen2.5-coder-1.5b-t4-mask9c,qwen2.5-coder-1.5b,GPU-threads,bench,charging-01,[],True,False,0,,,2,CPU,output,0.58,llama_context:        CPU  output buffer size =     0.58 MiB
GPU-norepack-qwen2.5-coder-1.5b-t4-mask9c,qwen2.5-coder-1.5b,GPU-threads,bench,charging-01,[],True,False,0,,,3,OpenCL,KV,7.0,llama_kv_cache:     OpenCL KV buffer size =     7.00 MiB
GPU-norepack-qwen2.5-coder-1.5b-t4-mask9c,qwen2.5-coder-1.5b,GPU-threads,bench,charging-01,[],True,False,0,,,4,OpenCL,compute,16.0,sched_reserve:     OpenCL compute buffer size =    16.00 MiB
GPU-norepack-qwen2.5-coder-1.5b-t4-mask9c,qwen2.5-coder-1.5b,GPU-threads,bench,charging-01,[],True,False,0,,,5,CPU,compute,75.69,sched_reserve:        CPU compute buffer size =    75.69 MiB
GPU-norepack-qwen2.5-coder-1.5b-t4-mask9c,qwen2.5-coder-1.5b,GPU-threads,bench,charging-01,[],True,False,0,,,6,CPU,output,0.58,llama_context:        CPU  output buffer size =     0.58 MiB
GPU-norepack-qwen2.5-coder-1.5b-t4-mask9c,qwen2.5-coder-1.5b,GPU-threads,bench,charging-01,[],True,False,0,,,7,OpenCL,KV,7.0,llama_kv_cache:     OpenCL KV buffer size =     7.00 MiB
GPU-norepack-qwen2.5-coder-1.5b-t4-mask9c,qwen2.5-coder-1.5b,GPU-threads,bench,charging-01,[],True,False,0,,,8,OpenCL,compute,4.0,sched_reserve:     OpenCL compute buffer size =     4.00 MiB
GPU-norepack-qwen2.5-coder-1.5b-t4-mask9c,qwen2.5-coder-1.5b,GPU-threads,bench,charging-01,[],True,False,0,,,9,CPU,compute,18.92,sched_reserve:        CPU compute buffer size =    18.92 MiB
GPU-norepack-qwen2.5-coder-7b-t4-mask9c,qwen2.5-coder-7b,GPU-threads,bench,charging-01,"[""Requested CPU affinity was rejected by Android""]",False,False,0,,,0,CPU,model,718.72,load_tensors:          CPU model buffer size =   718.72 MiB
GPU-norepack-qwen2.5-coder-7b-t4-mask9c,qwen2.5-coder-7b,GPU-threads,bench,charging-01,"[""Requested CPU affinity was rejected by Android""]",False,False,0,,,1,OpenCL,model,3741.83,load_tensors:       OpenCL model buffer size =  3741.83 MiB
GPU-norepack-qwen2.5-coder-7b-t4-mask9c,qwen2.5-coder-7b,GPU-threads,bench,charging-01,"[""Requested CPU affinity was rejected by Android""]",False,False,0,,,2,CPU,output,0.58,llama_context:        CPU  output buffer size =     0.58 MiB
GPU-norepack-qwen2.5-coder-7b-t4-mask9c,qwen2.5-coder-7b,GPU-threads,bench,charging-01,"[""Requested CPU affinity was rejected by Android""]",False,False,0,,,3,OpenCL,KV,14.0,llama_kv_cache:     OpenCL KV buffer size =    14.00 MiB
GPU-norepack-qwen2.5-coder-7b-t4-mask9c,qwen2.5-coder-7b,GPU-threads,bench,charging-01,"[""Requested CPU affinity was rejected by Android""]",False,False,0,,,4,OpenCL,compute,33.63,sched_reserve:     OpenCL compute buffer size =    33.63 MiB
GPU-norepack-qwen2.5-coder-7b-t4-mask9c,qwen2.5-coder-7b,GPU-threads,bench,charging-01,"[""Requested CPU affinity was rejected by Android""]",False,False,0,,,5,CPU,compute,77.75,sched_reserve:        CPU compute buffer size =    77.75 MiB
GPU-norepack-qwen2.5-coder-7b-t4-mask9c,qwen2.5-coder-7b,GPU-threads,bench,charging-01,"[""Requested CPU affinity was rejected by Android""]",False,False,0,,,6,CPU,output,0.58,llama_context:        CPU  output buffer size =     0.58 MiB
GPU-norepack-qwen2.5-coder-7b-t4-mask9c,qwen2.5-coder-7b,GPU-threads,bench,charging-01,"[""Requested CPU affinity was rejected by Android""]",False,False,0,,,7,OpenCL,KV,14.0,llama_kv_cache:     OpenCL KV buffer size =    14.00 MiB
GPU-norepack-qwen2.5-coder-7b-t4-mask9c,qwen2.5-coder-7b,GPU-threads,bench,charging-01,"[""Requested CPU affinity was rejected by Android""]",False,False,0,,,8,OpenCL,compute,8.41,sched_reserve:     OpenCL compute buffer size =     8.41 MiB
GPU-norepack-qwen2.5-coder-7b-t4-mask9c,qwen2.5-coder-7b,GPU-threads,bench,charging-01,"[""Requested CPU affinity was rejected by Android""]",False,False,0,,,9,CPU,compute,19.44,sched_reserve:        CPU compute buffer size =    19.44 MiB
GPU-threads-qwen2.5-coder-1.5b-t1,qwen2.5-coder-1.5b,GPU-threads,bench,charging-01,[],True,False,0,,,0,CPU,model,125.19,load_tensors:          CPU model buffer size =   125.19 MiB
GPU-threads-qwen2.5-coder-1.5b-t1,qwen2.5-coder-1.5b,GPU-threads,bench,charging-01,[],True,False,0,,,1,CPU_REPACK,model,195.74,load_tensors:   CPU_REPACK model buffer size =   195.74 MiB
GPU-threads-qwen2.5-coder-1.5b-t1,qwen2.5-coder-1.5b,GPU-threads,bench,charging-01,[],True,False,0,,,2,OpenCL,model,739.03,load_tensors:       OpenCL model buffer size =   739.03 MiB
GPU-threads-qwen2.5-coder-1.5b-t1,qwen2.5-coder-1.5b,GPU-threads,bench,charging-01,[],True,False,0,,,3,CPU,output,0.58,llama_context:        CPU  output buffer size =     0.58 MiB
GPU-threads-qwen2.5-coder-1.5b-t1,qwen2.5-coder-1.5b,GPU-threads,bench,charging-01,[],True,False,0,,,4,OpenCL,KV,7.0,llama_kv_cache:     OpenCL KV buffer size =     7.00 MiB
GPU-threads-qwen2.5-coder-1.5b-t1,qwen2.5-coder-1.5b,GPU-threads,bench,charging-01,[],True,False,0,,,5,OpenCL,compute,16.0,sched_reserve:     OpenCL compute buffer size =    16.00 MiB
GPU-threads-qwen2.5-coder-1.5b-t1,qwen2.5-coder-1.5b,GPU-threads,bench,charging-01,[],True,False,0,,,6,CPU,compute,75.69,sched_reserve:        CPU compute buffer size =    75.69 MiB
GPU-threads-qwen2.5-coder-1.5b-t1,qwen2.5-coder-1.5b,GPU-threads,bench,charging-01,[],True,False,0,,,7,CPU,output,0.58,llama_context:        CPU  output buffer size =     0.58 MiB
GPU-threads-qwen2.5-coder-1.5b-t1,qwen2.5-coder-1.5b,GPU-threads,bench,charging-01,[],True,False,0,,,8,OpenCL,KV,7.0,llama_kv_cache:     OpenCL KV buffer size =     7.00 MiB
GPU-threads-qwen2.5-coder-1.5b-t1,qwen2.5-coder-1.5b,GPU-threads,bench,charging-01,[],True,False,0,,,9,OpenCL,compute,4.0,sched_reserve:     OpenCL compute buffer size =     4.00 MiB
GPU-threads-qwen2.5-coder-1.5b-t1,qwen2.5-coder-1.5b,GPU-threads,bench,charging-01,[],True,False,0,,,10,CPU,compute,18.92,sched_reserve:        CPU compute buffer size =    18.92 MiB
GPU-threads-qwen2.5-coder-1.5b-t2,qwen2.5-coder-1.5b,GPU-threads,bench,charging-01,[],True,False,0,,,0,CPU,model,125.19,load_tensors:          CPU model buffer size =   125.19 MiB
GPU-threads-qwen2.5-coder-1.5b-t2,qwen2.5-coder-1.5b,GPU-threads,bench,charging-01,[],True,False,0,,,1,CPU_REPACK,model,195.74,load_tensors:   CPU_REPACK model buffer size =   195.74 MiB
GPU-threads-qwen2.5-coder-1.5b-t2,qwen2.5-coder-1.5b,GPU-threads,bench,charging-01,[],True,False,0,,,2,OpenCL,model,739.03,load_tensors:       OpenCL model buffer size =   739.03 MiB
GPU-threads-qwen2.5-coder-1.5b-t2,qwen2.5-coder-1.5b,GPU-threads,bench,charging-01,[],True,False,0,,,3,CPU,output,0.58,llama_context:        CPU  output buffer size =     0.58 MiB
GPU-threads-qwen2.5-coder-1.5b-t2,qwen2.5-coder-1.5b,GPU-threads,bench,charging-01,[],True,False,0,,,4,OpenCL,KV,7.0,llama_kv_cache:     OpenCL KV buffer size =     7.00 MiB
GPU-threads-qwen2.5-coder-1.5b-t2,qwen2.5-coder-1.5b,GPU-threads,bench,charging-01,[],True,False,0,,,5,OpenCL,compute,16.0,sched_reserve:     OpenCL compute buffer size =    16.00 MiB
GPU-threads-qwen2.5-coder-1.5b-t2,qwen2.5-coder-1.5b,GPU-threads,bench,charging-01,[],True,False,0,,,6,CPU,compute,75.69,sched_reserve:        CPU compute buffer size =    75.69 MiB
GPU-threads-qwen2.5-coder-1.5b-t2,qwen2.5-coder-1.5b,GPU-threads,bench,charging-01,[],True,False,0,,,7,CPU,output,0.58,llama_context:        CPU  output buffer size =     0.58 MiB
GPU-threads-qwen2.5-coder-1.5b-t2,qwen2.5-coder-1.5b,GPU-threads,bench,charging-01,[],True,False,0,,,8,OpenCL,KV,7.0,llama_kv_cache:     OpenCL KV buffer size =     7.00 MiB
GPU-threads-qwen2.5-coder-1.5b-t2,qwen2.5-coder-1.5b,GPU-threads,bench,charging-01,[],True,False,0,,,9,OpenCL,compute,4.0,sched_reserve:     OpenCL compute buffer size =     4.00 MiB
GPU-threads-qwen2.5-coder-1.5b-t2,qwen2.5-coder-1.5b,GPU-threads,bench,charging-01,[],True,False,0,,,10,CPU,compute,18.92,sched_reserve:        CPU compute buffer size =    18.92 MiB
GPU-threads-qwen2.5-coder-1.5b-t6,qwen2.5-coder-1.5b,GPU-threads,bench,charging-01,[],True,False,0,,,0,CPU,model,125.19,load_tensors:          CPU model buffer size =   125.19 MiB
GPU-threads-qwen2.5-coder-1.5b-t6,qwen2.5-coder-1.5b,GPU-threads,bench,charging-01,[],True,False,0,,,1,CPU_REPACK,model,195.74,load_tensors:   CPU_REPACK model buffer size =   195.74 MiB
GPU-threads-qwen2.5-coder-1.5b-t6,qwen2.5-coder-1.5b,GPU-threads,bench,charging-01,[],True,False,0,,,2,OpenCL,model,739.03,load_tensors:       OpenCL model buffer size =   739.03 MiB
GPU-threads-qwen2.5-coder-1.5b-t6,qwen2.5-coder-1.5b,GPU-threads,bench,charging-01,[],True,False,0,,,3,CPU,output,0.58,llama_context:        CPU  output buffer size =     0.58 MiB
GPU-threads-qwen2.5-coder-1.5b-t6,qwen2.5-coder-1.5b,GPU-threads,bench,charging-01,[],True,False,0,,,4,OpenCL,KV,7.0,llama_kv_cache:     OpenCL KV buffer size =     7.00 MiB
GPU-threads-qwen2.5-coder-1.5b-t6,qwen2.5-coder-1.5b,GPU-threads,bench,charging-01,[],True,False,0,,,5,OpenCL,compute,16.0,sched_reserve:     OpenCL compute buffer size =    16.00 MiB
GPU-threads-qwen2.5-coder-1.5b-t6,qwen2.5-coder-1.5b,GPU-threads,bench,charging-01,[],True,False,0,,,6,CPU,compute,75.69,sched_reserve:        CPU compute buffer size =    75.69 MiB
GPU-threads-qwen2.5-coder-1.5b-t6,qwen2.5-coder-1.5b,GPU-threads,bench,charging-01,[],True,False,0,,,7,CPU,output,0.58,llama_context:        CPU  output buffer size =     0.58 MiB
GPU-threads-qwen2.5-coder-1.5b-t6,qwen2.5-coder-1.5b,GPU-threads,bench,charging-01,[],True,False,0,,,8,OpenCL,KV,7.0,llama_kv_cache:     OpenCL KV buffer size =     7.00 MiB
GPU-threads-qwen2.5-coder-1.5b-t6,qwen2.5-coder-1.5b,GPU-threads,bench,charging-01,[],True,False,0,,,9,OpenCL,compute,4.0,sched_reserve:     OpenCL compute buffer size =     4.00 MiB
GPU-threads-qwen2.5-coder-1.5b-t6,qwen2.5-coder-1.5b,GPU-threads,bench,charging-01,[],True,False,0,,,10,CPU,compute,18.92,sched_reserve:        CPU compute buffer size =    18.92 MiB
GPU-threads-qwen2.5-coder-7b-t1,qwen2.5-coder-7b,GPU-threads,bench,charging-01,[],True,False,0,,,0,CPU,model,292.36,load_tensors:          CPU model buffer size =   292.36 MiB
GPU-threads-qwen2.5-coder-7b-t1,qwen2.5-coder-7b,GPU-threads,bench,charging-01,[],True,False,0,,,1,CPU_REPACK,model,426.36,load_tensors:   CPU_REPACK model buffer size =   426.36 MiB
GPU-threads-qwen2.5-coder-7b-t1,qwen2.5-coder-7b,GPU-threads,bench,charging-01,[],True,False,0,,,2,OpenCL,model,3741.83,load_tensors:       OpenCL model buffer size =  3741.83 MiB
GPU-threads-qwen2.5-coder-7b-t1,qwen2.5-coder-7b,GPU-threads,bench,charging-01,[],True,False,0,,,3,CPU,output,0.58,llama_context:        CPU  output buffer size =     0.58 MiB
GPU-threads-qwen2.5-coder-7b-t1,qwen2.5-coder-7b,GPU-threads,bench,charging-01,[],True,False,0,,,4,OpenCL,KV,14.0,llama_kv_cache:     OpenCL KV buffer size =    14.00 MiB
GPU-threads-qwen2.5-coder-7b-t1,qwen2.5-coder-7b,GPU-threads,bench,charging-01,[],True,False,0,,,5,OpenCL,compute,33.63,sched_reserve:     OpenCL compute buffer size =    33.63 MiB
GPU-threads-qwen2.5-coder-7b-t1,qwen2.5-coder-7b,GPU-threads,bench,charging-01,[],True,False,0,,,6,CPU,compute,77.75,sched_reserve:        CPU compute buffer size =    77.75 MiB
GPU-threads-qwen2.5-coder-7b-t1,qwen2.5-coder-7b,GPU-threads,bench,charging-01,[],True,False,0,,,7,CPU,output,0.58,llama_context:        CPU  output buffer size =     0.58 MiB
GPU-threads-qwen2.5-coder-7b-t1,qwen2.5-coder-7b,GPU-threads,bench,charging-01,[],True,False,0,,,8,OpenCL,KV,14.0,llama_kv_cache:     OpenCL KV buffer size =    14.00 MiB
GPU-threads-qwen2.5-coder-7b-t1,qwen2.5-coder-7b,GPU-threads,bench,charging-01,[],True,False,0,,,9,OpenCL,compute,8.41,sched_reserve:     OpenCL compute buffer size =     8.41 MiB
GPU-threads-qwen2.5-coder-7b-t1,qwen2.5-coder-7b,GPU-threads,bench,charging-01,[],True,False,0,,,10,CPU,compute,19.44,sched_reserve:        CPU compute buffer size =    19.44 MiB
GPU-threads-qwen2.5-coder-7b-t2,qwen2.5-coder-7b,GPU-threads,bench,charging-01,[],True,False,0,,,0,CPU,model,292.36,load_tensors:          CPU model buffer size =   292.36 MiB
GPU-threads-qwen2.5-coder-7b-t2,qwen2.5-coder-7b,GPU-threads,bench,charging-01,[],True,False,0,,,1,CPU_REPACK,model,426.36,load_tensors:   CPU_REPACK model buffer size =   426.36 MiB
GPU-threads-qwen2.5-coder-7b-t2,qwen2.5-coder-7b,GPU-threads,bench,charging-01,[],True,False,0,,,2,OpenCL,model,3741.83,load_tensors:       OpenCL model buffer size =  3741.83 MiB
GPU-threads-qwen2.5-coder-7b-t2,qwen2.5-coder-7b,GPU-threads,bench,charging-01,[],True,False,0,,,3,CPU,output,0.58,llama_context:        CPU  output buffer size =     0.58 MiB
GPU-threads-qwen2.5-coder-7b-t2,qwen2.5-coder-7b,GPU-threads,bench,charging-01,[],True,False,0,,,4,OpenCL,KV,14.0,llama_kv_cache:     OpenCL KV buffer size =    14.00 MiB
GPU-threads-qwen2.5-coder-7b-t2,qwen2.5-coder-7b,GPU-threads,bench,charging-01,[],True,False,0,,,5,OpenCL,compute,33.63,sched_reserve:     OpenCL compute buffer size =    33.63 MiB
GPU-threads-qwen2.5-coder-7b-t2,qwen2.5-coder-7b,GPU-threads,bench,charging-01,[],True,False,0,,,6,CPU,compute,77.75,sched_reserve:        CPU compute buffer size =    77.75 MiB
GPU-threads-qwen2.5-coder-7b-t2,qwen2.5-coder-7b,GPU-threads,bench,charging-01,[],True,False,0,,,7,CPU,output,0.58,llama_context:        CPU  output buffer size =     0.58 MiB
GPU-threads-qwen2.5-coder-7b-t2,qwen2.5-coder-7b,GPU-threads,bench,charging-01,[],True,False,0,,,8,OpenCL,KV,14.0,llama_kv_cache:     OpenCL KV buffer size =    14.00 MiB
GPU-threads-qwen2.5-coder-7b-t2,qwen2.5-coder-7b,GPU-threads,bench,charging-01,[],True,False,0,,,9,OpenCL,compute,8.41,sched_reserve:     OpenCL compute buffer size =     8.41 MiB
GPU-threads-qwen2.5-coder-7b-t2,qwen2.5-coder-7b,GPU-threads,bench,charging-01,[],True,False,0,,,10,CPU,compute,19.44,sched_reserve:        CPU compute buffer size =    19.44 MiB
GPU-threads-qwen2.5-coder-7b-t6,qwen2.5-coder-7b,GPU-threads,bench,charging-01,[],True,False,0,,,0,CPU,model,292.36,load_tensors:          CPU model buffer size =   292.36 MiB
GPU-threads-qwen2.5-coder-7b-t6,qwen2.5-coder-7b,GPU-threads,bench,charging-01,[],True,False,0,,,1,CPU_REPACK,model,426.36,load_tensors:   CPU_REPACK model buffer size =   426.36 MiB
GPU-threads-qwen2.5-coder-7b-t6,qwen2.5-coder-7b,GPU-threads,bench,charging-01,[],True,False,0,,,2,OpenCL,model,3741.83,load_tensors:       OpenCL model buffer size =  3741.83 MiB
GPU-threads-qwen2.5-coder-7b-t6,qwen2.5-coder-7b,GPU-threads,bench,charging-01,[],True,False,0,,,3,CPU,output,0.58,llama_context:        CPU  output buffer size =     0.58 MiB
GPU-threads-qwen2.5-coder-7b-t6,qwen2.5-coder-7b,GPU-threads,bench,charging-01,[],True,False,0,,,4,OpenCL,KV,14.0,llama_kv_cache:     OpenCL KV buffer size =    14.00 MiB
GPU-threads-qwen2.5-coder-7b-t6,qwen2.5-coder-7b,GPU-threads,bench,charging-01,[],True,False,0,,,5,OpenCL,compute,33.63,sched_reserve:     OpenCL compute buffer size =    33.63 MiB
GPU-threads-qwen2.5-coder-7b-t6,qwen2.5-coder-7b,GPU-threads,bench,charging-01,[],True,False,0,,,6,CPU,compute,77.75,sched_reserve:        CPU compute buffer size =    77.75 MiB
GPU-threads-qwen2.5-coder-7b-t6,qwen2.5-coder-7b,GPU-threads,bench,charging-01,[],True,False,0,,,7,CPU,output,0.58,llama_context:        CPU  output buffer size =     0.58 MiB
GPU-threads-qwen2.5-coder-7b-t6,qwen2.5-coder-7b,GPU-threads,bench,charging-01,[],True,False,0,,,8,OpenCL,KV,14.0,llama_kv_cache:     OpenCL KV buffer size =    14.00 MiB
GPU-threads-qwen2.5-coder-7b-t6,qwen2.5-coder-7b,GPU-threads,bench,charging-01,[],True,False,0,,,9,OpenCL,compute,8.41,sched_reserve:     OpenCL compute buffer size =     8.41 MiB
GPU-threads-qwen2.5-coder-7b-t6,qwen2.5-coder-7b,GPU-threads,bench,charging-01,[],True,False,0,,,10,CPU,compute,19.44,sched_reserve:        CPU compute buffer size =    19.44 MiB
GPU-threads-qwen3-4b-instruct-t1,qwen3-4b-instruct,GPU-threads,bench,charging-01,[],True,False,0,,,0,CPU,model,304.28,load_tensors:          CPU model buffer size =   304.28 MiB
GPU-threads-qwen3-4b-instruct-t1,qwen3-4b-instruct,GPU-threads,bench,charging-01,[],True,False,0,,,1,CPU_REPACK,model,304.28,load_tensors:   CPU_REPACK model buffer size =   304.28 MiB
GPU-threads-qwen3-4b-instruct-t1,qwen3-4b-instruct,GPU-threads,bench,charging-01,[],True,False,0,,,2,OpenCL,model,2071.75,load_tensors:       OpenCL model buffer size =  2071.75 MiB
GPU-threads-qwen3-4b-instruct-t1,qwen3-4b-instruct,GPU-threads,bench,charging-01,[],True,False,0,,,3,CPU,output,0.58,llama_context:        CPU  output buffer size =     0.58 MiB
GPU-threads-qwen3-4b-instruct-t1,qwen3-4b-instruct,GPU-threads,bench,charging-01,[],True,False,0,,,4,OpenCL,KV,36.0,llama_kv_cache:     OpenCL KV buffer size =    36.00 MiB
GPU-threads-qwen3-4b-instruct-t1,qwen3-4b-instruct,GPU-threads,bench,charging-01,[],True,False,0,,,5,OpenCL,compute,19.13,sched_reserve:     OpenCL compute buffer size =    19.13 MiB
GPU-threads-qwen3-4b-instruct-t1,qwen3-4b-instruct,GPU-threads,bench,charging-01,[],True,False,0,,,6,CPU,compute,76.69,sched_reserve:        CPU compute buffer size =    76.69 MiB
GPU-threads-qwen3-4b-instruct-t1,qwen3-4b-instruct,GPU-threads,bench,charging-01,[],True,False,0,,,7,CPU,output,0.58,llama_context:        CPU  output buffer size =     0.58 MiB
GPU-threads-qwen3-4b-instruct-t1,qwen3-4b-instruct,GPU-threads,bench,charging-01,[],True,False,0,,,8,OpenCL,KV,36.0,llama_kv_cache:     OpenCL KV buffer size =    36.00 MiB
GPU-threads-qwen3-4b-instruct-t1,qwen3-4b-instruct,GPU-threads,bench,charging-01,[],True,False,0,,,9,OpenCL,compute,4.78,sched_reserve:     OpenCL compute buffer size =     4.78 MiB
GPU-threads-qwen3-4b-instruct-t1,qwen3-4b-instruct,GPU-threads,bench,charging-01,[],True,False,0,,,10,CPU,compute,19.17,sched_reserve:        CPU compute buffer size =    19.17 MiB
GPU-threads-qwen3-4b-instruct-t2,qwen3-4b-instruct,GPU-threads,bench,charging-01,[],True,False,0,,,0,CPU,model,304.28,load_tensors:          CPU model buffer size =   304.28 MiB
GPU-threads-qwen3-4b-instruct-t2,qwen3-4b-instruct,GPU-threads,bench,charging-01,[],True,False,0,,,1,CPU_REPACK,model,304.28,load_tensors:   CPU_REPACK model buffer size =   304.28 MiB
GPU-threads-qwen3-4b-instruct-t2,qwen3-4b-instruct,GPU-threads,bench,charging-01,[],True,False,0,,,2,OpenCL,model,2071.75,load_tensors:       OpenCL model buffer size =  2071.75 MiB
GPU-threads-qwen3-4b-instruct-t2,qwen3-4b-instruct,GPU-threads,bench,charging-01,[],True,False,0,,,3,CPU,output,0.58,llama_context:        CPU  output buffer size =     0.58 MiB
GPU-threads-qwen3-4b-instruct-t2,qwen3-4b-instruct,GPU-threads,bench,charging-01,[],True,False,0,,,4,OpenCL,KV,36.0,llama_kv_cache:     OpenCL KV buffer size =    36.00 MiB
GPU-threads-qwen3-4b-instruct-t2,qwen3-4b-instruct,GPU-threads,bench,charging-01,[],True,False,0,,,5,OpenCL,compute,19.13,sched_reserve:     OpenCL compute buffer size =    19.13 MiB
GPU-threads-qwen3-4b-instruct-t2,qwen3-4b-instruct,GPU-threads,bench,charging-01,[],True,False,0,,,6,CPU,compute,76.69,sched_reserve:        CPU compute buffer size =    76.69 MiB
GPU-threads-qwen3-4b-instruct-t2,qwen3-4b-instruct,GPU-threads,bench,charging-01,[],True,False,0,,,7,CPU,output,0.58,llama_context:        CPU  output buffer size =     0.58 MiB
GPU-threads-qwen3-4b-instruct-t2,qwen3-4b-instruct,GPU-threads,bench,charging-01,[],True,False,0,,,8,OpenCL,KV,36.0,llama_kv_cache:     OpenCL KV buffer size =    36.00 MiB
GPU-threads-qwen3-4b-instruct-t2,qwen3-4b-instruct,GPU-threads,bench,charging-01,[],True,False,0,,,9,OpenCL,compute,4.78,sched_reserve:     OpenCL compute buffer size =     4.78 MiB
GPU-threads-qwen3-4b-instruct-t2,qwen3-4b-instruct,GPU-threads,bench,charging-01,[],True,False,0,,,10,CPU,compute,19.17,sched_reserve:        CPU compute buffer size =    19.17 MiB
GPU-threads-qwen3-4b-instruct-t6,qwen3-4b-instruct,GPU-threads,bench,charging-01,[],True,False,0,,,0,CPU,model,304.28,load_tensors:          CPU model buffer size =   304.28 MiB
GPU-threads-qwen3-4b-instruct-t6,qwen3-4b-instruct,GPU-threads,bench,charging-01,[],True,False,0,,,1,CPU_REPACK,model,304.28,load_tensors:   CPU_REPACK model buffer size =   304.28 MiB
GPU-threads-qwen3-4b-instruct-t6,qwen3-4b-instruct,GPU-threads,bench,charging-01,[],True,False,0,,,2,OpenCL,model,2071.75,load_tensors:       OpenCL model buffer size =  2071.75 MiB
GPU-threads-qwen3-4b-instruct-t6,qwen3-4b-instruct,GPU-threads,bench,charging-01,[],True,False,0,,,3,CPU,output,0.58,llama_context:        CPU  output buffer size =     0.58 MiB
GPU-threads-qwen3-4b-instruct-t6,qwen3-4b-instruct,GPU-threads,bench,charging-01,[],True,False,0,,,4,OpenCL,KV,36.0,llama_kv_cache:     OpenCL KV buffer size =    36.00 MiB
GPU-threads-qwen3-4b-instruct-t6,qwen3-4b-instruct,GPU-threads,bench,charging-01,[],True,False,0,,,5,OpenCL,compute,19.13,sched_reserve:     OpenCL compute buffer size =    19.13 MiB
GPU-threads-qwen3-4b-instruct-t6,qwen3-4b-instruct,GPU-threads,bench,charging-01,[],True,False,0,,,6,CPU,compute,76.69,sched_reserve:        CPU compute buffer size =    76.69 MiB
GPU-threads-qwen3-4b-instruct-t6,qwen3-4b-instruct,GPU-threads,bench,charging-01,[],True,False,0,,,7,CPU,output,0.58,llama_context:        CPU  output buffer size =     0.58 MiB
GPU-threads-qwen3-4b-instruct-t6,qwen3-4b-instruct,GPU-threads,bench,charging-01,[],True,False,0,,,8,OpenCL,KV,36.0,llama_kv_cache:     OpenCL KV buffer size =    36.00 MiB
GPU-threads-qwen3-4b-instruct-t6,qwen3-4b-instruct,GPU-threads,bench,charging-01,[],True,False,0,,,9,OpenCL,compute,4.78,sched_reserve:     OpenCL compute buffer size =     4.78 MiB
GPU-threads-qwen3-4b-instruct-t6,qwen3-4b-instruct,GPU-threads,bench,charging-01,[],True,False,0,,,10,CPU,compute,19.17,sched_reserve:        CPU compute buffer size =    19.17 MiB
adreno-narrow-prefill128-quality-qwen2.5-coder-1.5b-steps32-v1,qwen2.5-coder-1.5b,specialized-prefill-quality,logits,api-20261003T084838Z-PLUGGED_AC,[],True,True,0,,1024,0,CPU_Mapped,model,877.31,load_tensors:   CPU_Mapped model buffer size =   877.31 MiB
adreno-narrow-prefill128-quality-qwen2.5-coder-1.5b-steps32-v1,qwen2.5-coder-1.5b,specialized-prefill-quality,logits,api-20261003T084838Z-PLUGGED_AC,[],True,True,0,,1024,1,CPU_REPACK,model,934.14,load_tensors:   CPU_REPACK model buffer size =   934.14 MiB
adreno-narrow-prefill128-quality-qwen2.5-coder-1.5b-steps32-v1,qwen2.5-coder-1.5b,specialized-prefill-quality,logits,api-20261003T084838Z-PLUGGED_AC,[],True,True,0,,1024,2,CPU,output,0.58,llama_context:        CPU  output buffer size =     0.58 MiB
adreno-narrow-prefill128-quality-qwen2.5-coder-1.5b-steps32-v1,qwen2.5-coder-1.5b,specialized-prefill-quality,logits,api-20261003T084838Z-PLUGGED_AC,[],True,True,0,,1024,3,CPU,KV,28.0,llama_kv_cache:        CPU KV buffer size =    28.00 MiB
adreno-narrow-prefill128-quality-qwen2.5-coder-1.5b-steps32-v1,qwen2.5-coder-1.5b,specialized-prefill-quality,logits,api-20261003T084838Z-PLUGGED_AC,[],True,True,0,,1024,4,CPU,compute,75.69,sched_reserve:        CPU compute buffer size =    75.69 MiB
adreno-narrow-prefill128-quality-qwen2.5-coder-1.5b-steps32-v1,qwen2.5-coder-1.5b,specialized-prefill-quality,logits,api-20261003T084838Z-PLUGGED_AC,[],True,True,0,,1024,5,CPU,model,125.19,load_tensors:          CPU model buffer size =   125.19 MiB
adreno-narrow-prefill128-quality-qwen2.5-coder-1.5b-steps32-v1,qwen2.5-coder-1.5b,specialized-prefill-quality,logits,api-20261003T084838Z-PLUGGED_AC,[],True,True,0,,1024,6,CPU_REPACK,model,195.74,load_tensors:   CPU_REPACK model buffer size =   195.74 MiB
adreno-narrow-prefill128-quality-qwen2.5-coder-1.5b-steps32-v1,qwen2.5-coder-1.5b,specialized-prefill-quality,logits,api-20261003T084838Z-PLUGGED_AC,[],True,True,0,,1024,7,OpenCL,model,739.03,load_tensors:       OpenCL model buffer size =   739.03 MiB
adreno-narrow-prefill128-quality-qwen2.5-coder-1.5b-steps32-v1,qwen2.5-coder-1.5b,specialized-prefill-quality,logits,api-20261003T084838Z-PLUGGED_AC,[],True,True,0,,1024,8,CPU,output,0.58,llama_context:        CPU  output buffer size =     0.58 MiB
adreno-narrow-prefill128-quality-qwen2.5-coder-1.5b-steps32-v1,qwen2.5-coder-1.5b,specialized-prefill-quality,logits,api-20261003T084838Z-PLUGGED_AC,[],True,True,0,,1024,9,OpenCL,KV,28.0,llama_kv_cache:     OpenCL KV buffer size =    28.00 MiB
adreno-narrow-prefill128-quality-qwen2.5-coder-1.5b-steps32-v1,qwen2.5-coder-1.5b,specialized-prefill-quality,logits,api-20261003T084838Z-PLUGGED_AC,[],True,True,0,,1024,10,OpenCL,compute,15.63,sched_reserve:     OpenCL compute buffer size =    15.63 MiB
adreno-narrow-prefill128-quality-qwen2.5-coder-1.5b-steps32-v1,qwen2.5-coder-1.5b,specialized-prefill-quality,logits,api-20261003T084838Z-PLUGGED_AC,[],True,True,0,,1024,11,CPU,compute,75.69,sched_reserve:        CPU compute buffer size =    75.69 MiB
adreno-narrow-prefill128-quality-qwen2.5-coder-7b-steps32-v1,qwen2.5-coder-7b,specialized-prefill-quality,logits,api-20261003T084838Z-PLUGGED_AC,[],True,True,0,,1024,0,CPU_Mapped,model,4460.45,load_tensors:   CPU_Mapped model buffer size =  4460.45 MiB
adreno-narrow-prefill128-quality-qwen2.5-coder-7b-steps32-v1,qwen2.5-coder-7b,specialized-prefill-quality,logits,api-20261003T084838Z-PLUGGED_AC,[],True,True,0,,1024,1,CPU_REPACK,model,4166.82,load_tensors:   CPU_REPACK model buffer size =  4166.82 MiB
adreno-narrow-prefill128-quality-qwen2.5-coder-7b-steps32-v1,qwen2.5-coder-7b,specialized-prefill-quality,logits,api-20261003T084838Z-PLUGGED_AC,[],True,True,0,,1024,2,CPU,output,0.58,llama_context:        CPU  output buffer size =     0.58 MiB
adreno-narrow-prefill128-quality-qwen2.5-coder-7b-steps32-v1,qwen2.5-coder-7b,specialized-prefill-quality,logits,api-20261003T084838Z-PLUGGED_AC,[],True,True,0,,1024,3,CPU,KV,56.0,llama_kv_cache:        CPU KV buffer size =    56.00 MiB
adreno-narrow-prefill128-quality-qwen2.5-coder-7b-steps32-v1,qwen2.5-coder-7b,specialized-prefill-quality,logits,api-20261003T084838Z-PLUGGED_AC,[],True,True,0,,1024,4,CPU,compute,77.75,sched_reserve:        CPU compute buffer size =    77.75 MiB
adreno-narrow-prefill128-quality-qwen2.5-coder-7b-steps32-v1,qwen2.5-coder-7b,specialized-prefill-quality,logits,api-20261003T084838Z-PLUGGED_AC,[],True,True,0,,1024,5,CPU,model,292.36,load_tensors:          CPU model buffer size =   292.36 MiB
adreno-narrow-prefill128-quality-qwen2.5-coder-7b-steps32-v1,qwen2.5-coder-7b,specialized-prefill-quality,logits,api-20261003T084838Z-PLUGGED_AC,[],True,True,0,,1024,6,CPU_REPACK,model,426.36,load_tensors:   CPU_REPACK model buffer size =   426.36 MiB
adreno-narrow-prefill128-quality-qwen2.5-coder-7b-steps32-v1,qwen2.5-coder-7b,specialized-prefill-quality,logits,api-20261003T084838Z-PLUGGED_AC,[],True,True,0,,1024,7,OpenCL,model,3741.83,load_tensors:       OpenCL model buffer size =  3741.83 MiB
adreno-narrow-prefill128-quality-qwen2.5-coder-7b-steps32-v1,qwen2.5-coder-7b,specialized-prefill-quality,logits,api-20261003T084838Z-PLUGGED_AC,[],True,True,0,,1024,8,CPU,output,0.58,llama_context:        CPU  output buffer size =     0.58 MiB
adreno-narrow-prefill128-quality-qwen2.5-coder-7b-steps32-v1,qwen2.5-coder-7b,specialized-prefill-quality,logits,api-20261003T084838Z-PLUGGED_AC,[],True,True,0,,1024,9,OpenCL,KV,56.0,llama_kv_cache:     OpenCL KV buffer size =    56.00 MiB
adreno-narrow-prefill128-quality-qwen2.5-coder-7b-steps32-v1,qwen2.5-coder-7b,specialized-prefill-quality,logits,api-20261003T084838Z-PLUGGED_AC,[],True,True,0,,1024,10,OpenCL,compute,34.0,sched_reserve:     OpenCL compute buffer size =    34.00 MiB
adreno-narrow-prefill128-quality-qwen2.5-coder-7b-steps32-v1,qwen2.5-coder-7b,specialized-prefill-quality,logits,api-20261003T084838Z-PLUGGED_AC,[],True,True,0,,1024,11,CPU,compute,77.75,sched_reserve:        CPU compute buffer size =    77.75 MiB
adreno-narrow-prefill128-quality-qwen3-4b-instruct-steps32-v1,qwen3-4b-instruct,specialized-prefill-quality,logits,api-20261003T084838Z-PLUGGED_AC,[],True,True,0,,1024,0,CPU_Mapped,model,2362.55,load_tensors:   CPU_Mapped model buffer size =  2362.55 MiB
adreno-narrow-prefill128-quality-qwen3-4b-instruct-steps32-v1,qwen3-4b-instruct,specialized-prefill-quality,logits,api-20261003T084838Z-PLUGGED_AC,[],True,True,0,,1024,1,CPU_REPACK,model,2375.16,load_tensors:   CPU_REPACK model buffer size =  2375.16 MiB
adreno-narrow-prefill128-quality-qwen3-4b-instruct-steps32-v1,qwen3-4b-instruct,specialized-prefill-quality,logits,api-20261003T084838Z-PLUGGED_AC,[],True,True,0,,1024,2,CPU,output,0.58,llama_context:        CPU  output buffer size =     0.58 MiB
adreno-narrow-prefill128-quality-qwen3-4b-instruct-steps32-v1,qwen3-4b-instruct,specialized-prefill-quality,logits,api-20261003T084838Z-PLUGGED_AC,[],True,True,0,,1024,3,CPU,KV,144.0,llama_kv_cache:        CPU KV buffer size =   144.00 MiB
adreno-narrow-prefill128-quality-qwen3-4b-instruct-steps32-v1,qwen3-4b-instruct,specialized-prefill-quality,logits,api-20261003T084838Z-PLUGGED_AC,[],True,True,0,,1024,4,CPU,compute,76.69,sched_reserve:        CPU compute buffer size =    76.69 MiB
adreno-narrow-prefill128-quality-qwen3-4b-instruct-steps32-v1,qwen3-4b-instruct,specialized-prefill-quality,logits,api-20261003T084838Z-PLUGGED_AC,[],True,True,0,,1024,5,CPU,model,304.28,load_tensors:          CPU model buffer size =   304.28 MiB
adreno-narrow-prefill128-quality-qwen3-4b-instruct-steps32-v1,qwen3-4b-instruct,specialized-prefill-quality,logits,api-20261003T084838Z-PLUGGED_AC,[],True,True,0,,1024,6,CPU_REPACK,model,304.28,load_tensors:   CPU_REPACK model buffer size =   304.28 MiB
adreno-narrow-prefill128-quality-qwen3-4b-instruct-steps32-v1,qwen3-4b-instruct,specialized-prefill-quality,logits,api-20261003T084838Z-PLUGGED_AC,[],True,True,0,,1024,7,OpenCL,model,2071.75,load_tensors:       OpenCL model buffer size =  2071.75 MiB
adreno-narrow-prefill128-quality-qwen3-4b-instruct-steps32-v1,qwen3-4b-instruct,specialized-prefill-quality,logits,api-20261003T084838Z-PLUGGED_AC,[],True,True,0,,1024,8,CPU,output,0.58,llama_context:        CPU  output buffer size =     0.58 MiB
adreno-narrow-prefill128-quality-qwen3-4b-instruct-steps32-v1,qwen3-4b-instruct,specialized-prefill-quality,logits,api-20261003T084838Z-PLUGGED_AC,[],True,True,0,,1024,9,OpenCL,KV,144.0,llama_kv_cache:     OpenCL KV buffer size =   144.00 MiB
adreno-narrow-prefill128-quality-qwen3-4b-instruct-steps32-v1,qwen3-4b-instruct,specialized-prefill-quality,logits,api-20261003T084838Z-PLUGGED_AC,[],True,True,0,,1024,10,OpenCL,compute,24.0,sched_reserve:     OpenCL compute buffer size =    24.00 MiB
adreno-narrow-prefill128-quality-qwen3-4b-instruct-steps32-v1,qwen3-4b-instruct,specialized-prefill-quality,logits,api-20261003T084838Z-PLUGGED_AC,[],True,True,0,,1024,11,CPU,compute,76.69,sched_reserve:        CPU compute buffer size =    76.69 MiB
adreno-narrow-quality-qwen1.5-steps32-v1,qwen2.5-coder-1.5b,specialized-narrow-numerical,logits,api-20261003T084838Z-PLUGGED_AC,[],True,True,0,,1024,0,CPU_Mapped,model,877.31,load_tensors:   CPU_Mapped model buffer size =   877.31 MiB
adreno-narrow-quality-qwen1.5-steps32-v1,qwen2.5-coder-1.5b,specialized-narrow-numerical,logits,api-20261003T084838Z-PLUGGED_AC,[],True,True,0,,1024,1,CPU_REPACK,model,934.14,load_tensors:   CPU_REPACK model buffer size =   934.14 MiB
adreno-narrow-quality-qwen1.5-steps32-v1,qwen2.5-coder-1.5b,specialized-narrow-numerical,logits,api-20261003T084838Z-PLUGGED_AC,[],True,True,0,,1024,2,CPU,output,0.58,llama_context:        CPU  output buffer size =     0.58 MiB
adreno-narrow-quality-qwen1.5-steps32-v1,qwen2.5-coder-1.5b,specialized-narrow-numerical,logits,api-20261003T084838Z-PLUGGED_AC,[],True,True,0,,1024,3,CPU,KV,28.0,llama_kv_cache:        CPU KV buffer size =    28.00 MiB
adreno-narrow-quality-qwen1.5-steps32-v1,qwen2.5-coder-1.5b,specialized-narrow-numerical,logits,api-20261003T084838Z-PLUGGED_AC,[],True,True,0,,1024,4,CPU,compute,75.69,sched_reserve:        CPU compute buffer size =    75.69 MiB
adreno-narrow-quality-qwen1.5-steps32-v1,qwen2.5-coder-1.5b,specialized-narrow-numerical,logits,api-20261003T084838Z-PLUGGED_AC,[],True,True,0,,1024,5,CPU,model,125.19,load_tensors:          CPU model buffer size =   125.19 MiB
adreno-narrow-quality-qwen1.5-steps32-v1,qwen2.5-coder-1.5b,specialized-narrow-numerical,logits,api-20261003T084838Z-PLUGGED_AC,[],True,True,0,,1024,6,CPU_REPACK,model,195.74,load_tensors:   CPU_REPACK model buffer size =   195.74 MiB
adreno-narrow-quality-qwen1.5-steps32-v1,qwen2.5-coder-1.5b,specialized-narrow-numerical,logits,api-20261003T084838Z-PLUGGED_AC,[],True,True,0,,1024,7,OpenCL,model,739.03,load_tensors:       OpenCL model buffer size =   739.03 MiB
adreno-narrow-quality-qwen1.5-steps32-v1,qwen2.5-coder-1.5b,specialized-narrow-numerical,logits,api-20261003T084838Z-PLUGGED_AC,[],True,True,0,,1024,8,CPU,output,0.58,llama_context:        CPU  output buffer size =     0.58 MiB
adreno-narrow-quality-qwen1.5-steps32-v1,qwen2.5-coder-1.5b,specialized-narrow-numerical,logits,api-20261003T084838Z-PLUGGED_AC,[],True,True,0,,1024,9,OpenCL,KV,28.0,llama_kv_cache:     OpenCL KV buffer size =    28.00 MiB
adreno-narrow-quality-qwen1.5-steps32-v1,qwen2.5-coder-1.5b,specialized-narrow-numerical,logits,api-20261003T084838Z-PLUGGED_AC,[],True,True,0,,1024,10,OpenCL,compute,15.63,sched_reserve:     OpenCL compute buffer size =    15.63 MiB
adreno-narrow-quality-qwen1.5-steps32-v1,qwen2.5-coder-1.5b,specialized-narrow-numerical,logits,api-20261003T084838Z-PLUGGED_AC,[],True,True,0,,1024,11,CPU,compute,75.69,sched_reserve:        CPU compute buffer size =    75.69 MiB
affinity-mistral-7b-uncensored-t2-mask84,mistral-7b-uncensored,threads,bench,charging-01,[],True,False,0,,,0,CPU_Mapped,model,4165.37,load_tensors:   CPU_Mapped model buffer size =  4165.37 MiB
affinity-mistral-7b-uncensored-t2-mask84,mistral-7b-uncensored,threads,bench,charging-01,[],True,False,0,,,1,CPU_REPACK,model,4094.04,load_tensors:   CPU_REPACK model buffer size =  4094.04 MiB
affinity-mistral-7b-uncensored-t2-mask84,mistral-7b-uncensored,threads,bench,charging-01,[],True,False,0,,,2,CPU,output,0.12,llama_context:        CPU  output buffer size =     0.12 MiB
affinity-mistral-7b-uncensored-t2-mask84,mistral-7b-uncensored,threads,bench,charging-01,[],True,False,0,,,3,CPU,KV,32.0,llama_kv_cache:        CPU KV buffer size =    32.00 MiB
affinity-mistral-7b-uncensored-t2-mask84,mistral-7b-uncensored,threads,bench,charging-01,[],True,False,0,,,4,CPU,compute,30.13,sched_reserve:        CPU compute buffer size =    30.13 MiB
affinity-mistral-7b-uncensored-t2-mask84,mistral-7b-uncensored,threads,bench,charging-01,[],True,False,0,,,5,CPU,output,0.12,llama_context:        CPU  output buffer size =     0.12 MiB
affinity-mistral-7b-uncensored-t2-mask84,mistral-7b-uncensored,threads,bench,charging-01,[],True,False,0,,,6,CPU,KV,32.0,llama_kv_cache:        CPU KV buffer size =    32.00 MiB
affinity-mistral-7b-uncensored-t2-mask84,mistral-7b-uncensored,threads,bench,charging-01,[],True,False,0,,,7,CPU,compute,7.53,sched_reserve:        CPU compute buffer size =     7.53 MiB
affinity-mistral-7b-uncensored-t3-mask8c,mistral-7b-uncensored,threads,bench,charging-01,"[""Requested CPU affinity was rejected by Android""]",False,False,0,,,0,CPU_Mapped,model,4165.37,load_tensors:   CPU_Mapped model buffer size =  4165.37 MiB
affinity-mistral-7b-uncensored-t3-mask8c,mistral-7b-uncensored,threads,bench,charging-01,"[""Requested CPU affinity was rejected by Android""]",False,False,0,,,1,CPU_REPACK,model,4094.04,load_tensors:   CPU_REPACK model buffer size =  4094.04 MiB
affinity-mistral-7b-uncensored-t3-mask8c,mistral-7b-uncensored,threads,bench,charging-01,"[""Requested CPU affinity was rejected by Android""]",False,False,0,,,2,CPU,output,0.12,llama_context:        CPU  output buffer size =     0.12 MiB
affinity-mistral-7b-uncensored-t3-mask8c,mistral-7b-uncensored,threads,bench,charging-01,"[""Requested CPU affinity was rejected by Android""]",False,False,0,,,3,CPU,KV,32.0,llama_kv_cache:        CPU KV buffer size =    32.00 MiB
affinity-mistral-7b-uncensored-t3-mask8c,mistral-7b-uncensored,threads,bench,charging-01,"[""Requested CPU affinity was rejected by Android""]",False,False,0,,,4,CPU,compute,30.13,sched_reserve:        CPU compute buffer size =    30.13 MiB
affinity-mistral-7b-uncensored-t3-mask8c,mistral-7b-uncensored,threads,bench,charging-01,"[""Requested CPU affinity was rejected by Android""]",False,False,0,,,5,CPU,output,0.12,llama_context:        CPU  output buffer size =     0.12 MiB
affinity-mistral-7b-uncensored-t3-mask8c,mistral-7b-uncensored,threads,bench,charging-01,"[""Requested CPU affinity was rejected by Android""]",False,False,0,,,6,CPU,KV,32.0,llama_kv_cache:        CPU KV buffer size =    32.00 MiB
affinity-mistral-7b-uncensored-t3-mask8c,mistral-7b-uncensored,threads,bench,charging-01,"[""Requested CPU affinity was rejected by Android""]",False,False,0,,,7,CPU,compute,7.53,sched_reserve:        CPU compute buffer size =     7.53 MiB
affinity-mistral-7b-uncensored-t4-mask9c,mistral-7b-uncensored,threads,bench,charging-01,[],True,False,0,,,0,CPU_Mapped,model,4165.37,load_tensors:   CPU_Mapped model buffer size =  4165.37 MiB
affinity-mistral-7b-uncensored-t4-mask9c,mistral-7b-uncensored,threads,bench,charging-01,[],True,False,0,,,1,CPU_REPACK,model,4094.04,load_tensors:   CPU_REPACK model buffer size =  4094.04 MiB
affinity-mistral-7b-uncensored-t4-mask9c,mistral-7b-uncensored,threads,bench,charging-01,[],True,False,0,,,2,CPU,output,0.12,llama_context:        CPU  output buffer size =     0.12 MiB
affinity-mistral-7b-uncensored-t4-mask9c,mistral-7b-uncensored,threads,bench,charging-01,[],True,False,0,,,3,CPU,KV,32.0,llama_kv_cache:        CPU KV buffer size =    32.00 MiB
affinity-mistral-7b-uncensored-t4-mask9c,mistral-7b-uncensored,threads,bench,charging-01,[],True,False,0,,,4,CPU,compute,30.13,sched_reserve:        CPU compute buffer size =    30.13 MiB
affinity-mistral-7b-uncensored-t4-mask9c,mistral-7b-uncensored,threads,bench,charging-01,[],True,False,0,,,5,CPU,output,0.12,llama_context:        CPU  output buffer size =     0.12 MiB
affinity-mistral-7b-uncensored-t4-mask9c,mistral-7b-uncensored,threads,bench,charging-01,[],True,False,0,,,6,CPU,KV,32.0,llama_kv_cache:        CPU KV buffer size =    32.00 MiB
affinity-mistral-7b-uncensored-t4-mask9c,mistral-7b-uncensored,threads,bench,charging-01,[],True,False,0,,,7,CPU,compute,7.53,sched_reserve:        CPU compute buffer size =     7.53 MiB
affinity-mistral-7b-uncensored-t6-maskfc,mistral-7b-uncensored,threads,bench,charging-01,[],True,False,0,,,0,CPU_Mapped,model,4165.37,load_tensors:   CPU_Mapped model buffer size =  4165.37 MiB
affinity-mistral-7b-uncensored-t6-maskfc,mistral-7b-uncensored,threads,bench,charging-01,[],True,False,0,,,1,CPU_REPACK,model,4094.04,load_tensors:   CPU_REPACK model buffer size =  4094.04 MiB
affinity-mistral-7b-uncensored-t6-maskfc,mistral-7b-uncensored,threads,bench,charging-01,[],True,False,0,,,2,CPU,output,0.12,llama_context:        CPU  output buffer size =     0.12 MiB
affinity-mistral-7b-uncensored-t6-maskfc,mistral-7b-uncensored,threads,bench,charging-01,[],True,False,0,,,3,CPU,KV,32.0,llama_kv_cache:        CPU KV buffer size =    32.00 MiB
affinity-mistral-7b-uncensored-t6-maskfc,mistral-7b-uncensored,threads,bench,charging-01,[],True,False,0,,,4,CPU,compute,30.13,sched_reserve:        CPU compute buffer size =    30.13 MiB
affinity-mistral-7b-uncensored-t6-maskfc,mistral-7b-uncensored,threads,bench,charging-01,[],True,False,0,,,5,CPU,output,0.12,llama_context:        CPU  output buffer size =     0.12 MiB
affinity-mistral-7b-uncensored-t6-maskfc,mistral-7b-uncensored,threads,bench,charging-01,[],True,False,0,,,6,CPU,KV,32.0,llama_kv_cache:        CPU KV buffer size =    32.00 MiB
affinity-mistral-7b-uncensored-t6-maskfc,mistral-7b-uncensored,threads,bench,charging-01,[],True,False,0,,,7,CPU,compute,7.53,sched_reserve:        CPU compute buffer size =     7.53 MiB
affinity-qwen2.5-coder-1.5b-t1-mask80,qwen2.5-coder-1.5b,threads,bench,,"[""OpenMP single-thread path does not apply the requested threadpool affinity; needs process-level affinity""]",False,False,0,,,0,CPU_Mapped,model,877.31,load_tensors:   CPU_Mapped model buffer size =   877.31 MiB
affinity-qwen2.5-coder-1.5b-t1-mask80,qwen2.5-coder-1.5b,threads,bench,,"[""OpenMP single-thread path does not apply the requested threadpool affinity; needs process-level affinity""]",False,False,0,,,1,CPU_REPACK,model,934.14,load_tensors:   CPU_REPACK model buffer size =   934.14 MiB
affinity-qwen2.5-coder-1.5b-t1-mask80,qwen2.5-coder-1.5b,threads,bench,,"[""OpenMP single-thread path does not apply the requested threadpool affinity; needs process-level affinity""]",False,False,0,,,2,CPU,output,0.58,llama_context:        CPU  output buffer size =     0.58 MiB
affinity-qwen2.5-coder-1.5b-t1-mask80,qwen2.5-coder-1.5b,threads,bench,,"[""OpenMP single-thread path does not apply the requested threadpool affinity; needs process-level affinity""]",False,False,0,,,3,CPU,KV,7.0,llama_kv_cache:        CPU KV buffer size =     7.00 MiB
affinity-qwen2.5-coder-1.5b-t1-mask80,qwen2.5-coder-1.5b,threads,bench,,"[""OpenMP single-thread path does not apply the requested threadpool affinity; needs process-level affinity""]",False,False,0,,,4,CPU,compute,75.69,sched_reserve:        CPU compute buffer size =    75.69 MiB
affinity-qwen2.5-coder-1.5b-t1-mask80,qwen2.5-coder-1.5b,threads,bench,,"[""OpenMP single-thread path does not apply the requested threadpool affinity; needs process-level affinity""]",False,False,0,,,5,CPU,output,0.58,llama_context:        CPU  output buffer size =     0.58 MiB
affinity-qwen2.5-coder-1.5b-t1-mask80,qwen2.5-coder-1.5b,threads,bench,,"[""OpenMP single-thread path does not apply the requested threadpool affinity; needs process-level affinity""]",False,False,0,,,6,CPU,KV,7.0,llama_kv_cache:        CPU KV buffer size =     7.00 MiB
affinity-qwen2.5-coder-1.5b-t1-mask80,qwen2.5-coder-1.5b,threads,bench,,"[""OpenMP single-thread path does not apply the requested threadpool affinity; needs process-level affinity""]",False,False,0,,,7,CPU,compute,18.92,sched_reserve:        CPU compute buffer size =    18.92 MiB
affinity-qwen2.5-coder-1.5b-t2-mask84,qwen2.5-coder-1.5b,threads,bench,,[],True,False,0,,,0,CPU_Mapped,model,877.31,load_tensors:   CPU_Mapped model buffer size =   877.31 MiB
affinity-qwen2.5-coder-1.5b-t2-mask84,qwen2.5-coder-1.5b,threads,bench,,[],True,False,0,,,1,CPU_REPACK,model,934.14,load_tensors:   CPU_REPACK model buffer size =   934.14 MiB
affinity-qwen2.5-coder-1.5b-t2-mask84,qwen2.5-coder-1.5b,threads,bench,,[],True,False,0,,,2,CPU,output,0.58,llama_context:        CPU  output buffer size =     0.58 MiB
affinity-qwen2.5-coder-1.5b-t2-mask84,qwen2.5-coder-1.5b,threads,bench,,[],True,False,0,,,3,CPU,KV,7.0,llama_kv_cache:        CPU KV buffer size =     7.00 MiB
affinity-qwen2.5-coder-1.5b-t2-mask84,qwen2.5-coder-1.5b,threads,bench,,[],True,False,0,,,4,CPU,compute,75.69,sched_reserve:        CPU compute buffer size =    75.69 MiB
affinity-qwen2.5-coder-1.5b-t2-mask84,qwen2.5-coder-1.5b,threads,bench,,[],True,False,0,,,5,CPU,output,0.58,llama_context:        CPU  output buffer size =     0.58 MiB
affinity-qwen2.5-coder-1.5b-t2-mask84,qwen2.5-coder-1.5b,threads,bench,,[],True,False,0,,,6,CPU,KV,7.0,llama_kv_cache:        CPU KV buffer size =     7.00 MiB
affinity-qwen2.5-coder-1.5b-t2-mask84,qwen2.5-coder-1.5b,threads,bench,,[],True,False,0,,,7,CPU,compute,18.92,sched_reserve:        CPU compute buffer size =    18.92 MiB
affinity-qwen2.5-coder-1.5b-t3-mask8c,qwen2.5-coder-1.5b,threads,bench,,[],True,False,0,,,0,CPU_Mapped,model,877.31,load_tensors:   CPU_Mapped model buffer size =   877.31 MiB
affinity-qwen2.5-coder-1.5b-t3-mask8c,qwen2.5-coder-1.5b,threads,bench,,[],True,False,0,,,1,CPU_REPACK,model,934.14,load_tensors:   CPU_REPACK model buffer size =   934.14 MiB
affinity-qwen2.5-coder-1.5b-t3-mask8c,qwen2.5-coder-1.5b,threads,bench,,[],True,False,0,,,2,CPU,output,0.58,llama_context:        CPU  output buffer size =     0.58 MiB
affinity-qwen2.5-coder-1.5b-t3-mask8c,qwen2.5-coder-1.5b,threads,bench,,[],True,False,0,,,3,CPU,KV,7.0,llama_kv_cache:        CPU KV buffer size =     7.00 MiB
affinity-qwen2.5-coder-1.5b-t3-mask8c,qwen2.5-coder-1.5b,threads,bench,,[],True,False,0,,,4,CPU,compute,75.69,sched_reserve:        CPU compute buffer size =    75.69 MiB
affinity-qwen2.5-coder-1.5b-t3-mask8c,qwen2.5-coder-1.5b,threads,bench,,[],True,False,0,,,5,CPU,output,0.58,llama_context:        CPU  output buffer size =     0.58 MiB
affinity-qwen2.5-coder-1.5b-t3-mask8c,qwen2.5-coder-1.5b,threads,bench,,[],True,False,0,,,6,CPU,KV,7.0,llama_kv_cache:        CPU KV buffer size =     7.00 MiB
affinity-qwen2.5-coder-1.5b-t3-mask8c,qwen2.5-coder-1.5b,threads,bench,,[],True,False,0,,,7,CPU,compute,18.92,sched_reserve:        CPU compute buffer size =    18.92 MiB
affinity-qwen2.5-coder-1.5b-t4-mask9c,qwen2.5-coder-1.5b,threads,bench,,[],True,False,0,,,0,CPU_Mapped,model,877.31,load_tensors:   CPU_Mapped model buffer size =   877.31 MiB
affinity-qwen2.5-coder-1.5b-t4-mask9c,qwen2.5-coder-1.5b,threads,bench,,[],True,False,0,,,1,CPU_REPACK,model,934.14,load_tensors:   CPU_REPACK model buffer size =   934.14 MiB
affinity-qwen2.5-coder-1.5b-t4-mask9c,qwen2.5-coder-1.5b,threads,bench,,[],True,False,0,,,2,CPU,output,0.58,llama_context:        CPU  output buffer size =     0.58 MiB
affinity-qwen2.5-coder-1.5b-t4-mask9c,qwen2.5-coder-1.5b,threads,bench,,[],True,False,0,,,3,CPU,KV,7.0,llama_kv_cache:        CPU KV buffer size =     7.00 MiB
affinity-qwen2.5-coder-1.5b-t4-mask9c,qwen2.5-coder-1.5b,threads,bench,,[],True,False,0,,,4,CPU,compute,75.69,sched_reserve:        CPU compute buffer size =    75.69 MiB
affinity-qwen2.5-coder-1.5b-t4-mask9c,qwen2.5-coder-1.5b,threads,bench,,[],True,False,0,,,5,CPU,output,0.58,llama_context:        CPU  output buffer size =     0.58 MiB
affinity-qwen2.5-coder-1.5b-t4-mask9c,qwen2.5-coder-1.5b,threads,bench,,[],True,False,0,,,6,CPU,KV,7.0,llama_kv_cache:        CPU KV buffer size =     7.00 MiB
affinity-qwen2.5-coder-1.5b-t4-mask9c,qwen2.5-coder-1.5b,threads,bench,,[],True,False,0,,,7,CPU,compute,18.92,sched_reserve:        CPU compute buffer size =    18.92 MiB
affinity-qwen2.5-coder-1.5b-t4-maskfc,qwen2.5-coder-1.5b,threads,bench,,[],True,False,0,,,0,CPU_Mapped,model,877.31,load_tensors:   CPU_Mapped model buffer size =   877.31 MiB
affinity-qwen2.5-coder-1.5b-t4-maskfc,qwen2.5-coder-1.5b,threads,bench,,[],True,False,0,,,1,CPU_REPACK,model,934.14,load_tensors:   CPU_REPACK model buffer size =   934.14 MiB
affinity-qwen2.5-coder-1.5b-t4-maskfc,qwen2.5-coder-1.5b,threads,bench,,[],True,False,0,,,2,CPU,output,0.58,llama_context:        CPU  output buffer size =     0.58 MiB
affinity-qwen2.5-coder-1.5b-t4-maskfc,qwen2.5-coder-1.5b,threads,bench,,[],True,False,0,,,3,CPU,KV,7.0,llama_kv_cache:        CPU KV buffer size =     7.00 MiB
affinity-qwen2.5-coder-1.5b-t4-maskfc,qwen2.5-coder-1.5b,threads,bench,,[],True,False,0,,,4,CPU,compute,75.69,sched_reserve:        CPU compute buffer size =    75.69 MiB
affinity-qwen2.5-coder-1.5b-t4-maskfc,qwen2.5-coder-1.5b,threads,bench,,[],True,False,0,,,5,CPU,output,0.58,llama_context:        CPU  output buffer size =     0.58 MiB
affinity-qwen2.5-coder-1.5b-t4-maskfc,qwen2.5-coder-1.5b,threads,bench,,[],True,False,0,,,6,CPU,KV,7.0,llama_kv_cache:        CPU KV buffer size =     7.00 MiB
affinity-qwen2.5-coder-1.5b-t4-maskfc,qwen2.5-coder-1.5b,threads,bench,,[],True,False,0,,,7,CPU,compute,18.92,sched_reserve:        CPU compute buffer size =    18.92 MiB
affinity-qwen2.5-coder-1.5b-t6-maskfc,qwen2.5-coder-1.5b,threads,bench,,[],True,False,0,,,0,CPU_Mapped,model,877.31,load_tensors:   CPU_Mapped model buffer size =   877.31 MiB
affinity-qwen2.5-coder-1.5b-t6-maskfc,qwen2.5-coder-1.5b,threads,bench,,[],True,False,0,,,1,CPU_REPACK,model,934.14,load_tensors:   CPU_REPACK model buffer size =   934.14 MiB
affinity-qwen2.5-coder-1.5b-t6-maskfc,qwen2.5-coder-1.5b,threads,bench,,[],True,False,0,,,2,CPU,output,0.58,llama_context:        CPU  output buffer size =     0.58 MiB
affinity-qwen2.5-coder-1.5b-t6-maskfc,qwen2.5-coder-1.5b,threads,bench,,[],True,False,0,,,3,CPU,KV,7.0,llama_kv_cache:        CPU KV buffer size =     7.00 MiB
affinity-qwen2.5-coder-1.5b-t6-maskfc,qwen2.5-coder-1.5b,threads,bench,,[],True,False,0,,,4,CPU,compute,75.69,sched_reserve:        CPU compute buffer size =    75.69 MiB
affinity-qwen2.5-coder-1.5b-t6-maskfc,qwen2.5-coder-1.5b,threads,bench,,[],True,False,0,,,5,CPU,output,0.58,llama_context:        CPU  output buffer size =     0.58 MiB
affinity-qwen2.5-coder-1.5b-t6-maskfc,qwen2.5-coder-1.5b,threads,bench,,[],True,False,0,,,6,CPU,KV,7.0,llama_kv_cache:        CPU KV buffer size =     7.00 MiB
affinity-qwen2.5-coder-1.5b-t6-maskfc,qwen2.5-coder-1.5b,threads,bench,,[],True,False,0,,,7,CPU,compute,18.92,sched_reserve:        CPU compute buffer size =    18.92 MiB
affinity-qwen2.5-coder-7b-t2-mask84,qwen2.5-coder-7b,threads,bench,charging-01,[],True,False,0,,,0,CPU_Mapped,model,4460.45,load_tensors:   CPU_Mapped model buffer size =  4460.45 MiB
affinity-qwen2.5-coder-7b-t2-mask84,qwen2.5-coder-7b,threads,bench,charging-01,[],True,False,0,,,1,CPU_REPACK,model,4166.82,load_tensors:   CPU_REPACK model buffer size =  4166.82 MiB
affinity-qwen2.5-coder-7b-t2-mask84,qwen2.5-coder-7b,threads,bench,charging-01,[],True,False,0,,,2,CPU,output,0.58,llama_context:        CPU  output buffer size =     0.58 MiB
affinity-qwen2.5-coder-7b-t2-mask84,qwen2.5-coder-7b,threads,bench,charging-01,[],True,False,0,,,3,CPU,KV,14.0,llama_kv_cache:        CPU KV buffer size =    14.00 MiB
affinity-qwen2.5-coder-7b-t2-mask84,qwen2.5-coder-7b,threads,bench,charging-01,[],True,False,0,,,4,CPU,compute,77.75,sched_reserve:        CPU compute buffer size =    77.75 MiB
affinity-qwen2.5-coder-7b-t2-mask84,qwen2.5-coder-7b,threads,bench,charging-01,[],True,False,0,,,5,CPU,output,0.58,llama_context:        CPU  output buffer size =     0.58 MiB
affinity-qwen2.5-coder-7b-t2-mask84,qwen2.5-coder-7b,threads,bench,charging-01,[],True,False,0,,,6,CPU,KV,14.0,llama_kv_cache:        CPU KV buffer size =    14.00 MiB
affinity-qwen2.5-coder-7b-t2-mask84,qwen2.5-coder-7b,threads,bench,charging-01,[],True,False,0,,,7,CPU,compute,19.44,sched_reserve:        CPU compute buffer size =    19.44 MiB
affinity-qwen2.5-coder-7b-t3-mask8c,qwen2.5-coder-7b,threads,bench,charging-01,[],True,False,0,,,0,CPU_Mapped,model,4460.45,load_tensors:   CPU_Mapped model buffer size =  4460.45 MiB
affinity-qwen2.5-coder-7b-t3-mask8c,qwen2.5-coder-7b,threads,bench,charging-01,[],True,False,0,,,1,CPU_REPACK,model,4166.82,load_tensors:   CPU_REPACK model buffer size =  4166.82 MiB
affinity-qwen2.5-coder-7b-t3-mask8c,qwen2.5-coder-7b,threads,bench,charging-01,[],True,False,0,,,2,CPU,output,0.58,llama_context:        CPU  output buffer size =     0.58 MiB
affinity-qwen2.5-coder-7b-t3-mask8c,qwen2.5-coder-7b,threads,bench,charging-01,[],True,False,0,,,3,CPU,KV,14.0,llama_kv_cache:        CPU KV buffer size =    14.00 MiB
affinity-qwen2.5-coder-7b-t3-mask8c,qwen2.5-coder-7b,threads,bench,charging-01,[],True,False,0,,,4,CPU,compute,77.75,sched_reserve:        CPU compute buffer size =    77.75 MiB
affinity-qwen2.5-coder-7b-t3-mask8c,qwen2.5-coder-7b,threads,bench,charging-01,[],True,False,0,,,5,CPU,output,0.58,llama_context:        CPU  output buffer size =     0.58 MiB
affinity-qwen2.5-coder-7b-t3-mask8c,qwen2.5-coder-7b,threads,bench,charging-01,[],True,False,0,,,6,CPU,KV,14.0,llama_kv_cache:        CPU KV buffer size =    14.00 MiB
affinity-qwen2.5-coder-7b-t3-mask8c,qwen2.5-coder-7b,threads,bench,charging-01,[],True,False,0,,,7,CPU,compute,19.44,sched_reserve:        CPU compute buffer size =    19.44 MiB
affinity-qwen2.5-coder-7b-t4-mask9c,qwen2.5-coder-7b,threads,bench,charging-01,[],True,False,0,,,0,CPU_Mapped,model,4460.45,load_tensors:   CPU_Mapped model buffer size =  4460.45 MiB
affinity-qwen2.5-coder-7b-t4-mask9c,qwen2.5-coder-7b,threads,bench,charging-01,[],True,False,0,,,1,CPU_REPACK,model,4166.82,load_tensors:   CPU_REPACK model buffer size =  4166.82 MiB
affinity-qwen2.5-coder-7b-t4-mask9c,qwen2.5-coder-7b,threads,bench,charging-01,[],True,False,0,,,2,CPU,output,0.58,llama_context:        CPU  output buffer size =     0.58 MiB
affinity-qwen2.5-coder-7b-t4-mask9c,qwen2.5-coder-7b,threads,bench,charging-01,[],True,False,0,,,3,CPU,KV,14.0,llama_kv_cache:        CPU KV buffer size =    14.00 MiB
affinity-qwen2.5-coder-7b-t4-mask9c,qwen2.5-coder-7b,threads,bench,charging-01,[],True,False,0,,,4,CPU,compute,77.75,sched_reserve:        CPU compute buffer size =    77.75 MiB
affinity-qwen2.5-coder-7b-t4-mask9c,qwen2.5-coder-7b,threads,bench,charging-01,[],True,False,0,,,5,CPU,output,0.58,llama_context:        CPU  output buffer size =     0.58 MiB
affinity-qwen2.5-coder-7b-t4-mask9c,qwen2.5-coder-7b,threads,bench,charging-01,[],True,False,0,,,6,CPU,KV,14.0,llama_kv_cache:        CPU KV buffer size =    14.00 MiB
affinity-qwen2.5-coder-7b-t4-mask9c,qwen2.5-coder-7b,threads,bench,charging-01,[],True,False,0,,,7,CPU,compute,19.44,sched_reserve:        CPU compute buffer size =    19.44 MiB
affinity-qwen2.5-coder-7b-t6-maskfc,qwen2.5-coder-7b,threads,bench,charging-01,[],True,False,0,,,0,CPU_Mapped,model,4460.45,load_tensors:   CPU_Mapped model buffer size =  4460.45 MiB
affinity-qwen2.5-coder-7b-t6-maskfc,qwen2.5-coder-7b,threads,bench,charging-01,[],True,False,0,,,1,CPU_REPACK,model,4166.82,load_tensors:   CPU_REPACK model buffer size =  4166.82 MiB
affinity-qwen2.5-coder-7b-t6-maskfc,qwen2.5-coder-7b,threads,bench,charging-01,[],True,False,0,,,2,CPU,output,0.58,llama_context:        CPU  output buffer size =     0.58 MiB
affinity-qwen2.5-coder-7b-t6-maskfc,qwen2.5-coder-7b,threads,bench,charging-01,[],True,False,0,,,3,CPU,KV,14.0,llama_kv_cache:        CPU KV buffer size =    14.00 MiB
affinity-qwen2.5-coder-7b-t6-maskfc,qwen2.5-coder-7b,threads,bench,charging-01,[],True,False,0,,,4,CPU,compute,77.75,sched_reserve:        CPU compute buffer size =    77.75 MiB
affinity-qwen2.5-coder-7b-t6-maskfc,qwen2.5-coder-7b,threads,bench,charging-01,[],True,False,0,,,5,CPU,output,0.58,llama_context:        CPU  output buffer size =     0.58 MiB
affinity-qwen2.5-coder-7b-t6-maskfc,qwen2.5-coder-7b,threads,bench,charging-01,[],True,False,0,,,6,CPU,KV,14.0,llama_kv_cache:        CPU KV buffer size =    14.00 MiB
affinity-qwen2.5-coder-7b-t6-maskfc,qwen2.5-coder-7b,threads,bench,charging-01,[],True,False,0,,,7,CPU,compute,19.44,sched_reserve:        CPU compute buffer size =    19.44 MiB
affinity-qwen3-4b-instruct-t2-mask84,qwen3-4b-instruct,threads,bench,,[],True,False,0,,,0,CPU_Mapped,model,2362.55,load_tensors:   CPU_Mapped model buffer size =  2362.55 MiB
affinity-qwen3-4b-instruct-t2-mask84,qwen3-4b-instruct,threads,bench,,[],True,False,0,,,1,CPU_REPACK,model,2375.16,load_tensors:   CPU_REPACK model buffer size =  2375.16 MiB
affinity-qwen3-4b-instruct-t2-mask84,qwen3-4b-instruct,threads,bench,,[],True,False,0,,,2,CPU,output,0.58,llama_context:        CPU  output buffer size =     0.58 MiB
affinity-qwen3-4b-instruct-t2-mask84,qwen3-4b-instruct,threads,bench,,[],True,False,0,,,3,CPU,KV,36.0,llama_kv_cache:        CPU KV buffer size =    36.00 MiB
affinity-qwen3-4b-instruct-t2-mask84,qwen3-4b-instruct,threads,bench,,[],True,False,0,,,4,CPU,compute,76.69,sched_reserve:        CPU compute buffer size =    76.69 MiB
affinity-qwen3-4b-instruct-t2-mask84,qwen3-4b-instruct,threads,bench,,[],True,False,0,,,5,CPU,output,0.58,llama_context:        CPU  output buffer size =     0.58 MiB
affinity-qwen3-4b-instruct-t2-mask84,qwen3-4b-instruct,threads,bench,,[],True,False,0,,,6,CPU,KV,36.0,llama_kv_cache:        CPU KV buffer size =    36.00 MiB
affinity-qwen3-4b-instruct-t2-mask84,qwen3-4b-instruct,threads,bench,,[],True,False,0,,,7,CPU,compute,19.17,sched_reserve:        CPU compute buffer size =    19.17 MiB
affinity-qwen3-4b-instruct-t3-mask8c,qwen3-4b-instruct,threads,bench,,[],True,False,0,,,0,CPU_Mapped,model,2362.55,load_tensors:   CPU_Mapped model buffer size =  2362.55 MiB
affinity-qwen3-4b-instruct-t3-mask8c,qwen3-4b-instruct,threads,bench,,[],True,False,0,,,1,CPU_REPACK,model,2375.16,load_tensors:   CPU_REPACK model buffer size =  2375.16 MiB
affinity-qwen3-4b-instruct-t3-mask8c,qwen3-4b-instruct,threads,bench,,[],True,False,0,,,2,CPU,output,0.58,llama_context:        CPU  output buffer size =     0.58 MiB
affinity-qwen3-4b-instruct-t3-mask8c,qwen3-4b-instruct,threads,bench,,[],True,False,0,,,3,CPU,KV,36.0,llama_kv_cache:        CPU KV buffer size =    36.00 MiB
affinity-qwen3-4b-instruct-t3-mask8c,qwen3-4b-instruct,threads,bench,,[],True,False,0,,,4,CPU,compute,76.69,sched_reserve:        CPU compute buffer size =    76.69 MiB
affinity-qwen3-4b-instruct-t3-mask8c,qwen3-4b-instruct,threads,bench,,[],True,False,0,,,5,CPU,output,0.58,llama_context:        CPU  output buffer size =     0.58 MiB
affinity-qwen3-4b-instruct-t3-mask8c,qwen3-4b-instruct,threads,bench,,[],True,False,0,,,6,CPU,KV,36.0,llama_kv_cache:        CPU KV buffer size =    36.00 MiB
affinity-qwen3-4b-instruct-t3-mask8c,qwen3-4b-instruct,threads,bench,,[],True,False,0,,,7,CPU,compute,19.17,sched_reserve:        CPU compute buffer size =    19.17 MiB
affinity-qwen3-4b-instruct-t4-mask9c,qwen3-4b-instruct,threads,bench,,[],True,False,0,,,0,CPU_Mapped,model,2362.55,load_tensors:   CPU_Mapped model buffer size =  2362.55 MiB
affinity-qwen3-4b-instruct-t4-mask9c,qwen3-4b-instruct,threads,bench,,[],True,False,0,,,1,CPU_REPACK,model,2375.16,load_tensors:   CPU_REPACK model buffer size =  2375.16 MiB
affinity-qwen3-4b-instruct-t4-mask9c,qwen3-4b-instruct,threads,bench,,[],True,False,0,,,2,CPU,output,0.58,llama_context:        CPU  output buffer size =     0.58 MiB
affinity-qwen3-4b-instruct-t4-mask9c,qwen3-4b-instruct,threads,bench,,[],True,False,0,,,3,CPU,KV,36.0,llama_kv_cache:        CPU KV buffer size =    36.00 MiB
affinity-qwen3-4b-instruct-t4-mask9c,qwen3-4b-instruct,threads,bench,,[],True,False,0,,,4,CPU,compute,76.69,sched_reserve:        CPU compute buffer size =    76.69 MiB
affinity-qwen3-4b-instruct-t4-mask9c,qwen3-4b-instruct,threads,bench,,[],True,False,0,,,5,CPU,output,0.58,llama_context:        CPU  output buffer size =     0.58 MiB
affinity-qwen3-4b-instruct-t4-mask9c,qwen3-4b-instruct,threads,bench,,[],True,False,0,,,6,CPU,KV,36.0,llama_kv_cache:        CPU KV buffer size =    36.00 MiB
affinity-qwen3-4b-instruct-t4-mask9c,qwen3-4b-instruct,threads,bench,,[],True,False,0,,,7,CPU,compute,19.17,sched_reserve:        CPU compute buffer size =    19.17 MiB
affinity-qwen3-4b-instruct-t6-maskfc,qwen3-4b-instruct,threads,bench,,[],True,False,0,,,0,CPU_Mapped,model,2362.55,load_tensors:   CPU_Mapped model buffer size =  2362.55 MiB
affinity-qwen3-4b-instruct-t6-maskfc,qwen3-4b-instruct,threads,bench,,[],True,False,0,,,1,CPU_REPACK,model,2375.16,load_tensors:   CPU_REPACK model buffer size =  2375.16 MiB
affinity-qwen3-4b-instruct-t6-maskfc,qwen3-4b-instruct,threads,bench,,[],True,False,0,,,2,CPU,output,0.58,llama_context:        CPU  output buffer size =     0.58 MiB
affinity-qwen3-4b-instruct-t6-maskfc,qwen3-4b-instruct,threads,bench,,[],True,False,0,,,3,CPU,KV,36.0,llama_kv_cache:        CPU KV buffer size =    36.00 MiB
affinity-qwen3-4b-instruct-t6-maskfc,qwen3-4b-instruct,threads,bench,,[],True,False,0,,,4,CPU,compute,76.69,sched_reserve:        CPU compute buffer size =    76.69 MiB
affinity-qwen3-4b-instruct-t6-maskfc,qwen3-4b-instruct,threads,bench,,[],True,False,0,,,5,CPU,output,0.58,llama_context:        CPU  output buffer size =     0.58 MiB
affinity-qwen3-4b-instruct-t6-maskfc,qwen3-4b-instruct,threads,bench,,[],True,False,0,,,6,CPU,KV,36.0,llama_kv_cache:        CPU KV buffer size =    36.00 MiB
affinity-qwen3-4b-instruct-t6-maskfc,qwen3-4b-instruct,threads,bench,,[],True,False,0,,,7,CPU,compute,19.17,sched_reserve:        CPU compute buffer size =    19.17 MiB
affinity-qwen3.5-4b-instruct-t2-mask84,qwen3.5-4b-instruct,threads,bench,charging-01,[],True,False,0,,,0,CPU_Mapped,model,2603.5,load_tensors:   CPU_Mapped model buffer size =  2603.50 MiB
affinity-qwen3.5-4b-instruct-t2-mask84,qwen3.5-4b-instruct,threads,bench,charging-01,[],True,False,0,,,1,CPU_REPACK,model,2599.83,load_tensors:   CPU_REPACK model buffer size =  2599.83 MiB
affinity-qwen3.5-4b-instruct-t2-mask84,qwen3.5-4b-instruct,threads,bench,charging-01,[],True,False,0,,,2,CPU,output,0.95,llama_context:        CPU  output buffer size =     0.95 MiB
affinity-qwen3.5-4b-instruct-t2-mask84,qwen3.5-4b-instruct,threads,bench,charging-01,[],True,False,0,,,3,CPU,KV,8.0,llama_kv_cache:        CPU KV buffer size =     8.00 MiB
affinity-qwen3.5-4b-instruct-t2-mask84,qwen3.5-4b-instruct,threads,bench,charging-01,[],True,False,0,,,4,CPU,RS,50.25,llama_memory_recurrent:        CPU RS buffer size =    50.25 MiB
affinity-qwen3.5-4b-instruct-t2-mask84,qwen3.5-4b-instruct,threads,bench,charging-01,[],True,False,0,,,5,CPU,compute,126.13,sched_reserve:        CPU compute buffer size =   126.13 MiB
affinity-qwen3.5-4b-instruct-t2-mask84,qwen3.5-4b-instruct,threads,bench,charging-01,[],True,False,0,,,6,CPU,output,0.95,llama_context:        CPU  output buffer size =     0.95 MiB
affinity-qwen3.5-4b-instruct-t2-mask84,qwen3.5-4b-instruct,threads,bench,charging-01,[],True,False,0,,,7,CPU,KV,8.0,llama_kv_cache:        CPU KV buffer size =     8.00 MiB
affinity-qwen3.5-4b-instruct-t2-mask84,qwen3.5-4b-instruct,threads,bench,charging-01,[],True,False,0,,,8,CPU,RS,50.25,llama_memory_recurrent:        CPU RS buffer size =    50.25 MiB
affinity-qwen3.5-4b-instruct-t2-mask84,qwen3.5-4b-instruct,threads,bench,charging-01,[],True,False,0,,,9,CPU,compute,31.53,sched_reserve:        CPU compute buffer size =    31.53 MiB
affinity-qwen3.5-4b-instruct-t3-mask8c,qwen3.5-4b-instruct,threads,bench,charging-01,[],True,False,0,,,0,CPU_Mapped,model,2603.5,load_tensors:   CPU_Mapped model buffer size =  2603.50 MiB
affinity-qwen3.5-4b-instruct-t3-mask8c,qwen3.5-4b-instruct,threads,bench,charging-01,[],True,False,0,,,1,CPU_REPACK,model,2599.83,load_tensors:   CPU_REPACK model buffer size =  2599.83 MiB
affinity-qwen3.5-4b-instruct-t3-mask8c,qwen3.5-4b-instruct,threads,bench,charging-01,[],True,False,0,,,2,CPU,output,0.95,llama_context:        CPU  output buffer size =     0.95 MiB
affinity-qwen3.5-4b-instruct-t3-mask8c,qwen3.5-4b-instruct,threads,bench,charging-01,[],True,False,0,,,3,CPU,KV,8.0,llama_kv_cache:        CPU KV buffer size =     8.00 MiB
affinity-qwen3.5-4b-instruct-t3-mask8c,qwen3.5-4b-instruct,threads,bench,charging-01,[],True,False,0,,,4,CPU,RS,50.25,llama_memory_recurrent:        CPU RS buffer size =    50.25 MiB
affinity-qwen3.5-4b-instruct-t3-mask8c,qwen3.5-4b-instruct,threads,bench,charging-01,[],True,False,0,,,5,CPU,compute,126.13,sched_reserve:        CPU compute buffer size =   126.13 MiB
affinity-qwen3.5-4b-instruct-t3-mask8c,qwen3.5-4b-instruct,threads,bench,charging-01,[],True,False,0,,,6,CPU,output,0.95,llama_context:        CPU  output buffer size =     0.95 MiB
affinity-qwen3.5-4b-instruct-t3-mask8c,qwen3.5-4b-instruct,threads,bench,charging-01,[],True,False,0,,,7,CPU,KV,8.0,llama_kv_cache:        CPU KV buffer size =     8.00 MiB
affinity-qwen3.5-4b-instruct-t3-mask8c,qwen3.5-4b-instruct,threads,bench,charging-01,[],True,False,0,,,8,CPU,RS,50.25,llama_memory_recurrent:        CPU RS buffer size =    50.25 MiB
affinity-qwen3.5-4b-instruct-t3-mask8c,qwen3.5-4b-instruct,threads,bench,charging-01,[],True,False,0,,,9,CPU,compute,31.53,sched_reserve:        CPU compute buffer size =    31.53 MiB
affinity-qwen3.5-4b-instruct-t4-mask9c,qwen3.5-4b-instruct,threads,bench,charging-01,[],True,False,0,,,0,CPU_Mapped,model,2603.5,load_tensors:   CPU_Mapped model buffer size =  2603.50 MiB
affinity-qwen3.5-4b-instruct-t4-mask9c,qwen3.5-4b-instruct,threads,bench,charging-01,[],True,False,0,,,1,CPU_REPACK,model,2599.83,load_tensors:   CPU_REPACK model buffer size =  2599.83 MiB
affinity-qwen3.5-4b-instruct-t4-mask9c,qwen3.5-4b-instruct,threads,bench,charging-01,[],True,False,0,,,2,CPU,output,0.95,llama_context:        CPU  output buffer size =     0.95 MiB
affinity-qwen3.5-4b-instruct-t4-mask9c,qwen3.5-4b-instruct,threads,bench,charging-01,[],True,False,0,,,3,CPU,KV,8.0,llama_kv_cache:        CPU KV buffer size =     8.00 MiB
affinity-qwen3.5-4b-instruct-t4-mask9c,qwen3.5-4b-instruct,threads,bench,charging-01,[],True,False,0,,,4,CPU,RS,50.25,llama_memory_recurrent:        CPU RS buffer size =    50.25 MiB
affinity-qwen3.5-4b-instruct-t4-mask9c,qwen3.5-4b-instruct,threads,bench,charging-01,[],True,False,0,,,5,CPU,compute,126.13,sched_reserve:        CPU compute buffer size =   126.13 MiB
affinity-qwen3.5-4b-instruct-t4-mask9c,qwen3.5-4b-instruct,threads,bench,charging-01,[],True,False,0,,,6,CPU,output,0.95,llama_context:        CPU  output buffer size =     0.95 MiB
affinity-qwen3.5-4b-instruct-t4-mask9c,qwen3.5-4b-instruct,threads,bench,charging-01,[],True,False,0,,,7,CPU,KV,8.0,llama_kv_cache:        CPU KV buffer size =     8.00 MiB
affinity-qwen3.5-4b-instruct-t4-mask9c,qwen3.5-4b-instruct,threads,bench,charging-01,[],True,False,0,,,8,CPU,RS,50.25,llama_memory_recurrent:        CPU RS buffer size =    50.25 MiB
affinity-qwen3.5-4b-instruct-t4-mask9c,qwen3.5-4b-instruct,threads,bench,charging-01,[],True,False,0,,,9,CPU,compute,31.53,sched_reserve:        CPU compute buffer size =    31.53 MiB
affinity-qwen3.5-4b-instruct-t6-maskfc,qwen3.5-4b-instruct,threads,bench,charging-01,[],True,False,0,,,0,CPU_Mapped,model,2603.5,load_tensors:   CPU_Mapped model buffer size =  2603.50 MiB
affinity-qwen3.5-4b-instruct-t6-maskfc,qwen3.5-4b-instruct,threads,bench,charging-01,[],True,False,0,,,1,CPU_REPACK,model,2599.83,load_tensors:   CPU_REPACK model buffer size =  2599.83 MiB
affinity-qwen3.5-4b-instruct-t6-maskfc,qwen3.5-4b-instruct,threads,bench,charging-01,[],True,False,0,,,2,CPU,output,0.95,llama_context:        CPU  output buffer size =     0.95 MiB
affinity-qwen3.5-4b-instruct-t6-maskfc,qwen3.5-4b-instruct,threads,bench,charging-01,[],True,False,0,,,3,CPU,KV,8.0,llama_kv_cache:        CPU KV buffer size =     8.00 MiB
affinity-qwen3.5-4b-instruct-t6-maskfc,qwen3.5-4b-instruct,threads,bench,charging-01,[],True,False,0,,,4,CPU,RS,50.25,llama_memory_recurrent:        CPU RS buffer size =    50.25 MiB
affinity-qwen3.5-4b-instruct-t6-maskfc,qwen3.5-4b-instruct,threads,bench,charging-01,[],True,False,0,,,5,CPU,compute,126.13,sched_reserve:        CPU compute buffer size =   126.13 MiB
affinity-qwen3.5-4b-instruct-t6-maskfc,qwen3.5-4b-instruct,threads,bench,charging-01,[],True,False,0,,,6,CPU,output,0.95,llama_context:        CPU  output buffer size =     0.95 MiB
affinity-qwen3.5-4b-instruct-t6-maskfc,qwen3.5-4b-instruct,threads,bench,charging-01,[],True,False,0,,,7,CPU,KV,8.0,llama_kv_cache:        CPU KV buffer size =     8.00 MiB
affinity-qwen3.5-4b-instruct-t6-maskfc,qwen3.5-4b-instruct,threads,bench,charging-01,[],True,False,0,,,8,CPU,RS,50.25,llama_memory_recurrent:        CPU RS buffer size =    50.25 MiB
affinity-qwen3.5-4b-instruct-t6-maskfc,qwen3.5-4b-instruct,threads,bench,charging-01,[],True,False,0,,,9,CPU,compute,31.53,sched_reserve:        CPU compute buffer size =    31.53 MiB
baseline-mistral-7b-uncensored-r0-ngl0,mistral-7b-uncensored,baseline,bench,,[],True,False,0,,,0,CPU_Mapped,model,4165.37,load_tensors:   CPU_Mapped model buffer size =  4165.37 MiB
baseline-mistral-7b-uncensored-r0-ngl0,mistral-7b-uncensored,baseline,bench,,[],True,False,0,,,1,CPU_REPACK,model,4094.04,load_tensors:   CPU_REPACK model buffer size =  4094.04 MiB
baseline-mistral-7b-uncensored-r0-ngl0,mistral-7b-uncensored,baseline,bench,,[],True,False,0,,,2,CPU,output,0.12,llama_context:        CPU  output buffer size =     0.12 MiB
baseline-mistral-7b-uncensored-r0-ngl0,mistral-7b-uncensored,baseline,bench,,[],True,False,0,,,3,CPU,KV,32.0,llama_kv_cache:        CPU KV buffer size =    32.00 MiB
baseline-mistral-7b-uncensored-r0-ngl0,mistral-7b-uncensored,baseline,bench,,[],True,False,0,,,4,CPU,compute,30.13,sched_reserve:        CPU compute buffer size =    30.13 MiB
baseline-mistral-7b-uncensored-r0-ngl0,mistral-7b-uncensored,baseline,bench,,[],True,False,0,,,5,CPU,output,0.12,llama_context:        CPU  output buffer size =     0.12 MiB
baseline-mistral-7b-uncensored-r0-ngl0,mistral-7b-uncensored,baseline,bench,,[],True,False,0,,,6,CPU,KV,32.0,llama_kv_cache:        CPU KV buffer size =    32.00 MiB
baseline-mistral-7b-uncensored-r0-ngl0,mistral-7b-uncensored,baseline,bench,,[],True,False,0,,,7,CPU,compute,7.53,sched_reserve:        CPU compute buffer size =     7.53 MiB
baseline-mistral-7b-uncensored-r0-ngl99,mistral-7b-uncensored,baseline,bench,,[],True,False,0,,,0,CPU,model,70.31,load_tensors:          CPU model buffer size =    70.31 MiB
baseline-mistral-7b-uncensored-r0-ngl99,mistral-7b-uncensored,baseline,bench,,[],True,False,0,,,1,OpenCL,model,4095.16,load_tensors:       OpenCL model buffer size =  4095.16 MiB
baseline-mistral-7b-uncensored-r0-ngl99,mistral-7b-uncensored,baseline,bench,,[],True,False,0,,,2,CPU,output,0.12,llama_context:        CPU  output buffer size =     0.12 MiB
baseline-mistral-7b-uncensored-r0-ngl99,mistral-7b-uncensored,baseline,bench,,[],True,False,0,,,3,OpenCL,KV,32.0,llama_kv_cache:     OpenCL KV buffer size =    32.00 MiB
baseline-mistral-7b-uncensored-r0-ngl99,mistral-7b-uncensored,baseline,bench,,[],True,False,0,,,4,OpenCL,compute,28.13,sched_reserve:     OpenCL compute buffer size =    28.13 MiB
baseline-mistral-7b-uncensored-r0-ngl99,mistral-7b-uncensored,baseline,bench,,[],True,False,0,,,5,CPU,compute,5.13,sched_reserve:        CPU compute buffer size =     5.13 MiB
baseline-mistral-7b-uncensored-r0-ngl99,mistral-7b-uncensored,baseline,bench,,[],True,False,0,,,6,CPU,output,0.12,llama_context:        CPU  output buffer size =     0.12 MiB
baseline-mistral-7b-uncensored-r0-ngl99,mistral-7b-uncensored,baseline,bench,,[],True,False,0,,,7,OpenCL,KV,32.0,llama_kv_cache:     OpenCL KV buffer size =    32.00 MiB
baseline-mistral-7b-uncensored-r0-ngl99,mistral-7b-uncensored,baseline,bench,,[],True,False,0,,,8,OpenCL,compute,7.03,sched_reserve:     OpenCL compute buffer size =     7.03 MiB
baseline-mistral-7b-uncensored-r0-ngl99,mistral-7b-uncensored,baseline,bench,,[],True,False,0,,,9,CPU,compute,1.28,sched_reserve:        CPU compute buffer size =     1.28 MiB
baseline-mistral-7b-uncensored-r1-ngl0,mistral-7b-uncensored,baseline,bench,,[],True,False,0,,,0,CPU_Mapped,model,4165.37,load_tensors:   CPU_Mapped model buffer size =  4165.37 MiB
baseline-mistral-7b-uncensored-r1-ngl0,mistral-7b-uncensored,baseline,bench,,[],True,False,0,,,1,CPU_REPACK,model,4094.04,load_tensors:   CPU_REPACK model buffer size =  4094.04 MiB
baseline-mistral-7b-uncensored-r1-ngl0,mistral-7b-uncensored,baseline,bench,,[],True,False,0,,,2,CPU,output,0.12,llama_context:        CPU  output buffer size =     0.12 MiB
baseline-mistral-7b-uncensored-r1-ngl0,mistral-7b-uncensored,baseline,bench,,[],True,False,0,,,3,CPU,KV,32.0,llama_kv_cache:        CPU KV buffer size =    32.00 MiB
baseline-mistral-7b-uncensored-r1-ngl0,mistral-7b-uncensored,baseline,bench,,[],True,False,0,,,4,CPU,compute,30.13,sched_reserve:        CPU compute buffer size =    30.13 MiB
baseline-mistral-7b-uncensored-r1-ngl0,mistral-7b-uncensored,baseline,bench,,[],True,False,0,,,5,CPU,output,0.12,llama_context:        CPU  output buffer size =     0.12 MiB
baseline-mistral-7b-uncensored-r1-ngl0,mistral-7b-uncensored,baseline,bench,,[],True,False,0,,,6,CPU,KV,32.0,llama_kv_cache:        CPU KV buffer size =    32.00 MiB
baseline-mistral-7b-uncensored-r1-ngl0,mistral-7b-uncensored,baseline,bench,,[],True,False,0,,,7,CPU,compute,7.53,sched_reserve:        CPU compute buffer size =     7.53 MiB
baseline-mistral-7b-uncensored-r1-ngl99,mistral-7b-uncensored,baseline,bench,,[],True,False,0,,,0,CPU,model,70.31,load_tensors:          CPU model buffer size =    70.31 MiB
baseline-mistral-7b-uncensored-r1-ngl99,mistral-7b-uncensored,baseline,bench,,[],True,False,0,,,1,OpenCL,model,4095.16,load_tensors:       OpenCL model buffer size =  4095.16 MiB
baseline-mistral-7b-uncensored-r1-ngl99,mistral-7b-uncensored,baseline,bench,,[],True,False,0,,,2,CPU,output,0.12,llama_context:        CPU  output buffer size =     0.12 MiB
baseline-mistral-7b-uncensored-r1-ngl99,mistral-7b-uncensored,baseline,bench,,[],True,False,0,,,3,OpenCL,KV,32.0,llama_kv_cache:     OpenCL KV buffer size =    32.00 MiB
baseline-mistral-7b-uncensored-r1-ngl99,mistral-7b-uncensored,baseline,bench,,[],True,False,0,,,4,OpenCL,compute,28.13,sched_reserve:     OpenCL compute buffer size =    28.13 MiB
baseline-mistral-7b-uncensored-r1-ngl99,mistral-7b-uncensored,baseline,bench,,[],True,False,0,,,5,CPU,compute,5.13,sched_reserve:        CPU compute buffer size =     5.13 MiB
baseline-mistral-7b-uncensored-r1-ngl99,mistral-7b-uncensored,baseline,bench,,[],True,False,0,,,6,CPU,output,0.12,llama_context:        CPU  output buffer size =     0.12 MiB
baseline-mistral-7b-uncensored-r1-ngl99,mistral-7b-uncensored,baseline,bench,,[],True,False,0,,,7,OpenCL,KV,32.0,llama_kv_cache:     OpenCL KV buffer size =    32.00 MiB
baseline-mistral-7b-uncensored-r1-ngl99,mistral-7b-uncensored,baseline,bench,,[],True,False,0,,,8,OpenCL,compute,7.03,sched_reserve:     OpenCL compute buffer size =     7.03 MiB
baseline-mistral-7b-uncensored-r1-ngl99,mistral-7b-uncensored,baseline,bench,,[],True,False,0,,,9,CPU,compute,1.28,sched_reserve:        CPU compute buffer size =     1.28 MiB
baseline-qwen2.5-coder-1.5b-r0-ngl0,qwen2.5-coder-1.5b,baseline,bench,,[],True,False,0,,,0,CPU_Mapped,model,877.31,load_tensors:   CPU_Mapped model buffer size =   877.31 MiB
baseline-qwen2.5-coder-1.5b-r0-ngl0,qwen2.5-coder-1.5b,baseline,bench,,[],True,False,0,,,1,CPU_REPACK,model,934.14,load_tensors:   CPU_REPACK model buffer size =   934.14 MiB
baseline-qwen2.5-coder-1.5b-r0-ngl0,qwen2.5-coder-1.5b,baseline,bench,,[],True,False,0,,,2,CPU,output,0.58,llama_context:        CPU  output buffer size =     0.58 MiB
baseline-qwen2.5-coder-1.5b-r0-ngl0,qwen2.5-coder-1.5b,baseline,bench,,[],True,False,0,,,3,CPU,KV,7.0,llama_kv_cache:        CPU KV buffer size =     7.00 MiB
baseline-qwen2.5-coder-1.5b-r0-ngl0,qwen2.5-coder-1.5b,baseline,bench,,[],True,False,0,,,4,CPU,compute,75.69,sched_reserve:        CPU compute buffer size =    75.69 MiB
baseline-qwen2.5-coder-1.5b-r0-ngl0,qwen2.5-coder-1.5b,baseline,bench,,[],True,False,0,,,5,CPU,output,0.58,llama_context:        CPU  output buffer size =     0.58 MiB
baseline-qwen2.5-coder-1.5b-r0-ngl0,qwen2.5-coder-1.5b,baseline,bench,,[],True,False,0,,,6,CPU,KV,7.0,llama_kv_cache:        CPU KV buffer size =     7.00 MiB
baseline-qwen2.5-coder-1.5b-r0-ngl0,qwen2.5-coder-1.5b,baseline,bench,,[],True,False,0,,,7,CPU,compute,18.92,sched_reserve:        CPU compute buffer size =    18.92 MiB
baseline-qwen2.5-coder-1.5b-r0-ngl99,qwen2.5-coder-1.5b,baseline,bench,,[],True,False,0,,,0,CPU,model,125.19,load_tensors:          CPU model buffer size =   125.19 MiB
baseline-qwen2.5-coder-1.5b-r0-ngl99,qwen2.5-coder-1.5b,baseline,bench,,[],True,False,0,,,1,CPU_REPACK,model,195.74,load_tensors:   CPU_REPACK model buffer size =   195.74 MiB
baseline-qwen2.5-coder-1.5b-r0-ngl99,qwen2.5-coder-1.5b,baseline,bench,,[],True,False,0,,,2,OpenCL,model,739.03,load_tensors:       OpenCL model buffer size =   739.03 MiB
baseline-qwen2.5-coder-1.5b-r0-ngl99,qwen2.5-coder-1.5b,baseline,bench,,[],True,False,0,,,3,CPU,output,0.58,llama_context:        CPU  output buffer size =     0.58 MiB
baseline-qwen2.5-coder-1.5b-r0-ngl99,qwen2.5-coder-1.5b,baseline,bench,,[],True,False,0,,,4,OpenCL,KV,7.0,llama_kv_cache:     OpenCL KV buffer size =     7.00 MiB
baseline-qwen2.5-coder-1.5b-r0-ngl99,qwen2.5-coder-1.5b,baseline,bench,,[],True,False,0,,,5,OpenCL,compute,16.0,sched_reserve:     OpenCL compute buffer size =    16.00 MiB
baseline-qwen2.5-coder-1.5b-r0-ngl99,qwen2.5-coder-1.5b,baseline,bench,,[],True,False,0,,,6,CPU,compute,75.69,sched_reserve:        CPU compute buffer size =    75.69 MiB
baseline-qwen2.5-coder-1.5b-r0-ngl99,qwen2.5-coder-1.5b,baseline,bench,,[],True,False,0,,,7,CPU,output,0.58,llama_context:        CPU  output buffer size =     0.58 MiB
baseline-qwen2.5-coder-1.5b-r0-ngl99,qwen2.5-coder-1.5b,baseline,bench,,[],True,False,0,,,8,OpenCL,KV,7.0,llama_kv_cache:     OpenCL KV buffer size =     7.00 MiB
baseline-qwen2.5-coder-1.5b-r0-ngl99,qwen2.5-coder-1.5b,baseline,bench,,[],True,False,0,,,9,OpenCL,compute,4.0,sched_reserve:     OpenCL compute buffer size =     4.00 MiB
baseline-qwen2.5-coder-1.5b-r0-ngl99,qwen2.5-coder-1.5b,baseline,bench,,[],True,False,0,,,10,CPU,compute,18.92,sched_reserve:        CPU compute buffer size =    18.92 MiB
baseline-qwen2.5-coder-1.5b-r1-ngl0,qwen2.5-coder-1.5b,baseline,bench,,[],True,False,0,,,0,CPU_Mapped,model,877.31,load_tensors:   CPU_Mapped model buffer size =   877.31 MiB
baseline-qwen2.5-coder-1.5b-r1-ngl0,qwen2.5-coder-1.5b,baseline,bench,,[],True,False,0,,,1,CPU_REPACK,model,934.14,load_tensors:   CPU_REPACK model buffer size =   934.14 MiB
baseline-qwen2.5-coder-1.5b-r1-ngl0,qwen2.5-coder-1.5b,baseline,bench,,[],True,False,0,,,2,CPU,output,0.58,llama_context:        CPU  output buffer size =     0.58 MiB
baseline-qwen2.5-coder-1.5b-r1-ngl0,qwen2.5-coder-1.5b,baseline,bench,,[],True,False,0,,,3,CPU,KV,7.0,llama_kv_cache:        CPU KV buffer size =     7.00 MiB
baseline-qwen2.5-coder-1.5b-r1-ngl0,qwen2.5-coder-1.5b,baseline,bench,,[],True,False,0,,,4,CPU,compute,75.69,sched_reserve:        CPU compute buffer size =    75.69 MiB
baseline-qwen2.5-coder-1.5b-r1-ngl0,qwen2.5-coder-1.5b,baseline,bench,,[],True,False,0,,,5,CPU,output,0.58,llama_context:        CPU  output buffer size =     0.58 MiB
baseline-qwen2.5-coder-1.5b-r1-ngl0,qwen2.5-coder-1.5b,baseline,bench,,[],True,False,0,,,6,CPU,KV,7.0,llama_kv_cache:        CPU KV buffer size =     7.00 MiB
baseline-qwen2.5-coder-1.5b-r1-ngl0,qwen2.5-coder-1.5b,baseline,bench,,[],True,False,0,,,7,CPU,compute,18.92,sched_reserve:        CPU compute buffer size =    18.92 MiB
baseline-qwen2.5-coder-1.5b-r1-ngl99,qwen2.5-coder-1.5b,baseline,bench,,[],True,False,0,,,0,CPU,model,125.19,load_tensors:          CPU model buffer size =   125.19 MiB
baseline-qwen2.5-coder-1.5b-r1-ngl99,qwen2.5-coder-1.5b,baseline,bench,,[],True,False,0,,,1,CPU_REPACK,model,195.74,load_tensors:   CPU_REPACK model buffer size =   195.74 MiB
baseline-qwen2.5-coder-1.5b-r1-ngl99,qwen2.5-coder-1.5b,baseline,bench,,[],True,False,0,,,2,OpenCL,model,739.03,load_tensors:       OpenCL model buffer size =   739.03 MiB
baseline-qwen2.5-coder-1.5b-r1-ngl99,qwen2.5-coder-1.5b,baseline,bench,,[],True,False,0,,,3,CPU,output,0.58,llama_context:        CPU  output buffer size =     0.58 MiB
baseline-qwen2.5-coder-1.5b-r1-ngl99,qwen2.5-coder-1.5b,baseline,bench,,[],True,False,0,,,4,OpenCL,KV,7.0,llama_kv_cache:     OpenCL KV buffer size =     7.00 MiB
baseline-qwen2.5-coder-1.5b-r1-ngl99,qwen2.5-coder-1.5b,baseline,bench,,[],True,False,0,,,5,OpenCL,compute,16.0,sched_reserve:     OpenCL compute buffer size =    16.00 MiB
baseline-qwen2.5-coder-1.5b-r1-ngl99,qwen2.5-coder-1.5b,baseline,bench,,[],True,False,0,,,6,CPU,compute,75.69,sched_reserve:        CPU compute buffer size =    75.69 MiB
baseline-qwen2.5-coder-1.5b-r1-ngl99,qwen2.5-coder-1.5b,baseline,bench,,[],True,False,0,,,7,CPU,output,0.58,llama_context:        CPU  output buffer size =     0.58 MiB
baseline-qwen2.5-coder-1.5b-r1-ngl99,qwen2.5-coder-1.5b,baseline,bench,,[],True,False,0,,,8,OpenCL,KV,7.0,llama_kv_cache:     OpenCL KV buffer size =     7.00 MiB
baseline-qwen2.5-coder-1.5b-r1-ngl99,qwen2.5-coder-1.5b,baseline,bench,,[],True,False,0,,,9,OpenCL,compute,4.0,sched_reserve:     OpenCL compute buffer size =     4.00 MiB
baseline-qwen2.5-coder-1.5b-r1-ngl99,qwen2.5-coder-1.5b,baseline,bench,,[],True,False,0,,,10,CPU,compute,18.92,sched_reserve:        CPU compute buffer size =    18.92 MiB
baseline-qwen2.5-coder-7b-r0-ngl0,qwen2.5-coder-7b,baseline,bench,,[],True,False,0,,,0,CPU_Mapped,model,4460.45,load_tensors:   CPU_Mapped model buffer size =  4460.45 MiB
baseline-qwen2.5-coder-7b-r0-ngl0,qwen2.5-coder-7b,baseline,bench,,[],True,False,0,,,1,CPU_REPACK,model,4166.82,load_tensors:   CPU_REPACK model buffer size =  4166.82 MiB
baseline-qwen2.5-coder-7b-r0-ngl0,qwen2.5-coder-7b,baseline,bench,,[],True,False,0,,,2,CPU,output,0.58,llama_context:        CPU  output buffer size =     0.58 MiB
baseline-qwen2.5-coder-7b-r0-ngl0,qwen2.5-coder-7b,baseline,bench,,[],True,False,0,,,3,CPU,KV,14.0,llama_kv_cache:        CPU KV buffer size =    14.00 MiB
baseline-qwen2.5-coder-7b-r0-ngl0,qwen2.5-coder-7b,baseline,bench,,[],True,False,0,,,4,CPU,compute,77.75,sched_reserve:        CPU compute buffer size =    77.75 MiB
baseline-qwen2.5-coder-7b-r0-ngl0,qwen2.5-coder-7b,baseline,bench,,[],True,False,0,,,5,CPU,output,0.58,llama_context:        CPU  output buffer size =     0.58 MiB
baseline-qwen2.5-coder-7b-r0-ngl0,qwen2.5-coder-7b,baseline,bench,,[],True,False,0,,,6,CPU,KV,14.0,llama_kv_cache:        CPU KV buffer size =    14.00 MiB
baseline-qwen2.5-coder-7b-r0-ngl0,qwen2.5-coder-7b,baseline,bench,,[],True,False,0,,,7,CPU,compute,19.44,sched_reserve:        CPU compute buffer size =    19.44 MiB
baseline-qwen2.5-coder-7b-r0-ngl99,qwen2.5-coder-7b,baseline,bench,,[],True,False,0,,,0,CPU,model,292.36,load_tensors:          CPU model buffer size =   292.36 MiB
baseline-qwen2.5-coder-7b-r0-ngl99,qwen2.5-coder-7b,baseline,bench,,[],True,False,0,,,1,CPU_REPACK,model,426.36,load_tensors:   CPU_REPACK model buffer size =   426.36 MiB
baseline-qwen2.5-coder-7b-r0-ngl99,qwen2.5-coder-7b,baseline,bench,,[],True,False,0,,,2,OpenCL,model,3741.83,load_tensors:       OpenCL model buffer size =  3741.83 MiB
baseline-qwen2.5-coder-7b-r0-ngl99,qwen2.5-coder-7b,baseline,bench,,[],True,False,0,,,3,CPU,output,0.58,llama_context:        CPU  output buffer size =     0.58 MiB
baseline-qwen2.5-coder-7b-r0-ngl99,qwen2.5-coder-7b,baseline,bench,,[],True,False,0,,,4,OpenCL,KV,14.0,llama_kv_cache:     OpenCL KV buffer size =    14.00 MiB
baseline-qwen2.5-coder-7b-r0-ngl99,qwen2.5-coder-7b,baseline,bench,,[],True,False,0,,,5,OpenCL,compute,33.63,sched_reserve:     OpenCL compute buffer size =    33.63 MiB
baseline-qwen2.5-coder-7b-r0-ngl99,qwen2.5-coder-7b,baseline,bench,,[],True,False,0,,,6,CPU,compute,77.75,sched_reserve:        CPU compute buffer size =    77.75 MiB
baseline-qwen2.5-coder-7b-r0-ngl99,qwen2.5-coder-7b,baseline,bench,,[],True,False,0,,,7,CPU,output,0.58,llama_context:        CPU  output buffer size =     0.58 MiB
baseline-qwen2.5-coder-7b-r0-ngl99,qwen2.5-coder-7b,baseline,bench,,[],True,False,0,,,8,OpenCL,KV,14.0,llama_kv_cache:     OpenCL KV buffer size =    14.00 MiB
baseline-qwen2.5-coder-7b-r0-ngl99,qwen2.5-coder-7b,baseline,bench,,[],True,False,0,,,9,OpenCL,compute,8.41,sched_reserve:     OpenCL compute buffer size =     8.41 MiB
baseline-qwen2.5-coder-7b-r0-ngl99,qwen2.5-coder-7b,baseline,bench,,[],True,False,0,,,10,CPU,compute,19.44,sched_reserve:        CPU compute buffer size =    19.44 MiB
baseline-qwen2.5-coder-7b-r1-ngl0,qwen2.5-coder-7b,baseline,bench,,[],True,False,0,,,0,CPU_Mapped,model,4460.45,load_tensors:   CPU_Mapped model buffer size =  4460.45 MiB
baseline-qwen2.5-coder-7b-r1-ngl0,qwen2.5-coder-7b,baseline,bench,,[],True,False,0,,,1,CPU_REPACK,model,4166.82,load_tensors:   CPU_REPACK model buffer size =  4166.82 MiB
baseline-qwen2.5-coder-7b-r1-ngl0,qwen2.5-coder-7b,baseline,bench,,[],True,False,0,,,2,CPU,output,0.58,llama_context:        CPU  output buffer size =     0.58 MiB
baseline-qwen2.5-coder-7b-r1-ngl0,qwen2.5-coder-7b,baseline,bench,,[],True,False,0,,,3,CPU,KV,14.0,llama_kv_cache:        CPU KV buffer size =    14.00 MiB
baseline-qwen2.5-coder-7b-r1-ngl0,qwen2.5-coder-7b,baseline,bench,,[],True,False,0,,,4,CPU,compute,77.75,sched_reserve:        CPU compute buffer size =    77.75 MiB
baseline-qwen2.5-coder-7b-r1-ngl0,qwen2.5-coder-7b,baseline,bench,,[],True,False,0,,,5,CPU,output,0.58,llama_context:        CPU  output buffer size =     0.58 MiB
baseline-qwen2.5-coder-7b-r1-ngl0,qwen2.5-coder-7b,baseline,bench,,[],True,False,0,,,6,CPU,KV,14.0,llama_kv_cache:        CPU KV buffer size =    14.00 MiB
baseline-qwen2.5-coder-7b-r1-ngl0,qwen2.5-coder-7b,baseline,bench,,[],True,False,0,,,7,CPU,compute,19.44,sched_reserve:        CPU compute buffer size =    19.44 MiB
baseline-qwen2.5-coder-7b-r1-ngl99,qwen2.5-coder-7b,baseline,bench,,[],True,False,0,,,0,CPU,model,292.36,load_tensors:          CPU model buffer size =   292.36 MiB
baseline-qwen2.5-coder-7b-r1-ngl99,qwen2.5-coder-7b,baseline,bench,,[],True,False,0,,,1,CPU_REPACK,model,426.36,load_tensors:   CPU_REPACK model buffer size =   426.36 MiB
baseline-qwen2.5-coder-7b-r1-ngl99,qwen2.5-coder-7b,baseline,bench,,[],True,False,0,,,2,OpenCL,model,3741.83,load_tensors:       OpenCL model buffer size =  3741.83 MiB
baseline-qwen2.5-coder-7b-r1-ngl99,qwen2.5-coder-7b,baseline,bench,,[],True,False,0,,,3,CPU,output,0.58,llama_context:        CPU  output buffer size =     0.58 MiB
baseline-qwen2.5-coder-7b-r1-ngl99,qwen2.5-coder-7b,baseline,bench,,[],True,False,0,,,4,OpenCL,KV,14.0,llama_kv_cache:     OpenCL KV buffer size =    14.00 MiB
baseline-qwen2.5-coder-7b-r1-ngl99,qwen2.5-coder-7b,baseline,bench,,[],True,False,0,,,5,OpenCL,compute,33.63,sched_reserve:     OpenCL compute buffer size =    33.63 MiB
baseline-qwen2.5-coder-7b-r1-ngl99,qwen2.5-coder-7b,baseline,bench,,[],True,False,0,,,6,CPU,compute,77.75,sched_reserve:        CPU compute buffer size =    77.75 MiB
baseline-qwen2.5-coder-7b-r1-ngl99,qwen2.5-coder-7b,baseline,bench,,[],True,False,0,,,7,CPU,output,0.58,llama_context:        CPU  output buffer size =     0.58 MiB
baseline-qwen2.5-coder-7b-r1-ngl99,qwen2.5-coder-7b,baseline,bench,,[],True,False,0,,,8,OpenCL,KV,14.0,llama_kv_cache:     OpenCL KV buffer size =    14.00 MiB
baseline-qwen2.5-coder-7b-r1-ngl99,qwen2.5-coder-7b,baseline,bench,,[],True,False,0,,,9,OpenCL,compute,8.41,sched_reserve:     OpenCL compute buffer size =     8.41 MiB
baseline-qwen2.5-coder-7b-r1-ngl99,qwen2.5-coder-7b,baseline,bench,,[],True,False,0,,,10,CPU,compute,19.44,sched_reserve:        CPU compute buffer size =    19.44 MiB
baseline-qwen3-4b-instruct-r0-ngl0,qwen3-4b-instruct,baseline,bench,,[],True,False,0,,,0,CPU_Mapped,model,2362.55,load_tensors:   CPU_Mapped model buffer size =  2362.55 MiB
baseline-qwen3-4b-instruct-r0-ngl0,qwen3-4b-instruct,baseline,bench,,[],True,False,0,,,1,CPU_REPACK,model,2375.16,load_tensors:   CPU_REPACK model buffer size =  2375.16 MiB
baseline-qwen3-4b-instruct-r0-ngl0,qwen3-4b-instruct,baseline,bench,,[],True,False,0,,,2,CPU,output,0.58,llama_context:        CPU  output buffer size =     0.58 MiB
baseline-qwen3-4b-instruct-r0-ngl0,qwen3-4b-instruct,baseline,bench,,[],True,False,0,,,3,CPU,KV,36.0,llama_kv_cache:        CPU KV buffer size =    36.00 MiB
baseline-qwen3-4b-instruct-r0-ngl0,qwen3-4b-instruct,baseline,bench,,[],True,False,0,,,4,CPU,compute,76.69,sched_reserve:        CPU compute buffer size =    76.69 MiB
baseline-qwen3-4b-instruct-r0-ngl0,qwen3-4b-instruct,baseline,bench,,[],True,False,0,,,5,CPU,output,0.58,llama_context:        CPU  output buffer size =     0.58 MiB
baseline-qwen3-4b-instruct-r0-ngl0,qwen3-4b-instruct,baseline,bench,,[],True,False,0,,,6,CPU,KV,36.0,llama_kv_cache:        CPU KV buffer size =    36.00 MiB
baseline-qwen3-4b-instruct-r0-ngl0,qwen3-4b-instruct,baseline,bench,,[],True,False,0,,,7,CPU,compute,19.17,sched_reserve:        CPU compute buffer size =    19.17 MiB
baseline-qwen3-4b-instruct-r0-ngl99,qwen3-4b-instruct,baseline,bench,,[],True,False,0,,,0,CPU,model,304.28,load_tensors:          CPU model buffer size =   304.28 MiB
baseline-qwen3-4b-instruct-r0-ngl99,qwen3-4b-instruct,baseline,bench,,[],True,False,0,,,1,CPU_REPACK,model,304.28,load_tensors:   CPU_REPACK model buffer size =   304.28 MiB
baseline-qwen3-4b-instruct-r0-ngl99,qwen3-4b-instruct,baseline,bench,,[],True,False,0,,,2,OpenCL,model,2071.75,load_tensors:       OpenCL model buffer size =  2071.75 MiB
baseline-qwen3-4b-instruct-r0-ngl99,qwen3-4b-instruct,baseline,bench,,[],True,False,0,,,3,CPU,output,0.58,llama_context:        CPU  output buffer size =     0.58 MiB
baseline-qwen3-4b-instruct-r0-ngl99,qwen3-4b-instruct,baseline,bench,,[],True,False,0,,,4,OpenCL,KV,36.0,llama_kv_cache:     OpenCL KV buffer size =    36.00 MiB
baseline-qwen3-4b-instruct-r0-ngl99,qwen3-4b-instruct,baseline,bench,,[],True,False,0,,,5,OpenCL,compute,19.13,sched_reserve:     OpenCL compute buffer size =    19.13 MiB
baseline-qwen3-4b-instruct-r0-ngl99,qwen3-4b-instruct,baseline,bench,,[],True,False,0,,,6,CPU,compute,76.69,sched_reserve:        CPU compute buffer size =    76.69 MiB
baseline-qwen3-4b-instruct-r0-ngl99,qwen3-4b-instruct,baseline,bench,,[],True,False,0,,,7,CPU,output,0.58,llama_context:        CPU  output buffer size =     0.58 MiB
baseline-qwen3-4b-instruct-r0-ngl99,qwen3-4b-instruct,baseline,bench,,[],True,False,0,,,8,OpenCL,KV,36.0,llama_kv_cache:     OpenCL KV buffer size =    36.00 MiB
baseline-qwen3-4b-instruct-r0-ngl99,qwen3-4b-instruct,baseline,bench,,[],True,False,0,,,9,OpenCL,compute,4.78,sched_reserve:     OpenCL compute buffer size =     4.78 MiB
baseline-qwen3-4b-instruct-r0-ngl99,qwen3-4b-instruct,baseline,bench,,[],True,False,0,,,10,CPU,compute,19.17,sched_reserve:        CPU compute buffer size =    19.17 MiB
baseline-qwen3-4b-instruct-r1-ngl0,qwen3-4b-instruct,baseline,bench,,[],True,False,0,,,0,CPU_Mapped,model,2362.55,load_tensors:   CPU_Mapped model buffer size =  2362.55 MiB
baseline-qwen3-4b-instruct-r1-ngl0,qwen3-4b-instruct,baseline,bench,,[],True,False,0,,,1,CPU_REPACK,model,2375.16,load_tensors:   CPU_REPACK model buffer size =  2375.16 MiB
baseline-qwen3-4b-instruct-r1-ngl0,qwen3-4b-instruct,baseline,bench,,[],True,False,0,,,2,CPU,output,0.58,llama_context:        CPU  output buffer size =     0.58 MiB
baseline-qwen3-4b-instruct-r1-ngl0,qwen3-4b-instruct,baseline,bench,,[],True,False,0,,,3,CPU,KV,36.0,llama_kv_cache:        CPU KV buffer size =    36.00 MiB
baseline-qwen3-4b-instruct-r1-ngl0,qwen3-4b-instruct,baseline,bench,,[],True,False,0,,,4,CPU,compute,76.69,sched_reserve:        CPU compute buffer size =    76.69 MiB
baseline-qwen3-4b-instruct-r1-ngl0,qwen3-4b-instruct,baseline,bench,,[],True,False,0,,,5,CPU,output,0.58,llama_context:        CPU  output buffer size =     0.58 MiB
baseline-qwen3-4b-instruct-r1-ngl0,qwen3-4b-instruct,baseline,bench,,[],True,False,0,,,6,CPU,KV,36.0,llama_kv_cache:        CPU KV buffer size =    36.00 MiB
baseline-qwen3-4b-instruct-r1-ngl0,qwen3-4b-instruct,baseline,bench,,[],True,False,0,,,7,CPU,compute,19.17,sched_reserve:        CPU compute buffer size =    19.17 MiB
baseline-qwen3-4b-instruct-r1-ngl99,qwen3-4b-instruct,baseline,bench,,[],True,False,0,,,0,CPU,model,304.28,load_tensors:          CPU model buffer size =   304.28 MiB
baseline-qwen3-4b-instruct-r1-ngl99,qwen3-4b-instruct,baseline,bench,,[],True,False,0,,,1,CPU_REPACK,model,304.28,load_tensors:   CPU_REPACK model buffer size =   304.28 MiB
baseline-qwen3-4b-instruct-r1-ngl99,qwen3-4b-instruct,baseline,bench,,[],True,False,0,,,2,OpenCL,model,2071.75,load_tensors:       OpenCL model buffer size =  2071.75 MiB
baseline-qwen3-4b-instruct-r1-ngl99,qwen3-4b-instruct,baseline,bench,,[],True,False,0,,,3,CPU,output,0.58,llama_context:        CPU  output buffer size =     0.58 MiB
baseline-qwen3-4b-instruct-r1-ngl99,qwen3-4b-instruct,baseline,bench,,[],True,False,0,,,4,OpenCL,KV,36.0,llama_kv_cache:     OpenCL KV buffer size =    36.00 MiB
baseline-qwen3-4b-instruct-r1-ngl99,qwen3-4b-instruct,baseline,bench,,[],True,False,0,,,5,OpenCL,compute,19.13,sched_reserve:     OpenCL compute buffer size =    19.13 MiB
baseline-qwen3-4b-instruct-r1-ngl99,qwen3-4b-instruct,baseline,bench,,[],True,False,0,,,6,CPU,compute,76.69,sched_reserve:        CPU compute buffer size =    76.69 MiB
baseline-qwen3-4b-instruct-r1-ngl99,qwen3-4b-instruct,baseline,bench,,[],True,False,0,,,7,CPU,output,0.58,llama_context:        CPU  output buffer size =     0.58 MiB
baseline-qwen3-4b-instruct-r1-ngl99,qwen3-4b-instruct,baseline,bench,,[],True,False,0,,,8,OpenCL,KV,36.0,llama_kv_cache:     OpenCL KV buffer size =    36.00 MiB
baseline-qwen3-4b-instruct-r1-ngl99,qwen3-4b-instruct,baseline,bench,,[],True,False,0,,,9,OpenCL,compute,4.78,sched_reserve:     OpenCL compute buffer size =     4.78 MiB
baseline-qwen3-4b-instruct-r1-ngl99,qwen3-4b-instruct,baseline,bench,,[],True,False,0,,,10,CPU,compute,19.17,sched_reserve:        CPU compute buffer size =    19.17 MiB
baseline-qwen3.5-4b-instruct-r0-ngl0,qwen3.5-4b-instruct,baseline,bench,,[],True,False,0,,,0,CPU_Mapped,model,2603.5,load_tensors:   CPU_Mapped model buffer size =  2603.50 MiB
baseline-qwen3.5-4b-instruct-r0-ngl0,qwen3.5-4b-instruct,baseline,bench,,[],True,False,0,,,1,CPU_REPACK,model,2599.83,load_tensors:   CPU_REPACK model buffer size =  2599.83 MiB
baseline-qwen3.5-4b-instruct-r0-ngl0,qwen3.5-4b-instruct,baseline,bench,,[],True,False,0,,,2,CPU,output,0.95,llama_context:        CPU  output buffer size =     0.95 MiB
baseline-qwen3.5-4b-instruct-r0-ngl0,qwen3.5-4b-instruct,baseline,bench,,[],True,False,0,,,3,CPU,KV,8.0,llama_kv_cache:        CPU KV buffer size =     8.00 MiB
baseline-qwen3.5-4b-instruct-r0-ngl0,qwen3.5-4b-instruct,baseline,bench,,[],True,False,0,,,4,CPU,RS,50.25,llama_memory_recurrent:        CPU RS buffer size =    50.25 MiB
baseline-qwen3.5-4b-instruct-r0-ngl0,qwen3.5-4b-instruct,baseline,bench,,[],True,False,0,,,5,CPU,compute,126.13,sched_reserve:        CPU compute buffer size =   126.13 MiB
baseline-qwen3.5-4b-instruct-r0-ngl0,qwen3.5-4b-instruct,baseline,bench,,[],True,False,0,,,6,CPU,output,0.95,llama_context:        CPU  output buffer size =     0.95 MiB
baseline-qwen3.5-4b-instruct-r0-ngl0,qwen3.5-4b-instruct,baseline,bench,,[],True,False,0,,,7,CPU,KV,8.0,llama_kv_cache:        CPU KV buffer size =     8.00 MiB
baseline-qwen3.5-4b-instruct-r0-ngl0,qwen3.5-4b-instruct,baseline,bench,,[],True,False,0,,,8,CPU,RS,50.25,llama_memory_recurrent:        CPU RS buffer size =    50.25 MiB
baseline-qwen3.5-4b-instruct-r0-ngl0,qwen3.5-4b-instruct,baseline,bench,,[],True,False,0,,,9,CPU,compute,31.53,sched_reserve:        CPU compute buffer size =    31.53 MiB
baseline-qwen3.5-4b-instruct-r0-ngl99,qwen3.5-4b-instruct,baseline,bench,,[],True,False,0,,,0,CPU,model,497.31,load_tensors:          CPU model buffer size =   497.31 MiB
baseline-qwen3.5-4b-instruct-r0-ngl99,qwen3.5-4b-instruct,baseline,bench,,[],True,False,0,,,1,CPU_REPACK,model,497.31,load_tensors:   CPU_REPACK model buffer size =   497.31 MiB
baseline-qwen3.5-4b-instruct-r0-ngl99,qwen3.5-4b-instruct,baseline,bench,,[],True,False,0,,,2,OpenCL,model,2106.31,load_tensors:       OpenCL model buffer size =  2106.31 MiB
baseline-qwen3.5-4b-instruct-r0-ngl99,qwen3.5-4b-instruct,baseline,bench,,[],True,False,0,,,3,CPU,output,0.95,llama_context:        CPU  output buffer size =     0.95 MiB
baseline-qwen3.5-4b-instruct-r0-ngl99,qwen3.5-4b-instruct,baseline,bench,,[],True,False,0,,,4,OpenCL,KV,8.0,llama_kv_cache:     OpenCL KV buffer size =     8.00 MiB
baseline-qwen3.5-4b-instruct-r0-ngl99,qwen3.5-4b-instruct,baseline,bench,,[],True,False,0,,,5,OpenCL,RS,50.25,llama_memory_recurrent:     OpenCL RS buffer size =    50.25 MiB
baseline-qwen3.5-4b-instruct-r0-ngl99,qwen3.5-4b-instruct,baseline,bench,,[],True,False,0,,,6,OpenCL,compute,17.13,sched_reserve:     OpenCL compute buffer size =    17.13 MiB
baseline-qwen3.5-4b-instruct-r0-ngl99,qwen3.5-4b-instruct,baseline,bench,,[],True,False,0,,,7,CPU,compute,123.75,sched_reserve:        CPU compute buffer size =   123.75 MiB
baseline-qwen3.5-4b-instruct-r0-ngl99,qwen3.5-4b-instruct,baseline,bench,,[],True,False,0,,,8,CPU,output,0.95,llama_context:        CPU  output buffer size =     0.95 MiB
baseline-qwen3.5-4b-instruct-r0-ngl99,qwen3.5-4b-instruct,baseline,bench,,[],True,False,0,,,9,OpenCL,KV,8.0,llama_kv_cache:     OpenCL KV buffer size =     8.00 MiB
baseline-qwen3.5-4b-instruct-r0-ngl99,qwen3.5-4b-instruct,baseline,bench,,[],True,False,0,,,10,OpenCL,RS,50.25,llama_memory_recurrent:     OpenCL RS buffer size =    50.25 MiB
baseline-qwen3.5-4b-instruct-r0-ngl99,qwen3.5-4b-instruct,baseline,bench,,[],True,False,0,,,11,OpenCL,compute,7.59,sched_reserve:     OpenCL compute buffer size =     7.59 MiB
baseline-qwen3.5-4b-instruct-r0-ngl99,qwen3.5-4b-instruct,baseline,bench,,[],True,False,0,,,12,CPU,compute,30.94,sched_reserve:        CPU compute buffer size =    30.94 MiB
baseline-qwen3.5-4b-instruct-r1-ngl0,qwen3.5-4b-instruct,baseline,bench,,[],True,False,0,,,0,CPU_Mapped,model,2603.5,load_tensors:   CPU_Mapped model buffer size =  2603.50 MiB
baseline-qwen3.5-4b-instruct-r1-ngl0,qwen3.5-4b-instruct,baseline,bench,,[],True,False,0,,,1,CPU_REPACK,model,2599.83,load_tensors:   CPU_REPACK model buffer size =  2599.83 MiB
baseline-qwen3.5-4b-instruct-r1-ngl0,qwen3.5-4b-instruct,baseline,bench,,[],True,False,0,,,2,CPU,output,0.95,llama_context:        CPU  output buffer size =     0.95 MiB
baseline-qwen3.5-4b-instruct-r1-ngl0,qwen3.5-4b-instruct,baseline,bench,,[],True,False,0,,,3,CPU,KV,8.0,llama_kv_cache:        CPU KV buffer size =     8.00 MiB
baseline-qwen3.5-4b-instruct-r1-ngl0,qwen3.5-4b-instruct,baseline,bench,,[],True,False,0,,,4,CPU,RS,50.25,llama_memory_recurrent:        CPU RS buffer size =    50.25 MiB
baseline-qwen3.5-4b-instruct-r1-ngl0,qwen3.5-4b-instruct,baseline,bench,,[],True,False,0,,,5,CPU,compute,126.13,sched_reserve:        CPU compute buffer size =   126.13 MiB
baseline-qwen3.5-4b-instruct-r1-ngl0,qwen3.5-4b-instruct,baseline,bench,,[],True,False,0,,,6,CPU,output,0.95,llama_context:        CPU  output buffer size =     0.95 MiB
baseline-qwen3.5-4b-instruct-r1-ngl0,qwen3.5-4b-instruct,baseline,bench,,[],True,False,0,,,7,CPU,KV,8.0,llama_kv_cache:        CPU KV buffer size =     8.00 MiB
baseline-qwen3.5-4b-instruct-r1-ngl0,qwen3.5-4b-instruct,baseline,bench,,[],True,False,0,,,8,CPU,RS,50.25,llama_memory_recurrent:        CPU RS buffer size =    50.25 MiB
baseline-qwen3.5-4b-instruct-r1-ngl0,qwen3.5-4b-instruct,baseline,bench,,[],True,False,0,,,9,CPU,compute,31.53,sched_reserve:        CPU compute buffer size =    31.53 MiB
baseline-qwen3.5-4b-instruct-r1-ngl99,qwen3.5-4b-instruct,baseline,bench,,[],True,False,0,,,0,CPU,model,497.31,load_tensors:          CPU model buffer size =   497.31 MiB
baseline-qwen3.5-4b-instruct-r1-ngl99,qwen3.5-4b-instruct,baseline,bench,,[],True,False,0,,,1,CPU_REPACK,model,497.31,load_tensors:   CPU_REPACK model buffer size =   497.31 MiB
baseline-qwen3.5-4b-instruct-r1-ngl99,qwen3.5-4b-instruct,baseline,bench,,[],True,False,0,,,2,OpenCL,model,2106.31,load_tensors:       OpenCL model buffer size =  2106.31 MiB
baseline-qwen3.5-4b-instruct-r1-ngl99,qwen3.5-4b-instruct,baseline,bench,,[],True,False,0,,,3,CPU,output,0.95,llama_context:        CPU  output buffer size =     0.95 MiB
baseline-qwen3.5-4b-instruct-r1-ngl99,qwen3.5-4b-instruct,baseline,bench,,[],True,False,0,,,4,OpenCL,KV,8.0,llama_kv_cache:     OpenCL KV buffer size =     8.00 MiB
baseline-qwen3.5-4b-instruct-r1-ngl99,qwen3.5-4b-instruct,baseline,bench,,[],True,False,0,,,5,OpenCL,RS,50.25,llama_memory_recurrent:     OpenCL RS buffer size =    50.25 MiB
baseline-qwen3.5-4b-instruct-r1-ngl99,qwen3.5-4b-instruct,baseline,bench,,[],True,False,0,,,6,OpenCL,compute,17.13,sched_reserve:     OpenCL compute buffer size =    17.13 MiB
baseline-qwen3.5-4b-instruct-r1-ngl99,qwen3.5-4b-instruct,baseline,bench,,[],True,False,0,,,7,CPU,compute,123.75,sched_reserve:        CPU compute buffer size =   123.75 MiB
baseline-qwen3.5-4b-instruct-r1-ngl99,qwen3.5-4b-instruct,baseline,bench,,[],True,False,0,,,8,CPU,output,0.95,llama_context:        CPU  output buffer size =     0.95 MiB
baseline-qwen3.5-4b-instruct-r1-ngl99,qwen3.5-4b-instruct,baseline,bench,,[],True,False,0,,,9,OpenCL,KV,8.0,llama_kv_cache:     OpenCL KV buffer size =     8.00 MiB
baseline-qwen3.5-4b-instruct-r1-ngl99,qwen3.5-4b-instruct,baseline,bench,,[],True,False,0,,,10,OpenCL,RS,50.25,llama_memory_recurrent:     OpenCL RS buffer size =    50.25 MiB
baseline-qwen3.5-4b-instruct-r1-ngl99,qwen3.5-4b-instruct,baseline,bench,,[],True,False,0,,,11,OpenCL,compute,7.59,sched_reserve:     OpenCL compute buffer size =     7.59 MiB
baseline-qwen3.5-4b-instruct-r1-ngl99,qwen3.5-4b-instruct,baseline,bench,,[],True,False,0,,,12,CPU,compute,30.94,sched_reserve:        CPU compute buffer size =    30.94 MiB
batch-qwen2.5-coder-1.5b-b1024-ub1024-ngl0-r0,qwen2.5-coder-1.5b,batches,bench,unplugged-04,[],True,False,0,,,0,CPU_Mapped,model,877.31,load_tensors:   CPU_Mapped model buffer size =   877.31 MiB
batch-qwen2.5-coder-1.5b-b1024-ub1024-ngl0-r0,qwen2.5-coder-1.5b,batches,bench,unplugged-04,[],True,False,0,,,1,CPU_REPACK,model,934.14,load_tensors:   CPU_REPACK model buffer size =   934.14 MiB
batch-qwen2.5-coder-1.5b-b1024-ub1024-ngl0-r0,qwen2.5-coder-1.5b,batches,bench,unplugged-04,[],True,False,0,,,2,CPU,output,0.58,llama_context:        CPU  output buffer size =     0.58 MiB
batch-qwen2.5-coder-1.5b-b1024-ub1024-ngl0-r0,qwen2.5-coder-1.5b,batches,bench,unplugged-04,[],True,False,0,,,3,CPU,KV,28.0,llama_kv_cache:        CPU KV buffer size =    28.00 MiB
batch-qwen2.5-coder-1.5b-b1024-ub1024-ngl0-r0,qwen2.5-coder-1.5b,batches,bench,unplugged-04,[],True,False,0,,,4,CPU,compute,605.5,sched_reserve:        CPU compute buffer size =   605.50 MiB
batch-qwen2.5-coder-1.5b-b1024-ub1024-ngl99-r0,qwen2.5-coder-1.5b,batches,bench,unplugged-04,[],True,False,0,,,0,CPU,model,125.19,load_tensors:          CPU model buffer size =   125.19 MiB
batch-qwen2.5-coder-1.5b-b1024-ub1024-ngl99-r0,qwen2.5-coder-1.5b,batches,bench,unplugged-04,[],True,False,0,,,1,CPU_REPACK,model,195.74,load_tensors:   CPU_REPACK model buffer size =   195.74 MiB
batch-qwen2.5-coder-1.5b-b1024-ub1024-ngl99-r0,qwen2.5-coder-1.5b,batches,bench,unplugged-04,[],True,False,0,,,2,OpenCL,model,739.03,load_tensors:       OpenCL model buffer size =   739.03 MiB
batch-qwen2.5-coder-1.5b-b1024-ub1024-ngl99-r0,qwen2.5-coder-1.5b,batches,bench,unplugged-04,[],True,False,0,,,3,CPU,output,0.58,llama_context:        CPU  output buffer size =     0.58 MiB
batch-qwen2.5-coder-1.5b-b1024-ub1024-ngl99-r0,qwen2.5-coder-1.5b,batches,bench,unplugged-04,[],True,False,0,,,4,OpenCL,KV,28.0,llama_kv_cache:     OpenCL KV buffer size =    28.00 MiB
batch-qwen2.5-coder-1.5b-b1024-ub1024-ngl99-r0,qwen2.5-coder-1.5b,batches,bench,unplugged-04,[],True,False,0,,,5,OpenCL,compute,125.02,sched_reserve:     OpenCL compute buffer size =   125.02 MiB
batch-qwen2.5-coder-1.5b-b1024-ub1024-ngl99-r0,qwen2.5-coder-1.5b,batches,bench,unplugged-04,[],True,False,0,,,6,CPU,compute,605.5,sched_reserve:        CPU compute buffer size =   605.50 MiB
batch-qwen2.5-coder-1.5b-b128-ub128-ngl0-r0,qwen2.5-coder-1.5b,batches,bench,charging-03,[],True,False,0,,,0,CPU_Mapped,model,877.31,load_tensors:   CPU_Mapped model buffer size =   877.31 MiB
batch-qwen2.5-coder-1.5b-b128-ub128-ngl0-r0,qwen2.5-coder-1.5b,batches,bench,charging-03,[],True,False,0,,,1,CPU_REPACK,model,934.14,load_tensors:   CPU_REPACK model buffer size =   934.14 MiB
batch-qwen2.5-coder-1.5b-b128-ub128-ngl0-r0,qwen2.5-coder-1.5b,batches,bench,charging-03,[],True,False,0,,,2,CPU,output,0.58,llama_context:        CPU  output buffer size =     0.58 MiB
batch-qwen2.5-coder-1.5b-b128-ub128-ngl0-r0,qwen2.5-coder-1.5b,batches,bench,charging-03,[],True,False,0,,,3,CPU,KV,28.0,llama_kv_cache:        CPU KV buffer size =    28.00 MiB
batch-qwen2.5-coder-1.5b-b128-ub128-ngl0-r0,qwen2.5-coder-1.5b,batches,bench,charging-03,[],True,False,0,,,4,CPU,compute,75.69,sched_reserve:        CPU compute buffer size =    75.69 MiB
batch-qwen2.5-coder-1.5b-b128-ub128-ngl99-r0,qwen2.5-coder-1.5b,batches,bench,charging-03,[],True,False,0,,,0,CPU,model,125.19,load_tensors:          CPU model buffer size =   125.19 MiB
batch-qwen2.5-coder-1.5b-b128-ub128-ngl99-r0,qwen2.5-coder-1.5b,batches,bench,charging-03,[],True,False,0,,,1,CPU_REPACK,model,195.74,load_tensors:   CPU_REPACK model buffer size =   195.74 MiB
batch-qwen2.5-coder-1.5b-b128-ub128-ngl99-r0,qwen2.5-coder-1.5b,batches,bench,charging-03,[],True,False,0,,,2,OpenCL,model,739.03,load_tensors:       OpenCL model buffer size =   739.03 MiB
batch-qwen2.5-coder-1.5b-b128-ub128-ngl99-r0,qwen2.5-coder-1.5b,batches,bench,charging-03,[],True,False,0,,,3,CPU,output,0.58,llama_context:        CPU  output buffer size =     0.58 MiB
batch-qwen2.5-coder-1.5b-b128-ub128-ngl99-r0,qwen2.5-coder-1.5b,batches,bench,charging-03,[],True,False,0,,,4,OpenCL,KV,28.0,llama_kv_cache:     OpenCL KV buffer size =    28.00 MiB
batch-qwen2.5-coder-1.5b-b128-ub128-ngl99-r0,qwen2.5-coder-1.5b,batches,bench,charging-03,[],True,False,0,,,5,OpenCL,compute,15.63,sched_reserve:     OpenCL compute buffer size =    15.63 MiB
batch-qwen2.5-coder-1.5b-b128-ub128-ngl99-r0,qwen2.5-coder-1.5b,batches,bench,charging-03,[],True,False,0,,,6,CPU,compute,75.69,sched_reserve:        CPU compute buffer size =    75.69 MiB
batch-qwen2.5-coder-1.5b-b256-ub128-ngl0-r0,qwen2.5-coder-1.5b,batches,bench,charging-03,[],True,False,0,,,0,CPU_Mapped,model,877.31,load_tensors:   CPU_Mapped model buffer size =   877.31 MiB
batch-qwen2.5-coder-1.5b-b256-ub128-ngl0-r0,qwen2.5-coder-1.5b,batches,bench,charging-03,[],True,False,0,,,1,CPU_REPACK,model,934.14,load_tensors:   CPU_REPACK model buffer size =   934.14 MiB
batch-qwen2.5-coder-1.5b-b256-ub128-ngl0-r0,qwen2.5-coder-1.5b,batches,bench,charging-03,[],True,False,0,,,2,CPU,output,0.58,llama_context:        CPU  output buffer size =     0.58 MiB
batch-qwen2.5-coder-1.5b-b256-ub128-ngl0-r0,qwen2.5-coder-1.5b,batches,bench,charging-03,[],True,False,0,,,3,CPU,KV,28.0,llama_kv_cache:        CPU KV buffer size =    28.00 MiB
batch-qwen2.5-coder-1.5b-b256-ub128-ngl0-r0,qwen2.5-coder-1.5b,batches,bench,charging-03,[],True,False,0,,,4,CPU,compute,75.69,sched_reserve:        CPU compute buffer size =    75.69 MiB
batch-qwen2.5-coder-1.5b-b256-ub128-ngl99-r0,qwen2.5-coder-1.5b,batches,bench,charging-03,[],True,False,0,,,0,CPU,model,125.19,load_tensors:          CPU model buffer size =   125.19 MiB
batch-qwen2.5-coder-1.5b-b256-ub128-ngl99-r0,qwen2.5-coder-1.5b,batches,bench,charging-03,[],True,False,0,,,1,CPU_REPACK,model,195.74,load_tensors:   CPU_REPACK model buffer size =   195.74 MiB
batch-qwen2.5-coder-1.5b-b256-ub128-ngl99-r0,qwen2.5-coder-1.5b,batches,bench,charging-03,[],True,False,0,,,2,OpenCL,model,739.03,load_tensors:       OpenCL model buffer size =   739.03 MiB
batch-qwen2.5-coder-1.5b-b256-ub128-ngl99-r0,qwen2.5-coder-1.5b,batches,bench,charging-03,[],True,False,0,,,3,CPU,output,0.58,llama_context:        CPU  output buffer size =     0.58 MiB
batch-qwen2.5-coder-1.5b-b256-ub128-ngl99-r0,qwen2.5-coder-1.5b,batches,bench,charging-03,[],True,False,0,,,4,OpenCL,KV,28.0,llama_kv_cache:     OpenCL KV buffer size =    28.00 MiB
batch-qwen2.5-coder-1.5b-b256-ub128-ngl99-r0,qwen2.5-coder-1.5b,batches,bench,charging-03,[],True,False,0,,,5,OpenCL,compute,15.63,sched_reserve:     OpenCL compute buffer size =    15.63 MiB
batch-qwen2.5-coder-1.5b-b256-ub128-ngl99-r0,qwen2.5-coder-1.5b,batches,bench,charging-03,[],True,False,0,,,6,CPU,compute,75.69,sched_reserve:        CPU compute buffer size =    75.69 MiB
batch-qwen2.5-coder-1.5b-b256-ub256-ngl0-r0,qwen2.5-coder-1.5b,batches,bench,charging-03,"[""Run failed, was aborted, or did not parse"",""Power transition observed or possible within measurement interval""]",False,False,-15,Power condition changed during measurement; exclude from matched comparisons,,0,CPU_Mapped,model,877.31,load_tensors:   CPU_Mapped model buffer size =   877.31 MiB
batch-qwen2.5-coder-1.5b-b256-ub256-ngl0-r0,qwen2.5-coder-1.5b,batches,bench,charging-03,"[""Run failed, was aborted, or did not parse"",""Power transition observed or possible within measurement interval""]",False,False,-15,Power condition changed during measurement; exclude from matched comparisons,,1,CPU_REPACK,model,934.14,load_tensors:   CPU_REPACK model buffer size =   934.14 MiB
batch-qwen2.5-coder-1.5b-b256-ub256-ngl0-r0,qwen2.5-coder-1.5b,batches,bench,charging-03,"[""Run failed, was aborted, or did not parse"",""Power transition observed or possible within measurement interval""]",False,False,-15,Power condition changed during measurement; exclude from matched comparisons,,2,CPU,output,0.58,llama_context:        CPU  output buffer size =     0.58 MiB
batch-qwen2.5-coder-1.5b-b256-ub256-ngl0-r0,qwen2.5-coder-1.5b,batches,bench,charging-03,"[""Run failed, was aborted, or did not parse"",""Power transition observed or possible within measurement interval""]",False,False,-15,Power condition changed during measurement; exclude from matched comparisons,,3,CPU,KV,28.0,llama_kv_cache:        CPU KV buffer size =    28.00 MiB
batch-qwen2.5-coder-1.5b-b256-ub256-ngl0-r0,qwen2.5-coder-1.5b,batches,bench,charging-03,"[""Run failed, was aborted, or did not parse"",""Power transition observed or possible within measurement interval""]",False,False,-15,Power condition changed during measurement; exclude from matched comparisons,,4,CPU,compute,151.38,sched_reserve:        CPU compute buffer size =   151.38 MiB
batch-qwen2.5-coder-1.5b-b256-ub256-ngl99-r0,qwen2.5-coder-1.5b,batches,bench,unplugged-04,[],True,False,0,,,0,CPU,model,125.19,load_tensors:          CPU model buffer size =   125.19 MiB
batch-qwen2.5-coder-1.5b-b256-ub256-ngl99-r0,qwen2.5-coder-1.5b,batches,bench,unplugged-04,[],True,False,0,,,1,CPU_REPACK,model,195.74,load_tensors:   CPU_REPACK model buffer size =   195.74 MiB
batch-qwen2.5-coder-1.5b-b256-ub256-ngl99-r0,qwen2.5-coder-1.5b,batches,bench,unplugged-04,[],True,False,0,,,2,OpenCL,model,739.03,load_tensors:       OpenCL model buffer size =   739.03 MiB
batch-qwen2.5-coder-1.5b-b256-ub256-ngl99-r0,qwen2.5-coder-1.5b,batches,bench,unplugged-04,[],True,False,0,,,3,CPU,output,0.58,llama_context:        CPU  output buffer size =     0.58 MiB
batch-qwen2.5-coder-1.5b-b256-ub256-ngl99-r0,qwen2.5-coder-1.5b,batches,bench,unplugged-04,[],True,False,0,,,4,OpenCL,KV,28.0,llama_kv_cache:     OpenCL KV buffer size =    28.00 MiB
batch-qwen2.5-coder-1.5b-b256-ub256-ngl99-r0,qwen2.5-coder-1.5b,batches,bench,unplugged-04,[],True,False,0,,,5,OpenCL,compute,31.25,sched_reserve:     OpenCL compute buffer size =    31.25 MiB
batch-qwen2.5-coder-1.5b-b256-ub256-ngl99-r0,qwen2.5-coder-1.5b,batches,bench,unplugged-04,[],True,False,0,,,6,CPU,compute,151.38,sched_reserve:        CPU compute buffer size =   151.38 MiB
batch-qwen2.5-coder-1.5b-b512-ub512-ngl0-r0,qwen2.5-coder-1.5b,batches,bench,unplugged-04,[],True,False,0,,,0,CPU_Mapped,model,877.31,load_tensors:   CPU_Mapped model buffer size =   877.31 MiB
batch-qwen2.5-coder-1.5b-b512-ub512-ngl0-r0,qwen2.5-coder-1.5b,batches,bench,unplugged-04,[],True,False,0,,,1,CPU_REPACK,model,934.14,load_tensors:   CPU_REPACK model buffer size =   934.14 MiB
batch-qwen2.5-coder-1.5b-b512-ub512-ngl0-r0,qwen2.5-coder-1.5b,batches,bench,unplugged-04,[],True,False,0,,,2,CPU,output,0.58,llama_context:        CPU  output buffer size =     0.58 MiB
batch-qwen2.5-coder-1.5b-b512-ub512-ngl0-r0,qwen2.5-coder-1.5b,batches,bench,unplugged-04,[],True,False,0,,,3,CPU,KV,28.0,llama_kv_cache:        CPU KV buffer size =    28.00 MiB
batch-qwen2.5-coder-1.5b-b512-ub512-ngl0-r0,qwen2.5-coder-1.5b,batches,bench,unplugged-04,[],True,False,0,,,4,CPU,compute,302.75,sched_reserve:        CPU compute buffer size =   302.75 MiB
batch-qwen2.5-coder-1.5b-b512-ub512-ngl99-r0,qwen2.5-coder-1.5b,batches,bench,unplugged-04,[],True,False,0,,,0,CPU,model,125.19,load_tensors:          CPU model buffer size =   125.19 MiB
batch-qwen2.5-coder-1.5b-b512-ub512-ngl99-r0,qwen2.5-coder-1.5b,batches,bench,unplugged-04,[],True,False,0,,,1,CPU_REPACK,model,195.74,load_tensors:   CPU_REPACK model buffer size =   195.74 MiB
batch-qwen2.5-coder-1.5b-b512-ub512-ngl99-r0,qwen2.5-coder-1.5b,batches,bench,unplugged-04,[],True,False,0,,,2,OpenCL,model,739.03,load_tensors:       OpenCL model buffer size =   739.03 MiB
batch-qwen2.5-coder-1.5b-b512-ub512-ngl99-r0,qwen2.5-coder-1.5b,batches,bench,unplugged-04,[],True,False,0,,,3,CPU,output,0.58,llama_context:        CPU  output buffer size =     0.58 MiB
batch-qwen2.5-coder-1.5b-b512-ub512-ngl99-r0,qwen2.5-coder-1.5b,batches,bench,unplugged-04,[],True,False,0,,,4,OpenCL,KV,28.0,llama_kv_cache:     OpenCL KV buffer size =    28.00 MiB
batch-qwen2.5-coder-1.5b-b512-ub512-ngl99-r0,qwen2.5-coder-1.5b,batches,bench,unplugged-04,[],True,False,0,,,5,OpenCL,compute,62.51,sched_reserve:     OpenCL compute buffer size =    62.51 MiB
batch-qwen2.5-coder-1.5b-b512-ub512-ngl99-r0,qwen2.5-coder-1.5b,batches,bench,unplugged-04,[],True,False,0,,,6,CPU,compute,302.75,sched_reserve:        CPU compute buffer size =   302.75 MiB
batch-qwen2.5-coder-7b-b128-ub128-ngl0-r0,qwen2.5-coder-7b,batches,bench,unplugged-04,"[""CPU availability or Android cgroup changed during measurement"",""Benchmark process Android cgroup changed during measurement"",""Run failed, was aborted, or did not parse""]",False,False,-15,Android removed required CPU cores during measurement; invalid controlled comparison,,0,CPU_Mapped,model,4460.45,load_tensors:   CPU_Mapped model buffer size =  4460.45 MiB
batch-qwen2.5-coder-7b-b128-ub128-ngl0-r0,qwen2.5-coder-7b,batches,bench,unplugged-04,"[""CPU availability or Android cgroup changed during measurement"",""Benchmark process Android cgroup changed during measurement"",""Run failed, was aborted, or did not parse""]",False,False,-15,Android removed required CPU cores during measurement; invalid controlled comparison,,1,CPU_REPACK,model,4166.82,load_tensors:   CPU_REPACK model buffer size =  4166.82 MiB
batch-qwen2.5-coder-7b-b128-ub128-ngl0-r0,qwen2.5-coder-7b,batches,bench,unplugged-04,"[""CPU availability or Android cgroup changed during measurement"",""Benchmark process Android cgroup changed during measurement"",""Run failed, was aborted, or did not parse""]",False,False,-15,Android removed required CPU cores during measurement; invalid controlled comparison,,2,CPU,output,0.58,llama_context:        CPU  output buffer size =     0.58 MiB
batch-qwen2.5-coder-7b-b128-ub128-ngl0-r0,qwen2.5-coder-7b,batches,bench,unplugged-04,"[""CPU availability or Android cgroup changed during measurement"",""Benchmark process Android cgroup changed during measurement"",""Run failed, was aborted, or did not parse""]",False,False,-15,Android removed required CPU cores during measurement; invalid controlled comparison,,3,CPU,KV,56.0,llama_kv_cache:        CPU KV buffer size =    56.00 MiB
batch-qwen2.5-coder-7b-b128-ub128-ngl0-r0,qwen2.5-coder-7b,batches,bench,unplugged-04,"[""CPU availability or Android cgroup changed during measurement"",""Benchmark process Android cgroup changed during measurement"",""Run failed, was aborted, or did not parse""]",False,False,-15,Android removed required CPU cores during measurement; invalid controlled comparison,,4,CPU,compute,77.75,sched_reserve:        CPU compute buffer size =    77.75 MiB
batch-qwen2.5-coder-7b-b128-ub128-ngl99-r0,qwen2.5-coder-7b,batches,bench,unplugged-04,[],True,False,0,,,0,CPU,model,292.36,load_tensors:          CPU model buffer size =   292.36 MiB
batch-qwen2.5-coder-7b-b128-ub128-ngl99-r0,qwen2.5-coder-7b,batches,bench,unplugged-04,[],True,False,0,,,1,CPU_REPACK,model,426.36,load_tensors:   CPU_REPACK model buffer size =   426.36 MiB
batch-qwen2.5-coder-7b-b128-ub128-ngl99-r0,qwen2.5-coder-7b,batches,bench,unplugged-04,[],True,False,0,,,2,OpenCL,model,3741.83,load_tensors:       OpenCL model buffer size =  3741.83 MiB
batch-qwen2.5-coder-7b-b128-ub128-ngl99-r0,qwen2.5-coder-7b,batches,bench,unplugged-04,[],True,False,0,,,3,CPU,output,0.58,llama_context:        CPU  output buffer size =     0.58 MiB
batch-qwen2.5-coder-7b-b128-ub128-ngl99-r0,qwen2.5-coder-7b,batches,bench,unplugged-04,[],True,False,0,,,4,OpenCL,KV,56.0,llama_kv_cache:     OpenCL KV buffer size =    56.00 MiB
batch-qwen2.5-coder-7b-b128-ub128-ngl99-r0,qwen2.5-coder-7b,batches,bench,unplugged-04,[],True,False,0,,,5,OpenCL,compute,34.0,sched_reserve:     OpenCL compute buffer size =    34.00 MiB
batch-qwen2.5-coder-7b-b128-ub128-ngl99-r0,qwen2.5-coder-7b,batches,bench,unplugged-04,[],True,False,0,,,6,CPU,compute,77.75,sched_reserve:        CPU compute buffer size =    77.75 MiB
batch-qwen2.5-coder-7b-b256-ub128-ngl0-r0,qwen2.5-coder-7b,batches,bench,unplugged-04,"[""Run failed, was aborted, or did not parse""]",False,False,-15,Stopped in response to user-reported UI lag; incomplete benchmark excluded,,0,CPU_Mapped,model,4460.45,load_tensors:   CPU_Mapped model buffer size =  4460.45 MiB
batch-qwen2.5-coder-7b-b256-ub128-ngl0-r0,qwen2.5-coder-7b,batches,bench,unplugged-04,"[""Run failed, was aborted, or did not parse""]",False,False,-15,Stopped in response to user-reported UI lag; incomplete benchmark excluded,,1,CPU_REPACK,model,4166.82,load_tensors:   CPU_REPACK model buffer size =  4166.82 MiB
batch-qwen2.5-coder-7b-b256-ub128-ngl0-r0,qwen2.5-coder-7b,batches,bench,unplugged-04,"[""Run failed, was aborted, or did not parse""]",False,False,-15,Stopped in response to user-reported UI lag; incomplete benchmark excluded,,2,CPU,output,0.58,llama_context:        CPU  output buffer size =     0.58 MiB
batch-qwen2.5-coder-7b-b256-ub128-ngl0-r0,qwen2.5-coder-7b,batches,bench,unplugged-04,"[""Run failed, was aborted, or did not parse""]",False,False,-15,Stopped in response to user-reported UI lag; incomplete benchmark excluded,,3,CPU,KV,56.0,llama_kv_cache:        CPU KV buffer size =    56.00 MiB
batch-qwen2.5-coder-7b-b256-ub128-ngl0-r0,qwen2.5-coder-7b,batches,bench,unplugged-04,"[""Run failed, was aborted, or did not parse""]",False,False,-15,Stopped in response to user-reported UI lag; incomplete benchmark excluded,,4,CPU,compute,77.75,sched_reserve:        CPU compute buffer size =    77.75 MiB
batch-qwen3-4b-instruct-b256-ub256-ngl0-r0,qwen3-4b-instruct,batches,bench,unplugged-04,[],True,False,0,,,0,CPU_Mapped,model,2362.55,load_tensors:   CPU_Mapped model buffer size =  2362.55 MiB
batch-qwen3-4b-instruct-b256-ub256-ngl0-r0,qwen3-4b-instruct,batches,bench,unplugged-04,[],True,False,0,,,1,CPU_REPACK,model,2375.16,load_tensors:   CPU_REPACK model buffer size =  2375.16 MiB
batch-qwen3-4b-instruct-b256-ub256-ngl0-r0,qwen3-4b-instruct,batches,bench,unplugged-04,[],True,False,0,,,2,CPU,output,0.58,llama_context:        CPU  output buffer size =     0.58 MiB
batch-qwen3-4b-instruct-b256-ub256-ngl0-r0,qwen3-4b-instruct,batches,bench,unplugged-04,[],True,False,0,,,3,CPU,KV,144.0,llama_kv_cache:        CPU KV buffer size =   144.00 MiB
batch-qwen3-4b-instruct-b256-ub256-ngl0-r0,qwen3-4b-instruct,batches,bench,unplugged-04,[],True,False,0,,,4,CPU,compute,153.38,sched_reserve:        CPU compute buffer size =   153.38 MiB
batch-qwen3-4b-instruct-b256-ub256-ngl99-r0,qwen3-4b-instruct,batches,bench,unplugged-04,[],True,False,0,,,0,CPU,model,304.28,load_tensors:          CPU model buffer size =   304.28 MiB
batch-qwen3-4b-instruct-b256-ub256-ngl99-r0,qwen3-4b-instruct,batches,bench,unplugged-04,[],True,False,0,,,1,CPU_REPACK,model,304.28,load_tensors:   CPU_REPACK model buffer size =   304.28 MiB
batch-qwen3-4b-instruct-b256-ub256-ngl99-r0,qwen3-4b-instruct,batches,bench,unplugged-04,[],True,False,0,,,2,OpenCL,model,2071.75,load_tensors:       OpenCL model buffer size =  2071.75 MiB
batch-qwen3-4b-instruct-b256-ub256-ngl99-r0,qwen3-4b-instruct,batches,bench,unplugged-04,[],True,False,0,,,3,CPU,output,0.58,llama_context:        CPU  output buffer size =     0.58 MiB
batch-qwen3-4b-instruct-b256-ub256-ngl99-r0,qwen3-4b-instruct,batches,bench,unplugged-04,[],True,False,0,,,4,OpenCL,KV,144.0,llama_kv_cache:     OpenCL KV buffer size =   144.00 MiB
batch-qwen3-4b-instruct-b256-ub256-ngl99-r0,qwen3-4b-instruct,batches,bench,unplugged-04,[],True,False,0,,,5,OpenCL,compute,48.0,sched_reserve:     OpenCL compute buffer size =    48.00 MiB
batch-qwen3-4b-instruct-b256-ub256-ngl99-r0,qwen3-4b-instruct,batches,bench,unplugged-04,[],True,False,0,,,6,CPU,compute,153.38,sched_reserve:        CPU compute buffer size =   153.38 MiB
batch-qwen3-4b-instruct-b512-ub512-ngl0-r0,qwen3-4b-instruct,batches,bench,unplugged-04,[],True,False,0,,,0,CPU_Mapped,model,2362.55,load_tensors:   CPU_Mapped model buffer size =  2362.55 MiB
batch-qwen3-4b-instruct-b512-ub512-ngl0-r0,qwen3-4b-instruct,batches,bench,unplugged-04,[],True,False,0,,,1,CPU_REPACK,model,2375.16,load_tensors:   CPU_REPACK model buffer size =  2375.16 MiB
batch-qwen3-4b-instruct-b512-ub512-ngl0-r0,qwen3-4b-instruct,batches,bench,unplugged-04,[],True,False,0,,,2,CPU,output,0.58,llama_context:        CPU  output buffer size =     0.58 MiB
batch-qwen3-4b-instruct-b512-ub512-ngl0-r0,qwen3-4b-instruct,batches,bench,unplugged-04,[],True,False,0,,,3,CPU,KV,144.0,llama_kv_cache:        CPU KV buffer size =   144.00 MiB
batch-qwen3-4b-instruct-b512-ub512-ngl0-r0,qwen3-4b-instruct,batches,bench,unplugged-04,[],True,False,0,,,4,CPU,compute,306.75,sched_reserve:        CPU compute buffer size =   306.75 MiB
cpu-large-current-api-20261003T084838Z-PLUGGED_AC-large-cpu-screen-v1-qwen2.5-coder-7b-p2048-g128-faoff-t4,qwen2.5-coder-7b,large-prompt-CPU-tuning,hybrid,api-20261003T084838Z-PLUGGED_AC,[],True,False,0,,4096,0,CPU_Mapped,model,4460.45,load_tensors:   CPU_Mapped model buffer size =  4460.45 MiB
cpu-large-current-api-20261003T084838Z-PLUGGED_AC-large-cpu-screen-v1-qwen2.5-coder-7b-p2048-g128-faoff-t4,qwen2.5-coder-7b,large-prompt-CPU-tuning,hybrid,api-20261003T084838Z-PLUGGED_AC,[],True,False,0,,4096,1,CPU_REPACK,model,4166.82,load_tensors:   CPU_REPACK model buffer size =  4166.82 MiB
cpu-large-current-api-20261003T084838Z-PLUGGED_AC-large-cpu-screen-v1-qwen2.5-coder-7b-p2048-g128-faoff-t4,qwen2.5-coder-7b,large-prompt-CPU-tuning,hybrid,api-20261003T084838Z-PLUGGED_AC,[],True,False,0,,4096,2,CPU,output,0.58,llama_context:        CPU  output buffer size =     0.58 MiB
cpu-large-current-api-20261003T084838Z-PLUGGED_AC-large-cpu-screen-v1-qwen2.5-coder-7b-p2048-g128-faoff-t4,qwen2.5-coder-7b,large-prompt-CPU-tuning,hybrid,api-20261003T084838Z-PLUGGED_AC,[],True,False,0,,4096,3,CPU,KV,224.0,llama_kv_cache:        CPU KV buffer size =   224.00 MiB
cpu-large-current-api-20261003T084838Z-PLUGGED_AC-large-cpu-screen-v1-qwen2.5-coder-7b-p2048-g128-faoff-t4,qwen2.5-coder-7b,large-prompt-CPU-tuning,hybrid,api-20261003T084838Z-PLUGGED_AC,[],True,False,0,,4096,4,CPU,compute,155.5,sched_reserve:        CPU compute buffer size =   155.50 MiB
cpu-large-current-api-20261003T084838Z-PLUGGED_AC-large-cpu-screen-v1-qwen2.5-coder-7b-p2048-g128-faoff-t5,qwen2.5-coder-7b,large-prompt-CPU-tuning,hybrid,api-20261003T084838Z-PLUGGED_AC,[],True,False,0,,4096,0,CPU_Mapped,model,4460.45,load_tensors:   CPU_Mapped model buffer size =  4460.45 MiB
cpu-large-current-api-20261003T084838Z-PLUGGED_AC-large-cpu-screen-v1-qwen2.5-coder-7b-p2048-g128-faoff-t5,qwen2.5-coder-7b,large-prompt-CPU-tuning,hybrid,api-20261003T084838Z-PLUGGED_AC,[],True,False,0,,4096,1,CPU_REPACK,model,4166.82,load_tensors:   CPU_REPACK model buffer size =  4166.82 MiB
cpu-large-current-api-20261003T084838Z-PLUGGED_AC-large-cpu-screen-v1-qwen2.5-coder-7b-p2048-g128-faoff-t5,qwen2.5-coder-7b,large-prompt-CPU-tuning,hybrid,api-20261003T084838Z-PLUGGED_AC,[],True,False,0,,4096,2,CPU,output,0.58,llama_context:        CPU  output buffer size =     0.58 MiB
cpu-large-current-api-20261003T084838Z-PLUGGED_AC-large-cpu-screen-v1-qwen2.5-coder-7b-p2048-g128-faoff-t5,qwen2.5-coder-7b,large-prompt-CPU-tuning,hybrid,api-20261003T084838Z-PLUGGED_AC,[],True,False,0,,4096,3,CPU,KV,224.0,llama_kv_cache:        CPU KV buffer size =   224.00 MiB
cpu-large-current-api-20261003T084838Z-PLUGGED_AC-large-cpu-screen-v1-qwen2.5-coder-7b-p2048-g128-faoff-t5,qwen2.5-coder-7b,large-prompt-CPU-tuning,hybrid,api-20261003T084838Z-PLUGGED_AC,[],True,False,0,,4096,4,CPU,compute,155.5,sched_reserve:        CPU compute buffer size =   155.50 MiB
cpu-large-current-api-20261003T084838Z-PLUGGED_AC-large-cpu-screen-v1-qwen2.5-coder-7b-p2048-g128-faoff-t6,qwen2.5-coder-7b,large-prompt-CPU-tuning,hybrid,api-20261003T084838Z-PLUGGED_AC,[],True,False,0,,4096,0,CPU_Mapped,model,4460.45,load_tensors:   CPU_Mapped model buffer size =  4460.45 MiB
cpu-large-current-api-20261003T084838Z-PLUGGED_AC-large-cpu-screen-v1-qwen2.5-coder-7b-p2048-g128-faoff-t6,qwen2.5-coder-7b,large-prompt-CPU-tuning,hybrid,api-20261003T084838Z-PLUGGED_AC,[],True,False,0,,4096,1,CPU_REPACK,model,4166.82,load_tensors:   CPU_REPACK model buffer size =  4166.82 MiB
cpu-large-current-api-20261003T084838Z-PLUGGED_AC-large-cpu-screen-v1-qwen2.5-coder-7b-p2048-g128-faoff-t6,qwen2.5-coder-7b,large-prompt-CPU-tuning,hybrid,api-20261003T084838Z-PLUGGED_AC,[],True,False,0,,4096,2,CPU,output,0.58,llama_context:        CPU  output buffer size =     0.58 MiB
cpu-large-current-api-20261003T084838Z-PLUGGED_AC-large-cpu-screen-v1-qwen2.5-coder-7b-p2048-g128-faoff-t6,qwen2.5-coder-7b,large-prompt-CPU-tuning,hybrid,api-20261003T084838Z-PLUGGED_AC,[],True,False,0,,4096,3,CPU,KV,224.0,llama_kv_cache:        CPU KV buffer size =   224.00 MiB
cpu-large-current-api-20261003T084838Z-PLUGGED_AC-large-cpu-screen-v1-qwen2.5-coder-7b-p2048-g128-faoff-t6,qwen2.5-coder-7b,large-prompt-CPU-tuning,hybrid,api-20261003T084838Z-PLUGGED_AC,[],True,False,0,,4096,4,CPU,compute,155.5,sched_reserve:        CPU compute buffer size =   155.50 MiB
cpu-large-current-api-20261003T084838Z-PLUGGED_AC-large-cpu-screen-v1-qwen2.5-coder-7b-p2048-g128-faon-t4,qwen2.5-coder-7b,large-prompt-CPU-tuning,hybrid,api-20261003T084838Z-PLUGGED_AC,[],True,False,0,,4096,0,CPU_Mapped,model,4460.45,load_tensors:   CPU_Mapped model buffer size =  4460.45 MiB
cpu-large-current-api-20261003T084838Z-PLUGGED_AC-large-cpu-screen-v1-qwen2.5-coder-7b-p2048-g128-faon-t4,qwen2.5-coder-7b,large-prompt-CPU-tuning,hybrid,api-20261003T084838Z-PLUGGED_AC,[],True,False,0,,4096,1,CPU_REPACK,model,4166.82,load_tensors:   CPU_REPACK model buffer size =  4166.82 MiB
cpu-large-current-api-20261003T084838Z-PLUGGED_AC-large-cpu-screen-v1-qwen2.5-coder-7b-p2048-g128-faon-t4,qwen2.5-coder-7b,large-prompt-CPU-tuning,hybrid,api-20261003T084838Z-PLUGGED_AC,[],True,False,0,,4096,2,CPU,output,0.58,llama_context:        CPU  output buffer size =     0.58 MiB
cpu-large-current-api-20261003T084838Z-PLUGGED_AC-large-cpu-screen-v1-qwen2.5-coder-7b-p2048-g128-faon-t4,qwen2.5-coder-7b,large-prompt-CPU-tuning,hybrid,api-20261003T084838Z-PLUGGED_AC,[],True,False,0,,4096,3,CPU,KV,224.0,llama_kv_cache:        CPU KV buffer size =   224.00 MiB
cpu-large-current-api-20261003T084838Z-PLUGGED_AC-large-cpu-screen-v1-qwen2.5-coder-7b-p2048-g128-faon-t4,qwen2.5-coder-7b,large-prompt-CPU-tuning,hybrid,api-20261003T084838Z-PLUGGED_AC,[],True,False,0,,4096,4,CPU,compute,155.5,sched_reserve:        CPU compute buffer size =   155.50 MiB
cpu-large-current-api-20261003T084838Z-PLUGGED_AC-large-cpu-screen-v1-qwen2.5-coder-7b-p2048-g128-faon-t5,qwen2.5-coder-7b,large-prompt-CPU-tuning,hybrid,api-20261003T084838Z-PLUGGED_AC,"[""CPU availability or Android cgroup changed during measurement"",""Benchmark process Android cgroup changed during measurement"",""Run failed, was aborted, or did not parse""]",False,False,-15,Android benchmark cgroup changed during measurement; invalid controlled comparison,4096,0,CPU_Mapped,model,4460.45,load_tensors:   CPU_Mapped model buffer size =  4460.45 MiB
cpu-large-current-api-20261003T084838Z-PLUGGED_AC-large-cpu-screen-v1-qwen2.5-coder-7b-p2048-g128-faon-t5,qwen2.5-coder-7b,large-prompt-CPU-tuning,hybrid,api-20261003T084838Z-PLUGGED_AC,"[""CPU availability or Android cgroup changed during measurement"",""Benchmark process Android cgroup changed during measurement"",""Run failed, was aborted, or did not parse""]",False,False,-15,Android benchmark cgroup changed during measurement; invalid controlled comparison,4096,1,CPU_REPACK,model,4166.82,load_tensors:   CPU_REPACK model buffer size =  4166.82 MiB
cpu-large-current-api-20261003T084838Z-PLUGGED_AC-large-cpu-screen-v1-qwen2.5-coder-7b-p2048-g128-faon-t5,qwen2.5-coder-7b,large-prompt-CPU-tuning,hybrid,api-20261003T084838Z-PLUGGED_AC,"[""CPU availability or Android cgroup changed during measurement"",""Benchmark process Android cgroup changed during measurement"",""Run failed, was aborted, or did not parse""]",False,False,-15,Android benchmark cgroup changed during measurement; invalid controlled comparison,4096,2,CPU,output,0.58,llama_context:        CPU  output buffer size =     0.58 MiB
cpu-large-current-api-20261003T084838Z-PLUGGED_AC-large-cpu-screen-v1-qwen2.5-coder-7b-p2048-g128-faon-t5,qwen2.5-coder-7b,large-prompt-CPU-tuning,hybrid,api-20261003T084838Z-PLUGGED_AC,"[""CPU availability or Android cgroup changed during measurement"",""Benchmark process Android cgroup changed during measurement"",""Run failed, was aborted, or did not parse""]",False,False,-15,Android benchmark cgroup changed during measurement; invalid controlled comparison,4096,3,CPU,KV,224.0,llama_kv_cache:        CPU KV buffer size =   224.00 MiB
cpu-large-current-api-20261003T084838Z-PLUGGED_AC-large-cpu-screen-v1-qwen2.5-coder-7b-p2048-g128-faon-t5,qwen2.5-coder-7b,large-prompt-CPU-tuning,hybrid,api-20261003T084838Z-PLUGGED_AC,"[""CPU availability or Android cgroup changed during measurement"",""Benchmark process Android cgroup changed during measurement"",""Run failed, was aborted, or did not parse""]",False,False,-15,Android benchmark cgroup changed during measurement; invalid controlled comparison,4096,4,CPU,compute,155.5,sched_reserve:        CPU compute buffer size =   155.50 MiB
cpu-large-current-api-20261003T084838Z-PLUGGED_AC-large-cpu-screen-v1-qwen2.5-coder-7b-p2048-g128-faon-t6,qwen2.5-coder-7b,large-prompt-CPU-tuning,hybrid,api-20261003T084838Z-PLUGGED_AC,[],True,False,0,,4096,0,CPU_Mapped,model,4460.45,load_tensors:   CPU_Mapped model buffer size =  4460.45 MiB
cpu-large-current-api-20261003T084838Z-PLUGGED_AC-large-cpu-screen-v1-qwen2.5-coder-7b-p2048-g128-faon-t6,qwen2.5-coder-7b,large-prompt-CPU-tuning,hybrid,api-20261003T084838Z-PLUGGED_AC,[],True,False,0,,4096,1,CPU_REPACK,model,4166.82,load_tensors:   CPU_REPACK model buffer size =  4166.82 MiB
cpu-large-current-api-20261003T084838Z-PLUGGED_AC-large-cpu-screen-v1-qwen2.5-coder-7b-p2048-g128-faon-t6,qwen2.5-coder-7b,large-prompt-CPU-tuning,hybrid,api-20261003T084838Z-PLUGGED_AC,[],True,False,0,,4096,2,CPU,output,0.58,llama_context:        CPU  output buffer size =     0.58 MiB
cpu-large-current-api-20261003T084838Z-PLUGGED_AC-large-cpu-screen-v1-qwen2.5-coder-7b-p2048-g128-faon-t6,qwen2.5-coder-7b,large-prompt-CPU-tuning,hybrid,api-20261003T084838Z-PLUGGED_AC,[],True,False,0,,4096,3,CPU,KV,224.0,llama_kv_cache:        CPU KV buffer size =   224.00 MiB
cpu-large-current-api-20261003T084838Z-PLUGGED_AC-large-cpu-screen-v1-qwen2.5-coder-7b-p2048-g128-faon-t6,qwen2.5-coder-7b,large-prompt-CPU-tuning,hybrid,api-20261003T084838Z-PLUGGED_AC,[],True,False,0,,4096,4,CPU,compute,155.5,sched_reserve:        CPU compute buffer size =   155.50 MiB
cpu-large-current-api-20261003T084838Z-PLUGGED_AC-large-cpu-screen-v1-qwen3-4b-instruct-p2048-g128-faoff-t4,qwen3-4b-instruct,large-prompt-CPU-tuning,hybrid,api-20261003T084838Z-PLUGGED_AC,[],True,False,0,,4096,0,CPU_Mapped,model,2362.55,load_tensors:   CPU_Mapped model buffer size =  2362.55 MiB
cpu-large-current-api-20261003T084838Z-PLUGGED_AC-large-cpu-screen-v1-qwen3-4b-instruct-p2048-g128-faoff-t4,qwen3-4b-instruct,large-prompt-CPU-tuning,hybrid,api-20261003T084838Z-PLUGGED_AC,[],True,False,0,,4096,1,CPU_REPACK,model,2375.16,load_tensors:   CPU_REPACK model buffer size =  2375.16 MiB
cpu-large-current-api-20261003T084838Z-PLUGGED_AC-large-cpu-screen-v1-qwen3-4b-instruct-p2048-g128-faoff-t4,qwen3-4b-instruct,large-prompt-CPU-tuning,hybrid,api-20261003T084838Z-PLUGGED_AC,[],True,False,0,,4096,2,CPU,output,0.58,llama_context:        CPU  output buffer size =     0.58 MiB
cpu-large-current-api-20261003T084838Z-PLUGGED_AC-large-cpu-screen-v1-qwen3-4b-instruct-p2048-g128-faoff-t4,qwen3-4b-instruct,large-prompt-CPU-tuning,hybrid,api-20261003T084838Z-PLUGGED_AC,[],True,False,0,,4096,3,CPU,KV,576.0,llama_kv_cache:        CPU KV buffer size =   576.00 MiB
cpu-large-current-api-20261003T084838Z-PLUGGED_AC-large-cpu-screen-v1-qwen3-4b-instruct-p2048-g128-faoff-t4,qwen3-4b-instruct,large-prompt-CPU-tuning,hybrid,api-20261003T084838Z-PLUGGED_AC,[],True,False,0,,4096,4,CPU,compute,153.38,sched_reserve:        CPU compute buffer size =   153.38 MiB
cpu-large-current-api-20261003T084838Z-PLUGGED_AC-large-cpu-screen-v1-qwen3-4b-instruct-p2048-g128-faoff-t5,qwen3-4b-instruct,large-prompt-CPU-tuning,hybrid,api-20261003T084838Z-PLUGGED_AC,[],True,False,0,,4096,0,CPU_Mapped,model,2362.55,load_tensors:   CPU_Mapped model buffer size =  2362.55 MiB
cpu-large-current-api-20261003T084838Z-PLUGGED_AC-large-cpu-screen-v1-qwen3-4b-instruct-p2048-g128-faoff-t5,qwen3-4b-instruct,large-prompt-CPU-tuning,hybrid,api-20261003T084838Z-PLUGGED_AC,[],True,False,0,,4096,1,CPU_REPACK,model,2375.16,load_tensors:   CPU_REPACK model buffer size =  2375.16 MiB
cpu-large-current-api-20261003T084838Z-PLUGGED_AC-large-cpu-screen-v1-qwen3-4b-instruct-p2048-g128-faoff-t5,qwen3-4b-instruct,large-prompt-CPU-tuning,hybrid,api-20261003T084838Z-PLUGGED_AC,[],True,False,0,,4096,2,CPU,output,0.58,llama_context:        CPU  output buffer size =     0.58 MiB
cpu-large-current-api-20261003T084838Z-PLUGGED_AC-large-cpu-screen-v1-qwen3-4b-instruct-p2048-g128-faoff-t5,qwen3-4b-instruct,large-prompt-CPU-tuning,hybrid,api-20261003T084838Z-PLUGGED_AC,[],True,False,0,,4096,3,CPU,KV,576.0,llama_kv_cache:        CPU KV buffer size =   576.00 MiB
cpu-large-current-api-20261003T084838Z-PLUGGED_AC-large-cpu-screen-v1-qwen3-4b-instruct-p2048-g128-faoff-t5,qwen3-4b-instruct,large-prompt-CPU-tuning,hybrid,api-20261003T084838Z-PLUGGED_AC,[],True,False,0,,4096,4,CPU,compute,153.38,sched_reserve:        CPU compute buffer size =   153.38 MiB
cpu-large-current-api-20261003T084838Z-PLUGGED_AC-large-cpu-screen-v1-qwen3-4b-instruct-p2048-g128-faoff-t6,qwen3-4b-instruct,large-prompt-CPU-tuning,hybrid,api-20261003T084838Z-PLUGGED_AC,[],True,False,0,,4096,0,CPU_Mapped,model,2362.55,load_tensors:   CPU_Mapped model buffer size =  2362.55 MiB
cpu-large-current-api-20261003T084838Z-PLUGGED_AC-large-cpu-screen-v1-qwen3-4b-instruct-p2048-g128-faoff-t6,qwen3-4b-instruct,large-prompt-CPU-tuning,hybrid,api-20261003T084838Z-PLUGGED_AC,[],True,False,0,,4096,1,CPU_REPACK,model,2375.16,load_tensors:   CPU_REPACK model buffer size =  2375.16 MiB
cpu-large-current-api-20261003T084838Z-PLUGGED_AC-large-cpu-screen-v1-qwen3-4b-instruct-p2048-g128-faoff-t6,qwen3-4b-instruct,large-prompt-CPU-tuning,hybrid,api-20261003T084838Z-PLUGGED_AC,[],True,False,0,,4096,2,CPU,output,0.58,llama_context:        CPU  output buffer size =     0.58 MiB
cpu-large-current-api-20261003T084838Z-PLUGGED_AC-large-cpu-screen-v1-qwen3-4b-instruct-p2048-g128-faoff-t6,qwen3-4b-instruct,large-prompt-CPU-tuning,hybrid,api-20261003T084838Z-PLUGGED_AC,[],True,False,0,,4096,3,CPU,KV,576.0,llama_kv_cache:        CPU KV buffer size =   576.00 MiB
cpu-large-current-api-20261003T084838Z-PLUGGED_AC-large-cpu-screen-v1-qwen3-4b-instruct-p2048-g128-faoff-t6,qwen3-4b-instruct,large-prompt-CPU-tuning,hybrid,api-20261003T084838Z-PLUGGED_AC,[],True,False,0,,4096,4,CPU,compute,153.38,sched_reserve:        CPU compute buffer size =   153.38 MiB
cpu-large-current-api-20261003T084838Z-PLUGGED_AC-large-cpu-screen-v1-qwen3-4b-instruct-p2048-g128-faon-t4,qwen3-4b-instruct,large-prompt-CPU-tuning,hybrid,api-20261003T084838Z-PLUGGED_AC,[],True,False,0,,4096,0,CPU_Mapped,model,2362.55,load_tensors:   CPU_Mapped model buffer size =  2362.55 MiB
cpu-large-current-api-20261003T084838Z-PLUGGED_AC-large-cpu-screen-v1-qwen3-4b-instruct-p2048-g128-faon-t4,qwen3-4b-instruct,large-prompt-CPU-tuning,hybrid,api-20261003T084838Z-PLUGGED_AC,[],True,False,0,,4096,1,CPU_REPACK,model,2375.16,load_tensors:   CPU_REPACK model buffer size =  2375.16 MiB
cpu-large-current-api-20261003T084838Z-PLUGGED_AC-large-cpu-screen-v1-qwen3-4b-instruct-p2048-g128-faon-t4,qwen3-4b-instruct,large-prompt-CPU-tuning,hybrid,api-20261003T084838Z-PLUGGED_AC,[],True,False,0,,4096,2,CPU,output,0.58,llama_context:        CPU  output buffer size =     0.58 MiB
cpu-large-current-api-20261003T084838Z-PLUGGED_AC-large-cpu-screen-v1-qwen3-4b-instruct-p2048-g128-faon-t4,qwen3-4b-instruct,large-prompt-CPU-tuning,hybrid,api-20261003T084838Z-PLUGGED_AC,[],True,False,0,,4096,3,CPU,KV,576.0,llama_kv_cache:        CPU KV buffer size =   576.00 MiB
cpu-large-current-api-20261003T084838Z-PLUGGED_AC-large-cpu-screen-v1-qwen3-4b-instruct-p2048-g128-faon-t4,qwen3-4b-instruct,large-prompt-CPU-tuning,hybrid,api-20261003T084838Z-PLUGGED_AC,[],True,False,0,,4096,4,CPU,compute,153.38,sched_reserve:        CPU compute buffer size =   153.38 MiB
cpu-large-current-api-20261003T084838Z-PLUGGED_AC-large-cpu-screen-v1-qwen3-4b-instruct-p2048-g128-faon-t5,qwen3-4b-instruct,large-prompt-CPU-tuning,hybrid,api-20261003T084838Z-PLUGGED_AC,[],True,False,0,,4096,0,CPU_Mapped,model,2362.55,load_tensors:   CPU_Mapped model buffer size =  2362.55 MiB
cpu-large-current-api-20261003T084838Z-PLUGGED_AC-large-cpu-screen-v1-qwen3-4b-instruct-p2048-g128-faon-t5,qwen3-4b-instruct,large-prompt-CPU-tuning,hybrid,api-20261003T084838Z-PLUGGED_AC,[],True,False,0,,4096,1,CPU_REPACK,model,2375.16,load_tensors:   CPU_REPACK model buffer size =  2375.16 MiB
cpu-large-current-api-20261003T084838Z-PLUGGED_AC-large-cpu-screen-v1-qwen3-4b-instruct-p2048-g128-faon-t5,qwen3-4b-instruct,large-prompt-CPU-tuning,hybrid,api-20261003T084838Z-PLUGGED_AC,[],True,False,0,,4096,2,CPU,output,0.58,llama_context:        CPU  output buffer size =     0.58 MiB
cpu-large-current-api-20261003T084838Z-PLUGGED_AC-large-cpu-screen-v1-qwen3-4b-instruct-p2048-g128-faon-t5,qwen3-4b-instruct,large-prompt-CPU-tuning,hybrid,api-20261003T084838Z-PLUGGED_AC,[],True,False,0,,4096,3,CPU,KV,576.0,llama_kv_cache:        CPU KV buffer size =   576.00 MiB
cpu-large-current-api-20261003T084838Z-PLUGGED_AC-large-cpu-screen-v1-qwen3-4b-instruct-p2048-g128-faon-t5,qwen3-4b-instruct,large-prompt-CPU-tuning,hybrid,api-20261003T084838Z-PLUGGED_AC,[],True,False,0,,4096,4,CPU,compute,153.38,sched_reserve:        CPU compute buffer size =   153.38 MiB
cpu-large-current-api-20261003T084838Z-PLUGGED_AC-large-cpu-screen-v1-qwen3-4b-instruct-p2048-g128-faon-t6,qwen3-4b-instruct,large-prompt-CPU-tuning,hybrid,api-20261003T084838Z-PLUGGED_AC,[],True,False,0,,4096,0,CPU_Mapped,model,2362.55,load_tensors:   CPU_Mapped model buffer size =  2362.55 MiB
cpu-large-current-api-20261003T084838Z-PLUGGED_AC-large-cpu-screen-v1-qwen3-4b-instruct-p2048-g128-faon-t6,qwen3-4b-instruct,large-prompt-CPU-tuning,hybrid,api-20261003T084838Z-PLUGGED_AC,[],True,False,0,,4096,1,CPU_REPACK,model,2375.16,load_tensors:   CPU_REPACK model buffer size =  2375.16 MiB
cpu-large-current-api-20261003T084838Z-PLUGGED_AC-large-cpu-screen-v1-qwen3-4b-instruct-p2048-g128-faon-t6,qwen3-4b-instruct,large-prompt-CPU-tuning,hybrid,api-20261003T084838Z-PLUGGED_AC,[],True,False,0,,4096,2,CPU,output,0.58,llama_context:        CPU  output buffer size =     0.58 MiB
cpu-large-current-api-20261003T084838Z-PLUGGED_AC-large-cpu-screen-v1-qwen3-4b-instruct-p2048-g128-faon-t6,qwen3-4b-instruct,large-prompt-CPU-tuning,hybrid,api-20261003T084838Z-PLUGGED_AC,[],True,False,0,,4096,3,CPU,KV,576.0,llama_kv_cache:        CPU KV buffer size =   576.00 MiB
cpu-large-current-api-20261003T084838Z-PLUGGED_AC-large-cpu-screen-v1-qwen3-4b-instruct-p2048-g128-faon-t6,qwen3-4b-instruct,large-prompt-CPU-tuning,hybrid,api-20261003T084838Z-PLUGGED_AC,[],True,False,0,,4096,4,CPU,compute,153.38,sched_reserve:        CPU compute buffer size =   153.38 MiB
cpu-large-current-api-20261003T193303Z-PLUGGED_AC-large-cpu-screen-v1-qwen3-4b-instruct-p2048-g128-faoff-t4,qwen3-4b-instruct,large-prompt-CPU-tuning,hybrid,api-20261003T193303Z-PLUGGED_AC,[],True,False,0,,4096,0,CPU_Mapped,model,2362.55,load_tensors:   CPU_Mapped model buffer size =  2362.55 MiB
cpu-large-current-api-20261003T193303Z-PLUGGED_AC-large-cpu-screen-v1-qwen3-4b-instruct-p2048-g128-faoff-t4,qwen3-4b-instruct,large-prompt-CPU-tuning,hybrid,api-20261003T193303Z-PLUGGED_AC,[],True,False,0,,4096,1,CPU_REPACK,model,2375.16,load_tensors:   CPU_REPACK model buffer size =  2375.16 MiB
cpu-large-current-api-20261003T193303Z-PLUGGED_AC-large-cpu-screen-v1-qwen3-4b-instruct-p2048-g128-faoff-t4,qwen3-4b-instruct,large-prompt-CPU-tuning,hybrid,api-20261003T193303Z-PLUGGED_AC,[],True,False,0,,4096,2,CPU,output,0.58,llama_context:        CPU  output buffer size =     0.58 MiB
cpu-large-current-api-20261003T193303Z-PLUGGED_AC-large-cpu-screen-v1-qwen3-4b-instruct-p2048-g128-faoff-t4,qwen3-4b-instruct,large-prompt-CPU-tuning,hybrid,api-20261003T193303Z-PLUGGED_AC,[],True,False,0,,4096,3,CPU,KV,576.0,llama_kv_cache:        CPU KV buffer size =   576.00 MiB
cpu-large-current-api-20261003T193303Z-PLUGGED_AC-large-cpu-screen-v1-qwen3-4b-instruct-p2048-g128-faoff-t4,qwen3-4b-instruct,large-prompt-CPU-tuning,hybrid,api-20261003T193303Z-PLUGGED_AC,[],True,False,0,,4096,4,CPU,compute,153.38,sched_reserve:        CPU compute buffer size =   153.38 MiB
cpu-large-current-api-20261003T193303Z-PLUGGED_AC-large-cpu-screen-v1-qwen3-4b-instruct-p2048-g128-faoff-t6,qwen3-4b-instruct,large-prompt-CPU-tuning,hybrid,api-20261003T193303Z-PLUGGED_AC,[],True,False,0,,4096,0,CPU_Mapped,model,2362.55,load_tensors:   CPU_Mapped model buffer size =  2362.55 MiB
cpu-large-current-api-20261003T193303Z-PLUGGED_AC-large-cpu-screen-v1-qwen3-4b-instruct-p2048-g128-faoff-t6,qwen3-4b-instruct,large-prompt-CPU-tuning,hybrid,api-20261003T193303Z-PLUGGED_AC,[],True,False,0,,4096,1,CPU_REPACK,model,2375.16,load_tensors:   CPU_REPACK model buffer size =  2375.16 MiB
cpu-large-current-api-20261003T193303Z-PLUGGED_AC-large-cpu-screen-v1-qwen3-4b-instruct-p2048-g128-faoff-t6,qwen3-4b-instruct,large-prompt-CPU-tuning,hybrid,api-20261003T193303Z-PLUGGED_AC,[],True,False,0,,4096,2,CPU,output,0.58,llama_context:        CPU  output buffer size =     0.58 MiB
cpu-large-current-api-20261003T193303Z-PLUGGED_AC-large-cpu-screen-v1-qwen3-4b-instruct-p2048-g128-faoff-t6,qwen3-4b-instruct,large-prompt-CPU-tuning,hybrid,api-20261003T193303Z-PLUGGED_AC,[],True,False,0,,4096,3,CPU,KV,576.0,llama_kv_cache:        CPU KV buffer size =   576.00 MiB
cpu-large-current-api-20261003T193303Z-PLUGGED_AC-large-cpu-screen-v1-qwen3-4b-instruct-p2048-g128-faoff-t6,qwen3-4b-instruct,large-prompt-CPU-tuning,hybrid,api-20261003T193303Z-PLUGGED_AC,[],True,False,0,,4096,4,CPU,compute,153.38,sched_reserve:        CPU compute buffer size =   153.38 MiB
cpu-large-current-api-20261003T193303Z-PLUGGED_AC-large-cpu-screen-v1-qwen3-4b-instruct-p2048-g128-faon-t4,qwen3-4b-instruct,large-prompt-CPU-tuning,hybrid,api-20261003T193303Z-PLUGGED_AC,[],True,False,0,,4096,0,CPU_Mapped,model,2362.55,load_tensors:   CPU_Mapped model buffer size =  2362.55 MiB
cpu-large-current-api-20261003T193303Z-PLUGGED_AC-large-cpu-screen-v1-qwen3-4b-instruct-p2048-g128-faon-t4,qwen3-4b-instruct,large-prompt-CPU-tuning,hybrid,api-20261003T193303Z-PLUGGED_AC,[],True,False,0,,4096,1,CPU_REPACK,model,2375.16,load_tensors:   CPU_REPACK model buffer size =  2375.16 MiB
cpu-large-current-api-20261003T193303Z-PLUGGED_AC-large-cpu-screen-v1-qwen3-4b-instruct-p2048-g128-faon-t4,qwen3-4b-instruct,large-prompt-CPU-tuning,hybrid,api-20261003T193303Z-PLUGGED_AC,[],True,False,0,,4096,2,CPU,output,0.58,llama_context:        CPU  output buffer size =     0.58 MiB
cpu-large-current-api-20261003T193303Z-PLUGGED_AC-large-cpu-screen-v1-qwen3-4b-instruct-p2048-g128-faon-t4,qwen3-4b-instruct,large-prompt-CPU-tuning,hybrid,api-20261003T193303Z-PLUGGED_AC,[],True,False,0,,4096,3,CPU,KV,576.0,llama_kv_cache:        CPU KV buffer size =   576.00 MiB
cpu-large-current-api-20261003T193303Z-PLUGGED_AC-large-cpu-screen-v1-qwen3-4b-instruct-p2048-g128-faon-t4,qwen3-4b-instruct,large-prompt-CPU-tuning,hybrid,api-20261003T193303Z-PLUGGED_AC,[],True,False,0,,4096,4,CPU,compute,153.38,sched_reserve:        CPU compute buffer size =   153.38 MiB
cpu-large-current-api-20261003T193303Z-PLUGGED_AC-large-cpu-screen-v1-qwen3-4b-instruct-p2048-g128-faon-t6,qwen3-4b-instruct,large-prompt-CPU-tuning,hybrid,api-20261003T193303Z-PLUGGED_AC,[],True,False,0,,4096,0,CPU_Mapped,model,2362.55,load_tensors:   CPU_Mapped model buffer size =  2362.55 MiB
cpu-large-current-api-20261003T193303Z-PLUGGED_AC-large-cpu-screen-v1-qwen3-4b-instruct-p2048-g128-faon-t6,qwen3-4b-instruct,large-prompt-CPU-tuning,hybrid,api-20261003T193303Z-PLUGGED_AC,[],True,False,0,,4096,1,CPU_REPACK,model,2375.16,load_tensors:   CPU_REPACK model buffer size =  2375.16 MiB
cpu-large-current-api-20261003T193303Z-PLUGGED_AC-large-cpu-screen-v1-qwen3-4b-instruct-p2048-g128-faon-t6,qwen3-4b-instruct,large-prompt-CPU-tuning,hybrid,api-20261003T193303Z-PLUGGED_AC,[],True,False,0,,4096,2,CPU,output,0.58,llama_context:        CPU  output buffer size =     0.58 MiB
cpu-large-current-api-20261003T193303Z-PLUGGED_AC-large-cpu-screen-v1-qwen3-4b-instruct-p2048-g128-faon-t6,qwen3-4b-instruct,large-prompt-CPU-tuning,hybrid,api-20261003T193303Z-PLUGGED_AC,[],True,False,0,,4096,3,CPU,KV,576.0,llama_kv_cache:        CPU KV buffer size =   576.00 MiB
cpu-large-current-api-20261003T193303Z-PLUGGED_AC-large-cpu-screen-v1-qwen3-4b-instruct-p2048-g128-faon-t6,qwen3-4b-instruct,large-prompt-CPU-tuning,hybrid,api-20261003T193303Z-PLUGGED_AC,[],True,False,0,,4096,4,CPU,compute,153.38,sched_reserve:        CPU compute buffer size =   153.38 MiB
diagnostic-KMP0-host-qwen2.5-coder-1.5b,qwen2.5-coder-1.5b,diagnostics,bench,,[],True,False,0,,,0,CPU,model,125.19,load_tensors:          CPU model buffer size =   125.19 MiB
diagnostic-KMP0-host-qwen2.5-coder-1.5b,qwen2.5-coder-1.5b,diagnostics,bench,,[],True,False,0,,,1,CPU_REPACK,model,195.74,load_tensors:   CPU_REPACK model buffer size =   195.74 MiB
diagnostic-KMP0-host-qwen2.5-coder-1.5b,qwen2.5-coder-1.5b,diagnostics,bench,,[],True,False,0,,,2,OpenCL,model,739.03,load_tensors:       OpenCL model buffer size =   739.03 MiB
diagnostic-KMP0-host-qwen2.5-coder-1.5b,qwen2.5-coder-1.5b,diagnostics,bench,,[],True,False,0,,,3,CPU,output,0.58,llama_context:        CPU  output buffer size =     0.58 MiB
diagnostic-KMP0-host-qwen2.5-coder-1.5b,qwen2.5-coder-1.5b,diagnostics,bench,,[],True,False,0,,,4,OpenCL,KV,7.0,llama_kv_cache:     OpenCL KV buffer size =     7.00 MiB
diagnostic-KMP0-host-qwen2.5-coder-1.5b,qwen2.5-coder-1.5b,diagnostics,bench,,[],True,False,0,,,5,OpenCL,compute,4.0,sched_reserve:     OpenCL compute buffer size =     4.00 MiB
diagnostic-KMP0-host-qwen2.5-coder-1.5b,qwen2.5-coder-1.5b,diagnostics,bench,,[],True,False,0,,,6,CPU,compute,18.92,sched_reserve:        CPU compute buffer size =    18.92 MiB
diagnostic-KMP0-host-qwen2.5-coder-7b,qwen2.5-coder-7b,diagnostics,bench,,[],True,False,0,,,0,CPU,model,292.36,load_tensors:          CPU model buffer size =   292.36 MiB
diagnostic-KMP0-host-qwen2.5-coder-7b,qwen2.5-coder-7b,diagnostics,bench,,[],True,False,0,,,1,CPU_REPACK,model,426.36,load_tensors:   CPU_REPACK model buffer size =   426.36 MiB
diagnostic-KMP0-host-qwen2.5-coder-7b,qwen2.5-coder-7b,diagnostics,bench,,[],True,False,0,,,2,OpenCL,model,3741.83,load_tensors:       OpenCL model buffer size =  3741.83 MiB
diagnostic-KMP0-host-qwen2.5-coder-7b,qwen2.5-coder-7b,diagnostics,bench,,[],True,False,0,,,3,CPU,output,0.58,llama_context:        CPU  output buffer size =     0.58 MiB
diagnostic-KMP0-host-qwen2.5-coder-7b,qwen2.5-coder-7b,diagnostics,bench,,[],True,False,0,,,4,OpenCL,KV,14.0,llama_kv_cache:     OpenCL KV buffer size =    14.00 MiB
diagnostic-KMP0-host-qwen2.5-coder-7b,qwen2.5-coder-7b,diagnostics,bench,,[],True,False,0,,,5,OpenCL,compute,8.41,sched_reserve:     OpenCL compute buffer size =     8.41 MiB
diagnostic-KMP0-host-qwen2.5-coder-7b,qwen2.5-coder-7b,diagnostics,bench,,[],True,False,0,,,6,CPU,compute,19.44,sched_reserve:        CPU compute buffer size =    19.44 MiB
diagnostic-KMP0-original-qwen2.5-coder-1.5b,qwen2.5-coder-1.5b,diagnostics,bench,,[],True,False,0,,,0,CPU,model,125.19,load_tensors:          CPU model buffer size =   125.19 MiB
diagnostic-KMP0-original-qwen2.5-coder-1.5b,qwen2.5-coder-1.5b,diagnostics,bench,,[],True,False,0,,,1,CPU_REPACK,model,195.74,load_tensors:   CPU_REPACK model buffer size =   195.74 MiB
diagnostic-KMP0-original-qwen2.5-coder-1.5b,qwen2.5-coder-1.5b,diagnostics,bench,,[],True,False,0,,,2,OpenCL,model,739.03,load_tensors:       OpenCL model buffer size =   739.03 MiB
diagnostic-KMP0-original-qwen2.5-coder-1.5b,qwen2.5-coder-1.5b,diagnostics,bench,,[],True,False,0,,,3,CPU,output,0.58,llama_context:        CPU  output buffer size =     0.58 MiB
diagnostic-KMP0-original-qwen2.5-coder-1.5b,qwen2.5-coder-1.5b,diagnostics,bench,,[],True,False,0,,,4,OpenCL,KV,7.0,llama_kv_cache:     OpenCL KV buffer size =     7.00 MiB
diagnostic-KMP0-original-qwen2.5-coder-1.5b,qwen2.5-coder-1.5b,diagnostics,bench,,[],True,False,0,,,5,OpenCL,compute,4.0,sched_reserve:     OpenCL compute buffer size =     4.00 MiB
diagnostic-KMP0-original-qwen2.5-coder-1.5b,qwen2.5-coder-1.5b,diagnostics,bench,,[],True,False,0,,,6,CPU,compute,18.92,sched_reserve:        CPU compute buffer size =    18.92 MiB
diagnostic-KMP0-original-qwen2.5-coder-7b,qwen2.5-coder-7b,diagnostics,bench,,[],True,False,0,,,0,CPU,model,292.36,load_tensors:          CPU model buffer size =   292.36 MiB
diagnostic-KMP0-original-qwen2.5-coder-7b,qwen2.5-coder-7b,diagnostics,bench,,[],True,False,0,,,1,CPU_REPACK,model,426.36,load_tensors:   CPU_REPACK model buffer size =   426.36 MiB
diagnostic-KMP0-original-qwen2.5-coder-7b,qwen2.5-coder-7b,diagnostics,bench,,[],True,False,0,,,2,OpenCL,model,3741.83,load_tensors:       OpenCL model buffer size =  3741.83 MiB
diagnostic-KMP0-original-qwen2.5-coder-7b,qwen2.5-coder-7b,diagnostics,bench,,[],True,False,0,,,3,CPU,output,0.58,llama_context:        CPU  output buffer size =     0.58 MiB
diagnostic-KMP0-original-qwen2.5-coder-7b,qwen2.5-coder-7b,diagnostics,bench,,[],True,False,0,,,4,OpenCL,KV,14.0,llama_kv_cache:     OpenCL KV buffer size =    14.00 MiB
diagnostic-KMP0-original-qwen2.5-coder-7b,qwen2.5-coder-7b,diagnostics,bench,,[],True,False,0,,,5,OpenCL,compute,8.41,sched_reserve:     OpenCL compute buffer size =     8.41 MiB
diagnostic-KMP0-original-qwen2.5-coder-7b,qwen2.5-coder-7b,diagnostics,bench,,[],True,False,0,,,6,CPU,compute,19.44,sched_reserve:        CPU compute buffer size =    19.44 MiB
diagnostic-OMP-passive-host-qwen1.5,qwen2.5-coder-1.5b,diagnostics,bench,,[],True,False,0,,,0,CPU,model,125.19,load_tensors:          CPU model buffer size =   125.19 MiB
diagnostic-OMP-passive-host-qwen1.5,qwen2.5-coder-1.5b,diagnostics,bench,,[],True,False,0,,,1,CPU_REPACK,model,195.74,load_tensors:   CPU_REPACK model buffer size =   195.74 MiB
diagnostic-OMP-passive-host-qwen1.5,qwen2.5-coder-1.5b,diagnostics,bench,,[],True,False,0,,,2,OpenCL,model,739.03,load_tensors:       OpenCL model buffer size =   739.03 MiB
diagnostic-OMP-passive-host-qwen1.5,qwen2.5-coder-1.5b,diagnostics,bench,,[],True,False,0,,,3,CPU,output,0.58,llama_context:        CPU  output buffer size =     0.58 MiB
diagnostic-OMP-passive-host-qwen1.5,qwen2.5-coder-1.5b,diagnostics,bench,,[],True,False,0,,,4,OpenCL,KV,7.0,llama_kv_cache:     OpenCL KV buffer size =     7.00 MiB
diagnostic-OMP-passive-host-qwen1.5,qwen2.5-coder-1.5b,diagnostics,bench,,[],True,False,0,,,5,OpenCL,compute,4.0,sched_reserve:     OpenCL compute buffer size =     4.00 MiB
diagnostic-OMP-passive-host-qwen1.5,qwen2.5-coder-1.5b,diagnostics,bench,,[],True,False,0,,,6,CPU,compute,18.92,sched_reserve:        CPU compute buffer size =    18.92 MiB
diagnostic-host-qwen2.5-coder-1.5b-pp0-tg32,qwen2.5-coder-1.5b,diagnostics,bench,,[],True,False,0,,,0,CPU,model,125.19,load_tensors:          CPU model buffer size =   125.19 MiB
diagnostic-host-qwen2.5-coder-1.5b-pp0-tg32,qwen2.5-coder-1.5b,diagnostics,bench,,[],True,False,0,,,1,CPU_REPACK,model,195.74,load_tensors:   CPU_REPACK model buffer size =   195.74 MiB
diagnostic-host-qwen2.5-coder-1.5b-pp0-tg32,qwen2.5-coder-1.5b,diagnostics,bench,,[],True,False,0,,,2,OpenCL,model,739.03,load_tensors:       OpenCL model buffer size =   739.03 MiB
diagnostic-host-qwen2.5-coder-1.5b-pp0-tg32,qwen2.5-coder-1.5b,diagnostics,bench,,[],True,False,0,,,3,CPU,output,0.58,llama_context:        CPU  output buffer size =     0.58 MiB
diagnostic-host-qwen2.5-coder-1.5b-pp0-tg32,qwen2.5-coder-1.5b,diagnostics,bench,,[],True,False,0,,,4,OpenCL,KV,7.0,llama_kv_cache:     OpenCL KV buffer size =     7.00 MiB
diagnostic-host-qwen2.5-coder-1.5b-pp0-tg32,qwen2.5-coder-1.5b,diagnostics,bench,,[],True,False,0,,,5,OpenCL,compute,4.0,sched_reserve:     OpenCL compute buffer size =     4.00 MiB
diagnostic-host-qwen2.5-coder-1.5b-pp0-tg32,qwen2.5-coder-1.5b,diagnostics,bench,,[],True,False,0,,,6,CPU,compute,18.92,sched_reserve:        CPU compute buffer size =    18.92 MiB
diagnostic-host-qwen2.5-coder-1.5b-pp128-tg0,qwen2.5-coder-1.5b,diagnostics,bench,,[],True,False,0,,,0,CPU,model,125.19,load_tensors:          CPU model buffer size =   125.19 MiB
diagnostic-host-qwen2.5-coder-1.5b-pp128-tg0,qwen2.5-coder-1.5b,diagnostics,bench,,[],True,False,0,,,1,CPU_REPACK,model,195.74,load_tensors:   CPU_REPACK model buffer size =   195.74 MiB
diagnostic-host-qwen2.5-coder-1.5b-pp128-tg0,qwen2.5-coder-1.5b,diagnostics,bench,,[],True,False,0,,,2,OpenCL,model,739.03,load_tensors:       OpenCL model buffer size =   739.03 MiB
diagnostic-host-qwen2.5-coder-1.5b-pp128-tg0,qwen2.5-coder-1.5b,diagnostics,bench,,[],True,False,0,,,3,CPU,output,0.58,llama_context:        CPU  output buffer size =     0.58 MiB
diagnostic-host-qwen2.5-coder-1.5b-pp128-tg0,qwen2.5-coder-1.5b,diagnostics,bench,,[],True,False,0,,,4,OpenCL,KV,7.0,llama_kv_cache:     OpenCL KV buffer size =     7.00 MiB
diagnostic-host-qwen2.5-coder-1.5b-pp128-tg0,qwen2.5-coder-1.5b,diagnostics,bench,,[],True,False,0,,,5,OpenCL,compute,16.0,sched_reserve:     OpenCL compute buffer size =    16.00 MiB
diagnostic-host-qwen2.5-coder-1.5b-pp128-tg0,qwen2.5-coder-1.5b,diagnostics,bench,,[],True,False,0,,,6,CPU,compute,75.69,sched_reserve:        CPU compute buffer size =    75.69 MiB
diagnostic-host-qwen2.5-coder-7b-pp0-tg32,qwen2.5-coder-7b,diagnostics,bench,,[],True,False,0,,,0,CPU,model,292.36,load_tensors:          CPU model buffer size =   292.36 MiB
diagnostic-host-qwen2.5-coder-7b-pp0-tg32,qwen2.5-coder-7b,diagnostics,bench,,[],True,False,0,,,1,CPU_REPACK,model,426.36,load_tensors:   CPU_REPACK model buffer size =   426.36 MiB
diagnostic-host-qwen2.5-coder-7b-pp0-tg32,qwen2.5-coder-7b,diagnostics,bench,,[],True,False,0,,,2,OpenCL,model,3741.83,load_tensors:       OpenCL model buffer size =  3741.83 MiB
diagnostic-host-qwen2.5-coder-7b-pp0-tg32,qwen2.5-coder-7b,diagnostics,bench,,[],True,False,0,,,3,CPU,output,0.58,llama_context:        CPU  output buffer size =     0.58 MiB
diagnostic-host-qwen2.5-coder-7b-pp0-tg32,qwen2.5-coder-7b,diagnostics,bench,,[],True,False,0,,,4,OpenCL,KV,14.0,llama_kv_cache:     OpenCL KV buffer size =    14.00 MiB
diagnostic-host-qwen2.5-coder-7b-pp0-tg32,qwen2.5-coder-7b,diagnostics,bench,,[],True,False,0,,,5,OpenCL,compute,8.41,sched_reserve:     OpenCL compute buffer size =     8.41 MiB
diagnostic-host-qwen2.5-coder-7b-pp0-tg32,qwen2.5-coder-7b,diagnostics,bench,,[],True,False,0,,,6,CPU,compute,19.44,sched_reserve:        CPU compute buffer size =    19.44 MiB
diagnostic-host-qwen2.5-coder-7b-pp1024-tg0-safeub256,qwen2.5-coder-7b,diagnostics,bench,,[],True,False,0,,,0,CPU,model,292.36,load_tensors:          CPU model buffer size =   292.36 MiB
diagnostic-host-qwen2.5-coder-7b-pp1024-tg0-safeub256,qwen2.5-coder-7b,diagnostics,bench,,[],True,False,0,,,1,CPU_REPACK,model,426.36,load_tensors:   CPU_REPACK model buffer size =   426.36 MiB
diagnostic-host-qwen2.5-coder-7b-pp1024-tg0-safeub256,qwen2.5-coder-7b,diagnostics,bench,,[],True,False,0,,,2,OpenCL,model,3741.83,load_tensors:       OpenCL model buffer size =  3741.83 MiB
diagnostic-host-qwen2.5-coder-7b-pp1024-tg0-safeub256,qwen2.5-coder-7b,diagnostics,bench,,[],True,False,0,,,3,CPU,output,0.58,llama_context:        CPU  output buffer size =     0.58 MiB
diagnostic-host-qwen2.5-coder-7b-pp1024-tg0-safeub256,qwen2.5-coder-7b,diagnostics,bench,,[],True,False,0,,,4,OpenCL,KV,56.0,llama_kv_cache:     OpenCL KV buffer size =    56.00 MiB
diagnostic-host-qwen2.5-coder-7b-pp1024-tg0-safeub256,qwen2.5-coder-7b,diagnostics,bench,,[],True,False,0,,,5,OpenCL,compute,68.0,sched_reserve:     OpenCL compute buffer size =    68.00 MiB
diagnostic-host-qwen2.5-coder-7b-pp1024-tg0-safeub256,qwen2.5-coder-7b,diagnostics,bench,,[],True,False,0,,,6,CPU,compute,155.5,sched_reserve:        CPU compute buffer size =   155.50 MiB
diagnostic-host-qwen3.5-4b-instruct-pp0-tg32,qwen3.5-4b-instruct,diagnostics,bench,,[],True,False,0,,,0,CPU,model,497.31,load_tensors:          CPU model buffer size =   497.31 MiB
diagnostic-host-qwen3.5-4b-instruct-pp0-tg32,qwen3.5-4b-instruct,diagnostics,bench,,[],True,False,0,,,1,CPU_REPACK,model,497.31,load_tensors:   CPU_REPACK model buffer size =   497.31 MiB
diagnostic-host-qwen3.5-4b-instruct-pp0-tg32,qwen3.5-4b-instruct,diagnostics,bench,,[],True,False,0,,,2,OpenCL,model,2106.31,load_tensors:       OpenCL model buffer size =  2106.31 MiB
diagnostic-host-qwen3.5-4b-instruct-pp0-tg32,qwen3.5-4b-instruct,diagnostics,bench,,[],True,False,0,,,3,CPU,output,0.95,llama_context:        CPU  output buffer size =     0.95 MiB
diagnostic-host-qwen3.5-4b-instruct-pp0-tg32,qwen3.5-4b-instruct,diagnostics,bench,,[],True,False,0,,,4,OpenCL,KV,8.0,llama_kv_cache:     OpenCL KV buffer size =     8.00 MiB
diagnostic-host-qwen3.5-4b-instruct-pp0-tg32,qwen3.5-4b-instruct,diagnostics,bench,,[],True,False,0,,,5,OpenCL,RS,50.25,llama_memory_recurrent:     OpenCL RS buffer size =    50.25 MiB
diagnostic-host-qwen3.5-4b-instruct-pp0-tg32,qwen3.5-4b-instruct,diagnostics,bench,,[],True,False,0,,,6,OpenCL,compute,7.59,sched_reserve:     OpenCL compute buffer size =     7.59 MiB
diagnostic-host-qwen3.5-4b-instruct-pp0-tg32,qwen3.5-4b-instruct,diagnostics,bench,,[],True,False,0,,,7,CPU,compute,30.94,sched_reserve:        CPU compute buffer size =    30.94 MiB
diagnostic-host-qwen3.5-4b-instruct-pp128-tg0,qwen3.5-4b-instruct,diagnostics,bench,,[],True,False,0,,,0,CPU,model,497.31,load_tensors:          CPU model buffer size =   497.31 MiB
diagnostic-host-qwen3.5-4b-instruct-pp128-tg0,qwen3.5-4b-instruct,diagnostics,bench,,[],True,False,0,,,1,CPU_REPACK,model,497.31,load_tensors:   CPU_REPACK model buffer size =   497.31 MiB
diagnostic-host-qwen3.5-4b-instruct-pp128-tg0,qwen3.5-4b-instruct,diagnostics,bench,,[],True,False,0,,,2,OpenCL,model,2106.31,load_tensors:       OpenCL model buffer size =  2106.31 MiB
diagnostic-host-qwen3.5-4b-instruct-pp128-tg0,qwen3.5-4b-instruct,diagnostics,bench,,[],True,False,0,,,3,CPU,output,0.95,llama_context:        CPU  output buffer size =     0.95 MiB
diagnostic-host-qwen3.5-4b-instruct-pp128-tg0,qwen3.5-4b-instruct,diagnostics,bench,,[],True,False,0,,,4,OpenCL,KV,8.0,llama_kv_cache:     OpenCL KV buffer size =     8.00 MiB
diagnostic-host-qwen3.5-4b-instruct-pp128-tg0,qwen3.5-4b-instruct,diagnostics,bench,,[],True,False,0,,,5,OpenCL,RS,50.25,llama_memory_recurrent:     OpenCL RS buffer size =    50.25 MiB
diagnostic-host-qwen3.5-4b-instruct-pp128-tg0,qwen3.5-4b-instruct,diagnostics,bench,,[],True,False,0,,,6,OpenCL,compute,17.13,sched_reserve:     OpenCL compute buffer size =    17.13 MiB
diagnostic-host-qwen3.5-4b-instruct-pp128-tg0,qwen3.5-4b-instruct,diagnostics,bench,,[],True,False,0,,,7,CPU,compute,123.75,sched_reserve:        CPU compute buffer size =   123.75 MiB
diagnostic-loader-control-host-qwen1.5,qwen2.5-coder-1.5b,probe,bench,charging-01,[],True,False,0,,,0,CPU,model,125.19,load_tensors:          CPU model buffer size =   125.19 MiB
diagnostic-loader-control-host-qwen1.5,qwen2.5-coder-1.5b,probe,bench,charging-01,[],True,False,0,,,1,CPU_REPACK,model,195.74,load_tensors:   CPU_REPACK model buffer size =   195.74 MiB
diagnostic-loader-control-host-qwen1.5,qwen2.5-coder-1.5b,probe,bench,charging-01,[],True,False,0,,,2,OpenCL,model,739.03,load_tensors:       OpenCL model buffer size =   739.03 MiB
diagnostic-loader-control-host-qwen1.5,qwen2.5-coder-1.5b,probe,bench,charging-01,[],True,False,0,,,3,CPU,output,0.58,llama_context:        CPU  output buffer size =     0.58 MiB
diagnostic-loader-control-host-qwen1.5,qwen2.5-coder-1.5b,probe,bench,charging-01,[],True,False,0,,,4,OpenCL,KV,7.0,llama_kv_cache:     OpenCL KV buffer size =     7.00 MiB
diagnostic-loader-control-host-qwen1.5,qwen2.5-coder-1.5b,probe,bench,charging-01,[],True,False,0,,,5,OpenCL,compute,16.0,sched_reserve:     OpenCL compute buffer size =    16.00 MiB
diagnostic-loader-control-host-qwen1.5,qwen2.5-coder-1.5b,probe,bench,charging-01,[],True,False,0,,,6,CPU,compute,75.69,sched_reserve:        CPU compute buffer size =    75.69 MiB
diagnostic-loader-control-host-qwen1.5,qwen2.5-coder-1.5b,probe,bench,charging-01,[],True,False,0,,,7,CPU,output,0.58,llama_context:        CPU  output buffer size =     0.58 MiB
diagnostic-loader-control-host-qwen1.5,qwen2.5-coder-1.5b,probe,bench,charging-01,[],True,False,0,,,8,OpenCL,KV,7.0,llama_kv_cache:     OpenCL KV buffer size =     7.00 MiB
diagnostic-loader-control-host-qwen1.5,qwen2.5-coder-1.5b,probe,bench,charging-01,[],True,False,0,,,9,OpenCL,compute,4.0,sched_reserve:     OpenCL compute buffer size =     4.00 MiB
diagnostic-loader-control-host-qwen1.5,qwen2.5-coder-1.5b,probe,bench,charging-01,[],True,False,0,,,10,CPU,compute,18.92,sched_reserve:        CPU compute buffer size =    18.92 MiB
diagnostic-loader-control-original-qwen1.5,qwen2.5-coder-1.5b,probe,bench,charging-01,[],True,False,0,,,0,CPU,model,125.19,load_tensors:          CPU model buffer size =   125.19 MiB
diagnostic-loader-control-original-qwen1.5,qwen2.5-coder-1.5b,probe,bench,charging-01,[],True,False,0,,,1,CPU_REPACK,model,195.74,load_tensors:   CPU_REPACK model buffer size =   195.74 MiB
diagnostic-loader-control-original-qwen1.5,qwen2.5-coder-1.5b,probe,bench,charging-01,[],True,False,0,,,2,OpenCL,model,739.03,load_tensors:       OpenCL model buffer size =   739.03 MiB
diagnostic-loader-control-original-qwen1.5,qwen2.5-coder-1.5b,probe,bench,charging-01,[],True,False,0,,,3,CPU,output,0.58,llama_context:        CPU  output buffer size =     0.58 MiB
diagnostic-loader-control-original-qwen1.5,qwen2.5-coder-1.5b,probe,bench,charging-01,[],True,False,0,,,4,OpenCL,KV,7.0,llama_kv_cache:     OpenCL KV buffer size =     7.00 MiB
diagnostic-loader-control-original-qwen1.5,qwen2.5-coder-1.5b,probe,bench,charging-01,[],True,False,0,,,5,OpenCL,compute,16.0,sched_reserve:     OpenCL compute buffer size =    16.00 MiB
diagnostic-loader-control-original-qwen1.5,qwen2.5-coder-1.5b,probe,bench,charging-01,[],True,False,0,,,6,CPU,compute,75.69,sched_reserve:        CPU compute buffer size =    75.69 MiB
diagnostic-loader-control-original-qwen1.5,qwen2.5-coder-1.5b,probe,bench,charging-01,[],True,False,0,,,7,CPU,output,0.58,llama_context:        CPU  output buffer size =     0.58 MiB
diagnostic-loader-control-original-qwen1.5,qwen2.5-coder-1.5b,probe,bench,charging-01,[],True,False,0,,,8,OpenCL,KV,7.0,llama_kv_cache:     OpenCL KV buffer size =     7.00 MiB
diagnostic-loader-control-original-qwen1.5,qwen2.5-coder-1.5b,probe,bench,charging-01,[],True,False,0,,,9,OpenCL,compute,4.0,sched_reserve:     OpenCL compute buffer size =     4.00 MiB
diagnostic-loader-control-original-qwen1.5,qwen2.5-coder-1.5b,probe,bench,charging-01,[],True,False,0,,,10,CPU,compute,18.92,sched_reserve:        CPU compute buffer size =    18.92 MiB
diagnostic-loader-paired-r0-control-mask9c,qwen2.5-coder-1.5b,probe,bench,charging-01,[],True,False,0,,,0,CPU,model,125.19,load_tensors:          CPU model buffer size =   125.19 MiB
diagnostic-loader-paired-r0-control-mask9c,qwen2.5-coder-1.5b,probe,bench,charging-01,[],True,False,0,,,1,CPU_REPACK,model,195.74,load_tensors:   CPU_REPACK model buffer size =   195.74 MiB
diagnostic-loader-paired-r0-control-mask9c,qwen2.5-coder-1.5b,probe,bench,charging-01,[],True,False,0,,,2,OpenCL,model,739.03,load_tensors:       OpenCL model buffer size =   739.03 MiB
diagnostic-loader-paired-r0-control-mask9c,qwen2.5-coder-1.5b,probe,bench,charging-01,[],True,False,0,,,3,CPU,output,0.58,llama_context:        CPU  output buffer size =     0.58 MiB
diagnostic-loader-paired-r0-control-mask9c,qwen2.5-coder-1.5b,probe,bench,charging-01,[],True,False,0,,,4,OpenCL,KV,7.0,llama_kv_cache:     OpenCL KV buffer size =     7.00 MiB
diagnostic-loader-paired-r0-control-mask9c,qwen2.5-coder-1.5b,probe,bench,charging-01,[],True,False,0,,,5,OpenCL,compute,16.0,sched_reserve:     OpenCL compute buffer size =    16.00 MiB
diagnostic-loader-paired-r0-control-mask9c,qwen2.5-coder-1.5b,probe,bench,charging-01,[],True,False,0,,,6,CPU,compute,75.69,sched_reserve:        CPU compute buffer size =    75.69 MiB
diagnostic-loader-paired-r0-control-mask9c,qwen2.5-coder-1.5b,probe,bench,charging-01,[],True,False,0,,,7,CPU,output,0.58,llama_context:        CPU  output buffer size =     0.58 MiB
diagnostic-loader-paired-r0-control-mask9c,qwen2.5-coder-1.5b,probe,bench,charging-01,[],True,False,0,,,8,OpenCL,KV,7.0,llama_kv_cache:     OpenCL KV buffer size =     7.00 MiB
diagnostic-loader-paired-r0-control-mask9c,qwen2.5-coder-1.5b,probe,bench,charging-01,[],True,False,0,,,9,OpenCL,compute,4.0,sched_reserve:     OpenCL compute buffer size =     4.00 MiB
diagnostic-loader-paired-r0-control-mask9c,qwen2.5-coder-1.5b,probe,bench,charging-01,[],True,False,0,,,10,CPU,compute,18.92,sched_reserve:        CPU compute buffer size =    18.92 MiB
diagnostic-loader-paired-r0-probeN1-mask9c,qwen2.5-coder-1.5b,probe,bench,charging-01,[],True,False,0,,,0,CPU,model,125.19,load_tensors:          CPU model buffer size =   125.19 MiB
diagnostic-loader-paired-r0-probeN1-mask9c,qwen2.5-coder-1.5b,probe,bench,charging-01,[],True,False,0,,,1,CPU_REPACK,model,182.57,load_tensors:   CPU_REPACK model buffer size =   182.57 MiB
diagnostic-loader-paired-r0-probeN1-mask9c,qwen2.5-coder-1.5b,probe,bench,charging-01,[],True,False,0,,,2,OpenCL,model,752.22,load_tensors:       OpenCL model buffer size =   752.22 MiB
diagnostic-loader-paired-r0-probeN1-mask9c,qwen2.5-coder-1.5b,probe,bench,charging-01,[],True,False,0,,,3,CPU,output,0.58,llama_context:        CPU  output buffer size =     0.58 MiB
diagnostic-loader-paired-r0-probeN1-mask9c,qwen2.5-coder-1.5b,probe,bench,charging-01,[],True,False,0,,,4,OpenCL,KV,7.0,llama_kv_cache:     OpenCL KV buffer size =     7.00 MiB
diagnostic-loader-paired-r0-probeN1-mask9c,qwen2.5-coder-1.5b,probe,bench,charging-01,[],True,False,0,,,5,OpenCL,compute,15.75,sched_reserve:     OpenCL compute buffer size =    15.75 MiB
diagnostic-loader-paired-r0-probeN1-mask9c,qwen2.5-coder-1.5b,probe,bench,charging-01,[],True,False,0,,,6,CPU,compute,75.69,sched_reserve:        CPU compute buffer size =    75.69 MiB
diagnostic-loader-paired-r0-probeN1-mask9c,qwen2.5-coder-1.5b,probe,bench,charging-01,[],True,False,0,,,7,CPU,output,0.58,llama_context:        CPU  output buffer size =     0.58 MiB
diagnostic-loader-paired-r0-probeN1-mask9c,qwen2.5-coder-1.5b,probe,bench,charging-01,[],True,False,0,,,8,OpenCL,KV,7.0,llama_kv_cache:     OpenCL KV buffer size =     7.00 MiB
diagnostic-loader-paired-r0-probeN1-mask9c,qwen2.5-coder-1.5b,probe,bench,charging-01,[],True,False,0,,,9,OpenCL,compute,3.94,sched_reserve:     OpenCL compute buffer size =     3.94 MiB
diagnostic-loader-paired-r0-probeN1-mask9c,qwen2.5-coder-1.5b,probe,bench,charging-01,[],True,False,0,,,10,CPU,compute,18.92,sched_reserve:        CPU compute buffer size =    18.92 MiB
diagnostic-loader-paired-r1-control-mask9c,qwen2.5-coder-1.5b,probe,bench,charging-01,"[""Requested CPU affinity was rejected by Android""]",False,False,0,,,0,CPU,model,125.19,load_tensors:          CPU model buffer size =   125.19 MiB
diagnostic-loader-paired-r1-control-mask9c,qwen2.5-coder-1.5b,probe,bench,charging-01,"[""Requested CPU affinity was rejected by Android""]",False,False,0,,,1,CPU_REPACK,model,195.74,load_tensors:   CPU_REPACK model buffer size =   195.74 MiB
diagnostic-loader-paired-r1-control-mask9c,qwen2.5-coder-1.5b,probe,bench,charging-01,"[""Requested CPU affinity was rejected by Android""]",False,False,0,,,2,OpenCL,model,739.03,load_tensors:       OpenCL model buffer size =   739.03 MiB
diagnostic-loader-paired-r1-control-mask9c,qwen2.5-coder-1.5b,probe,bench,charging-01,"[""Requested CPU affinity was rejected by Android""]",False,False,0,,,3,CPU,output,0.58,llama_context:        CPU  output buffer size =     0.58 MiB
diagnostic-loader-paired-r1-control-mask9c,qwen2.5-coder-1.5b,probe,bench,charging-01,"[""Requested CPU affinity was rejected by Android""]",False,False,0,,,4,OpenCL,KV,7.0,llama_kv_cache:     OpenCL KV buffer size =     7.00 MiB
diagnostic-loader-paired-r1-control-mask9c,qwen2.5-coder-1.5b,probe,bench,charging-01,"[""Requested CPU affinity was rejected by Android""]",False,False,0,,,5,OpenCL,compute,16.0,sched_reserve:     OpenCL compute buffer size =    16.00 MiB
diagnostic-loader-paired-r1-control-mask9c,qwen2.5-coder-1.5b,probe,bench,charging-01,"[""Requested CPU affinity was rejected by Android""]",False,False,0,,,6,CPU,compute,75.69,sched_reserve:        CPU compute buffer size =    75.69 MiB
diagnostic-loader-paired-r1-control-mask9c,qwen2.5-coder-1.5b,probe,bench,charging-01,"[""Requested CPU affinity was rejected by Android""]",False,False,0,,,7,CPU,output,0.58,llama_context:        CPU  output buffer size =     0.58 MiB
diagnostic-loader-paired-r1-control-mask9c,qwen2.5-coder-1.5b,probe,bench,charging-01,"[""Requested CPU affinity was rejected by Android""]",False,False,0,,,8,OpenCL,KV,7.0,llama_kv_cache:     OpenCL KV buffer size =     7.00 MiB
diagnostic-loader-paired-r1-control-mask9c,qwen2.5-coder-1.5b,probe,bench,charging-01,"[""Requested CPU affinity was rejected by Android""]",False,False,0,,,9,OpenCL,compute,4.0,sched_reserve:     OpenCL compute buffer size =     4.00 MiB
diagnostic-loader-paired-r1-control-mask9c,qwen2.5-coder-1.5b,probe,bench,charging-01,"[""Requested CPU affinity was rejected by Android""]",False,False,0,,,10,CPU,compute,18.92,sched_reserve:        CPU compute buffer size =    18.92 MiB
diagnostic-loader-paired-r1-probeN1-mask9c,qwen2.5-coder-1.5b,probe,bench,charging-01,[],True,False,0,,,0,CPU,model,125.19,load_tensors:          CPU model buffer size =   125.19 MiB
diagnostic-loader-paired-r1-probeN1-mask9c,qwen2.5-coder-1.5b,probe,bench,charging-01,[],True,False,0,,,1,CPU_REPACK,model,182.57,load_tensors:   CPU_REPACK model buffer size =   182.57 MiB
diagnostic-loader-paired-r1-probeN1-mask9c,qwen2.5-coder-1.5b,probe,bench,charging-01,[],True,False,0,,,2,OpenCL,model,752.22,load_tensors:       OpenCL model buffer size =   752.22 MiB
diagnostic-loader-paired-r1-probeN1-mask9c,qwen2.5-coder-1.5b,probe,bench,charging-01,[],True,False,0,,,3,CPU,output,0.58,llama_context:        CPU  output buffer size =     0.58 MiB
diagnostic-loader-paired-r1-probeN1-mask9c,qwen2.5-coder-1.5b,probe,bench,charging-01,[],True,False,0,,,4,OpenCL,KV,7.0,llama_kv_cache:     OpenCL KV buffer size =     7.00 MiB
diagnostic-loader-paired-r1-probeN1-mask9c,qwen2.5-coder-1.5b,probe,bench,charging-01,[],True,False,0,,,5,OpenCL,compute,15.75,sched_reserve:     OpenCL compute buffer size =    15.75 MiB
diagnostic-loader-paired-r1-probeN1-mask9c,qwen2.5-coder-1.5b,probe,bench,charging-01,[],True,False,0,,,6,CPU,compute,75.69,sched_reserve:        CPU compute buffer size =    75.69 MiB
diagnostic-loader-paired-r1-probeN1-mask9c,qwen2.5-coder-1.5b,probe,bench,charging-01,[],True,False,0,,,7,CPU,output,0.58,llama_context:        CPU  output buffer size =     0.58 MiB
diagnostic-loader-paired-r1-probeN1-mask9c,qwen2.5-coder-1.5b,probe,bench,charging-01,[],True,False,0,,,8,OpenCL,KV,7.0,llama_kv_cache:     OpenCL KV buffer size =     7.00 MiB
diagnostic-loader-paired-r1-probeN1-mask9c,qwen2.5-coder-1.5b,probe,bench,charging-01,[],True,False,0,,,9,OpenCL,compute,3.94,sched_reserve:     OpenCL compute buffer size =     3.94 MiB
diagnostic-loader-paired-r1-probeN1-mask9c,qwen2.5-coder-1.5b,probe,bench,charging-01,[],True,False,0,,,10,CPU,compute,18.92,sched_reserve:        CPU compute buffer size =    18.92 MiB
diagnostic-loader-probeN1-KMP0-host-qwen1.5,qwen2.5-coder-1.5b,probe,bench,charging-01,[],True,False,0,,,0,CPU,model,125.19,load_tensors:          CPU model buffer size =   125.19 MiB
diagnostic-loader-probeN1-KMP0-host-qwen1.5,qwen2.5-coder-1.5b,probe,bench,charging-01,[],True,False,0,,,1,CPU_REPACK,model,182.57,load_tensors:   CPU_REPACK model buffer size =   182.57 MiB
diagnostic-loader-probeN1-KMP0-host-qwen1.5,qwen2.5-coder-1.5b,probe,bench,charging-01,[],True,False,0,,,2,OpenCL,model,752.22,load_tensors:       OpenCL model buffer size =   752.22 MiB
diagnostic-loader-probeN1-KMP0-host-qwen1.5,qwen2.5-coder-1.5b,probe,bench,charging-01,[],True,False,0,,,3,CPU,output,0.58,llama_context:        CPU  output buffer size =     0.58 MiB
diagnostic-loader-probeN1-KMP0-host-qwen1.5,qwen2.5-coder-1.5b,probe,bench,charging-01,[],True,False,0,,,4,OpenCL,KV,7.0,llama_kv_cache:     OpenCL KV buffer size =     7.00 MiB
diagnostic-loader-probeN1-KMP0-host-qwen1.5,qwen2.5-coder-1.5b,probe,bench,charging-01,[],True,False,0,,,5,OpenCL,compute,15.75,sched_reserve:     OpenCL compute buffer size =    15.75 MiB
diagnostic-loader-probeN1-KMP0-host-qwen1.5,qwen2.5-coder-1.5b,probe,bench,charging-01,[],True,False,0,,,6,CPU,compute,75.69,sched_reserve:        CPU compute buffer size =    75.69 MiB
diagnostic-loader-probeN1-KMP0-host-qwen1.5,qwen2.5-coder-1.5b,probe,bench,charging-01,[],True,False,0,,,7,CPU,output,0.58,llama_context:        CPU  output buffer size =     0.58 MiB
diagnostic-loader-probeN1-KMP0-host-qwen1.5,qwen2.5-coder-1.5b,probe,bench,charging-01,[],True,False,0,,,8,OpenCL,KV,7.0,llama_kv_cache:     OpenCL KV buffer size =     7.00 MiB
diagnostic-loader-probeN1-KMP0-host-qwen1.5,qwen2.5-coder-1.5b,probe,bench,charging-01,[],True,False,0,,,9,OpenCL,compute,3.94,sched_reserve:     OpenCL compute buffer size =     3.94 MiB
diagnostic-loader-probeN1-KMP0-host-qwen1.5,qwen2.5-coder-1.5b,probe,bench,charging-01,[],True,False,0,,,10,CPU,compute,18.92,sched_reserve:        CPU compute buffer size =    18.92 MiB
diagnostic-loader-probeN1-KMP0-original-qwen1.5,qwen2.5-coder-1.5b,probe,bench,charging-01,[],True,False,0,,,0,CPU,model,125.19,load_tensors:          CPU model buffer size =   125.19 MiB
diagnostic-loader-probeN1-KMP0-original-qwen1.5,qwen2.5-coder-1.5b,probe,bench,charging-01,[],True,False,0,,,1,CPU_REPACK,model,182.57,load_tensors:   CPU_REPACK model buffer size =   182.57 MiB
diagnostic-loader-probeN1-KMP0-original-qwen1.5,qwen2.5-coder-1.5b,probe,bench,charging-01,[],True,False,0,,,2,OpenCL,model,752.22,load_tensors:       OpenCL model buffer size =   752.22 MiB
diagnostic-loader-probeN1-KMP0-original-qwen1.5,qwen2.5-coder-1.5b,probe,bench,charging-01,[],True,False,0,,,3,CPU,output,0.58,llama_context:        CPU  output buffer size =     0.58 MiB
diagnostic-loader-probeN1-KMP0-original-qwen1.5,qwen2.5-coder-1.5b,probe,bench,charging-01,[],True,False,0,,,4,OpenCL,KV,7.0,llama_kv_cache:     OpenCL KV buffer size =     7.00 MiB
diagnostic-loader-probeN1-KMP0-original-qwen1.5,qwen2.5-coder-1.5b,probe,bench,charging-01,[],True,False,0,,,5,OpenCL,compute,15.75,sched_reserve:     OpenCL compute buffer size =    15.75 MiB
diagnostic-loader-probeN1-KMP0-original-qwen1.5,qwen2.5-coder-1.5b,probe,bench,charging-01,[],True,False,0,,,6,CPU,compute,75.69,sched_reserve:        CPU compute buffer size =    75.69 MiB
diagnostic-loader-probeN1-KMP0-original-qwen1.5,qwen2.5-coder-1.5b,probe,bench,charging-01,[],True,False,0,,,7,CPU,output,0.58,llama_context:        CPU  output buffer size =     0.58 MiB
diagnostic-loader-probeN1-KMP0-original-qwen1.5,qwen2.5-coder-1.5b,probe,bench,charging-01,[],True,False,0,,,8,OpenCL,KV,7.0,llama_kv_cache:     OpenCL KV buffer size =     7.00 MiB
diagnostic-loader-probeN1-KMP0-original-qwen1.5,qwen2.5-coder-1.5b,probe,bench,charging-01,[],True,False,0,,,9,OpenCL,compute,3.94,sched_reserve:     OpenCL compute buffer size =     3.94 MiB
diagnostic-loader-probeN1-KMP0-original-qwen1.5,qwen2.5-coder-1.5b,probe,bench,charging-01,[],True,False,0,,,10,CPU,compute,18.92,sched_reserve:        CPU compute buffer size =    18.92 MiB
diagnostic-loader-probeN1-host-qwen1.5,qwen2.5-coder-1.5b,probe,bench,charging-01,[],True,False,0,,,0,CPU,model,125.19,load_tensors:          CPU model buffer size =   125.19 MiB
diagnostic-loader-probeN1-host-qwen1.5,qwen2.5-coder-1.5b,probe,bench,charging-01,[],True,False,0,,,1,CPU_REPACK,model,182.57,load_tensors:   CPU_REPACK model buffer size =   182.57 MiB
diagnostic-loader-probeN1-host-qwen1.5,qwen2.5-coder-1.5b,probe,bench,charging-01,[],True,False,0,,,2,OpenCL,model,752.22,load_tensors:       OpenCL model buffer size =   752.22 MiB
diagnostic-loader-probeN1-host-qwen1.5,qwen2.5-coder-1.5b,probe,bench,charging-01,[],True,False,0,,,3,CPU,output,0.58,llama_context:        CPU  output buffer size =     0.58 MiB
diagnostic-loader-probeN1-host-qwen1.5,qwen2.5-coder-1.5b,probe,bench,charging-01,[],True,False,0,,,4,OpenCL,KV,7.0,llama_kv_cache:     OpenCL KV buffer size =     7.00 MiB
diagnostic-loader-probeN1-host-qwen1.5,qwen2.5-coder-1.5b,probe,bench,charging-01,[],True,False,0,,,5,OpenCL,compute,15.75,sched_reserve:     OpenCL compute buffer size =    15.75 MiB
diagnostic-loader-probeN1-host-qwen1.5,qwen2.5-coder-1.5b,probe,bench,charging-01,[],True,False,0,,,6,CPU,compute,75.69,sched_reserve:        CPU compute buffer size =    75.69 MiB
diagnostic-loader-probeN1-host-qwen1.5,qwen2.5-coder-1.5b,probe,bench,charging-01,[],True,False,0,,,7,CPU,output,0.58,llama_context:        CPU  output buffer size =     0.58 MiB
diagnostic-loader-probeN1-host-qwen1.5,qwen2.5-coder-1.5b,probe,bench,charging-01,[],True,False,0,,,8,OpenCL,KV,7.0,llama_kv_cache:     OpenCL KV buffer size =     7.00 MiB
diagnostic-loader-probeN1-host-qwen1.5,qwen2.5-coder-1.5b,probe,bench,charging-01,[],True,False,0,,,9,OpenCL,compute,3.94,sched_reserve:     OpenCL compute buffer size =     3.94 MiB
diagnostic-loader-probeN1-host-qwen1.5,qwen2.5-coder-1.5b,probe,bench,charging-01,[],True,False,0,,,10,CPU,compute,18.92,sched_reserve:        CPU compute buffer size =    18.92 MiB
diagnostic-loader-probeN1-original-qwen1.5,qwen2.5-coder-1.5b,probe,bench,charging-01,[],True,False,0,,,0,CPU,model,125.19,load_tensors:          CPU model buffer size =   125.19 MiB
diagnostic-loader-probeN1-original-qwen1.5,qwen2.5-coder-1.5b,probe,bench,charging-01,[],True,False,0,,,1,CPU_REPACK,model,182.57,load_tensors:   CPU_REPACK model buffer size =   182.57 MiB
diagnostic-loader-probeN1-original-qwen1.5,qwen2.5-coder-1.5b,probe,bench,charging-01,[],True,False,0,,,2,OpenCL,model,752.22,load_tensors:       OpenCL model buffer size =   752.22 MiB
diagnostic-loader-probeN1-original-qwen1.5,qwen2.5-coder-1.5b,probe,bench,charging-01,[],True,False,0,,,3,CPU,output,0.58,llama_context:        CPU  output buffer size =     0.58 MiB
diagnostic-loader-probeN1-original-qwen1.5,qwen2.5-coder-1.5b,probe,bench,charging-01,[],True,False,0,,,4,OpenCL,KV,7.0,llama_kv_cache:     OpenCL KV buffer size =     7.00 MiB
diagnostic-loader-probeN1-original-qwen1.5,qwen2.5-coder-1.5b,probe,bench,charging-01,[],True,False,0,,,5,OpenCL,compute,15.75,sched_reserve:     OpenCL compute buffer size =    15.75 MiB
diagnostic-loader-probeN1-original-qwen1.5,qwen2.5-coder-1.5b,probe,bench,charging-01,[],True,False,0,,,6,CPU,compute,75.69,sched_reserve:        CPU compute buffer size =    75.69 MiB
diagnostic-loader-probeN1-original-qwen1.5,qwen2.5-coder-1.5b,probe,bench,charging-01,[],True,False,0,,,7,CPU,output,0.58,llama_context:        CPU  output buffer size =     0.58 MiB
diagnostic-loader-probeN1-original-qwen1.5,qwen2.5-coder-1.5b,probe,bench,charging-01,[],True,False,0,,,8,OpenCL,KV,7.0,llama_kv_cache:     OpenCL KV buffer size =     7.00 MiB
diagnostic-loader-probeN1-original-qwen1.5,qwen2.5-coder-1.5b,probe,bench,charging-01,[],True,False,0,,,9,OpenCL,compute,3.94,sched_reserve:     OpenCL compute buffer size =     3.94 MiB
diagnostic-loader-probeN1-original-qwen1.5,qwen2.5-coder-1.5b,probe,bench,charging-01,[],True,False,0,,,10,CPU,compute,18.92,sched_reserve:        CPU compute buffer size =    18.92 MiB
diagnostic-overhead-host-uninstrumented-qwen2.5-coder-1.5b,qwen2.5-coder-1.5b,diagnostics,bench,,[],True,False,0,,,0,CPU,model,125.19,load_tensors:          CPU model buffer size =   125.19 MiB
diagnostic-overhead-host-uninstrumented-qwen2.5-coder-1.5b,qwen2.5-coder-1.5b,diagnostics,bench,,[],True,False,0,,,1,CPU_REPACK,model,195.74,load_tensors:   CPU_REPACK model buffer size =   195.74 MiB
diagnostic-overhead-host-uninstrumented-qwen2.5-coder-1.5b,qwen2.5-coder-1.5b,diagnostics,bench,,[],True,False,0,,,2,OpenCL,model,739.03,load_tensors:       OpenCL model buffer size =   739.03 MiB
diagnostic-overhead-host-uninstrumented-qwen2.5-coder-1.5b,qwen2.5-coder-1.5b,diagnostics,bench,,[],True,False,0,,,3,CPU,output,0.58,llama_context:        CPU  output buffer size =     0.58 MiB
diagnostic-overhead-host-uninstrumented-qwen2.5-coder-1.5b,qwen2.5-coder-1.5b,diagnostics,bench,,[],True,False,0,,,4,OpenCL,KV,7.0,llama_kv_cache:     OpenCL KV buffer size =     7.00 MiB
diagnostic-overhead-host-uninstrumented-qwen2.5-coder-1.5b,qwen2.5-coder-1.5b,diagnostics,bench,,[],True,False,0,,,5,OpenCL,compute,16.0,sched_reserve:     OpenCL compute buffer size =    16.00 MiB
diagnostic-overhead-host-uninstrumented-qwen2.5-coder-1.5b,qwen2.5-coder-1.5b,diagnostics,bench,,[],True,False,0,,,6,CPU,compute,75.69,sched_reserve:        CPU compute buffer size =    75.69 MiB
diagnostic-overhead-host-uninstrumented-qwen2.5-coder-1.5b,qwen2.5-coder-1.5b,diagnostics,bench,,[],True,False,0,,,7,CPU,output,0.58,llama_context:        CPU  output buffer size =     0.58 MiB
diagnostic-overhead-host-uninstrumented-qwen2.5-coder-1.5b,qwen2.5-coder-1.5b,diagnostics,bench,,[],True,False,0,,,8,OpenCL,KV,7.0,llama_kv_cache:     OpenCL KV buffer size =     7.00 MiB
diagnostic-overhead-host-uninstrumented-qwen2.5-coder-1.5b,qwen2.5-coder-1.5b,diagnostics,bench,,[],True,False,0,,,9,OpenCL,compute,4.0,sched_reserve:     OpenCL compute buffer size =     4.00 MiB
diagnostic-overhead-host-uninstrumented-qwen2.5-coder-1.5b,qwen2.5-coder-1.5b,diagnostics,bench,,[],True,False,0,,,10,CPU,compute,18.92,sched_reserve:        CPU compute buffer size =    18.92 MiB
diagnostic-overhead-original-qwen2.5-coder-1.5b,qwen2.5-coder-1.5b,diagnostics,bench,,[],True,False,0,,,0,CPU,model,125.19,load_tensors:          CPU model buffer size =   125.19 MiB
diagnostic-overhead-original-qwen2.5-coder-1.5b,qwen2.5-coder-1.5b,diagnostics,bench,,[],True,False,0,,,1,CPU_REPACK,model,195.74,load_tensors:   CPU_REPACK model buffer size =   195.74 MiB
diagnostic-overhead-original-qwen2.5-coder-1.5b,qwen2.5-coder-1.5b,diagnostics,bench,,[],True,False,0,,,2,OpenCL,model,739.03,load_tensors:       OpenCL model buffer size =   739.03 MiB
diagnostic-overhead-original-qwen2.5-coder-1.5b,qwen2.5-coder-1.5b,diagnostics,bench,,[],True,False,0,,,3,CPU,output,0.58,llama_context:        CPU  output buffer size =     0.58 MiB
diagnostic-overhead-original-qwen2.5-coder-1.5b,qwen2.5-coder-1.5b,diagnostics,bench,,[],True,False,0,,,4,OpenCL,KV,7.0,llama_kv_cache:     OpenCL KV buffer size =     7.00 MiB
diagnostic-overhead-original-qwen2.5-coder-1.5b,qwen2.5-coder-1.5b,diagnostics,bench,,[],True,False,0,,,5,OpenCL,compute,16.0,sched_reserve:     OpenCL compute buffer size =    16.00 MiB
diagnostic-overhead-original-qwen2.5-coder-1.5b,qwen2.5-coder-1.5b,diagnostics,bench,,[],True,False,0,,,6,CPU,compute,75.69,sched_reserve:        CPU compute buffer size =    75.69 MiB
diagnostic-overhead-original-qwen2.5-coder-1.5b,qwen2.5-coder-1.5b,diagnostics,bench,,[],True,False,0,,,7,CPU,output,0.58,llama_context:        CPU  output buffer size =     0.58 MiB
diagnostic-overhead-original-qwen2.5-coder-1.5b,qwen2.5-coder-1.5b,diagnostics,bench,,[],True,False,0,,,8,OpenCL,KV,7.0,llama_kv_cache:     OpenCL KV buffer size =     7.00 MiB
diagnostic-overhead-original-qwen2.5-coder-1.5b,qwen2.5-coder-1.5b,diagnostics,bench,,[],True,False,0,,,9,OpenCL,compute,4.0,sched_reserve:     OpenCL compute buffer size =     4.00 MiB
diagnostic-overhead-original-qwen2.5-coder-1.5b,qwen2.5-coder-1.5b,diagnostics,bench,,[],True,False,0,,,10,CPU,compute,18.92,sched_reserve:        CPU compute buffer size =    18.92 MiB
diagnostic-poll0-host-qwen2.5-coder-1.5b,qwen2.5-coder-1.5b,diagnostics,bench,,[],True,False,0,,,0,CPU,model,125.19,load_tensors:          CPU model buffer size =   125.19 MiB
diagnostic-poll0-host-qwen2.5-coder-1.5b,qwen2.5-coder-1.5b,diagnostics,bench,,[],True,False,0,,,1,CPU_REPACK,model,195.74,load_tensors:   CPU_REPACK model buffer size =   195.74 MiB
diagnostic-poll0-host-qwen2.5-coder-1.5b,qwen2.5-coder-1.5b,diagnostics,bench,,[],True,False,0,,,2,OpenCL,model,739.03,load_tensors:       OpenCL model buffer size =   739.03 MiB
diagnostic-poll0-host-qwen2.5-coder-1.5b,qwen2.5-coder-1.5b,diagnostics,bench,,[],True,False,0,,,3,CPU,output,0.58,llama_context:        CPU  output buffer size =     0.58 MiB
diagnostic-poll0-host-qwen2.5-coder-1.5b,qwen2.5-coder-1.5b,diagnostics,bench,,[],True,False,0,,,4,OpenCL,KV,7.0,llama_kv_cache:     OpenCL KV buffer size =     7.00 MiB
diagnostic-poll0-host-qwen2.5-coder-1.5b,qwen2.5-coder-1.5b,diagnostics,bench,,[],True,False,0,,,5,OpenCL,compute,4.0,sched_reserve:     OpenCL compute buffer size =     4.00 MiB
diagnostic-poll0-host-qwen2.5-coder-1.5b,qwen2.5-coder-1.5b,diagnostics,bench,,[],True,False,0,,,6,CPU,compute,18.92,sched_reserve:        CPU compute buffer size =    18.92 MiB
diagnostic-poll0-host-qwen2.5-coder-7b,qwen2.5-coder-7b,diagnostics,bench,,[],True,False,0,,,0,CPU,model,292.36,load_tensors:          CPU model buffer size =   292.36 MiB
diagnostic-poll0-host-qwen2.5-coder-7b,qwen2.5-coder-7b,diagnostics,bench,,[],True,False,0,,,1,CPU_REPACK,model,426.36,load_tensors:   CPU_REPACK model buffer size =   426.36 MiB
diagnostic-poll0-host-qwen2.5-coder-7b,qwen2.5-coder-7b,diagnostics,bench,,[],True,False,0,,,2,OpenCL,model,3741.83,load_tensors:       OpenCL model buffer size =  3741.83 MiB
diagnostic-poll0-host-qwen2.5-coder-7b,qwen2.5-coder-7b,diagnostics,bench,,[],True,False,0,,,3,CPU,output,0.58,llama_context:        CPU  output buffer size =     0.58 MiB
diagnostic-poll0-host-qwen2.5-coder-7b,qwen2.5-coder-7b,diagnostics,bench,,[],True,False,0,,,4,OpenCL,KV,14.0,llama_kv_cache:     OpenCL KV buffer size =    14.00 MiB
diagnostic-poll0-host-qwen2.5-coder-7b,qwen2.5-coder-7b,diagnostics,bench,,[],True,False,0,,,5,OpenCL,compute,8.41,sched_reserve:     OpenCL compute buffer size =     8.41 MiB
diagnostic-poll0-host-qwen2.5-coder-7b,qwen2.5-coder-7b,diagnostics,bench,,[],True,False,0,,,6,CPU,compute,19.44,sched_reserve:        CPU compute buffer size =    19.44 MiB
diagnostic-poll0-original-qwen2.5-coder-1.5b,qwen2.5-coder-1.5b,diagnostics,bench,,[],True,False,0,,,0,CPU,model,125.19,load_tensors:          CPU model buffer size =   125.19 MiB
diagnostic-poll0-original-qwen2.5-coder-1.5b,qwen2.5-coder-1.5b,diagnostics,bench,,[],True,False,0,,,1,CPU_REPACK,model,195.74,load_tensors:   CPU_REPACK model buffer size =   195.74 MiB
diagnostic-poll0-original-qwen2.5-coder-1.5b,qwen2.5-coder-1.5b,diagnostics,bench,,[],True,False,0,,,2,OpenCL,model,739.03,load_tensors:       OpenCL model buffer size =   739.03 MiB
diagnostic-poll0-original-qwen2.5-coder-1.5b,qwen2.5-coder-1.5b,diagnostics,bench,,[],True,False,0,,,3,CPU,output,0.58,llama_context:        CPU  output buffer size =     0.58 MiB
diagnostic-poll0-original-qwen2.5-coder-1.5b,qwen2.5-coder-1.5b,diagnostics,bench,,[],True,False,0,,,4,OpenCL,KV,7.0,llama_kv_cache:     OpenCL KV buffer size =     7.00 MiB
diagnostic-poll0-original-qwen2.5-coder-1.5b,qwen2.5-coder-1.5b,diagnostics,bench,,[],True,False,0,,,5,OpenCL,compute,4.0,sched_reserve:     OpenCL compute buffer size =     4.00 MiB
diagnostic-poll0-original-qwen2.5-coder-1.5b,qwen2.5-coder-1.5b,diagnostics,bench,,[],True,False,0,,,6,CPU,compute,18.92,sched_reserve:        CPU compute buffer size =    18.92 MiB
diagnostic-poll0-original-qwen2.5-coder-7b,qwen2.5-coder-7b,diagnostics,bench,,[],True,False,0,,,0,CPU,model,292.36,load_tensors:          CPU model buffer size =   292.36 MiB
diagnostic-poll0-original-qwen2.5-coder-7b,qwen2.5-coder-7b,diagnostics,bench,,[],True,False,0,,,1,CPU_REPACK,model,426.36,load_tensors:   CPU_REPACK model buffer size =   426.36 MiB
diagnostic-poll0-original-qwen2.5-coder-7b,qwen2.5-coder-7b,diagnostics,bench,,[],True,False,0,,,2,OpenCL,model,3741.83,load_tensors:       OpenCL model buffer size =  3741.83 MiB
diagnostic-poll0-original-qwen2.5-coder-7b,qwen2.5-coder-7b,diagnostics,bench,,[],True,False,0,,,3,CPU,output,0.58,llama_context:        CPU  output buffer size =     0.58 MiB
diagnostic-poll0-original-qwen2.5-coder-7b,qwen2.5-coder-7b,diagnostics,bench,,[],True,False,0,,,4,OpenCL,KV,14.0,llama_kv_cache:     OpenCL KV buffer size =    14.00 MiB
diagnostic-poll0-original-qwen2.5-coder-7b,qwen2.5-coder-7b,diagnostics,bench,,[],True,False,0,,,5,OpenCL,compute,8.41,sched_reserve:     OpenCL compute buffer size =     8.41 MiB
diagnostic-poll0-original-qwen2.5-coder-7b,qwen2.5-coder-7b,diagnostics,bench,,[],True,False,0,,,6,CPU,compute,19.44,sched_reserve:        CPU compute buffer size =    19.44 MiB
diagnostic-profile-qwen2.5-coder-1.5b-pp0-tg32,qwen2.5-coder-1.5b,diagnostics,bench,,[],True,False,0,,,0,CPU,model,125.19,load_tensors:          CPU model buffer size =   125.19 MiB
diagnostic-profile-qwen2.5-coder-1.5b-pp0-tg32,qwen2.5-coder-1.5b,diagnostics,bench,,[],True,False,0,,,1,CPU_REPACK,model,195.74,load_tensors:   CPU_REPACK model buffer size =   195.74 MiB
diagnostic-profile-qwen2.5-coder-1.5b-pp0-tg32,qwen2.5-coder-1.5b,diagnostics,bench,,[],True,False,0,,,2,OpenCL,model,739.03,load_tensors:       OpenCL model buffer size =   739.03 MiB
diagnostic-profile-qwen2.5-coder-1.5b-pp0-tg32,qwen2.5-coder-1.5b,diagnostics,bench,,[],True,False,0,,,3,CPU,output,0.58,llama_context:        CPU  output buffer size =     0.58 MiB
diagnostic-profile-qwen2.5-coder-1.5b-pp0-tg32,qwen2.5-coder-1.5b,diagnostics,bench,,[],True,False,0,,,4,OpenCL,KV,7.0,llama_kv_cache:     OpenCL KV buffer size =     7.00 MiB
diagnostic-profile-qwen2.5-coder-1.5b-pp0-tg32,qwen2.5-coder-1.5b,diagnostics,bench,,[],True,False,0,,,5,OpenCL,compute,4.0,sched_reserve:     OpenCL compute buffer size =     4.00 MiB
diagnostic-profile-qwen2.5-coder-1.5b-pp0-tg32,qwen2.5-coder-1.5b,diagnostics,bench,,[],True,False,0,,,6,CPU,compute,18.92,sched_reserve:        CPU compute buffer size =    18.92 MiB
diagnostic-profile-qwen2.5-coder-1.5b-pp128-tg0,qwen2.5-coder-1.5b,diagnostics,bench,,[],True,False,0,,,0,CPU,model,125.19,load_tensors:          CPU model buffer size =   125.19 MiB
diagnostic-profile-qwen2.5-coder-1.5b-pp128-tg0,qwen2.5-coder-1.5b,diagnostics,bench,,[],True,False,0,,,1,CPU_REPACK,model,195.74,load_tensors:   CPU_REPACK model buffer size =   195.74 MiB
diagnostic-profile-qwen2.5-coder-1.5b-pp128-tg0,qwen2.5-coder-1.5b,diagnostics,bench,,[],True,False,0,,,2,OpenCL,model,739.03,load_tensors:       OpenCL model buffer size =   739.03 MiB
diagnostic-profile-qwen2.5-coder-1.5b-pp128-tg0,qwen2.5-coder-1.5b,diagnostics,bench,,[],True,False,0,,,3,CPU,output,0.58,llama_context:        CPU  output buffer size =     0.58 MiB
diagnostic-profile-qwen2.5-coder-1.5b-pp128-tg0,qwen2.5-coder-1.5b,diagnostics,bench,,[],True,False,0,,,4,OpenCL,KV,7.0,llama_kv_cache:     OpenCL KV buffer size =     7.00 MiB
diagnostic-profile-qwen2.5-coder-1.5b-pp128-tg0,qwen2.5-coder-1.5b,diagnostics,bench,,[],True,False,0,,,5,OpenCL,compute,16.0,sched_reserve:     OpenCL compute buffer size =    16.00 MiB
diagnostic-profile-qwen2.5-coder-1.5b-pp128-tg0,qwen2.5-coder-1.5b,diagnostics,bench,,[],True,False,0,,,6,CPU,compute,75.69,sched_reserve:        CPU compute buffer size =    75.69 MiB
diagnostic-profile-qwen2.5-coder-7b-pp0-tg32,qwen2.5-coder-7b,diagnostics,bench,,[],True,False,0,,,0,CPU,model,292.36,load_tensors:          CPU model buffer size =   292.36 MiB
diagnostic-profile-qwen2.5-coder-7b-pp0-tg32,qwen2.5-coder-7b,diagnostics,bench,,[],True,False,0,,,1,CPU_REPACK,model,426.36,load_tensors:   CPU_REPACK model buffer size =   426.36 MiB
diagnostic-profile-qwen2.5-coder-7b-pp0-tg32,qwen2.5-coder-7b,diagnostics,bench,,[],True,False,0,,,2,OpenCL,model,3741.83,load_tensors:       OpenCL model buffer size =  3741.83 MiB
diagnostic-profile-qwen2.5-coder-7b-pp0-tg32,qwen2.5-coder-7b,diagnostics,bench,,[],True,False,0,,,3,CPU,output,0.58,llama_context:        CPU  output buffer size =     0.58 MiB
diagnostic-profile-qwen2.5-coder-7b-pp0-tg32,qwen2.5-coder-7b,diagnostics,bench,,[],True,False,0,,,4,OpenCL,KV,14.0,llama_kv_cache:     OpenCL KV buffer size =    14.00 MiB
diagnostic-profile-qwen2.5-coder-7b-pp0-tg32,qwen2.5-coder-7b,diagnostics,bench,,[],True,False,0,,,5,OpenCL,compute,8.41,sched_reserve:     OpenCL compute buffer size =     8.41 MiB
diagnostic-profile-qwen2.5-coder-7b-pp0-tg32,qwen2.5-coder-7b,diagnostics,bench,,[],True,False,0,,,6,CPU,compute,19.44,sched_reserve:        CPU compute buffer size =    19.44 MiB
diagnostic-profile-qwen2.5-coder-7b-pp1024-tg0-safeub256,qwen2.5-coder-7b,diagnostics,bench,,[],True,False,0,,,0,CPU,model,292.36,load_tensors:          CPU model buffer size =   292.36 MiB
diagnostic-profile-qwen2.5-coder-7b-pp1024-tg0-safeub256,qwen2.5-coder-7b,diagnostics,bench,,[],True,False,0,,,1,CPU_REPACK,model,426.36,load_tensors:   CPU_REPACK model buffer size =   426.36 MiB
diagnostic-profile-qwen2.5-coder-7b-pp1024-tg0-safeub256,qwen2.5-coder-7b,diagnostics,bench,,[],True,False,0,,,2,OpenCL,model,3741.83,load_tensors:       OpenCL model buffer size =  3741.83 MiB
diagnostic-profile-qwen2.5-coder-7b-pp1024-tg0-safeub256,qwen2.5-coder-7b,diagnostics,bench,,[],True,False,0,,,3,CPU,output,0.58,llama_context:        CPU  output buffer size =     0.58 MiB
diagnostic-profile-qwen2.5-coder-7b-pp1024-tg0-safeub256,qwen2.5-coder-7b,diagnostics,bench,,[],True,False,0,,,4,OpenCL,KV,56.0,llama_kv_cache:     OpenCL KV buffer size =    56.00 MiB
diagnostic-profile-qwen2.5-coder-7b-pp1024-tg0-safeub256,qwen2.5-coder-7b,diagnostics,bench,,[],True,False,0,,,5,OpenCL,compute,68.0,sched_reserve:     OpenCL compute buffer size =    68.00 MiB
diagnostic-profile-qwen2.5-coder-7b-pp1024-tg0-safeub256,qwen2.5-coder-7b,diagnostics,bench,,[],True,False,0,,,6,CPU,compute,155.5,sched_reserve:        CPU compute buffer size =   155.50 MiB
diagnostic-profile-qwen3.5-4b-instruct-pp0-tg32,qwen3.5-4b-instruct,diagnostics,bench,,[],True,False,0,,,0,CPU,model,497.31,load_tensors:          CPU model buffer size =   497.31 MiB
diagnostic-profile-qwen3.5-4b-instruct-pp0-tg32,qwen3.5-4b-instruct,diagnostics,bench,,[],True,False,0,,,1,CPU_REPACK,model,497.31,load_tensors:   CPU_REPACK model buffer size =   497.31 MiB
diagnostic-profile-qwen3.5-4b-instruct-pp0-tg32,qwen3.5-4b-instruct,diagnostics,bench,,[],True,False,0,,,2,OpenCL,model,2106.31,load_tensors:       OpenCL model buffer size =  2106.31 MiB
diagnostic-profile-qwen3.5-4b-instruct-pp0-tg32,qwen3.5-4b-instruct,diagnostics,bench,,[],True,False,0,,,3,CPU,output,0.95,llama_context:        CPU  output buffer size =     0.95 MiB
diagnostic-profile-qwen3.5-4b-instruct-pp0-tg32,qwen3.5-4b-instruct,diagnostics,bench,,[],True,False,0,,,4,OpenCL,KV,8.0,llama_kv_cache:     OpenCL KV buffer size =     8.00 MiB
diagnostic-profile-qwen3.5-4b-instruct-pp0-tg32,qwen3.5-4b-instruct,diagnostics,bench,,[],True,False,0,,,5,OpenCL,RS,50.25,llama_memory_recurrent:     OpenCL RS buffer size =    50.25 MiB
diagnostic-profile-qwen3.5-4b-instruct-pp0-tg32,qwen3.5-4b-instruct,diagnostics,bench,,[],True,False,0,,,6,OpenCL,compute,7.59,sched_reserve:     OpenCL compute buffer size =     7.59 MiB
diagnostic-profile-qwen3.5-4b-instruct-pp0-tg32,qwen3.5-4b-instruct,diagnostics,bench,,[],True,False,0,,,7,CPU,compute,30.94,sched_reserve:        CPU compute buffer size =    30.94 MiB
diagnostic-profile-qwen3.5-4b-instruct-pp128-tg0,qwen3.5-4b-instruct,diagnostics,bench,,[],True,False,0,,,0,CPU,model,497.31,load_tensors:          CPU model buffer size =   497.31 MiB
diagnostic-profile-qwen3.5-4b-instruct-pp128-tg0,qwen3.5-4b-instruct,diagnostics,bench,,[],True,False,0,,,1,CPU_REPACK,model,497.31,load_tensors:   CPU_REPACK model buffer size =   497.31 MiB
diagnostic-profile-qwen3.5-4b-instruct-pp128-tg0,qwen3.5-4b-instruct,diagnostics,bench,,[],True,False,0,,,2,OpenCL,model,2106.31,load_tensors:       OpenCL model buffer size =  2106.31 MiB
diagnostic-profile-qwen3.5-4b-instruct-pp128-tg0,qwen3.5-4b-instruct,diagnostics,bench,,[],True,False,0,,,3,CPU,output,0.95,llama_context:        CPU  output buffer size =     0.95 MiB
diagnostic-profile-qwen3.5-4b-instruct-pp128-tg0,qwen3.5-4b-instruct,diagnostics,bench,,[],True,False,0,,,4,OpenCL,KV,8.0,llama_kv_cache:     OpenCL KV buffer size =     8.00 MiB
diagnostic-profile-qwen3.5-4b-instruct-pp128-tg0,qwen3.5-4b-instruct,diagnostics,bench,,[],True,False,0,,,5,OpenCL,RS,50.25,llama_memory_recurrent:     OpenCL RS buffer size =    50.25 MiB
diagnostic-profile-qwen3.5-4b-instruct-pp128-tg0,qwen3.5-4b-instruct,diagnostics,bench,,[],True,False,0,,,6,OpenCL,compute,17.13,sched_reserve:     OpenCL compute buffer size =    17.13 MiB
diagnostic-profile-qwen3.5-4b-instruct-pp128-tg0,qwen3.5-4b-instruct,diagnostics,bench,,[],True,False,0,,,7,CPU,compute,123.75,sched_reserve:        CPU compute buffer size =   123.75 MiB
diagnostic-scheduler-qwen2.5-coder-1.5b,qwen2.5-coder-1.5b,diagnostics,bench,,[],True,False,0,,,0,CPU,model,125.19,load_tensors:          CPU model buffer size =   125.19 MiB
diagnostic-scheduler-qwen2.5-coder-1.5b,qwen2.5-coder-1.5b,diagnostics,bench,,[],True,False,0,,,1,CPU_REPACK,model,195.74,load_tensors:   CPU_REPACK model buffer size =   195.74 MiB
diagnostic-scheduler-qwen2.5-coder-1.5b,qwen2.5-coder-1.5b,diagnostics,bench,,[],True,False,0,,,2,OpenCL,model,739.03,load_tensors:       OpenCL model buffer size =   739.03 MiB
diagnostic-scheduler-qwen2.5-coder-1.5b,qwen2.5-coder-1.5b,diagnostics,bench,,[],True,False,0,,,3,CPU,output,0.58,llama_context:        CPU  output buffer size =     0.58 MiB
diagnostic-scheduler-qwen2.5-coder-1.5b,qwen2.5-coder-1.5b,diagnostics,bench,,[],True,False,0,,,4,OpenCL,KV,7.0,llama_kv_cache:     OpenCL KV buffer size =     7.00 MiB
diagnostic-scheduler-qwen2.5-coder-1.5b,qwen2.5-coder-1.5b,diagnostics,bench,,[],True,False,0,,,5,OpenCL,compute,0.25,sched_reserve:     OpenCL compute buffer size =     0.25 MiB
diagnostic-scheduler-qwen2.5-coder-1.5b,qwen2.5-coder-1.5b,diagnostics,bench,,[],True,False,0,,,6,CPU,compute,1.18,sched_reserve:        CPU compute buffer size =     1.18 MiB
diagnostic-scheduler-qwen2.5-coder-7b,qwen2.5-coder-7b,diagnostics,bench,charging-01,[],True,False,0,,,0,CPU,model,292.36,load_tensors:          CPU model buffer size =   292.36 MiB
diagnostic-scheduler-qwen2.5-coder-7b,qwen2.5-coder-7b,diagnostics,bench,charging-01,[],True,False,0,,,1,CPU_REPACK,model,426.36,load_tensors:   CPU_REPACK model buffer size =   426.36 MiB
diagnostic-scheduler-qwen2.5-coder-7b,qwen2.5-coder-7b,diagnostics,bench,charging-01,[],True,False,0,,,2,OpenCL,model,3741.83,load_tensors:       OpenCL model buffer size =  3741.83 MiB
diagnostic-scheduler-qwen2.5-coder-7b,qwen2.5-coder-7b,diagnostics,bench,charging-01,[],True,False,0,,,3,CPU,output,0.58,llama_context:        CPU  output buffer size =     0.58 MiB
diagnostic-scheduler-qwen2.5-coder-7b,qwen2.5-coder-7b,diagnostics,bench,charging-01,[],True,False,0,,,4,OpenCL,KV,14.0,llama_kv_cache:     OpenCL KV buffer size =    14.00 MiB
diagnostic-scheduler-qwen2.5-coder-7b,qwen2.5-coder-7b,diagnostics,bench,charging-01,[],True,False,0,,,5,OpenCL,compute,0.53,sched_reserve:     OpenCL compute buffer size =     0.53 MiB
diagnostic-scheduler-qwen2.5-coder-7b,qwen2.5-coder-7b,diagnostics,bench,charging-01,[],True,False,0,,,6,CPU,compute,1.21,sched_reserve:        CPU compute buffer size =     1.21 MiB
diagnostic-scheduler-qwen3.5-4b-instruct,qwen3.5-4b-instruct,diagnostics,bench,charging-01,[],True,False,0,,,0,CPU,model,497.31,load_tensors:          CPU model buffer size =   497.31 MiB
diagnostic-scheduler-qwen3.5-4b-instruct,qwen3.5-4b-instruct,diagnostics,bench,charging-01,[],True,False,0,,,1,CPU_REPACK,model,497.31,load_tensors:   CPU_REPACK model buffer size =   497.31 MiB
diagnostic-scheduler-qwen3.5-4b-instruct,qwen3.5-4b-instruct,diagnostics,bench,charging-01,[],True,False,0,,,2,OpenCL,model,2106.31,load_tensors:       OpenCL model buffer size =  2106.31 MiB
diagnostic-scheduler-qwen3.5-4b-instruct,qwen3.5-4b-instruct,diagnostics,bench,charging-01,[],True,False,0,,,3,CPU,output,0.95,llama_context:        CPU  output buffer size =     0.95 MiB
diagnostic-scheduler-qwen3.5-4b-instruct,qwen3.5-4b-instruct,diagnostics,bench,charging-01,[],True,False,0,,,4,OpenCL,KV,8.0,llama_kv_cache:     OpenCL KV buffer size =     8.00 MiB
diagnostic-scheduler-qwen3.5-4b-instruct,qwen3.5-4b-instruct,diagnostics,bench,charging-01,[],True,False,0,,,5,OpenCL,RS,50.25,llama_memory_recurrent:     OpenCL RS buffer size =    50.25 MiB
diagnostic-scheduler-qwen3.5-4b-instruct,qwen3.5-4b-instruct,diagnostics,bench,charging-01,[],True,False,0,,,6,OpenCL,compute,4.4,sched_reserve:     OpenCL compute buffer size =     4.40 MiB
diagnostic-scheduler-qwen3.5-4b-instruct,qwen3.5-4b-instruct,diagnostics,bench,charging-01,[],True,False,0,,,7,CPU,compute,1.93,sched_reserve:        CPU compute buffer size =     1.93 MiB
handoff-cpu-resident-quality-qwen2.5-coder-1.5b,qwen2.5-coder-1.5b,hybrid-quality,hybrid,charging-03,[],True,True,0,,512,0,CPU_Mapped,model,1059.89,load_tensors:   CPU_Mapped model buffer size =  1059.89 MiB
handoff-cpu-resident-quality-qwen2.5-coder-1.5b,qwen2.5-coder-1.5b,hybrid-quality,hybrid,charging-03,[],True,True,0,,512,1,CPU,output,0.58,llama_context:        CPU  output buffer size =     0.58 MiB
handoff-cpu-resident-quality-qwen2.5-coder-1.5b,qwen2.5-coder-1.5b,hybrid-quality,hybrid,charging-03,[],True,True,0,,512,2,CPU,KV,14.0,llama_kv_cache:        CPU KV buffer size =    14.00 MiB
handoff-cpu-resident-quality-qwen2.5-coder-1.5b,qwen2.5-coder-1.5b,hybrid-quality,hybrid,charging-03,[],True,True,0,,512,3,OpenCL,compute,16.88,sched_reserve:     OpenCL compute buffer size =    16.88 MiB
handoff-cpu-resident-quality-qwen2.5-coder-1.5b,qwen2.5-coder-1.5b,hybrid-quality,hybrid,charging-03,[],True,True,0,,512,4,CPU,compute,75.69,sched_reserve:        CPU compute buffer size =    75.69 MiB
handoff-cpu-resident-quality-qwen2.5-coder-1.5b,qwen2.5-coder-1.5b,hybrid-quality,hybrid,charging-03,[],True,True,0,,512,5,CPU,compute,75.69,sched_reserve:        CPU compute buffer size =    75.69 MiB
handoff-cpu-resident-quality-qwen2.5-coder-1.5b-views-v2,qwen2.5-coder-1.5b,hybrid-quality,hybrid,unplugged-04,[],True,True,0,,512,0,CPU_Mapped,model,1059.89,load_tensors:   CPU_Mapped model buffer size =  1059.89 MiB
handoff-cpu-resident-quality-qwen2.5-coder-1.5b-views-v2,qwen2.5-coder-1.5b,hybrid-quality,hybrid,unplugged-04,[],True,True,0,,512,1,CPU,output,0.58,llama_context:        CPU  output buffer size =     0.58 MiB
handoff-cpu-resident-quality-qwen2.5-coder-1.5b-views-v2,qwen2.5-coder-1.5b,hybrid-quality,hybrid,unplugged-04,[],True,True,0,,512,2,CPU,KV,14.0,llama_kv_cache:        CPU KV buffer size =    14.00 MiB
handoff-cpu-resident-quality-qwen2.5-coder-1.5b-views-v2,qwen2.5-coder-1.5b,hybrid-quality,hybrid,unplugged-04,[],True,True,0,,512,3,OpenCL,compute,16.88,sched_reserve:     OpenCL compute buffer size =    16.88 MiB
handoff-cpu-resident-quality-qwen2.5-coder-1.5b-views-v2,qwen2.5-coder-1.5b,hybrid-quality,hybrid,unplugged-04,[],True,True,0,,512,4,CPU,compute,75.69,sched_reserve:        CPU compute buffer size =    75.69 MiB
handoff-cpu-resident-quality-qwen2.5-coder-1.5b-views-v2,qwen2.5-coder-1.5b,hybrid-quality,hybrid,unplugged-04,[],True,True,0,,512,5,CPU,compute,75.69,sched_reserve:        CPU compute buffer size =    75.69 MiB
handoff-cpu-resident-quality-qwen2.5-coder-7b-native-fault-v1,qwen2.5-coder-7b,hybrid-quality,hybrid,charging-03,[],True,True,0,,512,0,CPU_Mapped,model,4460.45,load_tensors:   CPU_Mapped model buffer size =  4460.45 MiB
handoff-cpu-resident-quality-qwen2.5-coder-7b-native-fault-v1,qwen2.5-coder-7b,hybrid-quality,hybrid,charging-03,[],True,True,0,,512,1,CPU,output,0.58,llama_context:        CPU  output buffer size =     0.58 MiB
handoff-cpu-resident-quality-qwen2.5-coder-7b-native-fault-v1,qwen2.5-coder-7b,hybrid-quality,hybrid,charging-03,[],True,True,0,,512,2,CPU,KV,28.0,llama_kv_cache:        CPU KV buffer size =    28.00 MiB
handoff-cpu-resident-quality-qwen2.5-coder-7b-native-fault-v1,qwen2.5-coder-7b,hybrid-quality,hybrid,charging-03,[],True,True,0,,512,3,OpenCL,compute,64.12,sched_reserve:     OpenCL compute buffer size =    64.12 MiB
handoff-cpu-resident-quality-qwen2.5-coder-7b-native-fault-v1,qwen2.5-coder-7b,hybrid-quality,hybrid,charging-03,[],True,True,0,,512,4,CPU,compute,77.75,sched_reserve:        CPU compute buffer size =    77.75 MiB
handoff-cpu-resident-quality-qwen2.5-coder-7b-native-fault-v1,qwen2.5-coder-7b,hybrid-quality,hybrid,charging-03,[],True,True,0,,512,5,CPU,compute,77.75,sched_reserve:        CPU compute buffer size =    77.75 MiB
handoff-cpu-resident-quality-qwen2.5-coder-7b-views-v2,qwen2.5-coder-7b,hybrid-quality,hybrid,unplugged-04,[],True,True,0,,512,0,CPU_Mapped,model,4460.45,load_tensors:   CPU_Mapped model buffer size =  4460.45 MiB
handoff-cpu-resident-quality-qwen2.5-coder-7b-views-v2,qwen2.5-coder-7b,hybrid-quality,hybrid,unplugged-04,[],True,True,0,,512,1,CPU,output,0.58,llama_context:        CPU  output buffer size =     0.58 MiB
handoff-cpu-resident-quality-qwen2.5-coder-7b-views-v2,qwen2.5-coder-7b,hybrid-quality,hybrid,unplugged-04,[],True,True,0,,512,2,CPU,KV,28.0,llama_kv_cache:        CPU KV buffer size =    28.00 MiB
handoff-cpu-resident-quality-qwen2.5-coder-7b-views-v2,qwen2.5-coder-7b,hybrid-quality,hybrid,unplugged-04,[],True,True,0,,512,3,OpenCL,compute,64.12,sched_reserve:     OpenCL compute buffer size =    64.12 MiB
handoff-cpu-resident-quality-qwen2.5-coder-7b-views-v2,qwen2.5-coder-7b,hybrid-quality,hybrid,unplugged-04,[],True,True,0,,512,4,CPU,compute,77.75,sched_reserve:        CPU compute buffer size =    77.75 MiB
handoff-cpu-resident-quality-qwen2.5-coder-7b-views-v2,qwen2.5-coder-7b,hybrid-quality,hybrid,unplugged-04,[],True,True,0,,512,5,CPU,compute,77.75,sched_reserve:        CPU compute buffer size =    77.75 MiB
handoff-cpu-resident-quality-qwen3-4b-instruct,qwen3-4b-instruct,hybrid-quality,hybrid,charging-03,"[""Run failed, was aborted, or did not parse""]",False,True,-11,,512,0,CPU_Mapped,model,2375.91,load_tensors:   CPU_Mapped model buffer size =  2375.91 MiB
handoff-cpu-resident-quality-qwen3-4b-instruct,qwen3-4b-instruct,hybrid-quality,hybrid,charging-03,"[""Run failed, was aborted, or did not parse""]",False,True,-11,,512,1,CPU,output,0.58,llama_context:        CPU  output buffer size =     0.58 MiB
handoff-cpu-resident-quality-qwen3-4b-instruct,qwen3-4b-instruct,hybrid-quality,hybrid,charging-03,"[""Run failed, was aborted, or did not parse""]",False,True,-11,,512,2,CPU,KV,72.0,llama_kv_cache:        CPU KV buffer size =    72.00 MiB
handoff-cpu-resident-quality-qwen3-4b-instruct,qwen3-4b-instruct,hybrid-quality,hybrid,charging-03,"[""Run failed, was aborted, or did not parse""]",False,True,-11,,512,3,OpenCL,compute,25.48,sched_reserve:     OpenCL compute buffer size =    25.48 MiB
handoff-cpu-resident-quality-qwen3-4b-instruct,qwen3-4b-instruct,hybrid-quality,hybrid,charging-03,"[""Run failed, was aborted, or did not parse""]",False,True,-11,,512,4,CPU,compute,76.69,sched_reserve:        CPU compute buffer size =    76.69 MiB
handoff-cpu-resident-quality-qwen3-4b-instruct-native-fault-v1,qwen3-4b-instruct,hybrid-quality,hybrid,charging-03,"[""Run failed, was aborted, or did not parse""]",False,True,139,,512,0,CPU_Mapped,model,2375.91,load_tensors:   CPU_Mapped model buffer size =  2375.91 MiB
handoff-cpu-resident-quality-qwen3-4b-instruct-native-fault-v1,qwen3-4b-instruct,hybrid-quality,hybrid,charging-03,"[""Run failed, was aborted, or did not parse""]",False,True,139,,512,1,CPU,output,0.58,llama_context:        CPU  output buffer size =     0.58 MiB
handoff-cpu-resident-quality-qwen3-4b-instruct-native-fault-v1,qwen3-4b-instruct,hybrid-quality,hybrid,charging-03,"[""Run failed, was aborted, or did not parse""]",False,True,139,,512,2,CPU,KV,72.0,llama_kv_cache:        CPU KV buffer size =    72.00 MiB
handoff-cpu-resident-quality-qwen3-4b-instruct-native-fault-v1,qwen3-4b-instruct,hybrid-quality,hybrid,charging-03,"[""Run failed, was aborted, or did not parse""]",False,True,139,,512,3,OpenCL,compute,25.48,sched_reserve:     OpenCL compute buffer size =    25.48 MiB
handoff-cpu-resident-quality-qwen3-4b-instruct-native-fault-v1,qwen3-4b-instruct,hybrid-quality,hybrid,charging-03,"[""Run failed, was aborted, or did not parse""]",False,True,139,,512,4,CPU,compute,76.69,sched_reserve:        CPU compute buffer size =    76.69 MiB
handoff-cpu-resident-quality-qwen3-4b-instruct-views-v2,qwen3-4b-instruct,hybrid-quality,hybrid,unplugged-04,[],True,True,0,,512,0,CPU_Mapped,model,2375.91,load_tensors:   CPU_Mapped model buffer size =  2375.91 MiB
handoff-cpu-resident-quality-qwen3-4b-instruct-views-v2,qwen3-4b-instruct,hybrid-quality,hybrid,unplugged-04,[],True,True,0,,512,1,CPU,output,0.58,llama_context:        CPU  output buffer size =     0.58 MiB
handoff-cpu-resident-quality-qwen3-4b-instruct-views-v2,qwen3-4b-instruct,hybrid-quality,hybrid,unplugged-04,[],True,True,0,,512,2,CPU,KV,72.0,llama_kv_cache:        CPU KV buffer size =    72.00 MiB
handoff-cpu-resident-quality-qwen3-4b-instruct-views-v2,qwen3-4b-instruct,hybrid-quality,hybrid,unplugged-04,[],True,True,0,,512,3,OpenCL,compute,25.48,sched_reserve:     OpenCL compute buffer size =    25.48 MiB
handoff-cpu-resident-quality-qwen3-4b-instruct-views-v2,qwen3-4b-instruct,hybrid-quality,hybrid,unplugged-04,[],True,True,0,,512,4,CPU,compute,76.69,sched_reserve:        CPU compute buffer size =    76.69 MiB
handoff-cpu-resident-quality-qwen3-4b-instruct-views-v2,qwen3-4b-instruct,hybrid-quality,hybrid,unplugged-04,[],True,True,0,,512,5,CPU,compute,76.69,sched_reserve:        CPU compute buffer size =    76.69 MiB
handoff-latency-qwen3-4b-instruct-p128-g64-cpu-r0,qwen3-4b-instruct,hybrid-latency,hybrid,charging-03,[],True,False,0,,512,0,CPU_Mapped,model,2362.55,load_tensors:   CPU_Mapped model buffer size =  2362.55 MiB
handoff-latency-qwen3-4b-instruct-p128-g64-cpu-r0,qwen3-4b-instruct,hybrid-latency,hybrid,charging-03,[],True,False,0,,512,1,CPU_REPACK,model,2375.16,load_tensors:   CPU_REPACK model buffer size =  2375.16 MiB
handoff-latency-qwen3-4b-instruct-p128-g64-cpu-r0,qwen3-4b-instruct,hybrid-latency,hybrid,charging-03,[],True,False,0,,512,2,CPU,output,0.58,llama_context:        CPU  output buffer size =     0.58 MiB
handoff-latency-qwen3-4b-instruct-p128-g64-cpu-r0,qwen3-4b-instruct,hybrid-latency,hybrid,charging-03,[],True,False,0,,512,3,CPU,KV,72.0,llama_kv_cache:        CPU KV buffer size =    72.00 MiB
handoff-latency-qwen3-4b-instruct-p128-g64-cpu-r0,qwen3-4b-instruct,hybrid-latency,hybrid,charging-03,[],True,False,0,,512,4,CPU,compute,153.38,sched_reserve:        CPU compute buffer size =   153.38 MiB
handoff-latency-qwen3-4b-instruct-p128-g64-gpu-r0,qwen3-4b-instruct,hybrid-latency,hybrid,charging-03,[],True,False,0,,512,0,CPU_Mapped,model,304.28,load_tensors:   CPU_Mapped model buffer size =   304.28 MiB
handoff-latency-qwen3-4b-instruct-p128-g64-gpu-r0,qwen3-4b-instruct,hybrid-latency,hybrid,charging-03,[],True,False,0,,512,1,CPU_REPACK,model,304.28,load_tensors:   CPU_REPACK model buffer size =   304.28 MiB
handoff-latency-qwen3-4b-instruct-p128-g64-gpu-r0,qwen3-4b-instruct,hybrid-latency,hybrid,charging-03,[],True,False,0,,512,2,OpenCL,model,2071.75,load_tensors:       OpenCL model buffer size =  2071.75 MiB
handoff-latency-qwen3-4b-instruct-p128-g64-gpu-r0,qwen3-4b-instruct,hybrid-latency,hybrid,charging-03,[],True,False,0,,512,3,CPU,output,0.58,llama_context:        CPU  output buffer size =     0.58 MiB
handoff-latency-qwen3-4b-instruct-p128-g64-gpu-r0,qwen3-4b-instruct,hybrid-latency,hybrid,charging-03,[],True,False,0,,512,4,OpenCL,KV,72.0,llama_kv_cache:     OpenCL KV buffer size =    72.00 MiB
handoff-latency-qwen3-4b-instruct-p128-g64-gpu-r0,qwen3-4b-instruct,hybrid-latency,hybrid,charging-03,[],True,False,0,,512,5,OpenCL,compute,36.0,sched_reserve:     OpenCL compute buffer size =    36.00 MiB
handoff-latency-qwen3-4b-instruct-p128-g64-gpu-r0,qwen3-4b-instruct,hybrid-latency,hybrid,charging-03,[],True,False,0,,512,6,CPU,compute,153.38,sched_reserve:        CPU compute buffer size =   153.38 MiB
handoff-latency-unplugged-04-qwen2.5-coder-7b-p128-g64-cpu-r0,qwen2.5-coder-7b,hybrid-latency,hybrid,api-20261003T084838Z-PLUGGED_AC,[],True,False,0,,512,0,CPU_Mapped,model,4460.45,load_tensors:   CPU_Mapped model buffer size =  4460.45 MiB
handoff-latency-unplugged-04-qwen2.5-coder-7b-p128-g64-cpu-r0,qwen2.5-coder-7b,hybrid-latency,hybrid,api-20261003T084838Z-PLUGGED_AC,[],True,False,0,,512,1,CPU_REPACK,model,4166.82,load_tensors:   CPU_REPACK model buffer size =  4166.82 MiB
handoff-latency-unplugged-04-qwen2.5-coder-7b-p128-g64-cpu-r0,qwen2.5-coder-7b,hybrid-latency,hybrid,api-20261003T084838Z-PLUGGED_AC,[],True,False,0,,512,2,CPU,output,0.58,llama_context:        CPU  output buffer size =     0.58 MiB
handoff-latency-unplugged-04-qwen2.5-coder-7b-p128-g64-cpu-r0,qwen2.5-coder-7b,hybrid-latency,hybrid,api-20261003T084838Z-PLUGGED_AC,[],True,False,0,,512,3,CPU,KV,28.0,llama_kv_cache:        CPU KV buffer size =    28.00 MiB
handoff-latency-unplugged-04-qwen2.5-coder-7b-p128-g64-cpu-r0,qwen2.5-coder-7b,hybrid-latency,hybrid,api-20261003T084838Z-PLUGGED_AC,[],True,False,0,,512,4,CPU,compute,155.5,sched_reserve:        CPU compute buffer size =   155.50 MiB
handoff-latency-unplugged-04-qwen2.5-coder-7b-p128-g64-cpu-r1,qwen2.5-coder-7b,hybrid-latency,hybrid,api-20261003T084838Z-PLUGGED_AC,[],True,False,0,,512,0,CPU_Mapped,model,4460.45,load_tensors:   CPU_Mapped model buffer size =  4460.45 MiB
handoff-latency-unplugged-04-qwen2.5-coder-7b-p128-g64-cpu-r1,qwen2.5-coder-7b,hybrid-latency,hybrid,api-20261003T084838Z-PLUGGED_AC,[],True,False,0,,512,1,CPU_REPACK,model,4166.82,load_tensors:   CPU_REPACK model buffer size =  4166.82 MiB
handoff-latency-unplugged-04-qwen2.5-coder-7b-p128-g64-cpu-r1,qwen2.5-coder-7b,hybrid-latency,hybrid,api-20261003T084838Z-PLUGGED_AC,[],True,False,0,,512,2,CPU,output,0.58,llama_context:        CPU  output buffer size =     0.58 MiB
handoff-latency-unplugged-04-qwen2.5-coder-7b-p128-g64-cpu-r1,qwen2.5-coder-7b,hybrid-latency,hybrid,api-20261003T084838Z-PLUGGED_AC,[],True,False,0,,512,3,CPU,KV,28.0,llama_kv_cache:        CPU KV buffer size =    28.00 MiB
handoff-latency-unplugged-04-qwen2.5-coder-7b-p128-g64-cpu-r1,qwen2.5-coder-7b,hybrid-latency,hybrid,api-20261003T084838Z-PLUGGED_AC,[],True,False,0,,512,4,CPU,compute,155.5,sched_reserve:        CPU compute buffer size =   155.50 MiB
handoff-latency-unplugged-04-qwen2.5-coder-7b-p128-g64-gpu-r0,qwen2.5-coder-7b,hybrid-latency,hybrid,api-20261003T084838Z-PLUGGED_AC,[],True,False,0,,512,0,CPU_Mapped,model,292.36,load_tensors:   CPU_Mapped model buffer size =   292.36 MiB
handoff-latency-unplugged-04-qwen2.5-coder-7b-p128-g64-gpu-r0,qwen2.5-coder-7b,hybrid-latency,hybrid,api-20261003T084838Z-PLUGGED_AC,[],True,False,0,,512,1,CPU_REPACK,model,426.36,load_tensors:   CPU_REPACK model buffer size =   426.36 MiB
handoff-latency-unplugged-04-qwen2.5-coder-7b-p128-g64-gpu-r0,qwen2.5-coder-7b,hybrid-latency,hybrid,api-20261003T084838Z-PLUGGED_AC,[],True,False,0,,512,2,OpenCL,model,3741.83,load_tensors:       OpenCL model buffer size =  3741.83 MiB
handoff-latency-unplugged-04-qwen2.5-coder-7b-p128-g64-gpu-r0,qwen2.5-coder-7b,hybrid-latency,hybrid,api-20261003T084838Z-PLUGGED_AC,[],True,False,0,,512,3,CPU,output,0.58,llama_context:        CPU  output buffer size =     0.58 MiB
handoff-latency-unplugged-04-qwen2.5-coder-7b-p128-g64-gpu-r0,qwen2.5-coder-7b,hybrid-latency,hybrid,api-20261003T084838Z-PLUGGED_AC,[],True,False,0,,512,4,OpenCL,KV,28.0,llama_kv_cache:     OpenCL KV buffer size =    28.00 MiB
handoff-latency-unplugged-04-qwen2.5-coder-7b-p128-g64-gpu-r0,qwen2.5-coder-7b,hybrid-latency,hybrid,api-20261003T084838Z-PLUGGED_AC,[],True,False,0,,512,5,OpenCL,compute,67.5,sched_reserve:     OpenCL compute buffer size =    67.50 MiB
handoff-latency-unplugged-04-qwen2.5-coder-7b-p128-g64-gpu-r0,qwen2.5-coder-7b,hybrid-latency,hybrid,api-20261003T084838Z-PLUGGED_AC,[],True,False,0,,512,6,CPU,compute,155.5,sched_reserve:        CPU compute buffer size =   155.50 MiB
handoff-latency-unplugged-04-qwen2.5-coder-7b-p128-g64-gpu-r1,qwen2.5-coder-7b,hybrid-latency,hybrid,api-20261003T084838Z-PLUGGED_AC,[],True,False,0,,512,0,CPU_Mapped,model,292.36,load_tensors:   CPU_Mapped model buffer size =   292.36 MiB
handoff-latency-unplugged-04-qwen2.5-coder-7b-p128-g64-gpu-r1,qwen2.5-coder-7b,hybrid-latency,hybrid,api-20261003T084838Z-PLUGGED_AC,[],True,False,0,,512,1,CPU_REPACK,model,426.36,load_tensors:   CPU_REPACK model buffer size =   426.36 MiB
handoff-latency-unplugged-04-qwen2.5-coder-7b-p128-g64-gpu-r1,qwen2.5-coder-7b,hybrid-latency,hybrid,api-20261003T084838Z-PLUGGED_AC,[],True,False,0,,512,2,OpenCL,model,3741.83,load_tensors:       OpenCL model buffer size =  3741.83 MiB
handoff-latency-unplugged-04-qwen2.5-coder-7b-p128-g64-gpu-r1,qwen2.5-coder-7b,hybrid-latency,hybrid,api-20261003T084838Z-PLUGGED_AC,[],True,False,0,,512,3,CPU,output,0.58,llama_context:        CPU  output buffer size =     0.58 MiB
handoff-latency-unplugged-04-qwen2.5-coder-7b-p128-g64-gpu-r1,qwen2.5-coder-7b,hybrid-latency,hybrid,api-20261003T084838Z-PLUGGED_AC,[],True,False,0,,512,4,OpenCL,KV,28.0,llama_kv_cache:     OpenCL KV buffer size =    28.00 MiB
handoff-latency-unplugged-04-qwen2.5-coder-7b-p128-g64-gpu-r1,qwen2.5-coder-7b,hybrid-latency,hybrid,api-20261003T084838Z-PLUGGED_AC,[],True,False,0,,512,5,OpenCL,compute,67.5,sched_reserve:     OpenCL compute buffer size =    67.50 MiB
handoff-latency-unplugged-04-qwen2.5-coder-7b-p128-g64-gpu-r1,qwen2.5-coder-7b,hybrid-latency,hybrid,api-20261003T084838Z-PLUGGED_AC,[],True,False,0,,512,6,CPU,compute,155.5,sched_reserve:        CPU compute buffer size =   155.50 MiB
handoff-latency-unplugged-04-qwen2.5-coder-7b-p128-g64-hybrid-r0,qwen2.5-coder-7b,hybrid-latency,hybrid,api-20261003T084838Z-PLUGGED_AC,[],True,False,0,,512,0,CPU_Mapped,model,292.36,load_tensors:   CPU_Mapped model buffer size =   292.36 MiB
handoff-latency-unplugged-04-qwen2.5-coder-7b-p128-g64-hybrid-r0,qwen2.5-coder-7b,hybrid-latency,hybrid,api-20261003T084838Z-PLUGGED_AC,[],True,False,0,,512,1,CPU_REPACK,model,426.36,load_tensors:   CPU_REPACK model buffer size =   426.36 MiB
handoff-latency-unplugged-04-qwen2.5-coder-7b-p128-g64-hybrid-r0,qwen2.5-coder-7b,hybrid-latency,hybrid,api-20261003T084838Z-PLUGGED_AC,[],True,False,0,,512,2,OpenCL,model,3741.83,load_tensors:       OpenCL model buffer size =  3741.83 MiB
handoff-latency-unplugged-04-qwen2.5-coder-7b-p128-g64-hybrid-r0,qwen2.5-coder-7b,hybrid-latency,hybrid,api-20261003T084838Z-PLUGGED_AC,[],True,False,0,,512,3,CPU,output,0.58,llama_context:        CPU  output buffer size =     0.58 MiB
handoff-latency-unplugged-04-qwen2.5-coder-7b-p128-g64-hybrid-r0,qwen2.5-coder-7b,hybrid-latency,hybrid,api-20261003T084838Z-PLUGGED_AC,[],True,False,0,,512,4,OpenCL,KV,28.0,llama_kv_cache:     OpenCL KV buffer size =    28.00 MiB
handoff-latency-unplugged-04-qwen2.5-coder-7b-p128-g64-hybrid-r0,qwen2.5-coder-7b,hybrid-latency,hybrid,api-20261003T084838Z-PLUGGED_AC,[],True,False,0,,512,5,OpenCL,compute,67.5,sched_reserve:     OpenCL compute buffer size =    67.50 MiB
handoff-latency-unplugged-04-qwen2.5-coder-7b-p128-g64-hybrid-r0,qwen2.5-coder-7b,hybrid-latency,hybrid,api-20261003T084838Z-PLUGGED_AC,[],True,False,0,,512,6,CPU,compute,155.5,sched_reserve:        CPU compute buffer size =   155.50 MiB
handoff-latency-unplugged-04-qwen2.5-coder-7b-p128-g64-hybrid-r0,qwen2.5-coder-7b,hybrid-latency,hybrid,api-20261003T084838Z-PLUGGED_AC,[],True,False,0,,512,7,CPU,compute,155.5,sched_reserve:        CPU compute buffer size =   155.50 MiB
handoff-latency-unplugged-04-qwen2.5-coder-7b-p128-g64-hybrid-r1,qwen2.5-coder-7b,hybrid-latency,hybrid,api-20261003T084838Z-PLUGGED_AC,[],True,False,0,,512,0,CPU_Mapped,model,292.36,load_tensors:   CPU_Mapped model buffer size =   292.36 MiB
handoff-latency-unplugged-04-qwen2.5-coder-7b-p128-g64-hybrid-r1,qwen2.5-coder-7b,hybrid-latency,hybrid,api-20261003T084838Z-PLUGGED_AC,[],True,False,0,,512,1,CPU_REPACK,model,426.36,load_tensors:   CPU_REPACK model buffer size =   426.36 MiB
handoff-latency-unplugged-04-qwen2.5-coder-7b-p128-g64-hybrid-r1,qwen2.5-coder-7b,hybrid-latency,hybrid,api-20261003T084838Z-PLUGGED_AC,[],True,False,0,,512,2,OpenCL,model,3741.83,load_tensors:       OpenCL model buffer size =  3741.83 MiB
handoff-latency-unplugged-04-qwen2.5-coder-7b-p128-g64-hybrid-r1,qwen2.5-coder-7b,hybrid-latency,hybrid,api-20261003T084838Z-PLUGGED_AC,[],True,False,0,,512,3,CPU,output,0.58,llama_context:        CPU  output buffer size =     0.58 MiB
handoff-latency-unplugged-04-qwen2.5-coder-7b-p128-g64-hybrid-r1,qwen2.5-coder-7b,hybrid-latency,hybrid,api-20261003T084838Z-PLUGGED_AC,[],True,False,0,,512,4,OpenCL,KV,28.0,llama_kv_cache:     OpenCL KV buffer size =    28.00 MiB
handoff-latency-unplugged-04-qwen2.5-coder-7b-p128-g64-hybrid-r1,qwen2.5-coder-7b,hybrid-latency,hybrid,api-20261003T084838Z-PLUGGED_AC,[],True,False,0,,512,5,OpenCL,compute,67.5,sched_reserve:     OpenCL compute buffer size =    67.50 MiB
handoff-latency-unplugged-04-qwen2.5-coder-7b-p128-g64-hybrid-r1,qwen2.5-coder-7b,hybrid-latency,hybrid,api-20261003T084838Z-PLUGGED_AC,[],True,False,0,,512,6,CPU,compute,155.5,sched_reserve:        CPU compute buffer size =   155.50 MiB
handoff-latency-unplugged-04-qwen2.5-coder-7b-p128-g64-hybrid-r1,qwen2.5-coder-7b,hybrid-latency,hybrid,api-20261003T084838Z-PLUGGED_AC,[],True,False,0,,512,7,CPU,compute,155.5,sched_reserve:        CPU compute buffer size =   155.50 MiB
handoff-latency-unplugged-04-qwen2.5-coder-7b-p2048-g128-cpu-FA-canonical-r0,qwen2.5-coder-7b,hybrid-CPU-layout-control,hybrid,api-20261003T084838Z-PLUGGED_AC,[],True,False,0,,4096,0,CPU_Mapped,model,4460.45,load_tensors:   CPU_Mapped model buffer size =  4460.45 MiB
handoff-latency-unplugged-04-qwen2.5-coder-7b-p2048-g128-cpu-FA-canonical-r0,qwen2.5-coder-7b,hybrid-CPU-layout-control,hybrid,api-20261003T084838Z-PLUGGED_AC,[],True,False,0,,4096,1,CPU,output,0.58,llama_context:        CPU  output buffer size =     0.58 MiB
handoff-latency-unplugged-04-qwen2.5-coder-7b-p2048-g128-cpu-FA-canonical-r0,qwen2.5-coder-7b,hybrid-CPU-layout-control,hybrid,api-20261003T084838Z-PLUGGED_AC,[],True,False,0,,4096,2,CPU,KV,224.0,llama_kv_cache:        CPU KV buffer size =   224.00 MiB
handoff-latency-unplugged-04-qwen2.5-coder-7b-p2048-g128-cpu-FA-canonical-r0,qwen2.5-coder-7b,hybrid-CPU-layout-control,hybrid,api-20261003T084838Z-PLUGGED_AC,[],True,False,0,,4096,3,CPU,compute,155.5,sched_reserve:        CPU compute buffer size =   155.50 MiB
handoff-latency-unplugged-04-qwen2.5-coder-7b-p2048-g128-cpu-FA-canonical-r1,qwen2.5-coder-7b,hybrid-CPU-layout-control,hybrid,api-20261003T084838Z-PLUGGED_AC,"[""CPU availability or Android cgroup changed during measurement"",""Benchmark process Android cgroup changed during measurement"",""Benchmark process lost required cores despite process-level affinity"",""Run failed, was aborted, or did not parse""]",False,False,-15,Android benchmark cgroup changed during measurement; invalid controlled comparison,4096,0,CPU_Mapped,model,4460.45,load_tensors:   CPU_Mapped model buffer size =  4460.45 MiB
handoff-latency-unplugged-04-qwen2.5-coder-7b-p2048-g128-cpu-FA-canonical-r1,qwen2.5-coder-7b,hybrid-CPU-layout-control,hybrid,api-20261003T084838Z-PLUGGED_AC,"[""CPU availability or Android cgroup changed during measurement"",""Benchmark process Android cgroup changed during measurement"",""Benchmark process lost required cores despite process-level affinity"",""Run failed, was aborted, or did not parse""]",False,False,-15,Android benchmark cgroup changed during measurement; invalid controlled comparison,4096,1,CPU,output,0.58,llama_context:        CPU  output buffer size =     0.58 MiB
handoff-latency-unplugged-04-qwen2.5-coder-7b-p2048-g128-cpu-FA-canonical-r1,qwen2.5-coder-7b,hybrid-CPU-layout-control,hybrid,api-20261003T084838Z-PLUGGED_AC,"[""CPU availability or Android cgroup changed during measurement"",""Benchmark process Android cgroup changed during measurement"",""Benchmark process lost required cores despite process-level affinity"",""Run failed, was aborted, or did not parse""]",False,False,-15,Android benchmark cgroup changed during measurement; invalid controlled comparison,4096,2,CPU,KV,224.0,llama_kv_cache:        CPU KV buffer size =   224.00 MiB
handoff-latency-unplugged-04-qwen2.5-coder-7b-p2048-g128-cpu-FA-canonical-r1,qwen2.5-coder-7b,hybrid-CPU-layout-control,hybrid,api-20261003T084838Z-PLUGGED_AC,"[""CPU availability or Android cgroup changed during measurement"",""Benchmark process Android cgroup changed during measurement"",""Benchmark process lost required cores despite process-level affinity"",""Run failed, was aborted, or did not parse""]",False,False,-15,Android benchmark cgroup changed during measurement; invalid controlled comparison,4096,3,CPU,compute,155.5,sched_reserve:        CPU compute buffer size =   155.50 MiB
handoff-latency-unplugged-04-qwen2.5-coder-7b-p2048-g128-cpu-FA-practical-r0,qwen2.5-coder-7b,hybrid-practical-CPU,hybrid,api-20261003T084838Z-PLUGGED_AC,[],True,False,0,,4096,0,CPU_Mapped,model,4460.45,load_tensors:   CPU_Mapped model buffer size =  4460.45 MiB
handoff-latency-unplugged-04-qwen2.5-coder-7b-p2048-g128-cpu-FA-practical-r0,qwen2.5-coder-7b,hybrid-practical-CPU,hybrid,api-20261003T084838Z-PLUGGED_AC,[],True,False,0,,4096,1,CPU_REPACK,model,4166.82,load_tensors:   CPU_REPACK model buffer size =  4166.82 MiB
handoff-latency-unplugged-04-qwen2.5-coder-7b-p2048-g128-cpu-FA-practical-r0,qwen2.5-coder-7b,hybrid-practical-CPU,hybrid,api-20261003T084838Z-PLUGGED_AC,[],True,False,0,,4096,2,CPU,output,0.58,llama_context:        CPU  output buffer size =     0.58 MiB
handoff-latency-unplugged-04-qwen2.5-coder-7b-p2048-g128-cpu-FA-practical-r0,qwen2.5-coder-7b,hybrid-practical-CPU,hybrid,api-20261003T084838Z-PLUGGED_AC,[],True,False,0,,4096,3,CPU,KV,224.0,llama_kv_cache:        CPU KV buffer size =   224.00 MiB
handoff-latency-unplugged-04-qwen2.5-coder-7b-p2048-g128-cpu-FA-practical-r0,qwen2.5-coder-7b,hybrid-practical-CPU,hybrid,api-20261003T084838Z-PLUGGED_AC,[],True,False,0,,4096,4,CPU,compute,155.5,sched_reserve:        CPU compute buffer size =   155.50 MiB
handoff-latency-unplugged-04-qwen2.5-coder-7b-p2048-g128-cpu-FA-practical-r1,qwen2.5-coder-7b,hybrid-practical-CPU,hybrid,api-20261003T084838Z-PLUGGED_AC,[],True,False,0,,4096,0,CPU_Mapped,model,4460.45,load_tensors:   CPU_Mapped model buffer size =  4460.45 MiB
handoff-latency-unplugged-04-qwen2.5-coder-7b-p2048-g128-cpu-FA-practical-r1,qwen2.5-coder-7b,hybrid-practical-CPU,hybrid,api-20261003T084838Z-PLUGGED_AC,[],True,False,0,,4096,1,CPU_REPACK,model,4166.82,load_tensors:   CPU_REPACK model buffer size =  4166.82 MiB
handoff-latency-unplugged-04-qwen2.5-coder-7b-p2048-g128-cpu-FA-practical-r1,qwen2.5-coder-7b,hybrid-practical-CPU,hybrid,api-20261003T084838Z-PLUGGED_AC,[],True,False,0,,4096,2,CPU,output,0.58,llama_context:        CPU  output buffer size =     0.58 MiB
handoff-latency-unplugged-04-qwen2.5-coder-7b-p2048-g128-cpu-FA-practical-r1,qwen2.5-coder-7b,hybrid-practical-CPU,hybrid,api-20261003T084838Z-PLUGGED_AC,[],True,False,0,,4096,3,CPU,KV,224.0,llama_kv_cache:        CPU KV buffer size =   224.00 MiB
handoff-latency-unplugged-04-qwen2.5-coder-7b-p2048-g128-cpu-FA-practical-r1,qwen2.5-coder-7b,hybrid-practical-CPU,hybrid,api-20261003T084838Z-PLUGGED_AC,[],True,False,0,,4096,4,CPU,compute,155.5,sched_reserve:        CPU compute buffer size =   155.50 MiB
handoff-latency-unplugged-04-qwen2.5-coder-7b-p2048-g128-cpu-r0,qwen2.5-coder-7b,hybrid-latency,hybrid,api-20261003T084838Z-PLUGGED_AC,[],True,False,0,,4096,0,CPU_Mapped,model,4460.45,load_tensors:   CPU_Mapped model buffer size =  4460.45 MiB
handoff-latency-unplugged-04-qwen2.5-coder-7b-p2048-g128-cpu-r0,qwen2.5-coder-7b,hybrid-latency,hybrid,api-20261003T084838Z-PLUGGED_AC,[],True,False,0,,4096,1,CPU_REPACK,model,4166.82,load_tensors:   CPU_REPACK model buffer size =  4166.82 MiB
handoff-latency-unplugged-04-qwen2.5-coder-7b-p2048-g128-cpu-r0,qwen2.5-coder-7b,hybrid-latency,hybrid,api-20261003T084838Z-PLUGGED_AC,[],True,False,0,,4096,2,CPU,output,0.58,llama_context:        CPU  output buffer size =     0.58 MiB
handoff-latency-unplugged-04-qwen2.5-coder-7b-p2048-g128-cpu-r0,qwen2.5-coder-7b,hybrid-latency,hybrid,api-20261003T084838Z-PLUGGED_AC,[],True,False,0,,4096,3,CPU,KV,224.0,llama_kv_cache:        CPU KV buffer size =   224.00 MiB
handoff-latency-unplugged-04-qwen2.5-coder-7b-p2048-g128-cpu-r0,qwen2.5-coder-7b,hybrid-latency,hybrid,api-20261003T084838Z-PLUGGED_AC,[],True,False,0,,4096,4,CPU,compute,155.5,sched_reserve:        CPU compute buffer size =   155.50 MiB
handoff-latency-unplugged-04-qwen2.5-coder-7b-p2048-g128-cpu-r1,qwen2.5-coder-7b,hybrid-latency,hybrid,api-20261003T084838Z-PLUGGED_AC,[],True,False,0,,4096,0,CPU_Mapped,model,4460.45,load_tensors:   CPU_Mapped model buffer size =  4460.45 MiB
handoff-latency-unplugged-04-qwen2.5-coder-7b-p2048-g128-cpu-r1,qwen2.5-coder-7b,hybrid-latency,hybrid,api-20261003T084838Z-PLUGGED_AC,[],True,False,0,,4096,1,CPU_REPACK,model,4166.82,load_tensors:   CPU_REPACK model buffer size =  4166.82 MiB
handoff-latency-unplugged-04-qwen2.5-coder-7b-p2048-g128-cpu-r1,qwen2.5-coder-7b,hybrid-latency,hybrid,api-20261003T084838Z-PLUGGED_AC,[],True,False,0,,4096,2,CPU,output,0.58,llama_context:        CPU  output buffer size =     0.58 MiB
handoff-latency-unplugged-04-qwen2.5-coder-7b-p2048-g128-cpu-r1,qwen2.5-coder-7b,hybrid-latency,hybrid,api-20261003T084838Z-PLUGGED_AC,[],True,False,0,,4096,3,CPU,KV,224.0,llama_kv_cache:        CPU KV buffer size =   224.00 MiB
handoff-latency-unplugged-04-qwen2.5-coder-7b-p2048-g128-cpu-r1,qwen2.5-coder-7b,hybrid-latency,hybrid,api-20261003T084838Z-PLUGGED_AC,[],True,False,0,,4096,4,CPU,compute,155.5,sched_reserve:        CPU compute buffer size =   155.50 MiB
handoff-latency-unplugged-04-qwen2.5-coder-7b-p2048-g128-gpu-r0,qwen2.5-coder-7b,hybrid-latency,hybrid,api-20261003T084838Z-PLUGGED_AC,[],True,False,0,,4096,0,CPU_Mapped,model,292.36,load_tensors:   CPU_Mapped model buffer size =   292.36 MiB
handoff-latency-unplugged-04-qwen2.5-coder-7b-p2048-g128-gpu-r0,qwen2.5-coder-7b,hybrid-latency,hybrid,api-20261003T084838Z-PLUGGED_AC,[],True,False,0,,4096,1,CPU_REPACK,model,426.36,load_tensors:   CPU_REPACK model buffer size =   426.36 MiB
handoff-latency-unplugged-04-qwen2.5-coder-7b-p2048-g128-gpu-r0,qwen2.5-coder-7b,hybrid-latency,hybrid,api-20261003T084838Z-PLUGGED_AC,[],True,False,0,,4096,2,OpenCL,model,3741.83,load_tensors:       OpenCL model buffer size =  3741.83 MiB
handoff-latency-unplugged-04-qwen2.5-coder-7b-p2048-g128-gpu-r0,qwen2.5-coder-7b,hybrid-latency,hybrid,api-20261003T084838Z-PLUGGED_AC,[],True,False,0,,4096,3,CPU,output,0.58,llama_context:        CPU  output buffer size =     0.58 MiB
handoff-latency-unplugged-04-qwen2.5-coder-7b-p2048-g128-gpu-r0,qwen2.5-coder-7b,hybrid-latency,hybrid,api-20261003T084838Z-PLUGGED_AC,[],True,False,0,,4096,4,OpenCL,KV,224.0,llama_kv_cache:     OpenCL KV buffer size =   224.00 MiB
handoff-latency-unplugged-04-qwen2.5-coder-7b-p2048-g128-gpu-r0,qwen2.5-coder-7b,hybrid-latency,hybrid,api-20261003T084838Z-PLUGGED_AC,[],True,False,0,,4096,5,OpenCL,compute,131.0,sched_reserve:     OpenCL compute buffer size =   131.00 MiB
handoff-latency-unplugged-04-qwen2.5-coder-7b-p2048-g128-gpu-r0,qwen2.5-coder-7b,hybrid-latency,hybrid,api-20261003T084838Z-PLUGGED_AC,[],True,False,0,,4096,6,CPU,compute,155.5,sched_reserve:        CPU compute buffer size =   155.50 MiB
handoff-latency-unplugged-04-qwen2.5-coder-7b-p2048-g128-gpu-r1,qwen2.5-coder-7b,hybrid-latency,hybrid,api-20261003T084838Z-PLUGGED_AC,[],True,False,0,,4096,0,CPU_Mapped,model,292.36,load_tensors:   CPU_Mapped model buffer size =   292.36 MiB
handoff-latency-unplugged-04-qwen2.5-coder-7b-p2048-g128-gpu-r1,qwen2.5-coder-7b,hybrid-latency,hybrid,api-20261003T084838Z-PLUGGED_AC,[],True,False,0,,4096,1,CPU_REPACK,model,426.36,load_tensors:   CPU_REPACK model buffer size =   426.36 MiB
handoff-latency-unplugged-04-qwen2.5-coder-7b-p2048-g128-gpu-r1,qwen2.5-coder-7b,hybrid-latency,hybrid,api-20261003T084838Z-PLUGGED_AC,[],True,False,0,,4096,2,OpenCL,model,3741.83,load_tensors:       OpenCL model buffer size =  3741.83 MiB
handoff-latency-unplugged-04-qwen2.5-coder-7b-p2048-g128-gpu-r1,qwen2.5-coder-7b,hybrid-latency,hybrid,api-20261003T084838Z-PLUGGED_AC,[],True,False,0,,4096,3,CPU,output,0.58,llama_context:        CPU  output buffer size =     0.58 MiB
handoff-latency-unplugged-04-qwen2.5-coder-7b-p2048-g128-gpu-r1,qwen2.5-coder-7b,hybrid-latency,hybrid,api-20261003T084838Z-PLUGGED_AC,[],True,False,0,,4096,4,OpenCL,KV,224.0,llama_kv_cache:     OpenCL KV buffer size =   224.00 MiB
handoff-latency-unplugged-04-qwen2.5-coder-7b-p2048-g128-gpu-r1,qwen2.5-coder-7b,hybrid-latency,hybrid,api-20261003T084838Z-PLUGGED_AC,[],True,False,0,,4096,5,OpenCL,compute,131.0,sched_reserve:     OpenCL compute buffer size =   131.00 MiB
handoff-latency-unplugged-04-qwen2.5-coder-7b-p2048-g128-gpu-r1,qwen2.5-coder-7b,hybrid-latency,hybrid,api-20261003T084838Z-PLUGGED_AC,[],True,False,0,,4096,6,CPU,compute,155.5,sched_reserve:        CPU compute buffer size =   155.50 MiB
handoff-latency-unplugged-04-qwen2.5-coder-7b-p2048-g128-hybrid-r0,qwen2.5-coder-7b,hybrid-latency,hybrid,api-20261003T084838Z-PLUGGED_AC,[],True,False,0,,4096,0,CPU_Mapped,model,292.36,load_tensors:   CPU_Mapped model buffer size =   292.36 MiB
handoff-latency-unplugged-04-qwen2.5-coder-7b-p2048-g128-hybrid-r0,qwen2.5-coder-7b,hybrid-latency,hybrid,api-20261003T084838Z-PLUGGED_AC,[],True,False,0,,4096,1,CPU_REPACK,model,426.36,load_tensors:   CPU_REPACK model buffer size =   426.36 MiB
handoff-latency-unplugged-04-qwen2.5-coder-7b-p2048-g128-hybrid-r0,qwen2.5-coder-7b,hybrid-latency,hybrid,api-20261003T084838Z-PLUGGED_AC,[],True,False,0,,4096,2,OpenCL,model,3741.83,load_tensors:       OpenCL model buffer size =  3741.83 MiB
handoff-latency-unplugged-04-qwen2.5-coder-7b-p2048-g128-hybrid-r0,qwen2.5-coder-7b,hybrid-latency,hybrid,api-20261003T084838Z-PLUGGED_AC,[],True,False,0,,4096,3,CPU,output,0.58,llama_context:        CPU  output buffer size =     0.58 MiB
handoff-latency-unplugged-04-qwen2.5-coder-7b-p2048-g128-hybrid-r0,qwen2.5-coder-7b,hybrid-latency,hybrid,api-20261003T084838Z-PLUGGED_AC,[],True,False,0,,4096,4,OpenCL,KV,224.0,llama_kv_cache:     OpenCL KV buffer size =   224.00 MiB
handoff-latency-unplugged-04-qwen2.5-coder-7b-p2048-g128-hybrid-r0,qwen2.5-coder-7b,hybrid-latency,hybrid,api-20261003T084838Z-PLUGGED_AC,[],True,False,0,,4096,5,OpenCL,compute,131.0,sched_reserve:     OpenCL compute buffer size =   131.00 MiB
handoff-latency-unplugged-04-qwen2.5-coder-7b-p2048-g128-hybrid-r0,qwen2.5-coder-7b,hybrid-latency,hybrid,api-20261003T084838Z-PLUGGED_AC,[],True,False,0,,4096,6,CPU,compute,155.5,sched_reserve:        CPU compute buffer size =   155.50 MiB
handoff-latency-unplugged-04-qwen2.5-coder-7b-p2048-g128-hybrid-r0,qwen2.5-coder-7b,hybrid-latency,hybrid,api-20261003T084838Z-PLUGGED_AC,[],True,False,0,,4096,7,CPU,compute,155.5,sched_reserve:        CPU compute buffer size =   155.50 MiB
handoff-latency-unplugged-04-qwen2.5-coder-7b-p2048-g128-hybrid-r1,qwen2.5-coder-7b,hybrid-latency,hybrid,api-20261003T084838Z-PLUGGED_AC,[],True,False,0,,4096,0,CPU_Mapped,model,292.36,load_tensors:   CPU_Mapped model buffer size =   292.36 MiB
handoff-latency-unplugged-04-qwen2.5-coder-7b-p2048-g128-hybrid-r1,qwen2.5-coder-7b,hybrid-latency,hybrid,api-20261003T084838Z-PLUGGED_AC,[],True,False,0,,4096,1,CPU_REPACK,model,426.36,load_tensors:   CPU_REPACK model buffer size =   426.36 MiB
handoff-latency-unplugged-04-qwen2.5-coder-7b-p2048-g128-hybrid-r1,qwen2.5-coder-7b,hybrid-latency,hybrid,api-20261003T084838Z-PLUGGED_AC,[],True,False,0,,4096,2,OpenCL,model,3741.83,load_tensors:       OpenCL model buffer size =  3741.83 MiB
handoff-latency-unplugged-04-qwen2.5-coder-7b-p2048-g128-hybrid-r1,qwen2.5-coder-7b,hybrid-latency,hybrid,api-20261003T084838Z-PLUGGED_AC,[],True,False,0,,4096,3,CPU,output,0.58,llama_context:        CPU  output buffer size =     0.58 MiB
handoff-latency-unplugged-04-qwen2.5-coder-7b-p2048-g128-hybrid-r1,qwen2.5-coder-7b,hybrid-latency,hybrid,api-20261003T084838Z-PLUGGED_AC,[],True,False,0,,4096,4,OpenCL,KV,224.0,llama_kv_cache:     OpenCL KV buffer size =   224.00 MiB
handoff-latency-unplugged-04-qwen2.5-coder-7b-p2048-g128-hybrid-r1,qwen2.5-coder-7b,hybrid-latency,hybrid,api-20261003T084838Z-PLUGGED_AC,[],True,False,0,,4096,5,OpenCL,compute,131.0,sched_reserve:     OpenCL compute buffer size =   131.00 MiB
handoff-latency-unplugged-04-qwen2.5-coder-7b-p2048-g128-hybrid-r1,qwen2.5-coder-7b,hybrid-latency,hybrid,api-20261003T084838Z-PLUGGED_AC,[],True,False,0,,4096,6,CPU,compute,155.5,sched_reserve:        CPU compute buffer size =   155.50 MiB
handoff-latency-unplugged-04-qwen2.5-coder-7b-p2048-g128-hybrid-r1,qwen2.5-coder-7b,hybrid-latency,hybrid,api-20261003T084838Z-PLUGGED_AC,[],True,False,0,,4096,7,CPU,compute,155.5,sched_reserve:        CPU compute buffer size =   155.50 MiB
handoff-latency-unplugged-04-qwen2.5-coder-7b-p512-g16-bounded-cpu-r0,qwen2.5-coder-7b,hybrid-residency-bounded,hybrid,api-20261003T084838Z-PLUGGED_AC,[],True,False,0,,1024,0,CPU_Mapped,model,4460.45,load_tensors:   CPU_Mapped model buffer size =  4460.45 MiB
handoff-latency-unplugged-04-qwen2.5-coder-7b-p512-g16-bounded-cpu-r0,qwen2.5-coder-7b,hybrid-residency-bounded,hybrid,api-20261003T084838Z-PLUGGED_AC,[],True,False,0,,1024,1,CPU_REPACK,model,4166.82,load_tensors:   CPU_REPACK model buffer size =  4166.82 MiB
handoff-latency-unplugged-04-qwen2.5-coder-7b-p512-g16-bounded-cpu-r0,qwen2.5-coder-7b,hybrid-residency-bounded,hybrid,api-20261003T084838Z-PLUGGED_AC,[],True,False,0,,1024,2,CPU,output,0.58,llama_context:        CPU  output buffer size =     0.58 MiB
handoff-latency-unplugged-04-qwen2.5-coder-7b-p512-g16-bounded-cpu-r0,qwen2.5-coder-7b,hybrid-residency-bounded,hybrid,api-20261003T084838Z-PLUGGED_AC,[],True,False,0,,1024,3,CPU,KV,56.0,llama_kv_cache:        CPU KV buffer size =    56.00 MiB
handoff-latency-unplugged-04-qwen2.5-coder-7b-p512-g16-bounded-cpu-r0,qwen2.5-coder-7b,hybrid-residency-bounded,hybrid,api-20261003T084838Z-PLUGGED_AC,[],True,False,0,,1024,4,CPU,compute,155.5,sched_reserve:        CPU compute buffer size =   155.50 MiB
handoff-latency-unplugged-04-qwen2.5-coder-7b-p512-g16-bounded-hybrid-r0,qwen2.5-coder-7b,hybrid-residency-bounded,hybrid,api-20261003T084838Z-PLUGGED_AC,[],True,False,0,,1024,0,CPU_Mapped,model,292.36,load_tensors:   CPU_Mapped model buffer size =   292.36 MiB
handoff-latency-unplugged-04-qwen2.5-coder-7b-p512-g16-bounded-hybrid-r0,qwen2.5-coder-7b,hybrid-residency-bounded,hybrid,api-20261003T084838Z-PLUGGED_AC,[],True,False,0,,1024,1,CPU_REPACK,model,426.36,load_tensors:   CPU_REPACK model buffer size =   426.36 MiB
handoff-latency-unplugged-04-qwen2.5-coder-7b-p512-g16-bounded-hybrid-r0,qwen2.5-coder-7b,hybrid-residency-bounded,hybrid,api-20261003T084838Z-PLUGGED_AC,[],True,False,0,,1024,2,OpenCL,model,3741.83,load_tensors:       OpenCL model buffer size =  3741.83 MiB
handoff-latency-unplugged-04-qwen2.5-coder-7b-p512-g16-bounded-hybrid-r0,qwen2.5-coder-7b,hybrid-residency-bounded,hybrid,api-20261003T084838Z-PLUGGED_AC,[],True,False,0,,1024,3,CPU,output,0.58,llama_context:        CPU  output buffer size =     0.58 MiB
handoff-latency-unplugged-04-qwen2.5-coder-7b-p512-g16-bounded-hybrid-r0,qwen2.5-coder-7b,hybrid-residency-bounded,hybrid,api-20261003T084838Z-PLUGGED_AC,[],True,False,0,,1024,4,OpenCL,KV,56.0,llama_kv_cache:     OpenCL KV buffer size =    56.00 MiB
handoff-latency-unplugged-04-qwen2.5-coder-7b-p512-g16-bounded-hybrid-r0,qwen2.5-coder-7b,hybrid-residency-bounded,hybrid,api-20261003T084838Z-PLUGGED_AC,[],True,False,0,,1024,5,OpenCL,compute,68.0,sched_reserve:     OpenCL compute buffer size =    68.00 MiB
handoff-latency-unplugged-04-qwen2.5-coder-7b-p512-g16-bounded-hybrid-r0,qwen2.5-coder-7b,hybrid-residency-bounded,hybrid,api-20261003T084838Z-PLUGGED_AC,[],True,False,0,,1024,6,CPU,compute,155.5,sched_reserve:        CPU compute buffer size =   155.50 MiB
handoff-latency-unplugged-04-qwen2.5-coder-7b-p512-g16-bounded-hybrid-r0,qwen2.5-coder-7b,hybrid-residency-bounded,hybrid,api-20261003T084838Z-PLUGGED_AC,[],True,False,0,,1024,7,CPU,compute,155.5,sched_reserve:        CPU compute buffer size =   155.50 MiB
handoff-latency-unplugged-04-qwen2.5-coder-7b-p512-g16-mapped-keep-r0,qwen2.5-coder-7b,hybrid-residency-bounded,hybrid,api-20261003T084838Z-PLUGGED_AC,[],True,False,0,,1024,0,CPU_Mapped,model,292.36,load_tensors:   CPU_Mapped model buffer size =   292.36 MiB
handoff-latency-unplugged-04-qwen2.5-coder-7b-p512-g16-mapped-keep-r0,qwen2.5-coder-7b,hybrid-residency-bounded,hybrid,api-20261003T084838Z-PLUGGED_AC,[],True,False,0,,1024,1,CPU_REPACK,model,426.36,load_tensors:   CPU_REPACK model buffer size =   426.36 MiB
handoff-latency-unplugged-04-qwen2.5-coder-7b-p512-g16-mapped-keep-r0,qwen2.5-coder-7b,hybrid-residency-bounded,hybrid,api-20261003T084838Z-PLUGGED_AC,[],True,False,0,,1024,2,OpenCL,model,3741.83,load_tensors:       OpenCL model buffer size =  3741.83 MiB
handoff-latency-unplugged-04-qwen2.5-coder-7b-p512-g16-mapped-keep-r0,qwen2.5-coder-7b,hybrid-residency-bounded,hybrid,api-20261003T084838Z-PLUGGED_AC,[],True,False,0,,1024,3,CPU,output,0.58,llama_context:        CPU  output buffer size =     0.58 MiB
handoff-latency-unplugged-04-qwen2.5-coder-7b-p512-g16-mapped-keep-r0,qwen2.5-coder-7b,hybrid-residency-bounded,hybrid,api-20261003T084838Z-PLUGGED_AC,[],True,False,0,,1024,4,OpenCL,KV,56.0,llama_kv_cache:     OpenCL KV buffer size =    56.00 MiB
handoff-latency-unplugged-04-qwen2.5-coder-7b-p512-g16-mapped-keep-r0,qwen2.5-coder-7b,hybrid-residency-bounded,hybrid,api-20261003T084838Z-PLUGGED_AC,[],True,False,0,,1024,5,OpenCL,compute,68.0,sched_reserve:     OpenCL compute buffer size =    68.00 MiB
handoff-latency-unplugged-04-qwen2.5-coder-7b-p512-g16-mapped-keep-r0,qwen2.5-coder-7b,hybrid-residency-bounded,hybrid,api-20261003T084838Z-PLUGGED_AC,[],True,False,0,,1024,6,CPU,compute,155.5,sched_reserve:        CPU compute buffer size =   155.50 MiB
handoff-latency-unplugged-04-qwen2.5-coder-7b-p512-g16-mapped-keep-r0,qwen2.5-coder-7b,hybrid-residency-bounded,hybrid,api-20261003T084838Z-PLUGGED_AC,[],True,False,0,,1024,7,CPU,compute,155.5,sched_reserve:        CPU compute buffer size =   155.50 MiB
handoff-latency-unplugged-04-qwen2.5-coder-7b-p512-g64-cpu-FA-practical-r1,qwen2.5-coder-7b,hybrid-practical-CPU,hybrid,api-20261003T145021Z-UNPLUGGED,[],True,False,0,,1024,0,CPU_Mapped,model,4460.45,load_tensors:   CPU_Mapped model buffer size =  4460.45 MiB
handoff-latency-unplugged-04-qwen2.5-coder-7b-p512-g64-cpu-FA-practical-r1,qwen2.5-coder-7b,hybrid-practical-CPU,hybrid,api-20261003T145021Z-UNPLUGGED,[],True,False,0,,1024,1,CPU_REPACK,model,4166.82,load_tensors:   CPU_REPACK model buffer size =  4166.82 MiB
handoff-latency-unplugged-04-qwen2.5-coder-7b-p512-g64-cpu-FA-practical-r1,qwen2.5-coder-7b,hybrid-practical-CPU,hybrid,api-20261003T145021Z-UNPLUGGED,[],True,False,0,,1024,2,CPU,output,0.58,llama_context:        CPU  output buffer size =     0.58 MiB
handoff-latency-unplugged-04-qwen2.5-coder-7b-p512-g64-cpu-FA-practical-r1,qwen2.5-coder-7b,hybrid-practical-CPU,hybrid,api-20261003T145021Z-UNPLUGGED,[],True,False,0,,1024,3,CPU,KV,56.0,llama_kv_cache:        CPU KV buffer size =    56.00 MiB
handoff-latency-unplugged-04-qwen2.5-coder-7b-p512-g64-cpu-FA-practical-r1,qwen2.5-coder-7b,hybrid-practical-CPU,hybrid,api-20261003T145021Z-UNPLUGGED,[],True,False,0,,1024,4,CPU,compute,155.5,sched_reserve:        CPU compute buffer size =   155.50 MiB
handoff-latency-unplugged-04-qwen2.5-coder-7b-p512-g64-cpu-plain-r0,qwen2.5-coder-7b,hybrid-latency,hybrid,api-20261003T084838Z-PLUGGED_AC,[],True,False,0,,1024,0,CPU_Mapped,model,4460.45,load_tensors:   CPU_Mapped model buffer size =  4460.45 MiB
handoff-latency-unplugged-04-qwen2.5-coder-7b-p512-g64-cpu-plain-r0,qwen2.5-coder-7b,hybrid-latency,hybrid,api-20261003T084838Z-PLUGGED_AC,[],True,False,0,,1024,1,CPU,output,0.58,llama_context:        CPU  output buffer size =     0.58 MiB
handoff-latency-unplugged-04-qwen2.5-coder-7b-p512-g64-cpu-plain-r0,qwen2.5-coder-7b,hybrid-latency,hybrid,api-20261003T084838Z-PLUGGED_AC,[],True,False,0,,1024,2,CPU,KV,56.0,llama_kv_cache:        CPU KV buffer size =    56.00 MiB
handoff-latency-unplugged-04-qwen2.5-coder-7b-p512-g64-cpu-plain-r0,qwen2.5-coder-7b,hybrid-latency,hybrid,api-20261003T084838Z-PLUGGED_AC,[],True,False,0,,1024,3,CPU,compute,155.5,sched_reserve:        CPU compute buffer size =   155.50 MiB
handoff-latency-unplugged-04-qwen2.5-coder-7b-p512-g64-cpu-r0,qwen2.5-coder-7b,hybrid-latency,hybrid,api-20261003T084838Z-PLUGGED_AC,[],True,False,0,,1024,0,CPU_Mapped,model,4460.45,load_tensors:   CPU_Mapped model buffer size =  4460.45 MiB
handoff-latency-unplugged-04-qwen2.5-coder-7b-p512-g64-cpu-r0,qwen2.5-coder-7b,hybrid-latency,hybrid,api-20261003T084838Z-PLUGGED_AC,[],True,False,0,,1024,1,CPU_REPACK,model,4166.82,load_tensors:   CPU_REPACK model buffer size =  4166.82 MiB
handoff-latency-unplugged-04-qwen2.5-coder-7b-p512-g64-cpu-r0,qwen2.5-coder-7b,hybrid-latency,hybrid,api-20261003T084838Z-PLUGGED_AC,[],True,False,0,,1024,2,CPU,output,0.58,llama_context:        CPU  output buffer size =     0.58 MiB
handoff-latency-unplugged-04-qwen2.5-coder-7b-p512-g64-cpu-r0,qwen2.5-coder-7b,hybrid-latency,hybrid,api-20261003T084838Z-PLUGGED_AC,[],True,False,0,,1024,3,CPU,KV,56.0,llama_kv_cache:        CPU KV buffer size =    56.00 MiB
handoff-latency-unplugged-04-qwen2.5-coder-7b-p512-g64-cpu-r0,qwen2.5-coder-7b,hybrid-latency,hybrid,api-20261003T084838Z-PLUGGED_AC,[],True,False,0,,1024,4,CPU,compute,155.5,sched_reserve:        CPU compute buffer size =   155.50 MiB
handoff-latency-unplugged-04-qwen2.5-coder-7b-p512-g64-cpu-r1,qwen2.5-coder-7b,hybrid-latency,hybrid,api-20261003T084838Z-PLUGGED_AC,[],True,False,0,,1024,0,CPU_Mapped,model,4460.45,load_tensors:   CPU_Mapped model buffer size =  4460.45 MiB
handoff-latency-unplugged-04-qwen2.5-coder-7b-p512-g64-cpu-r1,qwen2.5-coder-7b,hybrid-latency,hybrid,api-20261003T084838Z-PLUGGED_AC,[],True,False,0,,1024,1,CPU_REPACK,model,4166.82,load_tensors:   CPU_REPACK model buffer size =  4166.82 MiB
handoff-latency-unplugged-04-qwen2.5-coder-7b-p512-g64-cpu-r1,qwen2.5-coder-7b,hybrid-latency,hybrid,api-20261003T084838Z-PLUGGED_AC,[],True,False,0,,1024,2,CPU,output,0.58,llama_context:        CPU  output buffer size =     0.58 MiB
handoff-latency-unplugged-04-qwen2.5-coder-7b-p512-g64-cpu-r1,qwen2.5-coder-7b,hybrid-latency,hybrid,api-20261003T084838Z-PLUGGED_AC,[],True,False,0,,1024,3,CPU,KV,56.0,llama_kv_cache:        CPU KV buffer size =    56.00 MiB
handoff-latency-unplugged-04-qwen2.5-coder-7b-p512-g64-cpu-r1,qwen2.5-coder-7b,hybrid-latency,hybrid,api-20261003T084838Z-PLUGGED_AC,[],True,False,0,,1024,4,CPU,compute,155.5,sched_reserve:        CPU compute buffer size =   155.50 MiB
handoff-latency-unplugged-04-qwen2.5-coder-7b-p512-g64-cpu-resident-r0,qwen2.5-coder-7b,hybrid-latency,hybrid,api-20261003T084838Z-PLUGGED_AC,[],True,False,0,,1024,0,CPU_Mapped,model,4460.45,load_tensors:   CPU_Mapped model buffer size =  4460.45 MiB
handoff-latency-unplugged-04-qwen2.5-coder-7b-p512-g64-cpu-resident-r0,qwen2.5-coder-7b,hybrid-latency,hybrid,api-20261003T084838Z-PLUGGED_AC,[],True,False,0,,1024,1,CPU,output,0.58,llama_context:        CPU  output buffer size =     0.58 MiB
handoff-latency-unplugged-04-qwen2.5-coder-7b-p512-g64-cpu-resident-r0,qwen2.5-coder-7b,hybrid-latency,hybrid,api-20261003T084838Z-PLUGGED_AC,[],True,False,0,,1024,2,CPU,KV,56.0,llama_kv_cache:        CPU KV buffer size =    56.00 MiB
handoff-latency-unplugged-04-qwen2.5-coder-7b-p512-g64-cpu-resident-r0,qwen2.5-coder-7b,hybrid-latency,hybrid,api-20261003T084838Z-PLUGGED_AC,[],True,False,0,,1024,3,OpenCL,compute,76.92,sched_reserve:     OpenCL compute buffer size =    76.92 MiB
handoff-latency-unplugged-04-qwen2.5-coder-7b-p512-g64-cpu-resident-r0,qwen2.5-coder-7b,hybrid-latency,hybrid,api-20261003T084838Z-PLUGGED_AC,[],True,False,0,,1024,4,CPU,compute,155.5,sched_reserve:        CPU compute buffer size =   155.50 MiB
handoff-latency-unplugged-04-qwen2.5-coder-7b-p512-g64-cpu-resident-r0,qwen2.5-coder-7b,hybrid-latency,hybrid,api-20261003T084838Z-PLUGGED_AC,[],True,False,0,,1024,5,CPU,compute,155.5,sched_reserve:        CPU compute buffer size =   155.50 MiB
handoff-latency-unplugged-04-qwen2.5-coder-7b-p512-g64-gpu-auto-r0,qwen2.5-coder-7b,hybrid-latency,hybrid,api-20261003T084838Z-PLUGGED_AC,[],True,False,0,,1024,0,CPU,model,292.36,load_tensors:          CPU model buffer size =   292.36 MiB
handoff-latency-unplugged-04-qwen2.5-coder-7b-p512-g64-gpu-auto-r0,qwen2.5-coder-7b,hybrid-latency,hybrid,api-20261003T084838Z-PLUGGED_AC,[],True,False,0,,1024,1,CPU_REPACK,model,426.36,load_tensors:   CPU_REPACK model buffer size =   426.36 MiB
handoff-latency-unplugged-04-qwen2.5-coder-7b-p512-g64-gpu-auto-r0,qwen2.5-coder-7b,hybrid-latency,hybrid,api-20261003T084838Z-PLUGGED_AC,[],True,False,0,,1024,2,OpenCL,model,3741.83,load_tensors:       OpenCL model buffer size =  3741.83 MiB
handoff-latency-unplugged-04-qwen2.5-coder-7b-p512-g64-gpu-auto-r0,qwen2.5-coder-7b,hybrid-latency,hybrid,api-20261003T084838Z-PLUGGED_AC,[],True,False,0,,1024,3,CPU,output,0.58,llama_context:        CPU  output buffer size =     0.58 MiB
handoff-latency-unplugged-04-qwen2.5-coder-7b-p512-g64-gpu-auto-r0,qwen2.5-coder-7b,hybrid-latency,hybrid,api-20261003T084838Z-PLUGGED_AC,[],True,False,0,,1024,4,OpenCL,KV,56.0,llama_kv_cache:     OpenCL KV buffer size =    56.00 MiB
handoff-latency-unplugged-04-qwen2.5-coder-7b-p512-g64-gpu-auto-r0,qwen2.5-coder-7b,hybrid-latency,hybrid,api-20261003T084838Z-PLUGGED_AC,[],True,False,0,,1024,5,OpenCL,compute,68.0,sched_reserve:     OpenCL compute buffer size =    68.00 MiB
handoff-latency-unplugged-04-qwen2.5-coder-7b-p512-g64-gpu-auto-r0,qwen2.5-coder-7b,hybrid-latency,hybrid,api-20261003T084838Z-PLUGGED_AC,[],True,False,0,,1024,6,CPU,compute,155.5,sched_reserve:        CPU compute buffer size =   155.50 MiB
handoff-latency-unplugged-04-qwen2.5-coder-7b-p512-g64-gpu-r0,qwen2.5-coder-7b,hybrid-latency,hybrid,api-20261003T084838Z-PLUGGED_AC,[],True,False,0,,1024,0,CPU_Mapped,model,292.36,load_tensors:   CPU_Mapped model buffer size =   292.36 MiB
handoff-latency-unplugged-04-qwen2.5-coder-7b-p512-g64-gpu-r0,qwen2.5-coder-7b,hybrid-latency,hybrid,api-20261003T084838Z-PLUGGED_AC,[],True,False,0,,1024,1,CPU_REPACK,model,426.36,load_tensors:   CPU_REPACK model buffer size =   426.36 MiB
handoff-latency-unplugged-04-qwen2.5-coder-7b-p512-g64-gpu-r0,qwen2.5-coder-7b,hybrid-latency,hybrid,api-20261003T084838Z-PLUGGED_AC,[],True,False,0,,1024,2,OpenCL,model,3741.83,load_tensors:       OpenCL model buffer size =  3741.83 MiB
handoff-latency-unplugged-04-qwen2.5-coder-7b-p512-g64-gpu-r0,qwen2.5-coder-7b,hybrid-latency,hybrid,api-20261003T084838Z-PLUGGED_AC,[],True,False,0,,1024,3,CPU,output,0.58,llama_context:        CPU  output buffer size =     0.58 MiB
handoff-latency-unplugged-04-qwen2.5-coder-7b-p512-g64-gpu-r0,qwen2.5-coder-7b,hybrid-latency,hybrid,api-20261003T084838Z-PLUGGED_AC,[],True,False,0,,1024,4,OpenCL,KV,56.0,llama_kv_cache:     OpenCL KV buffer size =    56.00 MiB
handoff-latency-unplugged-04-qwen2.5-coder-7b-p512-g64-gpu-r0,qwen2.5-coder-7b,hybrid-latency,hybrid,api-20261003T084838Z-PLUGGED_AC,[],True,False,0,,1024,5,OpenCL,compute,68.0,sched_reserve:     OpenCL compute buffer size =    68.00 MiB
handoff-latency-unplugged-04-qwen2.5-coder-7b-p512-g64-gpu-r0,qwen2.5-coder-7b,hybrid-latency,hybrid,api-20261003T084838Z-PLUGGED_AC,[],True,False,0,,1024,6,CPU,compute,155.5,sched_reserve:        CPU compute buffer size =   155.50 MiB
handoff-latency-unplugged-04-qwen2.5-coder-7b-p512-g64-gpu-r1,qwen2.5-coder-7b,hybrid-latency,hybrid,api-20261003T084838Z-PLUGGED_AC,[],True,False,0,,1024,0,CPU_Mapped,model,292.36,load_tensors:   CPU_Mapped model buffer size =   292.36 MiB
handoff-latency-unplugged-04-qwen2.5-coder-7b-p512-g64-gpu-r1,qwen2.5-coder-7b,hybrid-latency,hybrid,api-20261003T084838Z-PLUGGED_AC,[],True,False,0,,1024,1,CPU_REPACK,model,426.36,load_tensors:   CPU_REPACK model buffer size =   426.36 MiB
handoff-latency-unplugged-04-qwen2.5-coder-7b-p512-g64-gpu-r1,qwen2.5-coder-7b,hybrid-latency,hybrid,api-20261003T084838Z-PLUGGED_AC,[],True,False,0,,1024,2,OpenCL,model,3741.83,load_tensors:       OpenCL model buffer size =  3741.83 MiB
handoff-latency-unplugged-04-qwen2.5-coder-7b-p512-g64-gpu-r1,qwen2.5-coder-7b,hybrid-latency,hybrid,api-20261003T084838Z-PLUGGED_AC,[],True,False,0,,1024,3,CPU,output,0.58,llama_context:        CPU  output buffer size =     0.58 MiB
handoff-latency-unplugged-04-qwen2.5-coder-7b-p512-g64-gpu-r1,qwen2.5-coder-7b,hybrid-latency,hybrid,api-20261003T084838Z-PLUGGED_AC,[],True,False,0,,1024,4,OpenCL,KV,56.0,llama_kv_cache:     OpenCL KV buffer size =    56.00 MiB
handoff-latency-unplugged-04-qwen2.5-coder-7b-p512-g64-gpu-r1,qwen2.5-coder-7b,hybrid-latency,hybrid,api-20261003T084838Z-PLUGGED_AC,[],True,False,0,,1024,5,OpenCL,compute,68.0,sched_reserve:     OpenCL compute buffer size =    68.00 MiB
handoff-latency-unplugged-04-qwen2.5-coder-7b-p512-g64-gpu-r1,qwen2.5-coder-7b,hybrid-latency,hybrid,api-20261003T084838Z-PLUGGED_AC,[],True,False,0,,1024,6,CPU,compute,155.5,sched_reserve:        CPU compute buffer size =   155.50 MiB
handoff-latency-unplugged-04-qwen2.5-coder-7b-p512-g64-hybrid-r0,qwen2.5-coder-7b,hybrid-latency,hybrid,api-20261003T084838Z-PLUGGED_AC,[],True,False,0,,1024,0,CPU_Mapped,model,292.36,load_tensors:   CPU_Mapped model buffer size =   292.36 MiB
handoff-latency-unplugged-04-qwen2.5-coder-7b-p512-g64-hybrid-r0,qwen2.5-coder-7b,hybrid-latency,hybrid,api-20261003T084838Z-PLUGGED_AC,[],True,False,0,,1024,1,CPU_REPACK,model,426.36,load_tensors:   CPU_REPACK model buffer size =   426.36 MiB
handoff-latency-unplugged-04-qwen2.5-coder-7b-p512-g64-hybrid-r0,qwen2.5-coder-7b,hybrid-latency,hybrid,api-20261003T084838Z-PLUGGED_AC,[],True,False,0,,1024,2,OpenCL,model,3741.83,load_tensors:       OpenCL model buffer size =  3741.83 MiB
handoff-latency-unplugged-04-qwen2.5-coder-7b-p512-g64-hybrid-r0,qwen2.5-coder-7b,hybrid-latency,hybrid,api-20261003T084838Z-PLUGGED_AC,[],True,False,0,,1024,3,CPU,output,0.58,llama_context:        CPU  output buffer size =     0.58 MiB
handoff-latency-unplugged-04-qwen2.5-coder-7b-p512-g64-hybrid-r0,qwen2.5-coder-7b,hybrid-latency,hybrid,api-20261003T084838Z-PLUGGED_AC,[],True,False,0,,1024,4,OpenCL,KV,56.0,llama_kv_cache:     OpenCL KV buffer size =    56.00 MiB
handoff-latency-unplugged-04-qwen2.5-coder-7b-p512-g64-hybrid-r0,qwen2.5-coder-7b,hybrid-latency,hybrid,api-20261003T084838Z-PLUGGED_AC,[],True,False,0,,1024,5,OpenCL,compute,68.0,sched_reserve:     OpenCL compute buffer size =    68.00 MiB
handoff-latency-unplugged-04-qwen2.5-coder-7b-p512-g64-hybrid-r0,qwen2.5-coder-7b,hybrid-latency,hybrid,api-20261003T084838Z-PLUGGED_AC,[],True,False,0,,1024,6,CPU,compute,155.5,sched_reserve:        CPU compute buffer size =   155.50 MiB
handoff-latency-unplugged-04-qwen2.5-coder-7b-p512-g64-hybrid-r0,qwen2.5-coder-7b,hybrid-latency,hybrid,api-20261003T084838Z-PLUGGED_AC,[],True,False,0,,1024,7,CPU,compute,155.5,sched_reserve:        CPU compute buffer size =   155.50 MiB
handoff-latency-unplugged-04-qwen2.5-coder-7b-p512-g64-hybrid-r1,qwen2.5-coder-7b,hybrid-latency,hybrid,api-20261003T084838Z-PLUGGED_AC,[],True,False,0,,1024,0,CPU_Mapped,model,292.36,load_tensors:   CPU_Mapped model buffer size =   292.36 MiB
handoff-latency-unplugged-04-qwen2.5-coder-7b-p512-g64-hybrid-r1,qwen2.5-coder-7b,hybrid-latency,hybrid,api-20261003T084838Z-PLUGGED_AC,[],True,False,0,,1024,1,CPU_REPACK,model,426.36,load_tensors:   CPU_REPACK model buffer size =   426.36 MiB
handoff-latency-unplugged-04-qwen2.5-coder-7b-p512-g64-hybrid-r1,qwen2.5-coder-7b,hybrid-latency,hybrid,api-20261003T084838Z-PLUGGED_AC,[],True,False,0,,1024,2,OpenCL,model,3741.83,load_tensors:       OpenCL model buffer size =  3741.83 MiB
handoff-latency-unplugged-04-qwen2.5-coder-7b-p512-g64-hybrid-r1,qwen2.5-coder-7b,hybrid-latency,hybrid,api-20261003T084838Z-PLUGGED_AC,[],True,False,0,,1024,3,CPU,output,0.58,llama_context:        CPU  output buffer size =     0.58 MiB
handoff-latency-unplugged-04-qwen2.5-coder-7b-p512-g64-hybrid-r1,qwen2.5-coder-7b,hybrid-latency,hybrid,api-20261003T084838Z-PLUGGED_AC,[],True,False,0,,1024,4,OpenCL,KV,56.0,llama_kv_cache:     OpenCL KV buffer size =    56.00 MiB
handoff-latency-unplugged-04-qwen2.5-coder-7b-p512-g64-hybrid-r1,qwen2.5-coder-7b,hybrid-latency,hybrid,api-20261003T084838Z-PLUGGED_AC,[],True,False,0,,1024,5,OpenCL,compute,68.0,sched_reserve:     OpenCL compute buffer size =    68.00 MiB
handoff-latency-unplugged-04-qwen2.5-coder-7b-p512-g64-hybrid-r1,qwen2.5-coder-7b,hybrid-latency,hybrid,api-20261003T084838Z-PLUGGED_AC,[],True,False,0,,1024,6,CPU,compute,155.5,sched_reserve:        CPU compute buffer size =   155.50 MiB
handoff-latency-unplugged-04-qwen2.5-coder-7b-p512-g64-hybrid-r1,qwen2.5-coder-7b,hybrid-latency,hybrid,api-20261003T084838Z-PLUGGED_AC,[],True,False,0,,1024,7,CPU,compute,155.5,sched_reserve:        CPU compute buffer size =   155.50 MiB
handoff-latency-unplugged-04-qwen2.5-coder-7b-p512-g64-partial-half-r0,qwen2.5-coder-7b,hybrid-latency,hybrid,api-20261003T084838Z-PLUGGED_AC,[],True,False,0,,1024,0,CPU_Mapped,model,2288.28,load_tensors:   CPU_Mapped model buffer size =  2288.28 MiB
handoff-latency-unplugged-04-qwen2.5-coder-7b-p512-g64-partial-half-r0,qwen2.5-coder-7b,hybrid-latency,hybrid,api-20261003T084838Z-PLUGGED_AC,[],True,False,0,,1024,1,CPU_REPACK,model,2421.6,load_tensors:   CPU_REPACK model buffer size =  2421.60 MiB
handoff-latency-unplugged-04-qwen2.5-coder-7b-p512-g64-partial-half-r0,qwen2.5-coder-7b,hybrid-latency,hybrid,api-20261003T084838Z-PLUGGED_AC,[],True,False,0,,1024,2,OpenCL,model,1745.86,load_tensors:       OpenCL model buffer size =  1745.86 MiB
handoff-latency-unplugged-04-qwen2.5-coder-7b-p512-g64-partial-half-r0,qwen2.5-coder-7b,hybrid-latency,hybrid,api-20261003T084838Z-PLUGGED_AC,[],True,False,0,,1024,3,CPU,output,0.58,llama_context:        CPU  output buffer size =     0.58 MiB
handoff-latency-unplugged-04-qwen2.5-coder-7b-p512-g64-partial-half-r0,qwen2.5-coder-7b,hybrid-latency,hybrid,api-20261003T084838Z-PLUGGED_AC,[],True,False,0,,1024,4,CPU,KV,30.0,llama_kv_cache:        CPU KV buffer size =    30.00 MiB
handoff-latency-unplugged-04-qwen2.5-coder-7b-p512-g64-partial-half-r0,qwen2.5-coder-7b,hybrid-latency,hybrid,api-20261003T084838Z-PLUGGED_AC,[],True,False,0,,1024,5,OpenCL,KV,26.0,llama_kv_cache:     OpenCL KV buffer size =    26.00 MiB
handoff-latency-unplugged-04-qwen2.5-coder-7b-p512-g64-partial-half-r0,qwen2.5-coder-7b,hybrid-latency,hybrid,api-20261003T084838Z-PLUGGED_AC,[],True,False,0,,1024,6,OpenCL,compute,68.0,sched_reserve:     OpenCL compute buffer size =    68.00 MiB
handoff-latency-unplugged-04-qwen2.5-coder-7b-p512-g64-partial-half-r0,qwen2.5-coder-7b,hybrid-latency,hybrid,api-20261003T084838Z-PLUGGED_AC,[],True,False,0,,1024,7,CPU,compute,155.5,sched_reserve:        CPU compute buffer size =   155.50 MiB
handoff-latency-unplugged-04-qwen2.5-coder-7b-p512-g64-partial-half-r0,qwen2.5-coder-7b,hybrid-latency,hybrid,api-20261003T084838Z-PLUGGED_AC,[],True,False,0,,1024,8,CPU,compute,155.5,sched_reserve:        CPU compute buffer size =   155.50 MiB
handoff-latency-unplugged-04-qwen2.5-coder-7b-p8192-g128-cpu-FA-canonical-r0,qwen2.5-coder-7b,hybrid-CPU-layout-control,hybrid,api-20261003T084838Z-PLUGGED_AC,[],True,False,0,,8704,0,CPU_Mapped,model,4460.45,load_tensors:   CPU_Mapped model buffer size =  4460.45 MiB
handoff-latency-unplugged-04-qwen2.5-coder-7b-p8192-g128-cpu-FA-canonical-r0,qwen2.5-coder-7b,hybrid-CPU-layout-control,hybrid,api-20261003T084838Z-PLUGGED_AC,[],True,False,0,,8704,1,CPU,output,0.58,llama_context:        CPU  output buffer size =     0.58 MiB
handoff-latency-unplugged-04-qwen2.5-coder-7b-p8192-g128-cpu-FA-canonical-r0,qwen2.5-coder-7b,hybrid-CPU-layout-control,hybrid,api-20261003T084838Z-PLUGGED_AC,[],True,False,0,,8704,2,CPU,KV,476.0,llama_kv_cache:        CPU KV buffer size =   476.00 MiB
handoff-latency-unplugged-04-qwen2.5-coder-7b-p8192-g128-cpu-FA-canonical-r0,qwen2.5-coder-7b,hybrid-CPU-layout-control,hybrid,api-20261003T084838Z-PLUGGED_AC,[],True,False,0,,8704,3,CPU,compute,155.5,sched_reserve:        CPU compute buffer size =   155.50 MiB
handoff-latency-unplugged-04-qwen2.5-coder-7b-p8192-g128-cpu-FA-canonical-r1,qwen2.5-coder-7b,hybrid-CPU-layout-control,hybrid,api-20261003T084838Z-PLUGGED_AC,[],True,False,0,,8704,0,CPU_Mapped,model,4460.45,load_tensors:   CPU_Mapped model buffer size =  4460.45 MiB
handoff-latency-unplugged-04-qwen2.5-coder-7b-p8192-g128-cpu-FA-canonical-r1,qwen2.5-coder-7b,hybrid-CPU-layout-control,hybrid,api-20261003T084838Z-PLUGGED_AC,[],True,False,0,,8704,1,CPU,output,0.58,llama_context:        CPU  output buffer size =     0.58 MiB
handoff-latency-unplugged-04-qwen2.5-coder-7b-p8192-g128-cpu-FA-canonical-r1,qwen2.5-coder-7b,hybrid-CPU-layout-control,hybrid,api-20261003T084838Z-PLUGGED_AC,[],True,False,0,,8704,2,CPU,KV,476.0,llama_kv_cache:        CPU KV buffer size =   476.00 MiB
handoff-latency-unplugged-04-qwen2.5-coder-7b-p8192-g128-cpu-FA-canonical-r1,qwen2.5-coder-7b,hybrid-CPU-layout-control,hybrid,api-20261003T084838Z-PLUGGED_AC,[],True,False,0,,8704,3,CPU,compute,155.5,sched_reserve:        CPU compute buffer size =   155.50 MiB
handoff-latency-unplugged-04-qwen2.5-coder-7b-p8192-g128-cpu-FA-practical-r0,qwen2.5-coder-7b,hybrid-practical-CPU,hybrid,api-20261003T145021Z-UNPLUGGED,"[""CPU availability or Android cgroup changed during measurement"",""Benchmark process Android cgroup changed during measurement"",""Run failed, was aborted, or did not parse""]",False,False,-15,Android benchmark cgroup changed during measurement; invalid controlled comparison,8704,0,CPU_Mapped,model,4460.45,load_tensors:   CPU_Mapped model buffer size =  4460.45 MiB
handoff-latency-unplugged-04-qwen2.5-coder-7b-p8192-g128-cpu-FA-practical-r0,qwen2.5-coder-7b,hybrid-practical-CPU,hybrid,api-20261003T145021Z-UNPLUGGED,"[""CPU availability or Android cgroup changed during measurement"",""Benchmark process Android cgroup changed during measurement"",""Run failed, was aborted, or did not parse""]",False,False,-15,Android benchmark cgroup changed during measurement; invalid controlled comparison,8704,1,CPU_REPACK,model,4166.82,load_tensors:   CPU_REPACK model buffer size =  4166.82 MiB
handoff-latency-unplugged-04-qwen2.5-coder-7b-p8192-g128-cpu-FA-practical-r0,qwen2.5-coder-7b,hybrid-practical-CPU,hybrid,api-20261003T145021Z-UNPLUGGED,"[""CPU availability or Android cgroup changed during measurement"",""Benchmark process Android cgroup changed during measurement"",""Run failed, was aborted, or did not parse""]",False,False,-15,Android benchmark cgroup changed during measurement; invalid controlled comparison,8704,2,CPU,output,0.58,llama_context:        CPU  output buffer size =     0.58 MiB
handoff-latency-unplugged-04-qwen2.5-coder-7b-p8192-g128-cpu-FA-practical-r0,qwen2.5-coder-7b,hybrid-practical-CPU,hybrid,api-20261003T145021Z-UNPLUGGED,"[""CPU availability or Android cgroup changed during measurement"",""Benchmark process Android cgroup changed during measurement"",""Run failed, was aborted, or did not parse""]",False,False,-15,Android benchmark cgroup changed during measurement; invalid controlled comparison,8704,3,CPU,KV,476.0,llama_kv_cache:        CPU KV buffer size =   476.00 MiB
handoff-latency-unplugged-04-qwen2.5-coder-7b-p8192-g128-cpu-FA-practical-r0,qwen2.5-coder-7b,hybrid-practical-CPU,hybrid,api-20261003T145021Z-UNPLUGGED,"[""CPU availability or Android cgroup changed during measurement"",""Benchmark process Android cgroup changed during measurement"",""Run failed, was aborted, or did not parse""]",False,False,-15,Android benchmark cgroup changed during measurement; invalid controlled comparison,8704,4,CPU,compute,155.5,sched_reserve:        CPU compute buffer size =   155.50 MiB
handoff-latency-unplugged-04-qwen2.5-coder-7b-p8192-g128-cpu-r0,qwen2.5-coder-7b,hybrid-latency,hybrid,api-20261003T084838Z-PLUGGED_AC,[],True,False,0,,8704,0,CPU_Mapped,model,4460.45,load_tensors:   CPU_Mapped model buffer size =  4460.45 MiB
handoff-latency-unplugged-04-qwen2.5-coder-7b-p8192-g128-cpu-r0,qwen2.5-coder-7b,hybrid-latency,hybrid,api-20261003T084838Z-PLUGGED_AC,[],True,False,0,,8704,1,CPU_REPACK,model,4166.82,load_tensors:   CPU_REPACK model buffer size =  4166.82 MiB
handoff-latency-unplugged-04-qwen2.5-coder-7b-p8192-g128-cpu-r0,qwen2.5-coder-7b,hybrid-latency,hybrid,api-20261003T084838Z-PLUGGED_AC,[],True,False,0,,8704,2,CPU,output,0.58,llama_context:        CPU  output buffer size =     0.58 MiB
handoff-latency-unplugged-04-qwen2.5-coder-7b-p8192-g128-cpu-r0,qwen2.5-coder-7b,hybrid-latency,hybrid,api-20261003T084838Z-PLUGGED_AC,[],True,False,0,,8704,3,CPU,KV,476.0,llama_kv_cache:        CPU KV buffer size =   476.00 MiB
handoff-latency-unplugged-04-qwen2.5-coder-7b-p8192-g128-cpu-r0,qwen2.5-coder-7b,hybrid-latency,hybrid,api-20261003T084838Z-PLUGGED_AC,[],True,False,0,,8704,4,CPU,compute,265.0,sched_reserve:        CPU compute buffer size =   265.00 MiB
handoff-latency-unplugged-04-qwen2.5-coder-7b-p8192-g128-cpu-r1,qwen2.5-coder-7b,hybrid-latency,hybrid,api-20261003T084838Z-PLUGGED_AC,[],True,False,0,,8704,0,CPU_Mapped,model,4460.45,load_tensors:   CPU_Mapped model buffer size =  4460.45 MiB
handoff-latency-unplugged-04-qwen2.5-coder-7b-p8192-g128-cpu-r1,qwen2.5-coder-7b,hybrid-latency,hybrid,api-20261003T084838Z-PLUGGED_AC,[],True,False,0,,8704,1,CPU_REPACK,model,4166.82,load_tensors:   CPU_REPACK model buffer size =  4166.82 MiB
handoff-latency-unplugged-04-qwen2.5-coder-7b-p8192-g128-cpu-r1,qwen2.5-coder-7b,hybrid-latency,hybrid,api-20261003T084838Z-PLUGGED_AC,[],True,False,0,,8704,2,CPU,output,0.58,llama_context:        CPU  output buffer size =     0.58 MiB
handoff-latency-unplugged-04-qwen2.5-coder-7b-p8192-g128-cpu-r1,qwen2.5-coder-7b,hybrid-latency,hybrid,api-20261003T084838Z-PLUGGED_AC,[],True,False,0,,8704,3,CPU,KV,476.0,llama_kv_cache:        CPU KV buffer size =   476.00 MiB
handoff-latency-unplugged-04-qwen2.5-coder-7b-p8192-g128-cpu-r1,qwen2.5-coder-7b,hybrid-latency,hybrid,api-20261003T084838Z-PLUGGED_AC,[],True,False,0,,8704,4,CPU,compute,265.0,sched_reserve:        CPU compute buffer size =   265.00 MiB
handoff-latency-unplugged-04-qwen2.5-coder-7b-p8192-g128-gpu-r0,qwen2.5-coder-7b,hybrid-latency,hybrid,api-20261003T084838Z-PLUGGED_AC,[],True,False,0,,8704,0,CPU_Mapped,model,292.36,load_tensors:   CPU_Mapped model buffer size =   292.36 MiB
handoff-latency-unplugged-04-qwen2.5-coder-7b-p8192-g128-gpu-r0,qwen2.5-coder-7b,hybrid-latency,hybrid,api-20261003T084838Z-PLUGGED_AC,[],True,False,0,,8704,1,CPU_REPACK,model,426.36,load_tensors:   CPU_REPACK model buffer size =   426.36 MiB
handoff-latency-unplugged-04-qwen2.5-coder-7b-p8192-g128-gpu-r0,qwen2.5-coder-7b,hybrid-latency,hybrid,api-20261003T084838Z-PLUGGED_AC,[],True,False,0,,8704,2,OpenCL,model,3741.83,load_tensors:       OpenCL model buffer size =  3741.83 MiB
handoff-latency-unplugged-04-qwen2.5-coder-7b-p8192-g128-gpu-r0,qwen2.5-coder-7b,hybrid-latency,hybrid,api-20261003T084838Z-PLUGGED_AC,[],True,False,0,,8704,3,CPU,output,0.58,llama_context:        CPU  output buffer size =     0.58 MiB
handoff-latency-unplugged-04-qwen2.5-coder-7b-p8192-g128-gpu-r0,qwen2.5-coder-7b,hybrid-latency,hybrid,api-20261003T084838Z-PLUGGED_AC,[],True,False,0,,8704,4,OpenCL,KV,476.0,llama_kv_cache:     OpenCL KV buffer size =   476.00 MiB
handoff-latency-unplugged-04-qwen2.5-coder-7b-p8192-g128-gpu-r0,qwen2.5-coder-7b,hybrid-latency,hybrid,api-20261003T084838Z-PLUGGED_AC,[],True,False,0,,8704,5,OpenCL,compute,261.5,sched_reserve:     OpenCL compute buffer size =   261.50 MiB
handoff-latency-unplugged-04-qwen2.5-coder-7b-p8192-g128-gpu-r0,qwen2.5-coder-7b,hybrid-latency,hybrid,api-20261003T084838Z-PLUGGED_AC,[],True,False,0,,8704,6,CPU,compute,155.5,sched_reserve:        CPU compute buffer size =   155.50 MiB
handoff-latency-unplugged-04-qwen2.5-coder-7b-p8192-g128-gpu-r1,qwen2.5-coder-7b,hybrid-latency,hybrid,api-20261003T084838Z-PLUGGED_AC,[],True,False,0,,8704,0,CPU_Mapped,model,292.36,load_tensors:   CPU_Mapped model buffer size =   292.36 MiB
handoff-latency-unplugged-04-qwen2.5-coder-7b-p8192-g128-gpu-r1,qwen2.5-coder-7b,hybrid-latency,hybrid,api-20261003T084838Z-PLUGGED_AC,[],True,False,0,,8704,1,CPU_REPACK,model,426.36,load_tensors:   CPU_REPACK model buffer size =   426.36 MiB
handoff-latency-unplugged-04-qwen2.5-coder-7b-p8192-g128-gpu-r1,qwen2.5-coder-7b,hybrid-latency,hybrid,api-20261003T084838Z-PLUGGED_AC,[],True,False,0,,8704,2,OpenCL,model,3741.83,load_tensors:       OpenCL model buffer size =  3741.83 MiB
handoff-latency-unplugged-04-qwen2.5-coder-7b-p8192-g128-gpu-r1,qwen2.5-coder-7b,hybrid-latency,hybrid,api-20261003T084838Z-PLUGGED_AC,[],True,False,0,,8704,3,CPU,output,0.58,llama_context:        CPU  output buffer size =     0.58 MiB
handoff-latency-unplugged-04-qwen2.5-coder-7b-p8192-g128-gpu-r1,qwen2.5-coder-7b,hybrid-latency,hybrid,api-20261003T084838Z-PLUGGED_AC,[],True,False,0,,8704,4,OpenCL,KV,476.0,llama_kv_cache:     OpenCL KV buffer size =   476.00 MiB
handoff-latency-unplugged-04-qwen2.5-coder-7b-p8192-g128-gpu-r1,qwen2.5-coder-7b,hybrid-latency,hybrid,api-20261003T084838Z-PLUGGED_AC,[],True,False,0,,8704,5,OpenCL,compute,261.5,sched_reserve:     OpenCL compute buffer size =   261.50 MiB
handoff-latency-unplugged-04-qwen2.5-coder-7b-p8192-g128-gpu-r1,qwen2.5-coder-7b,hybrid-latency,hybrid,api-20261003T084838Z-PLUGGED_AC,[],True,False,0,,8704,6,CPU,compute,155.5,sched_reserve:        CPU compute buffer size =   155.50 MiB
handoff-latency-unplugged-04-qwen2.5-coder-7b-p8192-g128-hybrid-r0,qwen2.5-coder-7b,hybrid-latency,hybrid,api-20261003T084838Z-PLUGGED_AC,[],True,False,0,,8704,0,CPU_Mapped,model,292.36,load_tensors:   CPU_Mapped model buffer size =   292.36 MiB
handoff-latency-unplugged-04-qwen2.5-coder-7b-p8192-g128-hybrid-r0,qwen2.5-coder-7b,hybrid-latency,hybrid,api-20261003T084838Z-PLUGGED_AC,[],True,False,0,,8704,1,CPU_REPACK,model,426.36,load_tensors:   CPU_REPACK model buffer size =   426.36 MiB
handoff-latency-unplugged-04-qwen2.5-coder-7b-p8192-g128-hybrid-r0,qwen2.5-coder-7b,hybrid-latency,hybrid,api-20261003T084838Z-PLUGGED_AC,[],True,False,0,,8704,2,OpenCL,model,3741.83,load_tensors:       OpenCL model buffer size =  3741.83 MiB
handoff-latency-unplugged-04-qwen2.5-coder-7b-p8192-g128-hybrid-r0,qwen2.5-coder-7b,hybrid-latency,hybrid,api-20261003T084838Z-PLUGGED_AC,[],True,False,0,,8704,3,CPU,output,0.58,llama_context:        CPU  output buffer size =     0.58 MiB
handoff-latency-unplugged-04-qwen2.5-coder-7b-p8192-g128-hybrid-r0,qwen2.5-coder-7b,hybrid-latency,hybrid,api-20261003T084838Z-PLUGGED_AC,[],True,False,0,,8704,4,OpenCL,KV,476.0,llama_kv_cache:     OpenCL KV buffer size =   476.00 MiB
handoff-latency-unplugged-04-qwen2.5-coder-7b-p8192-g128-hybrid-r0,qwen2.5-coder-7b,hybrid-latency,hybrid,api-20261003T084838Z-PLUGGED_AC,[],True,False,0,,8704,5,OpenCL,compute,261.5,sched_reserve:     OpenCL compute buffer size =   261.50 MiB
handoff-latency-unplugged-04-qwen2.5-coder-7b-p8192-g128-hybrid-r0,qwen2.5-coder-7b,hybrid-latency,hybrid,api-20261003T084838Z-PLUGGED_AC,[],True,False,0,,8704,6,CPU,compute,155.5,sched_reserve:        CPU compute buffer size =   155.50 MiB
handoff-latency-unplugged-04-qwen2.5-coder-7b-p8192-g128-hybrid-r0,qwen2.5-coder-7b,hybrid-latency,hybrid,api-20261003T084838Z-PLUGGED_AC,[],True,False,0,,8704,7,CPU,compute,265.0,sched_reserve:        CPU compute buffer size =   265.00 MiB
handoff-latency-unplugged-04-qwen2.5-coder-7b-p8192-g128-hybrid-r1,qwen2.5-coder-7b,hybrid-latency,hybrid,api-20261003T084838Z-PLUGGED_AC,[],True,False,0,,8704,0,CPU_Mapped,model,292.36,load_tensors:   CPU_Mapped model buffer size =   292.36 MiB
handoff-latency-unplugged-04-qwen2.5-coder-7b-p8192-g128-hybrid-r1,qwen2.5-coder-7b,hybrid-latency,hybrid,api-20261003T084838Z-PLUGGED_AC,[],True,False,0,,8704,1,CPU_REPACK,model,426.36,load_tensors:   CPU_REPACK model buffer size =   426.36 MiB
handoff-latency-unplugged-04-qwen2.5-coder-7b-p8192-g128-hybrid-r1,qwen2.5-coder-7b,hybrid-latency,hybrid,api-20261003T084838Z-PLUGGED_AC,[],True,False,0,,8704,2,OpenCL,model,3741.83,load_tensors:       OpenCL model buffer size =  3741.83 MiB
handoff-latency-unplugged-04-qwen2.5-coder-7b-p8192-g128-hybrid-r1,qwen2.5-coder-7b,hybrid-latency,hybrid,api-20261003T084838Z-PLUGGED_AC,[],True,False,0,,8704,3,CPU,output,0.58,llama_context:        CPU  output buffer size =     0.58 MiB
handoff-latency-unplugged-04-qwen2.5-coder-7b-p8192-g128-hybrid-r1,qwen2.5-coder-7b,hybrid-latency,hybrid,api-20261003T084838Z-PLUGGED_AC,[],True,False,0,,8704,4,OpenCL,KV,476.0,llama_kv_cache:     OpenCL KV buffer size =   476.00 MiB
handoff-latency-unplugged-04-qwen2.5-coder-7b-p8192-g128-hybrid-r1,qwen2.5-coder-7b,hybrid-latency,hybrid,api-20261003T084838Z-PLUGGED_AC,[],True,False,0,,8704,5,OpenCL,compute,261.5,sched_reserve:     OpenCL compute buffer size =   261.50 MiB
handoff-latency-unplugged-04-qwen2.5-coder-7b-p8192-g128-hybrid-r1,qwen2.5-coder-7b,hybrid-latency,hybrid,api-20261003T084838Z-PLUGGED_AC,[],True,False,0,,8704,6,CPU,compute,155.5,sched_reserve:        CPU compute buffer size =   155.50 MiB
handoff-latency-unplugged-04-qwen2.5-coder-7b-p8192-g128-hybrid-r1,qwen2.5-coder-7b,hybrid-latency,hybrid,api-20261003T084838Z-PLUGGED_AC,[],True,False,0,,8704,7,CPU,compute,265.0,sched_reserve:        CPU compute buffer size =   265.00 MiB
handoff-latency-unplugged-04-qwen3-4b-instruct-p128-g64-cpu-FA-practical-r0,qwen3-4b-instruct,hybrid-practical-CPU,hybrid,api-20261003T084838Z-PLUGGED_AC,[],True,False,0,,512,0,CPU_Mapped,model,2362.55,load_tensors:   CPU_Mapped model buffer size =  2362.55 MiB
handoff-latency-unplugged-04-qwen3-4b-instruct-p128-g64-cpu-FA-practical-r0,qwen3-4b-instruct,hybrid-practical-CPU,hybrid,api-20261003T084838Z-PLUGGED_AC,[],True,False,0,,512,1,CPU_REPACK,model,2375.16,load_tensors:   CPU_REPACK model buffer size =  2375.16 MiB
handoff-latency-unplugged-04-qwen3-4b-instruct-p128-g64-cpu-FA-practical-r0,qwen3-4b-instruct,hybrid-practical-CPU,hybrid,api-20261003T084838Z-PLUGGED_AC,[],True,False,0,,512,2,CPU,output,0.58,llama_context:        CPU  output buffer size =     0.58 MiB
handoff-latency-unplugged-04-qwen3-4b-instruct-p128-g64-cpu-FA-practical-r0,qwen3-4b-instruct,hybrid-practical-CPU,hybrid,api-20261003T084838Z-PLUGGED_AC,[],True,False,0,,512,3,CPU,KV,72.0,llama_kv_cache:        CPU KV buffer size =    72.00 MiB
handoff-latency-unplugged-04-qwen3-4b-instruct-p128-g64-cpu-FA-practical-r0,qwen3-4b-instruct,hybrid-practical-CPU,hybrid,api-20261003T084838Z-PLUGGED_AC,[],True,False,0,,512,4,CPU,compute,153.38,sched_reserve:        CPU compute buffer size =   153.38 MiB
handoff-latency-unplugged-04-qwen3-4b-instruct-p128-g64-cpu-FA-practical-r1,qwen3-4b-instruct,hybrid-practical-CPU,hybrid,api-20261003T084838Z-PLUGGED_AC,[],True,False,0,,512,0,CPU_Mapped,model,2362.55,load_tensors:   CPU_Mapped model buffer size =  2362.55 MiB
handoff-latency-unplugged-04-qwen3-4b-instruct-p128-g64-cpu-FA-practical-r1,qwen3-4b-instruct,hybrid-practical-CPU,hybrid,api-20261003T084838Z-PLUGGED_AC,[],True,False,0,,512,1,CPU_REPACK,model,2375.16,load_tensors:   CPU_REPACK model buffer size =  2375.16 MiB
handoff-latency-unplugged-04-qwen3-4b-instruct-p128-g64-cpu-FA-practical-r1,qwen3-4b-instruct,hybrid-practical-CPU,hybrid,api-20261003T084838Z-PLUGGED_AC,[],True,False,0,,512,2,CPU,output,0.58,llama_context:        CPU  output buffer size =     0.58 MiB
handoff-latency-unplugged-04-qwen3-4b-instruct-p128-g64-cpu-FA-practical-r1,qwen3-4b-instruct,hybrid-practical-CPU,hybrid,api-20261003T084838Z-PLUGGED_AC,[],True,False,0,,512,3,CPU,KV,72.0,llama_kv_cache:        CPU KV buffer size =    72.00 MiB
handoff-latency-unplugged-04-qwen3-4b-instruct-p128-g64-cpu-FA-practical-r1,qwen3-4b-instruct,hybrid-practical-CPU,hybrid,api-20261003T084838Z-PLUGGED_AC,[],True,False,0,,512,4,CPU,compute,153.38,sched_reserve:        CPU compute buffer size =   153.38 MiB
handoff-latency-unplugged-04-qwen3-4b-instruct-p128-g64-cpu-r0,qwen3-4b-instruct,hybrid-latency,hybrid,unplugged-04,[],True,False,0,,512,0,CPU_Mapped,model,2362.55,load_tensors:   CPU_Mapped model buffer size =  2362.55 MiB
handoff-latency-unplugged-04-qwen3-4b-instruct-p128-g64-cpu-r0,qwen3-4b-instruct,hybrid-latency,hybrid,unplugged-04,[],True,False,0,,512,1,CPU_REPACK,model,2375.16,load_tensors:   CPU_REPACK model buffer size =  2375.16 MiB
handoff-latency-unplugged-04-qwen3-4b-instruct-p128-g64-cpu-r0,qwen3-4b-instruct,hybrid-latency,hybrid,unplugged-04,[],True,False,0,,512,2,CPU,output,0.58,llama_context:        CPU  output buffer size =     0.58 MiB
handoff-latency-unplugged-04-qwen3-4b-instruct-p128-g64-cpu-r0,qwen3-4b-instruct,hybrid-latency,hybrid,unplugged-04,[],True,False,0,,512,3,CPU,KV,72.0,llama_kv_cache:        CPU KV buffer size =    72.00 MiB
handoff-latency-unplugged-04-qwen3-4b-instruct-p128-g64-cpu-r0,qwen3-4b-instruct,hybrid-latency,hybrid,unplugged-04,[],True,False,0,,512,4,CPU,compute,153.38,sched_reserve:        CPU compute buffer size =   153.38 MiB
handoff-latency-unplugged-04-qwen3-4b-instruct-p128-g64-cpu-r1,qwen3-4b-instruct,hybrid-latency,hybrid,unplugged-04,[],True,False,0,,512,0,CPU_Mapped,model,2362.55,load_tensors:   CPU_Mapped model buffer size =  2362.55 MiB
handoff-latency-unplugged-04-qwen3-4b-instruct-p128-g64-cpu-r1,qwen3-4b-instruct,hybrid-latency,hybrid,unplugged-04,[],True,False,0,,512,1,CPU_REPACK,model,2375.16,load_tensors:   CPU_REPACK model buffer size =  2375.16 MiB
handoff-latency-unplugged-04-qwen3-4b-instruct-p128-g64-cpu-r1,qwen3-4b-instruct,hybrid-latency,hybrid,unplugged-04,[],True,False,0,,512,2,CPU,output,0.58,llama_context:        CPU  output buffer size =     0.58 MiB
handoff-latency-unplugged-04-qwen3-4b-instruct-p128-g64-cpu-r1,qwen3-4b-instruct,hybrid-latency,hybrid,unplugged-04,[],True,False,0,,512,3,CPU,KV,72.0,llama_kv_cache:        CPU KV buffer size =    72.00 MiB
handoff-latency-unplugged-04-qwen3-4b-instruct-p128-g64-cpu-r1,qwen3-4b-instruct,hybrid-latency,hybrid,unplugged-04,[],True,False,0,,512,4,CPU,compute,153.38,sched_reserve:        CPU compute buffer size =   153.38 MiB
handoff-latency-unplugged-04-qwen3-4b-instruct-p128-g64-gpu-r0,qwen3-4b-instruct,hybrid-latency,hybrid,unplugged-04,[],True,False,0,,512,0,CPU_Mapped,model,304.28,load_tensors:   CPU_Mapped model buffer size =   304.28 MiB
handoff-latency-unplugged-04-qwen3-4b-instruct-p128-g64-gpu-r0,qwen3-4b-instruct,hybrid-latency,hybrid,unplugged-04,[],True,False,0,,512,1,CPU_REPACK,model,304.28,load_tensors:   CPU_REPACK model buffer size =   304.28 MiB
handoff-latency-unplugged-04-qwen3-4b-instruct-p128-g64-gpu-r0,qwen3-4b-instruct,hybrid-latency,hybrid,unplugged-04,[],True,False,0,,512,2,OpenCL,model,2071.75,load_tensors:       OpenCL model buffer size =  2071.75 MiB
handoff-latency-unplugged-04-qwen3-4b-instruct-p128-g64-gpu-r0,qwen3-4b-instruct,hybrid-latency,hybrid,unplugged-04,[],True,False,0,,512,3,CPU,output,0.58,llama_context:        CPU  output buffer size =     0.58 MiB
handoff-latency-unplugged-04-qwen3-4b-instruct-p128-g64-gpu-r0,qwen3-4b-instruct,hybrid-latency,hybrid,unplugged-04,[],True,False,0,,512,4,OpenCL,KV,72.0,llama_kv_cache:     OpenCL KV buffer size =    72.00 MiB
handoff-latency-unplugged-04-qwen3-4b-instruct-p128-g64-gpu-r0,qwen3-4b-instruct,hybrid-latency,hybrid,unplugged-04,[],True,False,0,,512,5,OpenCL,compute,36.0,sched_reserve:     OpenCL compute buffer size =    36.00 MiB
handoff-latency-unplugged-04-qwen3-4b-instruct-p128-g64-gpu-r0,qwen3-4b-instruct,hybrid-latency,hybrid,unplugged-04,[],True,False,0,,512,6,CPU,compute,153.38,sched_reserve:        CPU compute buffer size =   153.38 MiB
handoff-latency-unplugged-04-qwen3-4b-instruct-p128-g64-gpu-r1,qwen3-4b-instruct,hybrid-latency,hybrid,unplugged-04,[],True,False,0,,512,0,CPU_Mapped,model,304.28,load_tensors:   CPU_Mapped model buffer size =   304.28 MiB
handoff-latency-unplugged-04-qwen3-4b-instruct-p128-g64-gpu-r1,qwen3-4b-instruct,hybrid-latency,hybrid,unplugged-04,[],True,False,0,,512,1,CPU_REPACK,model,304.28,load_tensors:   CPU_REPACK model buffer size =   304.28 MiB
handoff-latency-unplugged-04-qwen3-4b-instruct-p128-g64-gpu-r1,qwen3-4b-instruct,hybrid-latency,hybrid,unplugged-04,[],True,False,0,,512,2,OpenCL,model,2071.75,load_tensors:       OpenCL model buffer size =  2071.75 MiB
handoff-latency-unplugged-04-qwen3-4b-instruct-p128-g64-gpu-r1,qwen3-4b-instruct,hybrid-latency,hybrid,unplugged-04,[],True,False,0,,512,3,CPU,output,0.58,llama_context:        CPU  output buffer size =     0.58 MiB
handoff-latency-unplugged-04-qwen3-4b-instruct-p128-g64-gpu-r1,qwen3-4b-instruct,hybrid-latency,hybrid,unplugged-04,[],True,False,0,,512,4,OpenCL,KV,72.0,llama_kv_cache:     OpenCL KV buffer size =    72.00 MiB
handoff-latency-unplugged-04-qwen3-4b-instruct-p128-g64-gpu-r1,qwen3-4b-instruct,hybrid-latency,hybrid,unplugged-04,[],True,False,0,,512,5,OpenCL,compute,36.0,sched_reserve:     OpenCL compute buffer size =    36.00 MiB
handoff-latency-unplugged-04-qwen3-4b-instruct-p128-g64-gpu-r1,qwen3-4b-instruct,hybrid-latency,hybrid,unplugged-04,[],True,False,0,,512,6,CPU,compute,153.38,sched_reserve:        CPU compute buffer size =   153.38 MiB
handoff-latency-unplugged-04-qwen3-4b-instruct-p128-g64-hybrid-r0,qwen3-4b-instruct,hybrid-latency,hybrid,unplugged-04,[],True,False,0,,512,0,CPU_Mapped,model,304.28,load_tensors:   CPU_Mapped model buffer size =   304.28 MiB
handoff-latency-unplugged-04-qwen3-4b-instruct-p128-g64-hybrid-r0,qwen3-4b-instruct,hybrid-latency,hybrid,unplugged-04,[],True,False,0,,512,1,CPU_REPACK,model,304.28,load_tensors:   CPU_REPACK model buffer size =   304.28 MiB
handoff-latency-unplugged-04-qwen3-4b-instruct-p128-g64-hybrid-r0,qwen3-4b-instruct,hybrid-latency,hybrid,unplugged-04,[],True,False,0,,512,2,OpenCL,model,2071.75,load_tensors:       OpenCL model buffer size =  2071.75 MiB
handoff-latency-unplugged-04-qwen3-4b-instruct-p128-g64-hybrid-r0,qwen3-4b-instruct,hybrid-latency,hybrid,unplugged-04,[],True,False,0,,512,3,CPU,output,0.58,llama_context:        CPU  output buffer size =     0.58 MiB
handoff-latency-unplugged-04-qwen3-4b-instruct-p128-g64-hybrid-r0,qwen3-4b-instruct,hybrid-latency,hybrid,unplugged-04,[],True,False,0,,512,4,OpenCL,KV,72.0,llama_kv_cache:     OpenCL KV buffer size =    72.00 MiB
handoff-latency-unplugged-04-qwen3-4b-instruct-p128-g64-hybrid-r0,qwen3-4b-instruct,hybrid-latency,hybrid,unplugged-04,[],True,False,0,,512,5,OpenCL,compute,36.0,sched_reserve:     OpenCL compute buffer size =    36.00 MiB
handoff-latency-unplugged-04-qwen3-4b-instruct-p128-g64-hybrid-r0,qwen3-4b-instruct,hybrid-latency,hybrid,unplugged-04,[],True,False,0,,512,6,CPU,compute,153.38,sched_reserve:        CPU compute buffer size =   153.38 MiB
handoff-latency-unplugged-04-qwen3-4b-instruct-p128-g64-hybrid-r0,qwen3-4b-instruct,hybrid-latency,hybrid,unplugged-04,[],True,False,0,,512,7,CPU,compute,153.38,sched_reserve:        CPU compute buffer size =   153.38 MiB
handoff-latency-unplugged-04-qwen3-4b-instruct-p128-g64-hybrid-r1,qwen3-4b-instruct,hybrid-latency,hybrid,unplugged-04,[],True,False,0,,512,0,CPU_Mapped,model,304.28,load_tensors:   CPU_Mapped model buffer size =   304.28 MiB
handoff-latency-unplugged-04-qwen3-4b-instruct-p128-g64-hybrid-r1,qwen3-4b-instruct,hybrid-latency,hybrid,unplugged-04,[],True,False,0,,512,1,CPU_REPACK,model,304.28,load_tensors:   CPU_REPACK model buffer size =   304.28 MiB
handoff-latency-unplugged-04-qwen3-4b-instruct-p128-g64-hybrid-r1,qwen3-4b-instruct,hybrid-latency,hybrid,unplugged-04,[],True,False,0,,512,2,OpenCL,model,2071.75,load_tensors:       OpenCL model buffer size =  2071.75 MiB
handoff-latency-unplugged-04-qwen3-4b-instruct-p128-g64-hybrid-r1,qwen3-4b-instruct,hybrid-latency,hybrid,unplugged-04,[],True,False,0,,512,3,CPU,output,0.58,llama_context:        CPU  output buffer size =     0.58 MiB
handoff-latency-unplugged-04-qwen3-4b-instruct-p128-g64-hybrid-r1,qwen3-4b-instruct,hybrid-latency,hybrid,unplugged-04,[],True,False,0,,512,4,OpenCL,KV,72.0,llama_kv_cache:     OpenCL KV buffer size =    72.00 MiB
handoff-latency-unplugged-04-qwen3-4b-instruct-p128-g64-hybrid-r1,qwen3-4b-instruct,hybrid-latency,hybrid,unplugged-04,[],True,False,0,,512,5,OpenCL,compute,36.0,sched_reserve:     OpenCL compute buffer size =    36.00 MiB
handoff-latency-unplugged-04-qwen3-4b-instruct-p128-g64-hybrid-r1,qwen3-4b-instruct,hybrid-latency,hybrid,unplugged-04,[],True,False,0,,512,6,CPU,compute,153.38,sched_reserve:        CPU compute buffer size =   153.38 MiB
handoff-latency-unplugged-04-qwen3-4b-instruct-p128-g64-hybrid-r1,qwen3-4b-instruct,hybrid-latency,hybrid,unplugged-04,[],True,False,0,,512,7,CPU,compute,153.38,sched_reserve:        CPU compute buffer size =   153.38 MiB
handoff-latency-unplugged-04-qwen3-4b-instruct-p2048-g128-cpu-FA-canonical-r0,qwen3-4b-instruct,hybrid-CPU-layout-control,hybrid,api-20261003T084838Z-PLUGGED_AC,[],True,False,0,,4096,0,CPU_Mapped,model,2375.91,load_tensors:   CPU_Mapped model buffer size =  2375.91 MiB
handoff-latency-unplugged-04-qwen3-4b-instruct-p2048-g128-cpu-FA-canonical-r0,qwen3-4b-instruct,hybrid-CPU-layout-control,hybrid,api-20261003T084838Z-PLUGGED_AC,[],True,False,0,,4096,1,CPU,output,0.58,llama_context:        CPU  output buffer size =     0.58 MiB
handoff-latency-unplugged-04-qwen3-4b-instruct-p2048-g128-cpu-FA-canonical-r0,qwen3-4b-instruct,hybrid-CPU-layout-control,hybrid,api-20261003T084838Z-PLUGGED_AC,[],True,False,0,,4096,2,CPU,KV,576.0,llama_kv_cache:        CPU KV buffer size =   576.00 MiB
handoff-latency-unplugged-04-qwen3-4b-instruct-p2048-g128-cpu-FA-canonical-r0,qwen3-4b-instruct,hybrid-CPU-layout-control,hybrid,api-20261003T084838Z-PLUGGED_AC,[],True,False,0,,4096,3,CPU,compute,153.38,sched_reserve:        CPU compute buffer size =   153.38 MiB
handoff-latency-unplugged-04-qwen3-4b-instruct-p2048-g128-cpu-FA-canonical-r1,qwen3-4b-instruct,hybrid-CPU-layout-control,hybrid,api-20261003T084838Z-PLUGGED_AC,"[""CPU availability or Android cgroup changed during measurement"",""Benchmark process Android cgroup changed during measurement"",""Benchmark process lost required cores despite process-level affinity"",""Run failed, was aborted, or did not parse""]",False,False,-15,Android benchmark cgroup changed during measurement; invalid controlled comparison,4096,0,CPU_Mapped,model,2375.91,load_tensors:   CPU_Mapped model buffer size =  2375.91 MiB
handoff-latency-unplugged-04-qwen3-4b-instruct-p2048-g128-cpu-FA-canonical-r1,qwen3-4b-instruct,hybrid-CPU-layout-control,hybrid,api-20261003T084838Z-PLUGGED_AC,"[""CPU availability or Android cgroup changed during measurement"",""Benchmark process Android cgroup changed during measurement"",""Benchmark process lost required cores despite process-level affinity"",""Run failed, was aborted, or did not parse""]",False,False,-15,Android benchmark cgroup changed during measurement; invalid controlled comparison,4096,1,CPU,output,0.58,llama_context:        CPU  output buffer size =     0.58 MiB
handoff-latency-unplugged-04-qwen3-4b-instruct-p2048-g128-cpu-FA-canonical-r1,qwen3-4b-instruct,hybrid-CPU-layout-control,hybrid,api-20261003T084838Z-PLUGGED_AC,"[""CPU availability or Android cgroup changed during measurement"",""Benchmark process Android cgroup changed during measurement"",""Benchmark process lost required cores despite process-level affinity"",""Run failed, was aborted, or did not parse""]",False,False,-15,Android benchmark cgroup changed during measurement; invalid controlled comparison,4096,2,CPU,KV,576.0,llama_kv_cache:        CPU KV buffer size =   576.00 MiB
handoff-latency-unplugged-04-qwen3-4b-instruct-p2048-g128-cpu-FA-canonical-r1,qwen3-4b-instruct,hybrid-CPU-layout-control,hybrid,api-20261003T084838Z-PLUGGED_AC,"[""CPU availability or Android cgroup changed during measurement"",""Benchmark process Android cgroup changed during measurement"",""Benchmark process lost required cores despite process-level affinity"",""Run failed, was aborted, or did not parse""]",False,False,-15,Android benchmark cgroup changed during measurement; invalid controlled comparison,4096,3,CPU,compute,153.38,sched_reserve:        CPU compute buffer size =   153.38 MiB
handoff-latency-unplugged-04-qwen3-4b-instruct-p2048-g128-cpu-FA-practical-r0,qwen3-4b-instruct,hybrid-practical-CPU,hybrid,unplugged-04,[],True,False,0,,4096,0,CPU_Mapped,model,2362.55,load_tensors:   CPU_Mapped model buffer size =  2362.55 MiB
handoff-latency-unplugged-04-qwen3-4b-instruct-p2048-g128-cpu-FA-practical-r0,qwen3-4b-instruct,hybrid-practical-CPU,hybrid,unplugged-04,[],True,False,0,,4096,1,CPU_REPACK,model,2375.16,load_tensors:   CPU_REPACK model buffer size =  2375.16 MiB
handoff-latency-unplugged-04-qwen3-4b-instruct-p2048-g128-cpu-FA-practical-r0,qwen3-4b-instruct,hybrid-practical-CPU,hybrid,unplugged-04,[],True,False,0,,4096,2,CPU,output,0.58,llama_context:        CPU  output buffer size =     0.58 MiB
handoff-latency-unplugged-04-qwen3-4b-instruct-p2048-g128-cpu-FA-practical-r0,qwen3-4b-instruct,hybrid-practical-CPU,hybrid,unplugged-04,[],True,False,0,,4096,3,CPU,KV,576.0,llama_kv_cache:        CPU KV buffer size =   576.00 MiB
handoff-latency-unplugged-04-qwen3-4b-instruct-p2048-g128-cpu-FA-practical-r0,qwen3-4b-instruct,hybrid-practical-CPU,hybrid,unplugged-04,[],True,False,0,,4096,4,CPU,compute,153.38,sched_reserve:        CPU compute buffer size =   153.38 MiB
handoff-latency-unplugged-04-qwen3-4b-instruct-p2048-g128-cpu-FA-practical-r1,qwen3-4b-instruct,hybrid-practical-CPU,hybrid,unplugged-04,[],True,False,0,,4096,0,CPU_Mapped,model,2362.55,load_tensors:   CPU_Mapped model buffer size =  2362.55 MiB
handoff-latency-unplugged-04-qwen3-4b-instruct-p2048-g128-cpu-FA-practical-r1,qwen3-4b-instruct,hybrid-practical-CPU,hybrid,unplugged-04,[],True,False,0,,4096,1,CPU_REPACK,model,2375.16,load_tensors:   CPU_REPACK model buffer size =  2375.16 MiB
handoff-latency-unplugged-04-qwen3-4b-instruct-p2048-g128-cpu-FA-practical-r1,qwen3-4b-instruct,hybrid-practical-CPU,hybrid,unplugged-04,[],True,False,0,,4096,2,CPU,output,0.58,llama_context:        CPU  output buffer size =     0.58 MiB
handoff-latency-unplugged-04-qwen3-4b-instruct-p2048-g128-cpu-FA-practical-r1,qwen3-4b-instruct,hybrid-practical-CPU,hybrid,unplugged-04,[],True,False,0,,4096,3,CPU,KV,576.0,llama_kv_cache:        CPU KV buffer size =   576.00 MiB
handoff-latency-unplugged-04-qwen3-4b-instruct-p2048-g128-cpu-FA-practical-r1,qwen3-4b-instruct,hybrid-practical-CPU,hybrid,unplugged-04,[],True,False,0,,4096,4,CPU,compute,153.38,sched_reserve:        CPU compute buffer size =   153.38 MiB
handoff-latency-unplugged-04-qwen3-4b-instruct-p2048-g128-cpu-r0,qwen3-4b-instruct,hybrid-latency,hybrid,unplugged-04,[],True,False,0,,4096,0,CPU_Mapped,model,2362.55,load_tensors:   CPU_Mapped model buffer size =  2362.55 MiB
handoff-latency-unplugged-04-qwen3-4b-instruct-p2048-g128-cpu-r0,qwen3-4b-instruct,hybrid-latency,hybrid,unplugged-04,[],True,False,0,,4096,1,CPU_REPACK,model,2375.16,load_tensors:   CPU_REPACK model buffer size =  2375.16 MiB
handoff-latency-unplugged-04-qwen3-4b-instruct-p2048-g128-cpu-r0,qwen3-4b-instruct,hybrid-latency,hybrid,unplugged-04,[],True,False,0,,4096,2,CPU,output,0.58,llama_context:        CPU  output buffer size =     0.58 MiB
handoff-latency-unplugged-04-qwen3-4b-instruct-p2048-g128-cpu-r0,qwen3-4b-instruct,hybrid-latency,hybrid,unplugged-04,[],True,False,0,,4096,3,CPU,KV,576.0,llama_kv_cache:        CPU KV buffer size =   576.00 MiB
handoff-latency-unplugged-04-qwen3-4b-instruct-p2048-g128-cpu-r0,qwen3-4b-instruct,hybrid-latency,hybrid,unplugged-04,[],True,False,0,,4096,4,CPU,compute,153.38,sched_reserve:        CPU compute buffer size =   153.38 MiB
handoff-latency-unplugged-04-qwen3-4b-instruct-p2048-g128-cpu-r1,qwen3-4b-instruct,hybrid-latency,hybrid,unplugged-04,[],True,False,0,,4096,0,CPU_Mapped,model,2362.55,load_tensors:   CPU_Mapped model buffer size =  2362.55 MiB
handoff-latency-unplugged-04-qwen3-4b-instruct-p2048-g128-cpu-r1,qwen3-4b-instruct,hybrid-latency,hybrid,unplugged-04,[],True,False,0,,4096,1,CPU_REPACK,model,2375.16,load_tensors:   CPU_REPACK model buffer size =  2375.16 MiB
handoff-latency-unplugged-04-qwen3-4b-instruct-p2048-g128-cpu-r1,qwen3-4b-instruct,hybrid-latency,hybrid,unplugged-04,[],True,False,0,,4096,2,CPU,output,0.58,llama_context:        CPU  output buffer size =     0.58 MiB
handoff-latency-unplugged-04-qwen3-4b-instruct-p2048-g128-cpu-r1,qwen3-4b-instruct,hybrid-latency,hybrid,unplugged-04,[],True,False,0,,4096,3,CPU,KV,576.0,llama_kv_cache:        CPU KV buffer size =   576.00 MiB
handoff-latency-unplugged-04-qwen3-4b-instruct-p2048-g128-cpu-r1,qwen3-4b-instruct,hybrid-latency,hybrid,unplugged-04,[],True,False,0,,4096,4,CPU,compute,153.38,sched_reserve:        CPU compute buffer size =   153.38 MiB
handoff-latency-unplugged-04-qwen3-4b-instruct-p2048-g128-gpu-r0,qwen3-4b-instruct,hybrid-latency,hybrid,unplugged-04,[],True,False,0,,4096,0,CPU_Mapped,model,304.28,load_tensors:   CPU_Mapped model buffer size =   304.28 MiB
handoff-latency-unplugged-04-qwen3-4b-instruct-p2048-g128-gpu-r0,qwen3-4b-instruct,hybrid-latency,hybrid,unplugged-04,[],True,False,0,,4096,1,CPU_REPACK,model,304.28,load_tensors:   CPU_REPACK model buffer size =   304.28 MiB
handoff-latency-unplugged-04-qwen3-4b-instruct-p2048-g128-gpu-r0,qwen3-4b-instruct,hybrid-latency,hybrid,unplugged-04,[],True,False,0,,4096,2,OpenCL,model,2071.75,load_tensors:       OpenCL model buffer size =  2071.75 MiB
handoff-latency-unplugged-04-qwen3-4b-instruct-p2048-g128-gpu-r0,qwen3-4b-instruct,hybrid-latency,hybrid,unplugged-04,[],True,False,0,,4096,3,CPU,output,0.58,llama_context:        CPU  output buffer size =     0.58 MiB
handoff-latency-unplugged-04-qwen3-4b-instruct-p2048-g128-gpu-r0,qwen3-4b-instruct,hybrid-latency,hybrid,unplugged-04,[],True,False,0,,4096,4,OpenCL,KV,576.0,llama_kv_cache:     OpenCL KV buffer size =   576.00 MiB
handoff-latency-unplugged-04-qwen3-4b-instruct-p2048-g128-gpu-r0,qwen3-4b-instruct,hybrid-latency,hybrid,unplugged-04,[],True,False,0,,4096,5,OpenCL,compute,147.0,sched_reserve:     OpenCL compute buffer size =   147.00 MiB
handoff-latency-unplugged-04-qwen3-4b-instruct-p2048-g128-gpu-r0,qwen3-4b-instruct,hybrid-latency,hybrid,unplugged-04,[],True,False,0,,4096,6,CPU,compute,153.38,sched_reserve:        CPU compute buffer size =   153.38 MiB
handoff-latency-unplugged-04-qwen3-4b-instruct-p2048-g128-gpu-r1,qwen3-4b-instruct,hybrid-latency,hybrid,unplugged-04,[],True,False,0,,4096,0,CPU_Mapped,model,304.28,load_tensors:   CPU_Mapped model buffer size =   304.28 MiB
handoff-latency-unplugged-04-qwen3-4b-instruct-p2048-g128-gpu-r1,qwen3-4b-instruct,hybrid-latency,hybrid,unplugged-04,[],True,False,0,,4096,1,CPU_REPACK,model,304.28,load_tensors:   CPU_REPACK model buffer size =   304.28 MiB
handoff-latency-unplugged-04-qwen3-4b-instruct-p2048-g128-gpu-r1,qwen3-4b-instruct,hybrid-latency,hybrid,unplugged-04,[],True,False,0,,4096,2,OpenCL,model,2071.75,load_tensors:       OpenCL model buffer size =  2071.75 MiB
handoff-latency-unplugged-04-qwen3-4b-instruct-p2048-g128-gpu-r1,qwen3-4b-instruct,hybrid-latency,hybrid,unplugged-04,[],True,False,0,,4096,3,CPU,output,0.58,llama_context:        CPU  output buffer size =     0.58 MiB
handoff-latency-unplugged-04-qwen3-4b-instruct-p2048-g128-gpu-r1,qwen3-4b-instruct,hybrid-latency,hybrid,unplugged-04,[],True,False,0,,4096,4,OpenCL,KV,576.0,llama_kv_cache:     OpenCL KV buffer size =   576.00 MiB
handoff-latency-unplugged-04-qwen3-4b-instruct-p2048-g128-gpu-r1,qwen3-4b-instruct,hybrid-latency,hybrid,unplugged-04,[],True,False,0,,4096,5,OpenCL,compute,147.0,sched_reserve:     OpenCL compute buffer size =   147.00 MiB
handoff-latency-unplugged-04-qwen3-4b-instruct-p2048-g128-gpu-r1,qwen3-4b-instruct,hybrid-latency,hybrid,unplugged-04,[],True,False,0,,4096,6,CPU,compute,153.38,sched_reserve:        CPU compute buffer size =   153.38 MiB
handoff-latency-unplugged-04-qwen3-4b-instruct-p2048-g128-hybrid-r0,qwen3-4b-instruct,hybrid-latency,hybrid,unplugged-04,[],True,False,0,,4096,0,CPU_Mapped,model,304.28,load_tensors:   CPU_Mapped model buffer size =   304.28 MiB
handoff-latency-unplugged-04-qwen3-4b-instruct-p2048-g128-hybrid-r0,qwen3-4b-instruct,hybrid-latency,hybrid,unplugged-04,[],True,False,0,,4096,1,CPU_REPACK,model,304.28,load_tensors:   CPU_REPACK model buffer size =   304.28 MiB
handoff-latency-unplugged-04-qwen3-4b-instruct-p2048-g128-hybrid-r0,qwen3-4b-instruct,hybrid-latency,hybrid,unplugged-04,[],True,False,0,,4096,2,OpenCL,model,2071.75,load_tensors:       OpenCL model buffer size =  2071.75 MiB
handoff-latency-unplugged-04-qwen3-4b-instruct-p2048-g128-hybrid-r0,qwen3-4b-instruct,hybrid-latency,hybrid,unplugged-04,[],True,False,0,,4096,3,CPU,output,0.58,llama_context:        CPU  output buffer size =     0.58 MiB
handoff-latency-unplugged-04-qwen3-4b-instruct-p2048-g128-hybrid-r0,qwen3-4b-instruct,hybrid-latency,hybrid,unplugged-04,[],True,False,0,,4096,4,OpenCL,KV,576.0,llama_kv_cache:     OpenCL KV buffer size =   576.00 MiB
handoff-latency-unplugged-04-qwen3-4b-instruct-p2048-g128-hybrid-r0,qwen3-4b-instruct,hybrid-latency,hybrid,unplugged-04,[],True,False,0,,4096,5,OpenCL,compute,147.0,sched_reserve:     OpenCL compute buffer size =   147.00 MiB
handoff-latency-unplugged-04-qwen3-4b-instruct-p2048-g128-hybrid-r0,qwen3-4b-instruct,hybrid-latency,hybrid,unplugged-04,[],True,False,0,,4096,6,CPU,compute,153.38,sched_reserve:        CPU compute buffer size =   153.38 MiB
handoff-latency-unplugged-04-qwen3-4b-instruct-p2048-g128-hybrid-r0,qwen3-4b-instruct,hybrid-latency,hybrid,unplugged-04,[],True,False,0,,4096,7,CPU,compute,153.38,sched_reserve:        CPU compute buffer size =   153.38 MiB
handoff-latency-unplugged-04-qwen3-4b-instruct-p2048-g128-hybrid-r1,qwen3-4b-instruct,hybrid-latency,hybrid,unplugged-04,[],True,False,0,,4096,0,CPU_Mapped,model,304.28,load_tensors:   CPU_Mapped model buffer size =   304.28 MiB
handoff-latency-unplugged-04-qwen3-4b-instruct-p2048-g128-hybrid-r1,qwen3-4b-instruct,hybrid-latency,hybrid,unplugged-04,[],True,False,0,,4096,1,CPU_REPACK,model,304.28,load_tensors:   CPU_REPACK model buffer size =   304.28 MiB
handoff-latency-unplugged-04-qwen3-4b-instruct-p2048-g128-hybrid-r1,qwen3-4b-instruct,hybrid-latency,hybrid,unplugged-04,[],True,False,0,,4096,2,OpenCL,model,2071.75,load_tensors:       OpenCL model buffer size =  2071.75 MiB
handoff-latency-unplugged-04-qwen3-4b-instruct-p2048-g128-hybrid-r1,qwen3-4b-instruct,hybrid-latency,hybrid,unplugged-04,[],True,False,0,,4096,3,CPU,output,0.58,llama_context:        CPU  output buffer size =     0.58 MiB
handoff-latency-unplugged-04-qwen3-4b-instruct-p2048-g128-hybrid-r1,qwen3-4b-instruct,hybrid-latency,hybrid,unplugged-04,[],True,False,0,,4096,4,OpenCL,KV,576.0,llama_kv_cache:     OpenCL KV buffer size =   576.00 MiB
handoff-latency-unplugged-04-qwen3-4b-instruct-p2048-g128-hybrid-r1,qwen3-4b-instruct,hybrid-latency,hybrid,unplugged-04,[],True,False,0,,4096,5,OpenCL,compute,147.0,sched_reserve:     OpenCL compute buffer size =   147.00 MiB
handoff-latency-unplugged-04-qwen3-4b-instruct-p2048-g128-hybrid-r1,qwen3-4b-instruct,hybrid-latency,hybrid,unplugged-04,[],True,False,0,,4096,6,CPU,compute,153.38,sched_reserve:        CPU compute buffer size =   153.38 MiB
handoff-latency-unplugged-04-qwen3-4b-instruct-p2048-g128-hybrid-r1,qwen3-4b-instruct,hybrid-latency,hybrid,unplugged-04,[],True,False,0,,4096,7,CPU,compute,153.38,sched_reserve:        CPU compute buffer size =   153.38 MiB
handoff-latency-unplugged-04-qwen3-4b-instruct-p512-g64-cpu-FA-practical-r0,qwen3-4b-instruct,hybrid-practical-CPU,hybrid,api-20261003T084838Z-PLUGGED_AC,[],True,False,0,,1024,0,CPU_Mapped,model,2362.55,load_tensors:   CPU_Mapped model buffer size =  2362.55 MiB
handoff-latency-unplugged-04-qwen3-4b-instruct-p512-g64-cpu-FA-practical-r0,qwen3-4b-instruct,hybrid-practical-CPU,hybrid,api-20261003T084838Z-PLUGGED_AC,[],True,False,0,,1024,1,CPU_REPACK,model,2375.16,load_tensors:   CPU_REPACK model buffer size =  2375.16 MiB
handoff-latency-unplugged-04-qwen3-4b-instruct-p512-g64-cpu-FA-practical-r0,qwen3-4b-instruct,hybrid-practical-CPU,hybrid,api-20261003T084838Z-PLUGGED_AC,[],True,False,0,,1024,2,CPU,output,0.58,llama_context:        CPU  output buffer size =     0.58 MiB
handoff-latency-unplugged-04-qwen3-4b-instruct-p512-g64-cpu-FA-practical-r0,qwen3-4b-instruct,hybrid-practical-CPU,hybrid,api-20261003T084838Z-PLUGGED_AC,[],True,False,0,,1024,3,CPU,KV,144.0,llama_kv_cache:        CPU KV buffer size =   144.00 MiB
handoff-latency-unplugged-04-qwen3-4b-instruct-p512-g64-cpu-FA-practical-r0,qwen3-4b-instruct,hybrid-practical-CPU,hybrid,api-20261003T084838Z-PLUGGED_AC,[],True,False,0,,1024,4,CPU,compute,153.38,sched_reserve:        CPU compute buffer size =   153.38 MiB
handoff-latency-unplugged-04-qwen3-4b-instruct-p512-g64-cpu-plain-r0,qwen3-4b-instruct,hybrid-latency,hybrid,api-20261003T084838Z-PLUGGED_AC,[],True,False,0,,1024,0,CPU_Mapped,model,2375.91,load_tensors:   CPU_Mapped model buffer size =  2375.91 MiB
handoff-latency-unplugged-04-qwen3-4b-instruct-p512-g64-cpu-plain-r0,qwen3-4b-instruct,hybrid-latency,hybrid,api-20261003T084838Z-PLUGGED_AC,[],True,False,0,,1024,1,CPU,output,0.58,llama_context:        CPU  output buffer size =     0.58 MiB
handoff-latency-unplugged-04-qwen3-4b-instruct-p512-g64-cpu-plain-r0,qwen3-4b-instruct,hybrid-latency,hybrid,api-20261003T084838Z-PLUGGED_AC,[],True,False,0,,1024,2,CPU,KV,144.0,llama_kv_cache:        CPU KV buffer size =   144.00 MiB
handoff-latency-unplugged-04-qwen3-4b-instruct-p512-g64-cpu-plain-r0,qwen3-4b-instruct,hybrid-latency,hybrid,api-20261003T084838Z-PLUGGED_AC,[],True,False,0,,1024,3,CPU,compute,153.38,sched_reserve:        CPU compute buffer size =   153.38 MiB
handoff-latency-unplugged-04-qwen3-4b-instruct-p512-g64-cpu-r0,qwen3-4b-instruct,hybrid-latency,hybrid,unplugged-04,[],True,False,0,,1024,0,CPU_Mapped,model,2362.55,load_tensors:   CPU_Mapped model buffer size =  2362.55 MiB
handoff-latency-unplugged-04-qwen3-4b-instruct-p512-g64-cpu-r0,qwen3-4b-instruct,hybrid-latency,hybrid,unplugged-04,[],True,False,0,,1024,1,CPU_REPACK,model,2375.16,load_tensors:   CPU_REPACK model buffer size =  2375.16 MiB
handoff-latency-unplugged-04-qwen3-4b-instruct-p512-g64-cpu-r0,qwen3-4b-instruct,hybrid-latency,hybrid,unplugged-04,[],True,False,0,,1024,2,CPU,output,0.58,llama_context:        CPU  output buffer size =     0.58 MiB
handoff-latency-unplugged-04-qwen3-4b-instruct-p512-g64-cpu-r0,qwen3-4b-instruct,hybrid-latency,hybrid,unplugged-04,[],True,False,0,,1024,3,CPU,KV,144.0,llama_kv_cache:        CPU KV buffer size =   144.00 MiB
handoff-latency-unplugged-04-qwen3-4b-instruct-p512-g64-cpu-r0,qwen3-4b-instruct,hybrid-latency,hybrid,unplugged-04,[],True,False,0,,1024,4,CPU,compute,153.38,sched_reserve:        CPU compute buffer size =   153.38 MiB
handoff-latency-unplugged-04-qwen3-4b-instruct-p512-g64-cpu-r1,qwen3-4b-instruct,hybrid-latency,hybrid,unplugged-04,"[""CPU availability or Android cgroup changed during measurement"",""Benchmark process Android cgroup changed during measurement"",""Benchmark process lost required cores despite process-level affinity"",""Run failed, was aborted, or did not parse""]",False,False,-15,Android removed required CPU cores during measurement; invalid controlled comparison,1024,0,CPU_Mapped,model,2362.55,load_tensors:   CPU_Mapped model buffer size =  2362.55 MiB
handoff-latency-unplugged-04-qwen3-4b-instruct-p512-g64-cpu-r1,qwen3-4b-instruct,hybrid-latency,hybrid,unplugged-04,"[""CPU availability or Android cgroup changed during measurement"",""Benchmark process Android cgroup changed during measurement"",""Benchmark process lost required cores despite process-level affinity"",""Run failed, was aborted, or did not parse""]",False,False,-15,Android removed required CPU cores during measurement; invalid controlled comparison,1024,1,CPU_REPACK,model,2375.16,load_tensors:   CPU_REPACK model buffer size =  2375.16 MiB
handoff-latency-unplugged-04-qwen3-4b-instruct-p512-g64-cpu-r1,qwen3-4b-instruct,hybrid-latency,hybrid,unplugged-04,"[""CPU availability or Android cgroup changed during measurement"",""Benchmark process Android cgroup changed during measurement"",""Benchmark process lost required cores despite process-level affinity"",""Run failed, was aborted, or did not parse""]",False,False,-15,Android removed required CPU cores during measurement; invalid controlled comparison,1024,2,CPU,output,0.58,llama_context:        CPU  output buffer size =     0.58 MiB
handoff-latency-unplugged-04-qwen3-4b-instruct-p512-g64-cpu-r1,qwen3-4b-instruct,hybrid-latency,hybrid,unplugged-04,"[""CPU availability or Android cgroup changed during measurement"",""Benchmark process Android cgroup changed during measurement"",""Benchmark process lost required cores despite process-level affinity"",""Run failed, was aborted, or did not parse""]",False,False,-15,Android removed required CPU cores during measurement; invalid controlled comparison,1024,3,CPU,KV,144.0,llama_kv_cache:        CPU KV buffer size =   144.00 MiB
handoff-latency-unplugged-04-qwen3-4b-instruct-p512-g64-cpu-r1,qwen3-4b-instruct,hybrid-latency,hybrid,unplugged-04,"[""CPU availability or Android cgroup changed during measurement"",""Benchmark process Android cgroup changed during measurement"",""Benchmark process lost required cores despite process-level affinity"",""Run failed, was aborted, or did not parse""]",False,False,-15,Android removed required CPU cores during measurement; invalid controlled comparison,1024,4,CPU,compute,153.38,sched_reserve:        CPU compute buffer size =   153.38 MiB
handoff-latency-unplugged-04-qwen3-4b-instruct-p512-g64-cpu-r1-resume-20261003T194133Z,qwen3-4b-instruct,hybrid-latency,hybrid,api-20261003T193303Z-PLUGGED_AC,[],True,False,0,,1024,0,CPU_Mapped,model,2362.55,load_tensors:   CPU_Mapped model buffer size =  2362.55 MiB
handoff-latency-unplugged-04-qwen3-4b-instruct-p512-g64-cpu-r1-resume-20261003T194133Z,qwen3-4b-instruct,hybrid-latency,hybrid,api-20261003T193303Z-PLUGGED_AC,[],True,False,0,,1024,1,CPU_REPACK,model,2375.16,load_tensors:   CPU_REPACK model buffer size =  2375.16 MiB
handoff-latency-unplugged-04-qwen3-4b-instruct-p512-g64-cpu-r1-resume-20261003T194133Z,qwen3-4b-instruct,hybrid-latency,hybrid,api-20261003T193303Z-PLUGGED_AC,[],True,False,0,,1024,2,CPU,output,0.58,llama_context:        CPU  output buffer size =     0.58 MiB
handoff-latency-unplugged-04-qwen3-4b-instruct-p512-g64-cpu-r1-resume-20261003T194133Z,qwen3-4b-instruct,hybrid-latency,hybrid,api-20261003T193303Z-PLUGGED_AC,[],True,False,0,,1024,3,CPU,KV,144.0,llama_kv_cache:        CPU KV buffer size =   144.00 MiB
handoff-latency-unplugged-04-qwen3-4b-instruct-p512-g64-cpu-r1-resume-20261003T194133Z,qwen3-4b-instruct,hybrid-latency,hybrid,api-20261003T193303Z-PLUGGED_AC,[],True,False,0,,1024,4,CPU,compute,153.38,sched_reserve:        CPU compute buffer size =   153.38 MiB
handoff-latency-unplugged-04-qwen3-4b-instruct-p512-g64-cpu-resident-r0,qwen3-4b-instruct,hybrid-latency,hybrid,api-20261003T084838Z-PLUGGED_AC,[],True,False,0,,1024,0,CPU_Mapped,model,2375.91,load_tensors:   CPU_Mapped model buffer size =  2375.91 MiB
handoff-latency-unplugged-04-qwen3-4b-instruct-p512-g64-cpu-resident-r0,qwen3-4b-instruct,hybrid-latency,hybrid,api-20261003T084838Z-PLUGGED_AC,[],True,False,0,,1024,1,CPU,output,0.58,llama_context:        CPU  output buffer size =     0.58 MiB
handoff-latency-unplugged-04-qwen3-4b-instruct-p512-g64-cpu-resident-r0,qwen3-4b-instruct,hybrid-latency,hybrid,api-20261003T084838Z-PLUGGED_AC,[],True,False,0,,1024,2,CPU,KV,144.0,llama_kv_cache:        CPU KV buffer size =   144.00 MiB
handoff-latency-unplugged-04-qwen3-4b-instruct-p512-g64-cpu-resident-r0,qwen3-4b-instruct,hybrid-latency,hybrid,api-20261003T084838Z-PLUGGED_AC,[],True,False,0,,1024,3,OpenCL,compute,34.86,sched_reserve:     OpenCL compute buffer size =    34.86 MiB
handoff-latency-unplugged-04-qwen3-4b-instruct-p512-g64-cpu-resident-r0,qwen3-4b-instruct,hybrid-latency,hybrid,api-20261003T084838Z-PLUGGED_AC,[],True,False,0,,1024,4,CPU,compute,153.38,sched_reserve:        CPU compute buffer size =   153.38 MiB
handoff-latency-unplugged-04-qwen3-4b-instruct-p512-g64-cpu-resident-r0,qwen3-4b-instruct,hybrid-latency,hybrid,api-20261003T084838Z-PLUGGED_AC,[],True,False,0,,1024,5,CPU,compute,153.38,sched_reserve:        CPU compute buffer size =   153.38 MiB
handoff-latency-unplugged-04-qwen3-4b-instruct-p512-g64-gpu-auto-r0,qwen3-4b-instruct,hybrid-latency,hybrid,api-20261003T084838Z-PLUGGED_AC,[],True,False,0,,1024,0,CPU,model,304.28,load_tensors:          CPU model buffer size =   304.28 MiB
handoff-latency-unplugged-04-qwen3-4b-instruct-p512-g64-gpu-auto-r0,qwen3-4b-instruct,hybrid-latency,hybrid,api-20261003T084838Z-PLUGGED_AC,[],True,False,0,,1024,1,CPU_REPACK,model,304.28,load_tensors:   CPU_REPACK model buffer size =   304.28 MiB
handoff-latency-unplugged-04-qwen3-4b-instruct-p512-g64-gpu-auto-r0,qwen3-4b-instruct,hybrid-latency,hybrid,api-20261003T084838Z-PLUGGED_AC,[],True,False,0,,1024,2,OpenCL,model,2071.75,load_tensors:       OpenCL model buffer size =  2071.75 MiB
handoff-latency-unplugged-04-qwen3-4b-instruct-p512-g64-gpu-auto-r0,qwen3-4b-instruct,hybrid-latency,hybrid,api-20261003T084838Z-PLUGGED_AC,[],True,False,0,,1024,3,CPU,output,0.58,llama_context:        CPU  output buffer size =     0.58 MiB
handoff-latency-unplugged-04-qwen3-4b-instruct-p512-g64-gpu-auto-r0,qwen3-4b-instruct,hybrid-latency,hybrid,api-20261003T084838Z-PLUGGED_AC,[],True,False,0,,1024,4,OpenCL,KV,144.0,llama_kv_cache:     OpenCL KV buffer size =   144.00 MiB
handoff-latency-unplugged-04-qwen3-4b-instruct-p512-g64-gpu-auto-r0,qwen3-4b-instruct,hybrid-latency,hybrid,api-20261003T084838Z-PLUGGED_AC,[],True,False,0,,1024,5,OpenCL,compute,48.0,sched_reserve:     OpenCL compute buffer size =    48.00 MiB
handoff-latency-unplugged-04-qwen3-4b-instruct-p512-g64-gpu-auto-r0,qwen3-4b-instruct,hybrid-latency,hybrid,api-20261003T084838Z-PLUGGED_AC,[],True,False,0,,1024,6,CPU,compute,153.38,sched_reserve:        CPU compute buffer size =   153.38 MiB
handoff-latency-unplugged-04-qwen3-4b-instruct-p512-g64-gpu-r0,qwen3-4b-instruct,hybrid-latency,hybrid,unplugged-04,[],True,False,0,,1024,0,CPU_Mapped,model,304.28,load_tensors:   CPU_Mapped model buffer size =   304.28 MiB
handoff-latency-unplugged-04-qwen3-4b-instruct-p512-g64-gpu-r0,qwen3-4b-instruct,hybrid-latency,hybrid,unplugged-04,[],True,False,0,,1024,1,CPU_REPACK,model,304.28,load_tensors:   CPU_REPACK model buffer size =   304.28 MiB
handoff-latency-unplugged-04-qwen3-4b-instruct-p512-g64-gpu-r0,qwen3-4b-instruct,hybrid-latency,hybrid,unplugged-04,[],True,False,0,,1024,2,OpenCL,model,2071.75,load_tensors:       OpenCL model buffer size =  2071.75 MiB
handoff-latency-unplugged-04-qwen3-4b-instruct-p512-g64-gpu-r0,qwen3-4b-instruct,hybrid-latency,hybrid,unplugged-04,[],True,False,0,,1024,3,CPU,output,0.58,llama_context:        CPU  output buffer size =     0.58 MiB
handoff-latency-unplugged-04-qwen3-4b-instruct-p512-g64-gpu-r0,qwen3-4b-instruct,hybrid-latency,hybrid,unplugged-04,[],True,False,0,,1024,4,OpenCL,KV,144.0,llama_kv_cache:     OpenCL KV buffer size =   144.00 MiB
handoff-latency-unplugged-04-qwen3-4b-instruct-p512-g64-gpu-r0,qwen3-4b-instruct,hybrid-latency,hybrid,unplugged-04,[],True,False,0,,1024,5,OpenCL,compute,48.0,sched_reserve:     OpenCL compute buffer size =    48.00 MiB
handoff-latency-unplugged-04-qwen3-4b-instruct-p512-g64-gpu-r0,qwen3-4b-instruct,hybrid-latency,hybrid,unplugged-04,[],True,False,0,,1024,6,CPU,compute,153.38,sched_reserve:        CPU compute buffer size =   153.38 MiB
handoff-latency-unplugged-04-qwen3-4b-instruct-p512-g64-gpu-r1,qwen3-4b-instruct,hybrid-latency,hybrid,unplugged-04,[],True,False,0,,1024,0,CPU_Mapped,model,304.28,load_tensors:   CPU_Mapped model buffer size =   304.28 MiB
handoff-latency-unplugged-04-qwen3-4b-instruct-p512-g64-gpu-r1,qwen3-4b-instruct,hybrid-latency,hybrid,unplugged-04,[],True,False,0,,1024,1,CPU_REPACK,model,304.28,load_tensors:   CPU_REPACK model buffer size =   304.28 MiB
handoff-latency-unplugged-04-qwen3-4b-instruct-p512-g64-gpu-r1,qwen3-4b-instruct,hybrid-latency,hybrid,unplugged-04,[],True,False,0,,1024,2,OpenCL,model,2071.75,load_tensors:       OpenCL model buffer size =  2071.75 MiB
handoff-latency-unplugged-04-qwen3-4b-instruct-p512-g64-gpu-r1,qwen3-4b-instruct,hybrid-latency,hybrid,unplugged-04,[],True,False,0,,1024,3,CPU,output,0.58,llama_context:        CPU  output buffer size =     0.58 MiB
handoff-latency-unplugged-04-qwen3-4b-instruct-p512-g64-gpu-r1,qwen3-4b-instruct,hybrid-latency,hybrid,unplugged-04,[],True,False,0,,1024,4,OpenCL,KV,144.0,llama_kv_cache:     OpenCL KV buffer size =   144.00 MiB
handoff-latency-unplugged-04-qwen3-4b-instruct-p512-g64-gpu-r1,qwen3-4b-instruct,hybrid-latency,hybrid,unplugged-04,[],True,False,0,,1024,5,OpenCL,compute,48.0,sched_reserve:     OpenCL compute buffer size =    48.00 MiB
handoff-latency-unplugged-04-qwen3-4b-instruct-p512-g64-gpu-r1,qwen3-4b-instruct,hybrid-latency,hybrid,unplugged-04,[],True,False,0,,1024,6,CPU,compute,153.38,sched_reserve:        CPU compute buffer size =   153.38 MiB
handoff-latency-unplugged-04-qwen3-4b-instruct-p512-g64-hybrid-r0,qwen3-4b-instruct,hybrid-latency,hybrid,unplugged-04,[],True,False,0,,1024,0,CPU_Mapped,model,304.28,load_tensors:   CPU_Mapped model buffer size =   304.28 MiB
handoff-latency-unplugged-04-qwen3-4b-instruct-p512-g64-hybrid-r0,qwen3-4b-instruct,hybrid-latency,hybrid,unplugged-04,[],True,False,0,,1024,1,CPU_REPACK,model,304.28,load_tensors:   CPU_REPACK model buffer size =   304.28 MiB
handoff-latency-unplugged-04-qwen3-4b-instruct-p512-g64-hybrid-r0,qwen3-4b-instruct,hybrid-latency,hybrid,unplugged-04,[],True,False,0,,1024,2,OpenCL,model,2071.75,load_tensors:       OpenCL model buffer size =  2071.75 MiB
handoff-latency-unplugged-04-qwen3-4b-instruct-p512-g64-hybrid-r0,qwen3-4b-instruct,hybrid-latency,hybrid,unplugged-04,[],True,False,0,,1024,3,CPU,output,0.58,llama_context:        CPU  output buffer size =     0.58 MiB
handoff-latency-unplugged-04-qwen3-4b-instruct-p512-g64-hybrid-r0,qwen3-4b-instruct,hybrid-latency,hybrid,unplugged-04,[],True,False,0,,1024,4,OpenCL,KV,144.0,llama_kv_cache:     OpenCL KV buffer size =   144.00 MiB
handoff-latency-unplugged-04-qwen3-4b-instruct-p512-g64-hybrid-r0,qwen3-4b-instruct,hybrid-latency,hybrid,unplugged-04,[],True,False,0,,1024,5,OpenCL,compute,48.0,sched_reserve:     OpenCL compute buffer size =    48.00 MiB
handoff-latency-unplugged-04-qwen3-4b-instruct-p512-g64-hybrid-r0,qwen3-4b-instruct,hybrid-latency,hybrid,unplugged-04,[],True,False,0,,1024,6,CPU,compute,153.38,sched_reserve:        CPU compute buffer size =   153.38 MiB
handoff-latency-unplugged-04-qwen3-4b-instruct-p512-g64-hybrid-r0,qwen3-4b-instruct,hybrid-latency,hybrid,unplugged-04,[],True,False,0,,1024,7,CPU,compute,153.38,sched_reserve:        CPU compute buffer size =   153.38 MiB
handoff-latency-unplugged-04-qwen3-4b-instruct-p512-g64-hybrid-r1,qwen3-4b-instruct,hybrid-latency,hybrid,unplugged-04,[],True,False,0,,1024,0,CPU_Mapped,model,304.28,load_tensors:   CPU_Mapped model buffer size =   304.28 MiB
handoff-latency-unplugged-04-qwen3-4b-instruct-p512-g64-hybrid-r1,qwen3-4b-instruct,hybrid-latency,hybrid,unplugged-04,[],True,False,0,,1024,1,CPU_REPACK,model,304.28,load_tensors:   CPU_REPACK model buffer size =   304.28 MiB
handoff-latency-unplugged-04-qwen3-4b-instruct-p512-g64-hybrid-r1,qwen3-4b-instruct,hybrid-latency,hybrid,unplugged-04,[],True,False,0,,1024,2,OpenCL,model,2071.75,load_tensors:       OpenCL model buffer size =  2071.75 MiB
handoff-latency-unplugged-04-qwen3-4b-instruct-p512-g64-hybrid-r1,qwen3-4b-instruct,hybrid-latency,hybrid,unplugged-04,[],True,False,0,,1024,3,CPU,output,0.58,llama_context:        CPU  output buffer size =     0.58 MiB
handoff-latency-unplugged-04-qwen3-4b-instruct-p512-g64-hybrid-r1,qwen3-4b-instruct,hybrid-latency,hybrid,unplugged-04,[],True,False,0,,1024,4,OpenCL,KV,144.0,llama_kv_cache:     OpenCL KV buffer size =   144.00 MiB
handoff-latency-unplugged-04-qwen3-4b-instruct-p512-g64-hybrid-r1,qwen3-4b-instruct,hybrid-latency,hybrid,unplugged-04,[],True,False,0,,1024,5,OpenCL,compute,48.0,sched_reserve:     OpenCL compute buffer size =    48.00 MiB
handoff-latency-unplugged-04-qwen3-4b-instruct-p512-g64-hybrid-r1,qwen3-4b-instruct,hybrid-latency,hybrid,unplugged-04,[],True,False,0,,1024,6,CPU,compute,153.38,sched_reserve:        CPU compute buffer size =   153.38 MiB
handoff-latency-unplugged-04-qwen3-4b-instruct-p512-g64-hybrid-r1,qwen3-4b-instruct,hybrid-latency,hybrid,unplugged-04,[],True,False,0,,1024,7,CPU,compute,153.38,sched_reserve:        CPU compute buffer size =   153.38 MiB
handoff-latency-unplugged-04-qwen3-4b-instruct-p512-g64-mapped-keep-r0,qwen3-4b-instruct,hybrid-latency,hybrid,api-20261003T084838Z-PLUGGED_AC,[],True,False,0,,1024,0,CPU_Mapped,model,304.28,load_tensors:   CPU_Mapped model buffer size =   304.28 MiB
handoff-latency-unplugged-04-qwen3-4b-instruct-p512-g64-mapped-keep-r0,qwen3-4b-instruct,hybrid-latency,hybrid,api-20261003T084838Z-PLUGGED_AC,[],True,False,0,,1024,1,CPU_REPACK,model,304.28,load_tensors:   CPU_REPACK model buffer size =   304.28 MiB
handoff-latency-unplugged-04-qwen3-4b-instruct-p512-g64-mapped-keep-r0,qwen3-4b-instruct,hybrid-latency,hybrid,api-20261003T084838Z-PLUGGED_AC,[],True,False,0,,1024,2,OpenCL,model,2071.75,load_tensors:       OpenCL model buffer size =  2071.75 MiB
handoff-latency-unplugged-04-qwen3-4b-instruct-p512-g64-mapped-keep-r0,qwen3-4b-instruct,hybrid-latency,hybrid,api-20261003T084838Z-PLUGGED_AC,[],True,False,0,,1024,3,CPU,output,0.58,llama_context:        CPU  output buffer size =     0.58 MiB
handoff-latency-unplugged-04-qwen3-4b-instruct-p512-g64-mapped-keep-r0,qwen3-4b-instruct,hybrid-latency,hybrid,api-20261003T084838Z-PLUGGED_AC,[],True,False,0,,1024,4,OpenCL,KV,144.0,llama_kv_cache:     OpenCL KV buffer size =   144.00 MiB
handoff-latency-unplugged-04-qwen3-4b-instruct-p512-g64-mapped-keep-r0,qwen3-4b-instruct,hybrid-latency,hybrid,api-20261003T084838Z-PLUGGED_AC,[],True,False,0,,1024,5,OpenCL,compute,48.0,sched_reserve:     OpenCL compute buffer size =    48.00 MiB
handoff-latency-unplugged-04-qwen3-4b-instruct-p512-g64-mapped-keep-r0,qwen3-4b-instruct,hybrid-latency,hybrid,api-20261003T084838Z-PLUGGED_AC,[],True,False,0,,1024,6,CPU,compute,153.38,sched_reserve:        CPU compute buffer size =   153.38 MiB
handoff-latency-unplugged-04-qwen3-4b-instruct-p512-g64-mapped-keep-r0,qwen3-4b-instruct,hybrid-latency,hybrid,api-20261003T084838Z-PLUGGED_AC,[],True,False,0,,1024,7,CPU,compute,153.38,sched_reserve:        CPU compute buffer size =   153.38 MiB
handoff-latency-unplugged-04-qwen3-4b-instruct-p512-g64-partial-half-r0,qwen3-4b-instruct,hybrid-latency,hybrid,api-20261003T084838Z-PLUGGED_AC,[],True,False,0,,1024,0,CPU_Mapped,model,1380.9,load_tensors:   CPU_Mapped model buffer size =  1380.90 MiB
handoff-latency-unplugged-04-qwen3-4b-instruct-p512-g64-partial-half-r0,qwen3-4b-instruct,hybrid-latency,hybrid,api-20261003T084838Z-PLUGGED_AC,[],True,False,0,,1024,1,CPU_REPACK,model,1393.86,load_tensors:   CPU_REPACK model buffer size =  1393.86 MiB
handoff-latency-unplugged-04-qwen3-4b-instruct-p512-g64-partial-half-r0,qwen3-4b-instruct,hybrid-latency,hybrid,api-20261003T084838Z-PLUGGED_AC,[],True,False,0,,1024,2,OpenCL,model,981.72,load_tensors:       OpenCL model buffer size =   981.72 MiB
handoff-latency-unplugged-04-qwen3-4b-instruct-p512-g64-partial-half-r0,qwen3-4b-instruct,hybrid-latency,hybrid,api-20261003T084838Z-PLUGGED_AC,[],True,False,0,,1024,3,CPU,output,0.58,llama_context:        CPU  output buffer size =     0.58 MiB
handoff-latency-unplugged-04-qwen3-4b-instruct-p512-g64-partial-half-r0,qwen3-4b-instruct,hybrid-latency,hybrid,api-20261003T084838Z-PLUGGED_AC,[],True,False,0,,1024,4,CPU,KV,76.0,llama_kv_cache:        CPU KV buffer size =    76.00 MiB
handoff-latency-unplugged-04-qwen3-4b-instruct-p512-g64-partial-half-r0,qwen3-4b-instruct,hybrid-latency,hybrid,api-20261003T084838Z-PLUGGED_AC,[],True,False,0,,1024,5,OpenCL,KV,68.0,llama_kv_cache:     OpenCL KV buffer size =    68.00 MiB
handoff-latency-unplugged-04-qwen3-4b-instruct-p512-g64-partial-half-r0,qwen3-4b-instruct,hybrid-latency,hybrid,api-20261003T084838Z-PLUGGED_AC,[],True,False,0,,1024,6,OpenCL,compute,48.0,sched_reserve:     OpenCL compute buffer size =    48.00 MiB
handoff-latency-unplugged-04-qwen3-4b-instruct-p512-g64-partial-half-r0,qwen3-4b-instruct,hybrid-latency,hybrid,api-20261003T084838Z-PLUGGED_AC,[],True,False,0,,1024,7,CPU,compute,153.38,sched_reserve:        CPU compute buffer size =   153.38 MiB
handoff-latency-unplugged-04-qwen3-4b-instruct-p512-g64-partial-half-r0,qwen3-4b-instruct,hybrid-latency,hybrid,api-20261003T084838Z-PLUGGED_AC,[],True,False,0,,1024,8,CPU,compute,153.38,sched_reserve:        CPU compute buffer size =   153.38 MiB
handoff-latency-unplugged-04-qwen3-4b-instruct-p512-g64-partial-low-r0,qwen3-4b-instruct,hybrid-latency,hybrid,api-20261003T084838Z-PLUGGED_AC,[],True,False,0,,1024,0,CPU_Mapped,model,2179.76,load_tensors:   CPU_Mapped model buffer size =  2179.76 MiB
handoff-latency-unplugged-04-qwen3-4b-instruct-p512-g64-partial-low-r0,qwen3-4b-instruct,hybrid-latency,hybrid,api-20261003T084838Z-PLUGGED_AC,[],True,False,0,,1024,1,CPU_REPACK,model,2192.44,load_tensors:   CPU_REPACK model buffer size =  2192.44 MiB
handoff-latency-unplugged-04-qwen3-4b-instruct-p512-g64-partial-low-r0,qwen3-4b-instruct,hybrid-latency,hybrid,api-20261003T084838Z-PLUGGED_AC,[],True,False,0,,1024,2,OpenCL,model,182.81,load_tensors:       OpenCL model buffer size =   182.81 MiB
handoff-latency-unplugged-04-qwen3-4b-instruct-p512-g64-partial-low-r0,qwen3-4b-instruct,hybrid-latency,hybrid,api-20261003T084838Z-PLUGGED_AC,[],True,False,0,,1024,3,CPU,output,0.58,llama_context:        CPU  output buffer size =     0.58 MiB
handoff-latency-unplugged-04-qwen3-4b-instruct-p512-g64-partial-low-r0,qwen3-4b-instruct,hybrid-latency,hybrid,api-20261003T084838Z-PLUGGED_AC,[],True,False,0,,1024,4,CPU,KV,132.0,llama_kv_cache:        CPU KV buffer size =   132.00 MiB
handoff-latency-unplugged-04-qwen3-4b-instruct-p512-g64-partial-low-r0,qwen3-4b-instruct,hybrid-latency,hybrid,api-20261003T084838Z-PLUGGED_AC,[],True,False,0,,1024,5,OpenCL,KV,12.0,llama_kv_cache:     OpenCL KV buffer size =    12.00 MiB
handoff-latency-unplugged-04-qwen3-4b-instruct-p512-g64-partial-low-r0,qwen3-4b-instruct,hybrid-latency,hybrid,api-20261003T084838Z-PLUGGED_AC,[],True,False,0,,1024,6,OpenCL,compute,48.0,sched_reserve:     OpenCL compute buffer size =    48.00 MiB
handoff-latency-unplugged-04-qwen3-4b-instruct-p512-g64-partial-low-r0,qwen3-4b-instruct,hybrid-latency,hybrid,api-20261003T084838Z-PLUGGED_AC,[],True,False,0,,1024,7,CPU,compute,153.38,sched_reserve:        CPU compute buffer size =   153.38 MiB
handoff-latency-unplugged-04-qwen3-4b-instruct-p512-g64-partial-low-r0,qwen3-4b-instruct,hybrid-latency,hybrid,api-20261003T084838Z-PLUGGED_AC,[],True,False,0,,1024,8,CPU,compute,153.38,sched_reserve:        CPU compute buffer size =   153.38 MiB
handoff-latency-unplugged-04-qwen3-4b-instruct-p8192-g128-cpu-FA-canonical-r0,qwen3-4b-instruct,hybrid-CPU-layout-control,hybrid,api-20261003T084838Z-PLUGGED_AC,[],True,False,0,,8704,0,CPU_Mapped,model,2375.91,load_tensors:   CPU_Mapped model buffer size =  2375.91 MiB
handoff-latency-unplugged-04-qwen3-4b-instruct-p8192-g128-cpu-FA-canonical-r0,qwen3-4b-instruct,hybrid-CPU-layout-control,hybrid,api-20261003T084838Z-PLUGGED_AC,[],True,False,0,,8704,1,CPU,output,0.58,llama_context:        CPU  output buffer size =     0.58 MiB
handoff-latency-unplugged-04-qwen3-4b-instruct-p8192-g128-cpu-FA-canonical-r0,qwen3-4b-instruct,hybrid-CPU-layout-control,hybrid,api-20261003T084838Z-PLUGGED_AC,[],True,False,0,,8704,2,CPU,KV,1224.0,llama_kv_cache:        CPU KV buffer size =  1224.00 MiB
handoff-latency-unplugged-04-qwen3-4b-instruct-p8192-g128-cpu-FA-canonical-r0,qwen3-4b-instruct,hybrid-CPU-layout-control,hybrid,api-20261003T084838Z-PLUGGED_AC,[],True,False,0,,8704,3,CPU,compute,153.38,sched_reserve:        CPU compute buffer size =   153.38 MiB
handoff-latency-unplugged-04-qwen3-4b-instruct-p8192-g128-cpu-FA-canonical-r1,qwen3-4b-instruct,hybrid-CPU-layout-control,hybrid,api-20261003T084838Z-PLUGGED_AC,[],True,False,0,,8704,0,CPU_Mapped,model,2375.91,load_tensors:   CPU_Mapped model buffer size =  2375.91 MiB
handoff-latency-unplugged-04-qwen3-4b-instruct-p8192-g128-cpu-FA-canonical-r1,qwen3-4b-instruct,hybrid-CPU-layout-control,hybrid,api-20261003T084838Z-PLUGGED_AC,[],True,False,0,,8704,1,CPU,output,0.58,llama_context:        CPU  output buffer size =     0.58 MiB
handoff-latency-unplugged-04-qwen3-4b-instruct-p8192-g128-cpu-FA-canonical-r1,qwen3-4b-instruct,hybrid-CPU-layout-control,hybrid,api-20261003T084838Z-PLUGGED_AC,[],True,False,0,,8704,2,CPU,KV,1224.0,llama_kv_cache:        CPU KV buffer size =  1224.00 MiB
handoff-latency-unplugged-04-qwen3-4b-instruct-p8192-g128-cpu-FA-canonical-r1,qwen3-4b-instruct,hybrid-CPU-layout-control,hybrid,api-20261003T084838Z-PLUGGED_AC,[],True,False,0,,8704,3,CPU,compute,153.38,sched_reserve:        CPU compute buffer size =   153.38 MiB
handoff-latency-unplugged-04-qwen3-4b-instruct-p8192-g128-cpu-FA-practical-r0,qwen3-4b-instruct,hybrid-practical-CPU,hybrid,unplugged-04,"[""Power transition observed or possible within measurement interval""]",False,False,0,,8704,0,CPU_Mapped,model,2362.55,load_tensors:   CPU_Mapped model buffer size =  2362.55 MiB
handoff-latency-unplugged-04-qwen3-4b-instruct-p8192-g128-cpu-FA-practical-r0,qwen3-4b-instruct,hybrid-practical-CPU,hybrid,unplugged-04,"[""Power transition observed or possible within measurement interval""]",False,False,0,,8704,1,CPU_REPACK,model,2375.16,load_tensors:   CPU_REPACK model buffer size =  2375.16 MiB
handoff-latency-unplugged-04-qwen3-4b-instruct-p8192-g128-cpu-FA-practical-r0,qwen3-4b-instruct,hybrid-practical-CPU,hybrid,unplugged-04,"[""Power transition observed or possible within measurement interval""]",False,False,0,,8704,2,CPU,output,0.58,llama_context:        CPU  output buffer size =     0.58 MiB
handoff-latency-unplugged-04-qwen3-4b-instruct-p8192-g128-cpu-FA-practical-r0,qwen3-4b-instruct,hybrid-practical-CPU,hybrid,unplugged-04,"[""Power transition observed or possible within measurement interval""]",False,False,0,,8704,3,CPU,KV,1224.0,llama_kv_cache:        CPU KV buffer size =  1224.00 MiB
handoff-latency-unplugged-04-qwen3-4b-instruct-p8192-g128-cpu-FA-practical-r0,qwen3-4b-instruct,hybrid-practical-CPU,hybrid,unplugged-04,"[""Power transition observed or possible within measurement interval""]",False,False,0,,8704,4,CPU,compute,153.38,sched_reserve:        CPU compute buffer size =   153.38 MiB
handoff-latency-unplugged-04-qwen3-4b-instruct-p8192-g128-cpu-FA-practical-r1,qwen3-4b-instruct,hybrid-practical-CPU,hybrid,api-20261003T084838Z-PLUGGED_AC,[],True,False,0,,8704,0,CPU_Mapped,model,2362.55,load_tensors:   CPU_Mapped model buffer size =  2362.55 MiB
handoff-latency-unplugged-04-qwen3-4b-instruct-p8192-g128-cpu-FA-practical-r1,qwen3-4b-instruct,hybrid-practical-CPU,hybrid,api-20261003T084838Z-PLUGGED_AC,[],True,False,0,,8704,1,CPU_REPACK,model,2375.16,load_tensors:   CPU_REPACK model buffer size =  2375.16 MiB
handoff-latency-unplugged-04-qwen3-4b-instruct-p8192-g128-cpu-FA-practical-r1,qwen3-4b-instruct,hybrid-practical-CPU,hybrid,api-20261003T084838Z-PLUGGED_AC,[],True,False,0,,8704,2,CPU,output,0.58,llama_context:        CPU  output buffer size =     0.58 MiB
handoff-latency-unplugged-04-qwen3-4b-instruct-p8192-g128-cpu-FA-practical-r1,qwen3-4b-instruct,hybrid-practical-CPU,hybrid,api-20261003T084838Z-PLUGGED_AC,[],True,False,0,,8704,3,CPU,KV,1224.0,llama_kv_cache:        CPU KV buffer size =  1224.00 MiB
handoff-latency-unplugged-04-qwen3-4b-instruct-p8192-g128-cpu-FA-practical-r1,qwen3-4b-instruct,hybrid-practical-CPU,hybrid,api-20261003T084838Z-PLUGGED_AC,[],True,False,0,,8704,4,CPU,compute,153.38,sched_reserve:        CPU compute buffer size =   153.38 MiB
handoff-latency-unplugged-04-qwen3-4b-instruct-p8192-g128-cpu-r0,qwen3-4b-instruct,hybrid-latency,hybrid,unplugged-04,[],True,False,0,,8704,0,CPU_Mapped,model,2362.55,load_tensors:   CPU_Mapped model buffer size =  2362.55 MiB
handoff-latency-unplugged-04-qwen3-4b-instruct-p8192-g128-cpu-r0,qwen3-4b-instruct,hybrid-latency,hybrid,unplugged-04,[],True,False,0,,8704,1,CPU_REPACK,model,2375.16,load_tensors:   CPU_REPACK model buffer size =  2375.16 MiB
handoff-latency-unplugged-04-qwen3-4b-instruct-p8192-g128-cpu-r0,qwen3-4b-instruct,hybrid-latency,hybrid,unplugged-04,[],True,False,0,,8704,2,CPU,output,0.58,llama_context:        CPU  output buffer size =     0.58 MiB
handoff-latency-unplugged-04-qwen3-4b-instruct-p8192-g128-cpu-r0,qwen3-4b-instruct,hybrid-latency,hybrid,unplugged-04,[],True,False,0,,8704,3,CPU,KV,1224.0,llama_kv_cache:        CPU KV buffer size =  1224.00 MiB
handoff-latency-unplugged-04-qwen3-4b-instruct-p8192-g128-cpu-r0,qwen3-4b-instruct,hybrid-latency,hybrid,unplugged-04,[],True,False,0,,8704,4,CPU,compute,298.0,sched_reserve:        CPU compute buffer size =   298.00 MiB
handoff-latency-unplugged-04-qwen3-4b-instruct-p8192-g128-cpu-r1,qwen3-4b-instruct,hybrid-latency,hybrid,api-20261003T084838Z-PLUGGED_AC,[],True,False,0,,8704,0,CPU_Mapped,model,2362.55,load_tensors:   CPU_Mapped model buffer size =  2362.55 MiB
handoff-latency-unplugged-04-qwen3-4b-instruct-p8192-g128-cpu-r1,qwen3-4b-instruct,hybrid-latency,hybrid,api-20261003T084838Z-PLUGGED_AC,[],True,False,0,,8704,1,CPU_REPACK,model,2375.16,load_tensors:   CPU_REPACK model buffer size =  2375.16 MiB
handoff-latency-unplugged-04-qwen3-4b-instruct-p8192-g128-cpu-r1,qwen3-4b-instruct,hybrid-latency,hybrid,api-20261003T084838Z-PLUGGED_AC,[],True,False,0,,8704,2,CPU,output,0.58,llama_context:        CPU  output buffer size =     0.58 MiB
handoff-latency-unplugged-04-qwen3-4b-instruct-p8192-g128-cpu-r1,qwen3-4b-instruct,hybrid-latency,hybrid,api-20261003T084838Z-PLUGGED_AC,[],True,False,0,,8704,3,CPU,KV,1224.0,llama_kv_cache:        CPU KV buffer size =  1224.00 MiB
handoff-latency-unplugged-04-qwen3-4b-instruct-p8192-g128-cpu-r1,qwen3-4b-instruct,hybrid-latency,hybrid,api-20261003T084838Z-PLUGGED_AC,[],True,False,0,,8704,4,CPU,compute,298.0,sched_reserve:        CPU compute buffer size =   298.00 MiB
handoff-latency-unplugged-04-qwen3-4b-instruct-p8192-g128-gpu-r0,qwen3-4b-instruct,hybrid-latency,hybrid,unplugged-04,[],True,False,0,,8704,0,CPU_Mapped,model,304.28,load_tensors:   CPU_Mapped model buffer size =   304.28 MiB
handoff-latency-unplugged-04-qwen3-4b-instruct-p8192-g128-gpu-r0,qwen3-4b-instruct,hybrid-latency,hybrid,unplugged-04,[],True,False,0,,8704,1,CPU_REPACK,model,304.28,load_tensors:   CPU_REPACK model buffer size =   304.28 MiB
handoff-latency-unplugged-04-qwen3-4b-instruct-p8192-g128-gpu-r0,qwen3-4b-instruct,hybrid-latency,hybrid,unplugged-04,[],True,False,0,,8704,2,OpenCL,model,2071.75,load_tensors:       OpenCL model buffer size =  2071.75 MiB
handoff-latency-unplugged-04-qwen3-4b-instruct-p8192-g128-gpu-r0,qwen3-4b-instruct,hybrid-latency,hybrid,unplugged-04,[],True,False,0,,8704,3,CPU,output,0.58,llama_context:        CPU  output buffer size =     0.58 MiB
handoff-latency-unplugged-04-qwen3-4b-instruct-p8192-g128-gpu-r0,qwen3-4b-instruct,hybrid-latency,hybrid,unplugged-04,[],True,False,0,,8704,4,OpenCL,KV,1224.0,llama_kv_cache:     OpenCL KV buffer size =  1224.00 MiB
handoff-latency-unplugged-04-qwen3-4b-instruct-p8192-g128-gpu-r0,qwen3-4b-instruct,hybrid-latency,hybrid,unplugged-04,[],True,False,0,,8704,5,OpenCL,compute,295.5,sched_reserve:     OpenCL compute buffer size =   295.50 MiB
handoff-latency-unplugged-04-qwen3-4b-instruct-p8192-g128-gpu-r0,qwen3-4b-instruct,hybrid-latency,hybrid,unplugged-04,[],True,False,0,,8704,6,CPU,compute,153.38,sched_reserve:        CPU compute buffer size =   153.38 MiB
handoff-latency-unplugged-04-qwen3-4b-instruct-p8192-g128-gpu-r1,qwen3-4b-instruct,hybrid-latency,hybrid,unplugged-04,[],True,False,0,,8704,0,CPU_Mapped,model,304.28,load_tensors:   CPU_Mapped model buffer size =   304.28 MiB
handoff-latency-unplugged-04-qwen3-4b-instruct-p8192-g128-gpu-r1,qwen3-4b-instruct,hybrid-latency,hybrid,unplugged-04,[],True,False,0,,8704,1,CPU_REPACK,model,304.28,load_tensors:   CPU_REPACK model buffer size =   304.28 MiB
handoff-latency-unplugged-04-qwen3-4b-instruct-p8192-g128-gpu-r1,qwen3-4b-instruct,hybrid-latency,hybrid,unplugged-04,[],True,False,0,,8704,2,OpenCL,model,2071.75,load_tensors:       OpenCL model buffer size =  2071.75 MiB
handoff-latency-unplugged-04-qwen3-4b-instruct-p8192-g128-gpu-r1,qwen3-4b-instruct,hybrid-latency,hybrid,unplugged-04,[],True,False,0,,8704,3,CPU,output,0.58,llama_context:        CPU  output buffer size =     0.58 MiB
handoff-latency-unplugged-04-qwen3-4b-instruct-p8192-g128-gpu-r1,qwen3-4b-instruct,hybrid-latency,hybrid,unplugged-04,[],True,False,0,,8704,4,OpenCL,KV,1224.0,llama_kv_cache:     OpenCL KV buffer size =  1224.00 MiB
handoff-latency-unplugged-04-qwen3-4b-instruct-p8192-g128-gpu-r1,qwen3-4b-instruct,hybrid-latency,hybrid,unplugged-04,[],True,False,0,,8704,5,OpenCL,compute,295.5,sched_reserve:     OpenCL compute buffer size =   295.50 MiB
handoff-latency-unplugged-04-qwen3-4b-instruct-p8192-g128-gpu-r1,qwen3-4b-instruct,hybrid-latency,hybrid,unplugged-04,[],True,False,0,,8704,6,CPU,compute,153.38,sched_reserve:        CPU compute buffer size =   153.38 MiB
handoff-latency-unplugged-04-qwen3-4b-instruct-p8192-g128-hybrid-r0,qwen3-4b-instruct,hybrid-latency,hybrid,unplugged-04,[],True,False,0,,8704,0,CPU_Mapped,model,304.28,load_tensors:   CPU_Mapped model buffer size =   304.28 MiB
handoff-latency-unplugged-04-qwen3-4b-instruct-p8192-g128-hybrid-r0,qwen3-4b-instruct,hybrid-latency,hybrid,unplugged-04,[],True,False,0,,8704,1,CPU_REPACK,model,304.28,load_tensors:   CPU_REPACK model buffer size =   304.28 MiB
handoff-latency-unplugged-04-qwen3-4b-instruct-p8192-g128-hybrid-r0,qwen3-4b-instruct,hybrid-latency,hybrid,unplugged-04,[],True,False,0,,8704,2,OpenCL,model,2071.75,load_tensors:       OpenCL model buffer size =  2071.75 MiB
handoff-latency-unplugged-04-qwen3-4b-instruct-p8192-g128-hybrid-r0,qwen3-4b-instruct,hybrid-latency,hybrid,unplugged-04,[],True,False,0,,8704,3,CPU,output,0.58,llama_context:        CPU  output buffer size =     0.58 MiB
handoff-latency-unplugged-04-qwen3-4b-instruct-p8192-g128-hybrid-r0,qwen3-4b-instruct,hybrid-latency,hybrid,unplugged-04,[],True,False,0,,8704,4,OpenCL,KV,1224.0,llama_kv_cache:     OpenCL KV buffer size =  1224.00 MiB
handoff-latency-unplugged-04-qwen3-4b-instruct-p8192-g128-hybrid-r0,qwen3-4b-instruct,hybrid-latency,hybrid,unplugged-04,[],True,False,0,,8704,5,OpenCL,compute,295.5,sched_reserve:     OpenCL compute buffer size =   295.50 MiB
handoff-latency-unplugged-04-qwen3-4b-instruct-p8192-g128-hybrid-r0,qwen3-4b-instruct,hybrid-latency,hybrid,unplugged-04,[],True,False,0,,8704,6,CPU,compute,153.38,sched_reserve:        CPU compute buffer size =   153.38 MiB
handoff-latency-unplugged-04-qwen3-4b-instruct-p8192-g128-hybrid-r0,qwen3-4b-instruct,hybrid-latency,hybrid,unplugged-04,[],True,False,0,,8704,7,CPU,compute,298.0,sched_reserve:        CPU compute buffer size =   298.00 MiB
handoff-latency-unplugged-04-qwen3-4b-instruct-p8192-g128-hybrid-r1,qwen3-4b-instruct,hybrid-latency,hybrid,unplugged-04,[],True,False,0,,8704,0,CPU_Mapped,model,304.28,load_tensors:   CPU_Mapped model buffer size =   304.28 MiB
handoff-latency-unplugged-04-qwen3-4b-instruct-p8192-g128-hybrid-r1,qwen3-4b-instruct,hybrid-latency,hybrid,unplugged-04,[],True,False,0,,8704,1,CPU_REPACK,model,304.28,load_tensors:   CPU_REPACK model buffer size =   304.28 MiB
handoff-latency-unplugged-04-qwen3-4b-instruct-p8192-g128-hybrid-r1,qwen3-4b-instruct,hybrid-latency,hybrid,unplugged-04,[],True,False,0,,8704,2,OpenCL,model,2071.75,load_tensors:       OpenCL model buffer size =  2071.75 MiB
handoff-latency-unplugged-04-qwen3-4b-instruct-p8192-g128-hybrid-r1,qwen3-4b-instruct,hybrid-latency,hybrid,unplugged-04,[],True,False,0,,8704,3,CPU,output,0.58,llama_context:        CPU  output buffer size =     0.58 MiB
handoff-latency-unplugged-04-qwen3-4b-instruct-p8192-g128-hybrid-r1,qwen3-4b-instruct,hybrid-latency,hybrid,unplugged-04,[],True,False,0,,8704,4,OpenCL,KV,1224.0,llama_kv_cache:     OpenCL KV buffer size =  1224.00 MiB
handoff-latency-unplugged-04-qwen3-4b-instruct-p8192-g128-hybrid-r1,qwen3-4b-instruct,hybrid-latency,hybrid,unplugged-04,[],True,False,0,,8704,5,OpenCL,compute,295.5,sched_reserve:     OpenCL compute buffer size =   295.50 MiB
handoff-latency-unplugged-04-qwen3-4b-instruct-p8192-g128-hybrid-r1,qwen3-4b-instruct,hybrid-latency,hybrid,unplugged-04,[],True,False,0,,8704,6,CPU,compute,153.38,sched_reserve:        CPU compute buffer size =   153.38 MiB
handoff-latency-unplugged-04-qwen3-4b-instruct-p8192-g128-hybrid-r1,qwen3-4b-instruct,hybrid-latency,hybrid,unplugged-04,[],True,False,0,,8704,7,CPU,compute,298.0,sched_reserve:        CPU compute buffer size =   298.00 MiB
handoff-quality-qwen2.5-coder-1.5b-cpu,qwen2.5-coder-1.5b,hybrid-quality,hybrid,unplugged-02,[],True,False,0,,512,0,CPU_Mapped,model,877.31,load_tensors:   CPU_Mapped model buffer size =   877.31 MiB
handoff-quality-qwen2.5-coder-1.5b-cpu,qwen2.5-coder-1.5b,hybrid-quality,hybrid,unplugged-02,[],True,False,0,,512,1,CPU_REPACK,model,934.14,load_tensors:   CPU_REPACK model buffer size =   934.14 MiB
handoff-quality-qwen2.5-coder-1.5b-cpu,qwen2.5-coder-1.5b,hybrid-quality,hybrid,unplugged-02,[],True,False,0,,512,2,CPU,output,0.58,llama_context:        CPU  output buffer size =     0.58 MiB
handoff-quality-qwen2.5-coder-1.5b-cpu,qwen2.5-coder-1.5b,hybrid-quality,hybrid,unplugged-02,[],True,False,0,,512,3,CPU,KV,14.0,llama_kv_cache:        CPU KV buffer size =    14.00 MiB
handoff-quality-qwen2.5-coder-1.5b-cpu,qwen2.5-coder-1.5b,hybrid-quality,hybrid,unplugged-02,[],True,False,0,,512,4,CPU,compute,75.69,sched_reserve:        CPU compute buffer size =    75.69 MiB
handoff-quality-qwen2.5-coder-1.5b-mapped-drop,qwen2.5-coder-1.5b,hybrid-quality,hybrid,unplugged-02,[],True,False,0,,512,0,CPU_Mapped,model,125.19,load_tensors:   CPU_Mapped model buffer size =   125.19 MiB
handoff-quality-qwen2.5-coder-1.5b-mapped-drop,qwen2.5-coder-1.5b,hybrid-quality,hybrid,unplugged-02,[],True,False,0,,512,1,CPU_REPACK,model,195.74,load_tensors:   CPU_REPACK model buffer size =   195.74 MiB
handoff-quality-qwen2.5-coder-1.5b-mapped-drop,qwen2.5-coder-1.5b,hybrid-quality,hybrid,unplugged-02,[],True,False,0,,512,2,OpenCL,model,739.03,load_tensors:       OpenCL model buffer size =   739.03 MiB
handoff-quality-qwen2.5-coder-1.5b-mapped-drop,qwen2.5-coder-1.5b,hybrid-quality,hybrid,unplugged-02,[],True,False,0,,512,3,CPU,output,0.58,llama_context:        CPU  output buffer size =     0.58 MiB
handoff-quality-qwen2.5-coder-1.5b-mapped-drop,qwen2.5-coder-1.5b,hybrid-quality,hybrid,unplugged-02,[],True,False,0,,512,4,OpenCL,KV,14.0,llama_kv_cache:     OpenCL KV buffer size =    14.00 MiB
handoff-quality-qwen2.5-coder-1.5b-mapped-drop,qwen2.5-coder-1.5b,hybrid-quality,hybrid,unplugged-02,[],True,False,0,,512,5,OpenCL,compute,15.38,sched_reserve:     OpenCL compute buffer size =    15.38 MiB
handoff-quality-qwen2.5-coder-1.5b-mapped-drop,qwen2.5-coder-1.5b,hybrid-quality,hybrid,unplugged-02,[],True,False,0,,512,6,CPU,compute,75.69,sched_reserve:        CPU compute buffer size =    75.69 MiB
handoff-quality-qwen2.5-coder-1.5b-mapped-drop,qwen2.5-coder-1.5b,hybrid-quality,hybrid,unplugged-02,[],True,False,0,,512,7,CPU,compute,75.69,sched_reserve:        CPU compute buffer size =    75.69 MiB
handoff-quality-v2-qwen2.5-coder-1.5b-cpu,qwen2.5-coder-1.5b,hybrid-quality,hybrid,unplugged-02,[],True,True,0,,512,0,CPU_Mapped,model,877.31,load_tensors:   CPU_Mapped model buffer size =   877.31 MiB
handoff-quality-v2-qwen2.5-coder-1.5b-cpu,qwen2.5-coder-1.5b,hybrid-quality,hybrid,unplugged-02,[],True,True,0,,512,1,CPU_REPACK,model,934.14,load_tensors:   CPU_REPACK model buffer size =   934.14 MiB
handoff-quality-v2-qwen2.5-coder-1.5b-cpu,qwen2.5-coder-1.5b,hybrid-quality,hybrid,unplugged-02,[],True,True,0,,512,2,CPU,output,0.58,llama_context:        CPU  output buffer size =     0.58 MiB
handoff-quality-v2-qwen2.5-coder-1.5b-cpu,qwen2.5-coder-1.5b,hybrid-quality,hybrid,unplugged-02,[],True,True,0,,512,3,CPU,KV,14.0,llama_kv_cache:        CPU KV buffer size =    14.00 MiB
handoff-quality-v2-qwen2.5-coder-1.5b-cpu,qwen2.5-coder-1.5b,hybrid-quality,hybrid,unplugged-02,[],True,True,0,,512,4,CPU,compute,75.69,sched_reserve:        CPU compute buffer size =    75.69 MiB
handoff-quality-v2-qwen2.5-coder-1.5b-mapped-drop,qwen2.5-coder-1.5b,hybrid-quality,hybrid,unplugged-02,"[""CPU availability or Android cgroup changed during measurement"",""Benchmark process Android cgroup changed during measurement""]",False,True,0,,512,0,CPU_Mapped,model,125.19,load_tensors:   CPU_Mapped model buffer size =   125.19 MiB
handoff-quality-v2-qwen2.5-coder-1.5b-mapped-drop,qwen2.5-coder-1.5b,hybrid-quality,hybrid,unplugged-02,"[""CPU availability or Android cgroup changed during measurement"",""Benchmark process Android cgroup changed during measurement""]",False,True,0,,512,1,CPU_REPACK,model,195.74,load_tensors:   CPU_REPACK model buffer size =   195.74 MiB
handoff-quality-v2-qwen2.5-coder-1.5b-mapped-drop,qwen2.5-coder-1.5b,hybrid-quality,hybrid,unplugged-02,"[""CPU availability or Android cgroup changed during measurement"",""Benchmark process Android cgroup changed during measurement""]",False,True,0,,512,2,OpenCL,model,739.03,load_tensors:       OpenCL model buffer size =   739.03 MiB
handoff-quality-v2-qwen2.5-coder-1.5b-mapped-drop,qwen2.5-coder-1.5b,hybrid-quality,hybrid,unplugged-02,"[""CPU availability or Android cgroup changed during measurement"",""Benchmark process Android cgroup changed during measurement""]",False,True,0,,512,3,CPU,output,0.58,llama_context:        CPU  output buffer size =     0.58 MiB
handoff-quality-v2-qwen2.5-coder-1.5b-mapped-drop,qwen2.5-coder-1.5b,hybrid-quality,hybrid,unplugged-02,"[""CPU availability or Android cgroup changed during measurement"",""Benchmark process Android cgroup changed during measurement""]",False,True,0,,512,4,OpenCL,KV,14.0,llama_kv_cache:     OpenCL KV buffer size =    14.00 MiB
handoff-quality-v2-qwen2.5-coder-1.5b-mapped-drop,qwen2.5-coder-1.5b,hybrid-quality,hybrid,unplugged-02,"[""CPU availability or Android cgroup changed during measurement"",""Benchmark process Android cgroup changed during measurement""]",False,True,0,,512,5,OpenCL,compute,15.38,sched_reserve:     OpenCL compute buffer size =    15.38 MiB
handoff-quality-v2-qwen2.5-coder-1.5b-mapped-drop,qwen2.5-coder-1.5b,hybrid-quality,hybrid,unplugged-02,"[""CPU availability or Android cgroup changed during measurement"",""Benchmark process Android cgroup changed during measurement""]",False,True,0,,512,6,CPU,compute,75.69,sched_reserve:        CPU compute buffer size =    75.69 MiB
handoff-quality-v2-qwen2.5-coder-1.5b-mapped-drop,qwen2.5-coder-1.5b,hybrid-quality,hybrid,unplugged-02,"[""CPU availability or Android cgroup changed during measurement"",""Benchmark process Android cgroup changed during measurement""]",False,True,0,,512,7,CPU,compute,75.69,sched_reserve:        CPU compute buffer size =    75.69 MiB
handoff-quality-v2-qwen2.5-coder-1.5b-readback,qwen2.5-coder-1.5b,hybrid-quality,hybrid,unplugged-02,[],True,True,0,,512,0,CPU_Mapped,model,125.19,load_tensors:   CPU_Mapped model buffer size =   125.19 MiB
handoff-quality-v2-qwen2.5-coder-1.5b-readback,qwen2.5-coder-1.5b,hybrid-quality,hybrid,unplugged-02,[],True,True,0,,512,1,CPU_REPACK,model,195.74,load_tensors:   CPU_REPACK model buffer size =   195.74 MiB
handoff-quality-v2-qwen2.5-coder-1.5b-readback,qwen2.5-coder-1.5b,hybrid-quality,hybrid,unplugged-02,[],True,True,0,,512,2,OpenCL,model,739.03,load_tensors:       OpenCL model buffer size =   739.03 MiB
handoff-quality-v2-qwen2.5-coder-1.5b-readback,qwen2.5-coder-1.5b,hybrid-quality,hybrid,unplugged-02,[],True,True,0,,512,3,CPU,output,0.58,llama_context:        CPU  output buffer size =     0.58 MiB
handoff-quality-v2-qwen2.5-coder-1.5b-readback,qwen2.5-coder-1.5b,hybrid-quality,hybrid,unplugged-02,[],True,True,0,,512,4,OpenCL,KV,14.0,llama_kv_cache:     OpenCL KV buffer size =    14.00 MiB
handoff-quality-v2-qwen2.5-coder-1.5b-readback,qwen2.5-coder-1.5b,hybrid-quality,hybrid,unplugged-02,[],True,True,0,,512,5,OpenCL,compute,15.38,sched_reserve:     OpenCL compute buffer size =    15.38 MiB
handoff-quality-v2-qwen2.5-coder-1.5b-readback,qwen2.5-coder-1.5b,hybrid-quality,hybrid,unplugged-02,[],True,True,0,,512,6,CPU,compute,75.69,sched_reserve:        CPU compute buffer size =    75.69 MiB
handoff-quality-v2-qwen2.5-coder-1.5b-readback,qwen2.5-coder-1.5b,hybrid-quality,hybrid,unplugged-02,[],True,True,0,,512,7,CPU,compute,75.69,sched_reserve:        CPU compute buffer size =    75.69 MiB
handoff-quality-v2-qwen2.5-coder-7b-CPU-FA,qwen2.5-coder-7b,hybrid-quality,hybrid,unplugged-04,[],True,True,0,,512,0,CPU_Mapped,model,4460.45,load_tensors:   CPU_Mapped model buffer size =  4460.45 MiB
handoff-quality-v2-qwen2.5-coder-7b-CPU-FA,qwen2.5-coder-7b,hybrid-quality,hybrid,unplugged-04,[],True,True,0,,512,1,CPU_REPACK,model,4166.82,load_tensors:   CPU_REPACK model buffer size =  4166.82 MiB
handoff-quality-v2-qwen2.5-coder-7b-CPU-FA,qwen2.5-coder-7b,hybrid-quality,hybrid,unplugged-04,[],True,True,0,,512,2,CPU,output,0.58,llama_context:        CPU  output buffer size =     0.58 MiB
handoff-quality-v2-qwen2.5-coder-7b-CPU-FA,qwen2.5-coder-7b,hybrid-quality,hybrid,unplugged-04,[],True,True,0,,512,3,CPU,KV,28.0,llama_kv_cache:        CPU KV buffer size =    28.00 MiB
handoff-quality-v2-qwen2.5-coder-7b-CPU-FA,qwen2.5-coder-7b,hybrid-quality,hybrid,unplugged-04,[],True,True,0,,512,4,CPU,compute,77.75,sched_reserve:        CPU compute buffer size =    77.75 MiB
handoff-quality-v2-qwen2.5-coder-7b-control,qwen2.5-coder-7b,hybrid-quality,hybrid,unplugged-02,[],True,True,0,,512,0,CPU_Mapped,model,292.36,load_tensors:   CPU_Mapped model buffer size =   292.36 MiB
handoff-quality-v2-qwen2.5-coder-7b-control,qwen2.5-coder-7b,hybrid-quality,hybrid,unplugged-02,[],True,True,0,,512,1,CPU_REPACK,model,426.36,load_tensors:   CPU_REPACK model buffer size =   426.36 MiB
handoff-quality-v2-qwen2.5-coder-7b-control,qwen2.5-coder-7b,hybrid-quality,hybrid,unplugged-02,[],True,True,0,,512,2,OpenCL,model,3741.83,load_tensors:       OpenCL model buffer size =  3741.83 MiB
handoff-quality-v2-qwen2.5-coder-7b-control,qwen2.5-coder-7b,hybrid-quality,hybrid,unplugged-02,[],True,True,0,,512,3,CPU,output,0.58,llama_context:        CPU  output buffer size =     0.58 MiB
handoff-quality-v2-qwen2.5-coder-7b-control,qwen2.5-coder-7b,hybrid-quality,hybrid,unplugged-02,[],True,True,0,,512,4,OpenCL,KV,28.0,llama_kv_cache:     OpenCL KV buffer size =    28.00 MiB
handoff-quality-v2-qwen2.5-coder-7b-control,qwen2.5-coder-7b,hybrid-quality,hybrid,unplugged-02,[],True,True,0,,512,5,OpenCL,compute,33.75,sched_reserve:     OpenCL compute buffer size =    33.75 MiB
handoff-quality-v2-qwen2.5-coder-7b-control,qwen2.5-coder-7b,hybrid-quality,hybrid,unplugged-02,[],True,True,0,,512,6,CPU,compute,77.75,sched_reserve:        CPU compute buffer size =    77.75 MiB
handoff-quality-v2-qwen2.5-coder-7b-cpu,qwen2.5-coder-7b,hybrid-quality,hybrid,unplugged-02,[],True,True,0,,512,0,CPU_Mapped,model,4460.45,load_tensors:   CPU_Mapped model buffer size =  4460.45 MiB
handoff-quality-v2-qwen2.5-coder-7b-cpu,qwen2.5-coder-7b,hybrid-quality,hybrid,unplugged-02,[],True,True,0,,512,1,CPU_REPACK,model,4166.82,load_tensors:   CPU_REPACK model buffer size =  4166.82 MiB
handoff-quality-v2-qwen2.5-coder-7b-cpu,qwen2.5-coder-7b,hybrid-quality,hybrid,unplugged-02,[],True,True,0,,512,2,CPU,output,0.58,llama_context:        CPU  output buffer size =     0.58 MiB
handoff-quality-v2-qwen2.5-coder-7b-cpu,qwen2.5-coder-7b,hybrid-quality,hybrid,unplugged-02,[],True,True,0,,512,3,CPU,KV,28.0,llama_kv_cache:        CPU KV buffer size =    28.00 MiB
handoff-quality-v2-qwen2.5-coder-7b-cpu,qwen2.5-coder-7b,hybrid-quality,hybrid,unplugged-02,[],True,True,0,,512,4,CPU,compute,77.75,sched_reserve:        CPU compute buffer size =    77.75 MiB
handoff-quality-v2-qwen2.5-coder-7b-cpu-FA-canonical,qwen2.5-coder-7b,hybrid-CPU-layout-quality,hybrid,api-20261003T084838Z-PLUGGED_AC,[],True,True,0,,512,0,CPU_Mapped,model,4460.45,load_tensors:   CPU_Mapped model buffer size =  4460.45 MiB
handoff-quality-v2-qwen2.5-coder-7b-cpu-FA-canonical,qwen2.5-coder-7b,hybrid-CPU-layout-quality,hybrid,api-20261003T084838Z-PLUGGED_AC,[],True,True,0,,512,1,CPU,output,0.58,llama_context:        CPU  output buffer size =     0.58 MiB
handoff-quality-v2-qwen2.5-coder-7b-cpu-FA-canonical,qwen2.5-coder-7b,hybrid-CPU-layout-quality,hybrid,api-20261003T084838Z-PLUGGED_AC,[],True,True,0,,512,2,CPU,KV,28.0,llama_kv_cache:        CPU KV buffer size =    28.00 MiB
handoff-quality-v2-qwen2.5-coder-7b-cpu-FA-canonical,qwen2.5-coder-7b,hybrid-CPU-layout-quality,hybrid,api-20261003T084838Z-PLUGGED_AC,[],True,True,0,,512,3,CPU,compute,77.75,sched_reserve:        CPU compute buffer size =    77.75 MiB
handoff-quality-v2-qwen2.5-coder-7b-mapped-drop,qwen2.5-coder-7b,hybrid-quality,hybrid,unplugged-02,[],True,True,0,,512,0,CPU_Mapped,model,292.36,load_tensors:   CPU_Mapped model buffer size =   292.36 MiB
handoff-quality-v2-qwen2.5-coder-7b-mapped-drop,qwen2.5-coder-7b,hybrid-quality,hybrid,unplugged-02,[],True,True,0,,512,1,CPU_REPACK,model,426.36,load_tensors:   CPU_REPACK model buffer size =   426.36 MiB
handoff-quality-v2-qwen2.5-coder-7b-mapped-drop,qwen2.5-coder-7b,hybrid-quality,hybrid,unplugged-02,[],True,True,0,,512,2,OpenCL,model,3741.83,load_tensors:       OpenCL model buffer size =  3741.83 MiB
handoff-quality-v2-qwen2.5-coder-7b-mapped-drop,qwen2.5-coder-7b,hybrid-quality,hybrid,unplugged-02,[],True,True,0,,512,3,CPU,output,0.58,llama_context:        CPU  output buffer size =     0.58 MiB
handoff-quality-v2-qwen2.5-coder-7b-mapped-drop,qwen2.5-coder-7b,hybrid-quality,hybrid,unplugged-02,[],True,True,0,,512,4,OpenCL,KV,28.0,llama_kv_cache:     OpenCL KV buffer size =    28.00 MiB
handoff-quality-v2-qwen2.5-coder-7b-mapped-drop,qwen2.5-coder-7b,hybrid-quality,hybrid,unplugged-02,[],True,True,0,,512,5,OpenCL,compute,33.75,sched_reserve:     OpenCL compute buffer size =    33.75 MiB
handoff-quality-v2-qwen2.5-coder-7b-mapped-drop,qwen2.5-coder-7b,hybrid-quality,hybrid,unplugged-02,[],True,True,0,,512,6,CPU,compute,77.75,sched_reserve:        CPU compute buffer size =    77.75 MiB
handoff-quality-v2-qwen2.5-coder-7b-mapped-drop,qwen2.5-coder-7b,hybrid-quality,hybrid,unplugged-02,[],True,True,0,,512,7,CPU,compute,77.75,sched_reserve:        CPU compute buffer size =    77.75 MiB
handoff-quality-v2-qwen2.5-coder-7b-mapped-keep,qwen2.5-coder-7b,hybrid-quality,hybrid,charging-03,[],True,True,0,,512,0,CPU_Mapped,model,292.36,load_tensors:   CPU_Mapped model buffer size =   292.36 MiB
handoff-quality-v2-qwen2.5-coder-7b-mapped-keep,qwen2.5-coder-7b,hybrid-quality,hybrid,charging-03,[],True,True,0,,512,1,CPU_REPACK,model,426.36,load_tensors:   CPU_REPACK model buffer size =   426.36 MiB
handoff-quality-v2-qwen2.5-coder-7b-mapped-keep,qwen2.5-coder-7b,hybrid-quality,hybrid,charging-03,[],True,True,0,,512,2,OpenCL,model,3741.83,load_tensors:       OpenCL model buffer size =  3741.83 MiB
handoff-quality-v2-qwen2.5-coder-7b-mapped-keep,qwen2.5-coder-7b,hybrid-quality,hybrid,charging-03,[],True,True,0,,512,3,CPU,output,0.58,llama_context:        CPU  output buffer size =     0.58 MiB
handoff-quality-v2-qwen2.5-coder-7b-mapped-keep,qwen2.5-coder-7b,hybrid-quality,hybrid,charging-03,[],True,True,0,,512,4,OpenCL,KV,28.0,llama_kv_cache:     OpenCL KV buffer size =    28.00 MiB
handoff-quality-v2-qwen2.5-coder-7b-mapped-keep,qwen2.5-coder-7b,hybrid-quality,hybrid,charging-03,[],True,True,0,,512,5,OpenCL,compute,33.75,sched_reserve:     OpenCL compute buffer size =    33.75 MiB
handoff-quality-v2-qwen2.5-coder-7b-mapped-keep,qwen2.5-coder-7b,hybrid-quality,hybrid,charging-03,[],True,True,0,,512,6,CPU,compute,77.75,sched_reserve:        CPU compute buffer size =    77.75 MiB
handoff-quality-v2-qwen2.5-coder-7b-mapped-keep,qwen2.5-coder-7b,hybrid-quality,hybrid,charging-03,[],True,True,0,,512,7,CPU,compute,77.75,sched_reserve:        CPU compute buffer size =    77.75 MiB
handoff-quality-v2-qwen2.5-coder-7b-partial-half,qwen2.5-coder-7b,hybrid-quality,hybrid,charging-03,[],True,True,0,,512,0,CPU_Mapped,model,2288.28,load_tensors:   CPU_Mapped model buffer size =  2288.28 MiB
handoff-quality-v2-qwen2.5-coder-7b-partial-half,qwen2.5-coder-7b,hybrid-quality,hybrid,charging-03,[],True,True,0,,512,1,CPU_REPACK,model,2421.6,load_tensors:   CPU_REPACK model buffer size =  2421.60 MiB
handoff-quality-v2-qwen2.5-coder-7b-partial-half,qwen2.5-coder-7b,hybrid-quality,hybrid,charging-03,[],True,True,0,,512,2,OpenCL,model,1745.86,load_tensors:       OpenCL model buffer size =  1745.86 MiB
handoff-quality-v2-qwen2.5-coder-7b-partial-half,qwen2.5-coder-7b,hybrid-quality,hybrid,charging-03,[],True,True,0,,512,3,CPU,output,0.58,llama_context:        CPU  output buffer size =     0.58 MiB
handoff-quality-v2-qwen2.5-coder-7b-partial-half,qwen2.5-coder-7b,hybrid-quality,hybrid,charging-03,[],True,True,0,,512,4,CPU,KV,15.0,llama_kv_cache:        CPU KV buffer size =    15.00 MiB
handoff-quality-v2-qwen2.5-coder-7b-partial-half,qwen2.5-coder-7b,hybrid-quality,hybrid,charging-03,[],True,True,0,,512,5,OpenCL,KV,13.0,llama_kv_cache:     OpenCL KV buffer size =    13.00 MiB
handoff-quality-v2-qwen2.5-coder-7b-partial-half,qwen2.5-coder-7b,hybrid-quality,hybrid,charging-03,[],True,True,0,,512,6,OpenCL,compute,33.75,sched_reserve:     OpenCL compute buffer size =    33.75 MiB
handoff-quality-v2-qwen2.5-coder-7b-partial-half,qwen2.5-coder-7b,hybrid-quality,hybrid,charging-03,[],True,True,0,,512,7,CPU,compute,77.75,sched_reserve:        CPU compute buffer size =    77.75 MiB
handoff-quality-v2-qwen2.5-coder-7b-partial-half,qwen2.5-coder-7b,hybrid-quality,hybrid,charging-03,[],True,True,0,,512,8,CPU,compute,77.75,sched_reserve:        CPU compute buffer size =    77.75 MiB
handoff-quality-v2-qwen3-4b-instruct-CPU-FA,qwen3-4b-instruct,hybrid-quality,hybrid,unplugged-04,[],True,True,0,,512,0,CPU_Mapped,model,2362.55,load_tensors:   CPU_Mapped model buffer size =  2362.55 MiB
handoff-quality-v2-qwen3-4b-instruct-CPU-FA,qwen3-4b-instruct,hybrid-quality,hybrid,unplugged-04,[],True,True,0,,512,1,CPU_REPACK,model,2375.16,load_tensors:   CPU_REPACK model buffer size =  2375.16 MiB
handoff-quality-v2-qwen3-4b-instruct-CPU-FA,qwen3-4b-instruct,hybrid-quality,hybrid,unplugged-04,[],True,True,0,,512,2,CPU,output,0.58,llama_context:        CPU  output buffer size =     0.58 MiB
handoff-quality-v2-qwen3-4b-instruct-CPU-FA,qwen3-4b-instruct,hybrid-quality,hybrid,unplugged-04,[],True,True,0,,512,3,CPU,KV,72.0,llama_kv_cache:        CPU KV buffer size =    72.00 MiB
handoff-quality-v2-qwen3-4b-instruct-CPU-FA,qwen3-4b-instruct,hybrid-quality,hybrid,unplugged-04,[],True,True,0,,512,4,CPU,compute,76.69,sched_reserve:        CPU compute buffer size =    76.69 MiB
handoff-quality-v2-qwen3-4b-instruct-control,qwen3-4b-instruct,hybrid-quality,hybrid,unplugged-02,[],True,True,0,,512,0,CPU_Mapped,model,304.28,load_tensors:   CPU_Mapped model buffer size =   304.28 MiB
handoff-quality-v2-qwen3-4b-instruct-control,qwen3-4b-instruct,hybrid-quality,hybrid,unplugged-02,[],True,True,0,,512,1,CPU_REPACK,model,304.28,load_tensors:   CPU_REPACK model buffer size =   304.28 MiB
handoff-quality-v2-qwen3-4b-instruct-control,qwen3-4b-instruct,hybrid-quality,hybrid,unplugged-02,[],True,True,0,,512,2,OpenCL,model,2071.75,load_tensors:       OpenCL model buffer size =  2071.75 MiB
handoff-quality-v2-qwen3-4b-instruct-control,qwen3-4b-instruct,hybrid-quality,hybrid,unplugged-02,[],True,True,0,,512,3,CPU,output,0.58,llama_context:        CPU  output buffer size =     0.58 MiB
handoff-quality-v2-qwen3-4b-instruct-control,qwen3-4b-instruct,hybrid-quality,hybrid,unplugged-02,[],True,True,0,,512,4,OpenCL,KV,72.0,llama_kv_cache:     OpenCL KV buffer size =    72.00 MiB
handoff-quality-v2-qwen3-4b-instruct-control,qwen3-4b-instruct,hybrid-quality,hybrid,unplugged-02,[],True,True,0,,512,5,OpenCL,compute,18.0,sched_reserve:     OpenCL compute buffer size =    18.00 MiB
handoff-quality-v2-qwen3-4b-instruct-control,qwen3-4b-instruct,hybrid-quality,hybrid,unplugged-02,[],True,True,0,,512,6,CPU,compute,76.69,sched_reserve:        CPU compute buffer size =    76.69 MiB
handoff-quality-v2-qwen3-4b-instruct-cpu,qwen3-4b-instruct,hybrid-quality,hybrid,unplugged-02,[],True,True,0,,512,0,CPU_Mapped,model,2362.55,load_tensors:   CPU_Mapped model buffer size =  2362.55 MiB
handoff-quality-v2-qwen3-4b-instruct-cpu,qwen3-4b-instruct,hybrid-quality,hybrid,unplugged-02,[],True,True,0,,512,1,CPU_REPACK,model,2375.16,load_tensors:   CPU_REPACK model buffer size =  2375.16 MiB
handoff-quality-v2-qwen3-4b-instruct-cpu,qwen3-4b-instruct,hybrid-quality,hybrid,unplugged-02,[],True,True,0,,512,2,CPU,output,0.58,llama_context:        CPU  output buffer size =     0.58 MiB
handoff-quality-v2-qwen3-4b-instruct-cpu,qwen3-4b-instruct,hybrid-quality,hybrid,unplugged-02,[],True,True,0,,512,3,CPU,KV,72.0,llama_kv_cache:        CPU KV buffer size =    72.00 MiB
handoff-quality-v2-qwen3-4b-instruct-cpu,qwen3-4b-instruct,hybrid-quality,hybrid,unplugged-02,[],True,True,0,,512,4,CPU,compute,76.69,sched_reserve:        CPU compute buffer size =    76.69 MiB
handoff-quality-v2-qwen3-4b-instruct-cpu-FA-canonical,qwen3-4b-instruct,hybrid-CPU-layout-quality,hybrid,api-20261003T084838Z-PLUGGED_AC,[],True,True,0,,512,0,CPU_Mapped,model,2375.91,load_tensors:   CPU_Mapped model buffer size =  2375.91 MiB
handoff-quality-v2-qwen3-4b-instruct-cpu-FA-canonical,qwen3-4b-instruct,hybrid-CPU-layout-quality,hybrid,api-20261003T084838Z-PLUGGED_AC,[],True,True,0,,512,1,CPU,output,0.58,llama_context:        CPU  output buffer size =     0.58 MiB
handoff-quality-v2-qwen3-4b-instruct-cpu-FA-canonical,qwen3-4b-instruct,hybrid-CPU-layout-quality,hybrid,api-20261003T084838Z-PLUGGED_AC,[],True,True,0,,512,2,CPU,KV,72.0,llama_kv_cache:        CPU KV buffer size =    72.00 MiB
handoff-quality-v2-qwen3-4b-instruct-cpu-FA-canonical,qwen3-4b-instruct,hybrid-CPU-layout-quality,hybrid,api-20261003T084838Z-PLUGGED_AC,[],True,True,0,,512,3,CPU,compute,76.69,sched_reserve:        CPU compute buffer size =    76.69 MiB
handoff-quality-v2-qwen3-4b-instruct-mapped-drop,qwen3-4b-instruct,hybrid-quality,hybrid,unplugged-02,[],True,True,0,,512,0,CPU_Mapped,model,304.28,load_tensors:   CPU_Mapped model buffer size =   304.28 MiB
handoff-quality-v2-qwen3-4b-instruct-mapped-drop,qwen3-4b-instruct,hybrid-quality,hybrid,unplugged-02,[],True,True,0,,512,1,CPU_REPACK,model,304.28,load_tensors:   CPU_REPACK model buffer size =   304.28 MiB
handoff-quality-v2-qwen3-4b-instruct-mapped-drop,qwen3-4b-instruct,hybrid-quality,hybrid,unplugged-02,[],True,True,0,,512,2,OpenCL,model,2071.75,load_tensors:       OpenCL model buffer size =  2071.75 MiB
handoff-quality-v2-qwen3-4b-instruct-mapped-drop,qwen3-4b-instruct,hybrid-quality,hybrid,unplugged-02,[],True,True,0,,512,3,CPU,output,0.58,llama_context:        CPU  output buffer size =     0.58 MiB
handoff-quality-v2-qwen3-4b-instruct-mapped-drop,qwen3-4b-instruct,hybrid-quality,hybrid,unplugged-02,[],True,True,0,,512,4,OpenCL,KV,72.0,llama_kv_cache:     OpenCL KV buffer size =    72.00 MiB
handoff-quality-v2-qwen3-4b-instruct-mapped-drop,qwen3-4b-instruct,hybrid-quality,hybrid,unplugged-02,[],True,True,0,,512,5,OpenCL,compute,18.0,sched_reserve:     OpenCL compute buffer size =    18.00 MiB
handoff-quality-v2-qwen3-4b-instruct-mapped-drop,qwen3-4b-instruct,hybrid-quality,hybrid,unplugged-02,[],True,True,0,,512,6,CPU,compute,76.69,sched_reserve:        CPU compute buffer size =    76.69 MiB
handoff-quality-v2-qwen3-4b-instruct-mapped-drop,qwen3-4b-instruct,hybrid-quality,hybrid,unplugged-02,[],True,True,0,,512,7,CPU,compute,76.69,sched_reserve:        CPU compute buffer size =    76.69 MiB
handoff-quality-v2-qwen3-4b-instruct-mapped-keep,qwen3-4b-instruct,hybrid-quality,hybrid,unplugged-02,[],True,True,0,,512,0,CPU_Mapped,model,304.28,load_tensors:   CPU_Mapped model buffer size =   304.28 MiB
handoff-quality-v2-qwen3-4b-instruct-mapped-keep,qwen3-4b-instruct,hybrid-quality,hybrid,unplugged-02,[],True,True,0,,512,1,CPU_REPACK,model,304.28,load_tensors:   CPU_REPACK model buffer size =   304.28 MiB
handoff-quality-v2-qwen3-4b-instruct-mapped-keep,qwen3-4b-instruct,hybrid-quality,hybrid,unplugged-02,[],True,True,0,,512,2,OpenCL,model,2071.75,load_tensors:       OpenCL model buffer size =  2071.75 MiB
handoff-quality-v2-qwen3-4b-instruct-mapped-keep,qwen3-4b-instruct,hybrid-quality,hybrid,unplugged-02,[],True,True,0,,512,3,CPU,output,0.58,llama_context:        CPU  output buffer size =     0.58 MiB
handoff-quality-v2-qwen3-4b-instruct-mapped-keep,qwen3-4b-instruct,hybrid-quality,hybrid,unplugged-02,[],True,True,0,,512,4,OpenCL,KV,72.0,llama_kv_cache:     OpenCL KV buffer size =    72.00 MiB
handoff-quality-v2-qwen3-4b-instruct-mapped-keep,qwen3-4b-instruct,hybrid-quality,hybrid,unplugged-02,[],True,True,0,,512,5,OpenCL,compute,18.0,sched_reserve:     OpenCL compute buffer size =    18.00 MiB
handoff-quality-v2-qwen3-4b-instruct-mapped-keep,qwen3-4b-instruct,hybrid-quality,hybrid,unplugged-02,[],True,True,0,,512,6,CPU,compute,76.69,sched_reserve:        CPU compute buffer size =    76.69 MiB
handoff-quality-v2-qwen3-4b-instruct-mapped-keep,qwen3-4b-instruct,hybrid-quality,hybrid,unplugged-02,[],True,True,0,,512,7,CPU,compute,76.69,sched_reserve:        CPU compute buffer size =    76.69 MiB
handoff-quality-v2-qwen3-4b-instruct-partial-half,qwen3-4b-instruct,hybrid-quality,hybrid,unplugged-02,[],True,True,0,,512,0,CPU_Mapped,model,1380.9,load_tensors:   CPU_Mapped model buffer size =  1380.90 MiB
handoff-quality-v2-qwen3-4b-instruct-partial-half,qwen3-4b-instruct,hybrid-quality,hybrid,unplugged-02,[],True,True,0,,512,1,CPU_REPACK,model,1393.86,load_tensors:   CPU_REPACK model buffer size =  1393.86 MiB
handoff-quality-v2-qwen3-4b-instruct-partial-half,qwen3-4b-instruct,hybrid-quality,hybrid,unplugged-02,[],True,True,0,,512,2,OpenCL,model,981.72,load_tensors:       OpenCL model buffer size =   981.72 MiB
handoff-quality-v2-qwen3-4b-instruct-partial-half,qwen3-4b-instruct,hybrid-quality,hybrid,unplugged-02,[],True,True,0,,512,3,CPU,output,0.58,llama_context:        CPU  output buffer size =     0.58 MiB
handoff-quality-v2-qwen3-4b-instruct-partial-half,qwen3-4b-instruct,hybrid-quality,hybrid,unplugged-02,[],True,True,0,,512,4,CPU,KV,38.0,llama_kv_cache:        CPU KV buffer size =    38.00 MiB
handoff-quality-v2-qwen3-4b-instruct-partial-half,qwen3-4b-instruct,hybrid-quality,hybrid,unplugged-02,[],True,True,0,,512,5,OpenCL,KV,34.0,llama_kv_cache:     OpenCL KV buffer size =    34.00 MiB
handoff-quality-v2-qwen3-4b-instruct-partial-half,qwen3-4b-instruct,hybrid-quality,hybrid,unplugged-02,[],True,True,0,,512,6,OpenCL,compute,18.0,sched_reserve:     OpenCL compute buffer size =    18.00 MiB
handoff-quality-v2-qwen3-4b-instruct-partial-half,qwen3-4b-instruct,hybrid-quality,hybrid,unplugged-02,[],True,True,0,,512,7,CPU,compute,76.69,sched_reserve:        CPU compute buffer size =    76.69 MiB
handoff-quality-v2-qwen3-4b-instruct-partial-half,qwen3-4b-instruct,hybrid-quality,hybrid,unplugged-02,[],True,True,0,,512,8,CPU,compute,76.69,sched_reserve:        CPU compute buffer size =    76.69 MiB
handoff-quality-v2-qwen3-4b-instruct-readback,qwen3-4b-instruct,hybrid-quality,hybrid,unplugged-02,[],True,True,0,,512,0,CPU_Mapped,model,304.28,load_tensors:   CPU_Mapped model buffer size =   304.28 MiB
handoff-quality-v2-qwen3-4b-instruct-readback,qwen3-4b-instruct,hybrid-quality,hybrid,unplugged-02,[],True,True,0,,512,1,CPU_REPACK,model,304.28,load_tensors:   CPU_REPACK model buffer size =   304.28 MiB
handoff-quality-v2-qwen3-4b-instruct-readback,qwen3-4b-instruct,hybrid-quality,hybrid,unplugged-02,[],True,True,0,,512,2,OpenCL,model,2071.75,load_tensors:       OpenCL model buffer size =  2071.75 MiB
handoff-quality-v2-qwen3-4b-instruct-readback,qwen3-4b-instruct,hybrid-quality,hybrid,unplugged-02,[],True,True,0,,512,3,CPU,output,0.58,llama_context:        CPU  output buffer size =     0.58 MiB
handoff-quality-v2-qwen3-4b-instruct-readback,qwen3-4b-instruct,hybrid-quality,hybrid,unplugged-02,[],True,True,0,,512,4,OpenCL,KV,72.0,llama_kv_cache:     OpenCL KV buffer size =    72.00 MiB
handoff-quality-v2-qwen3-4b-instruct-readback,qwen3-4b-instruct,hybrid-quality,hybrid,unplugged-02,[],True,True,0,,512,5,OpenCL,compute,18.0,sched_reserve:     OpenCL compute buffer size =    18.00 MiB
handoff-quality-v2-qwen3-4b-instruct-readback,qwen3-4b-instruct,hybrid-quality,hybrid,unplugged-02,[],True,True,0,,512,6,CPU,compute,76.69,sched_reserve:        CPU compute buffer size =    76.69 MiB
handoff-quality-v2-qwen3-4b-instruct-readback,qwen3-4b-instruct,hybrid-quality,hybrid,unplugged-02,[],True,True,0,,512,7,CPU,compute,76.69,sched_reserve:        CPU compute buffer size =    76.69 MiB
memory-mistral-7b-uncensored-c512-ngl0,mistral-7b-uncensored,memory,memory,unplugged-04,"[""CPU availability or Android cgroup changed during measurement"",""Benchmark process Android cgroup changed during measurement""]",False,False,0,,512,0,CPU_Mapped,model,4165.37,0.08.158.922 I load_tensors:   CPU_Mapped model buffer size =  4165.37 MiB
memory-mistral-7b-uncensored-c512-ngl0,mistral-7b-uncensored,memory,memory,unplugged-04,"[""CPU availability or Android cgroup changed during measurement"",""Benchmark process Android cgroup changed during measurement""]",False,False,0,,512,1,CPU_REPACK,model,4094.04,0.08.158.927 I load_tensors:   CPU_REPACK model buffer size =  4094.04 MiB
memory-mistral-7b-uncensored-c512-ngl0,mistral-7b-uncensored,memory,memory,unplugged-04,"[""CPU availability or Android cgroup changed during measurement"",""Benchmark process Android cgroup changed during measurement""]",False,False,0,,512,2,CPU,output,0.12,0.24.215.249 I llama_context:        CPU  output buffer size =     0.12 MiB
memory-mistral-7b-uncensored-c512-ngl0,mistral-7b-uncensored,memory,memory,unplugged-04,"[""CPU availability or Android cgroup changed during measurement"",""Benchmark process Android cgroup changed during measurement""]",False,False,0,,512,3,CPU,KV,64.0,0.24.216.918 I llama_kv_cache:        CPU KV buffer size =    64.00 MiB
memory-mistral-7b-uncensored-c512-ngl0,mistral-7b-uncensored,memory,memory,unplugged-04,"[""CPU availability or Android cgroup changed during measurement"",""Benchmark process Android cgroup changed during measurement""]",False,False,0,,512,4,CPU,compute,30.25,0.24.265.713 I sched_reserve:        CPU compute buffer size =    30.25 MiB
memory-mistral-7b-uncensored-c512-ngl99,mistral-7b-uncensored,memory,memory,unplugged-04,[],True,False,0,,512,0,CPU,model,70.31,0.01.352.840 I load_tensors:          CPU model buffer size =    70.31 MiB
memory-mistral-7b-uncensored-c512-ngl99,mistral-7b-uncensored,memory,memory,unplugged-04,[],True,False,0,,512,1,OpenCL,model,4095.16,0.01.352.841 I load_tensors:       OpenCL model buffer size =  4095.16 MiB
memory-mistral-7b-uncensored-c512-ngl99,mistral-7b-uncensored,memory,memory,unplugged-04,[],True,False,0,,512,2,CPU,output,0.12,0.12.360.436 I llama_context:        CPU  output buffer size =     0.12 MiB
memory-mistral-7b-uncensored-c512-ngl99,mistral-7b-uncensored,memory,memory,unplugged-04,[],True,False,0,,512,3,OpenCL,KV,64.0,0.12.382.197 I llama_kv_cache:     OpenCL KV buffer size =    64.00 MiB
memory-mistral-7b-uncensored-c512-ngl99,mistral-7b-uncensored,memory,memory,unplugged-04,[],True,False,0,,512,4,OpenCL,compute,28.25,0.12.397.990 I sched_reserve:     OpenCL compute buffer size =    28.25 MiB
memory-mistral-7b-uncensored-c512-ngl99,mistral-7b-uncensored,memory,memory,unplugged-04,[],True,False,0,,512,5,CPU,compute,5.25,0.12.398.004 I sched_reserve:        CPU compute buffer size =     5.25 MiB
memory-qwen2.5-coder-1.5b-c16384-ngl0,qwen2.5-coder-1.5b,memory,memory,charging-03,[],True,False,0,,16384,0,CPU_Mapped,model,877.31,0.00.577.906 I load_tensors:   CPU_Mapped model buffer size =   877.31 MiB
memory-qwen2.5-coder-1.5b-c16384-ngl0,qwen2.5-coder-1.5b,memory,memory,charging-03,[],True,False,0,,16384,1,CPU_REPACK,model,934.14,0.00.577.908 I load_tensors:   CPU_REPACK model buffer size =   934.14 MiB
memory-qwen2.5-coder-1.5b-c16384-ngl0,qwen2.5-coder-1.5b,memory,memory,charging-03,[],True,False,0,,16384,2,CPU,output,0.58,0.01.120.608 I llama_context:        CPU  output buffer size =     0.58 MiB
memory-qwen2.5-coder-1.5b-c16384-ngl0,qwen2.5-coder-1.5b,memory,memory,charging-03,[],True,False,0,,16384,3,CPU,KV,448.0,0.01.120.879 I llama_kv_cache:        CPU KV buffer size =   448.00 MiB
memory-qwen2.5-coder-1.5b-c16384-ngl0,qwen2.5-coder-1.5b,memory,memory,charging-03,[],True,False,0,,16384,4,CPU,compute,108.0,0.01.240.924 I sched_reserve:        CPU compute buffer size =   108.00 MiB
memory-qwen2.5-coder-1.5b-c16384-ngl99,qwen2.5-coder-1.5b,memory,memory,charging-03,[],True,False,0,,16384,0,CPU,model,125.19,0.00.907.274 I load_tensors:          CPU model buffer size =   125.19 MiB
memory-qwen2.5-coder-1.5b-c16384-ngl99,qwen2.5-coder-1.5b,memory,memory,charging-03,[],True,False,0,,16384,1,CPU_REPACK,model,195.74,0.00.907.276 I load_tensors:   CPU_REPACK model buffer size =   195.74 MiB
memory-qwen2.5-coder-1.5b-c16384-ngl99,qwen2.5-coder-1.5b,memory,memory,charging-03,[],True,False,0,,16384,2,OpenCL,model,739.03,0.00.907.277 I load_tensors:       OpenCL model buffer size =   739.03 MiB
memory-qwen2.5-coder-1.5b-c16384-ngl99,qwen2.5-coder-1.5b,memory,memory,charging-03,[],True,False,0,,16384,3,CPU,output,0.58,0.03.843.185 I llama_context:        CPU  output buffer size =     0.58 MiB
memory-qwen2.5-coder-1.5b-c16384-ngl99,qwen2.5-coder-1.5b,memory,memory,charging-03,[],True,False,0,,16384,4,OpenCL,KV,448.0,0.03.957.987 I llama_kv_cache:     OpenCL KV buffer size =   448.00 MiB
memory-qwen2.5-coder-1.5b-c16384-ngl99,qwen2.5-coder-1.5b,memory,memory,charging-03,[],True,False,0,,16384,5,OpenCL,compute,107.75,0.04.004.818 I sched_reserve:     OpenCL compute buffer size =   107.75 MiB
memory-qwen2.5-coder-1.5b-c16384-ngl99,qwen2.5-coder-1.5b,memory,memory,charging-03,[],True,False,0,,16384,6,CPU,compute,75.69,0.04.004.854 I sched_reserve:        CPU compute buffer size =    75.69 MiB
memory-qwen2.5-coder-1.5b-c2048-ngl0,qwen2.5-coder-1.5b,memory,memory,unplugged-02,[],True,False,0,,2048,0,CPU_Mapped,model,877.31,0.01.011.254 I load_tensors:   CPU_Mapped model buffer size =   877.31 MiB
memory-qwen2.5-coder-1.5b-c2048-ngl0,qwen2.5-coder-1.5b,memory,memory,unplugged-02,[],True,False,0,,2048,1,CPU_REPACK,model,934.14,0.01.011.256 I load_tensors:   CPU_REPACK model buffer size =   934.14 MiB
memory-qwen2.5-coder-1.5b-c2048-ngl0,qwen2.5-coder-1.5b,memory,memory,unplugged-02,[],True,False,0,,2048,2,CPU,output,0.58,0.01.595.178 I llama_context:        CPU  output buffer size =     0.58 MiB
memory-qwen2.5-coder-1.5b-c2048-ngl0,qwen2.5-coder-1.5b,memory,memory,unplugged-02,[],True,False,0,,2048,3,CPU,KV,56.0,0.01.595.268 I llama_kv_cache:        CPU KV buffer size =    56.00 MiB
memory-qwen2.5-coder-1.5b-c2048-ngl0,qwen2.5-coder-1.5b,memory,memory,unplugged-02,[],True,False,0,,2048,4,CPU,compute,75.69,0.01.614.222 I sched_reserve:        CPU compute buffer size =    75.69 MiB
memory-qwen2.5-coder-1.5b-c2048-ngl99,qwen2.5-coder-1.5b,memory,memory,unplugged-02,[],True,False,0,,2048,0,CPU,model,125.19,0.00.834.525 I load_tensors:          CPU model buffer size =   125.19 MiB
memory-qwen2.5-coder-1.5b-c2048-ngl99,qwen2.5-coder-1.5b,memory,memory,unplugged-02,[],True,False,0,,2048,1,CPU_REPACK,model,195.74,0.00.834.527 I load_tensors:   CPU_REPACK model buffer size =   195.74 MiB
memory-qwen2.5-coder-1.5b-c2048-ngl99,qwen2.5-coder-1.5b,memory,memory,unplugged-02,[],True,False,0,,2048,2,OpenCL,model,739.03,0.00.834.528 I load_tensors:       OpenCL model buffer size =   739.03 MiB
memory-qwen2.5-coder-1.5b-c2048-ngl99,qwen2.5-coder-1.5b,memory,memory,unplugged-02,[],True,False,0,,2048,3,CPU,output,0.58,0.03.701.988 I llama_context:        CPU  output buffer size =     0.58 MiB
memory-qwen2.5-coder-1.5b-c2048-ngl99,qwen2.5-coder-1.5b,memory,memory,unplugged-02,[],True,False,0,,2048,4,OpenCL,KV,56.0,0.03.717.361 I llama_kv_cache:     OpenCL KV buffer size =    56.00 MiB
memory-qwen2.5-coder-1.5b-c2048-ngl99,qwen2.5-coder-1.5b,memory,memory,unplugged-02,[],True,False,0,,2048,5,OpenCL,compute,17.13,0.03.726.964 I sched_reserve:     OpenCL compute buffer size =    17.13 MiB
memory-qwen2.5-coder-1.5b-c2048-ngl99,qwen2.5-coder-1.5b,memory,memory,unplugged-02,[],True,False,0,,2048,6,CPU,compute,75.69,0.03.726.973 I sched_reserve:        CPU compute buffer size =    75.69 MiB
memory-qwen2.5-coder-1.5b-c512-ngl0,qwen2.5-coder-1.5b,memory,memory,unplugged-02,[],True,False,0,,512,0,CPU_Mapped,model,877.31,0.00.898.153 I load_tensors:   CPU_Mapped model buffer size =   877.31 MiB
memory-qwen2.5-coder-1.5b-c512-ngl0,qwen2.5-coder-1.5b,memory,memory,unplugged-02,[],True,False,0,,512,1,CPU_REPACK,model,934.14,0.00.898.155 I load_tensors:   CPU_REPACK model buffer size =   934.14 MiB
memory-qwen2.5-coder-1.5b-c512-ngl0,qwen2.5-coder-1.5b,memory,memory,unplugged-02,[],True,False,0,,512,2,CPU,output,0.58,0.01.442.709 I llama_context:        CPU  output buffer size =     0.58 MiB
memory-qwen2.5-coder-1.5b-c512-ngl0,qwen2.5-coder-1.5b,memory,memory,unplugged-02,[],True,False,0,,512,3,CPU,KV,14.0,0.01.442.795 I llama_kv_cache:        CPU KV buffer size =    14.00 MiB
memory-qwen2.5-coder-1.5b-c512-ngl0,qwen2.5-coder-1.5b,memory,memory,unplugged-02,[],True,False,0,,512,4,CPU,compute,75.69,0.01.449.641 I sched_reserve:        CPU compute buffer size =    75.69 MiB
memory-qwen2.5-coder-1.5b-c512-ngl99,qwen2.5-coder-1.5b,memory,memory,unplugged-02,[],True,False,0,,512,0,CPU,model,125.19,0.00.819.482 I load_tensors:          CPU model buffer size =   125.19 MiB
memory-qwen2.5-coder-1.5b-c512-ngl99,qwen2.5-coder-1.5b,memory,memory,unplugged-02,[],True,False,0,,512,1,CPU_REPACK,model,195.74,0.00.819.485 I load_tensors:   CPU_REPACK model buffer size =   195.74 MiB
memory-qwen2.5-coder-1.5b-c512-ngl99,qwen2.5-coder-1.5b,memory,memory,unplugged-02,[],True,False,0,,512,2,OpenCL,model,739.03,0.00.819.486 I load_tensors:       OpenCL model buffer size =   739.03 MiB
memory-qwen2.5-coder-1.5b-c512-ngl99,qwen2.5-coder-1.5b,memory,memory,unplugged-02,[],True,False,0,,512,3,CPU,output,0.58,0.03.285.365 I llama_context:        CPU  output buffer size =     0.58 MiB
memory-qwen2.5-coder-1.5b-c512-ngl99,qwen2.5-coder-1.5b,memory,memory,unplugged-02,[],True,False,0,,512,4,OpenCL,KV,14.0,0.03.288.981 I llama_kv_cache:     OpenCL KV buffer size =    14.00 MiB
memory-qwen2.5-coder-1.5b-c512-ngl99,qwen2.5-coder-1.5b,memory,memory,unplugged-02,[],True,False,0,,512,5,OpenCL,compute,15.38,0.03.297.923 I sched_reserve:     OpenCL compute buffer size =    15.38 MiB
memory-qwen2.5-coder-1.5b-c512-ngl99,qwen2.5-coder-1.5b,memory,memory,unplugged-02,[],True,False,0,,512,6,CPU,compute,75.69,0.03.297.935 I sched_reserve:        CPU compute buffer size =    75.69 MiB
memory-qwen2.5-coder-1.5b-c8192-ngl0,qwen2.5-coder-1.5b,memory,memory,unplugged-02,[],True,False,0,,8192,0,CPU_Mapped,model,877.31,0.02.108.615 I load_tensors:   CPU_Mapped model buffer size =   877.31 MiB
memory-qwen2.5-coder-1.5b-c8192-ngl0,qwen2.5-coder-1.5b,memory,memory,unplugged-02,[],True,False,0,,8192,1,CPU_REPACK,model,934.14,0.02.108.616 I load_tensors:   CPU_REPACK model buffer size =   934.14 MiB
memory-qwen2.5-coder-1.5b-c8192-ngl0,qwen2.5-coder-1.5b,memory,memory,unplugged-02,[],True,False,0,,8192,2,CPU,output,0.58,0.02.725.860 I llama_context:        CPU  output buffer size =     0.58 MiB
memory-qwen2.5-coder-1.5b-c8192-ngl0,qwen2.5-coder-1.5b,memory,memory,unplugged-02,[],True,False,0,,8192,3,CPU,KV,224.0,0.02.726.000 I llama_kv_cache:        CPU KV buffer size =   224.00 MiB
memory-qwen2.5-coder-1.5b-c8192-ngl0,qwen2.5-coder-1.5b,memory,memory,unplugged-02,[],True,False,0,,8192,4,CPU,compute,76.44,0.02.793.878 I sched_reserve:        CPU compute buffer size =    76.44 MiB
memory-qwen2.5-coder-1.5b-c8192-ngl99,qwen2.5-coder-1.5b,memory,memory,unplugged-02,[],True,False,0,,8192,0,CPU,model,125.19,0.01.208.412 I load_tensors:          CPU model buffer size =   125.19 MiB
memory-qwen2.5-coder-1.5b-c8192-ngl99,qwen2.5-coder-1.5b,memory,memory,unplugged-02,[],True,False,0,,8192,1,CPU_REPACK,model,195.74,0.01.208.417 I load_tensors:   CPU_REPACK model buffer size =   195.74 MiB
memory-qwen2.5-coder-1.5b-c8192-ngl99,qwen2.5-coder-1.5b,memory,memory,unplugged-02,[],True,False,0,,8192,2,OpenCL,model,739.03,0.01.208.420 I load_tensors:       OpenCL model buffer size =   739.03 MiB
memory-qwen2.5-coder-1.5b-c8192-ngl99,qwen2.5-coder-1.5b,memory,memory,unplugged-02,[],True,False,0,,8192,3,CPU,output,0.58,0.05.091.611 I llama_context:        CPU  output buffer size =     0.58 MiB
memory-qwen2.5-coder-1.5b-c8192-ngl99,qwen2.5-coder-1.5b,memory,memory,unplugged-02,[],True,False,0,,8192,4,OpenCL,KV,224.0,0.05.199.159 I llama_kv_cache:     OpenCL KV buffer size =   224.00 MiB
memory-qwen2.5-coder-1.5b-c8192-ngl99,qwen2.5-coder-1.5b,memory,memory,unplugged-02,[],True,False,0,,8192,5,OpenCL,compute,55.75,0.05.236.261 I sched_reserve:     OpenCL compute buffer size =    55.75 MiB
memory-qwen2.5-coder-1.5b-c8192-ngl99,qwen2.5-coder-1.5b,memory,memory,unplugged-02,[],True,False,0,,8192,6,CPU,compute,75.69,0.05.236.297 I sched_reserve:        CPU compute buffer size =    75.69 MiB
memory-qwen2.5-coder-7b-c16384-ngl0,qwen2.5-coder-7b,memory,memory,unplugged-04,[],True,False,0,,16384,0,CPU_Mapped,model,4460.45,0.02.450.643 I load_tensors:   CPU_Mapped model buffer size =  4460.45 MiB
memory-qwen2.5-coder-7b-c16384-ngl0,qwen2.5-coder-7b,memory,memory,unplugged-04,[],True,False,0,,16384,1,CPU_REPACK,model,4166.82,0.02.450.646 I load_tensors:   CPU_REPACK model buffer size =  4166.82 MiB
memory-qwen2.5-coder-7b-c16384-ngl0,qwen2.5-coder-7b,memory,memory,unplugged-04,[],True,False,0,,16384,2,CPU,output,0.58,0.07.211.143 I llama_context:        CPU  output buffer size =     0.58 MiB
memory-qwen2.5-coder-7b-c16384-ngl0,qwen2.5-coder-7b,memory,memory,unplugged-04,[],True,False,0,,16384,3,CPU,KV,896.0,0.07.212.592 I llama_kv_cache:        CPU KV buffer size =   896.00 MiB
memory-qwen2.5-coder-7b-c16384-ngl0,qwen2.5-coder-7b,memory,memory,unplugged-04,[],True,False,0,,16384,4,CPU,compute,241.25,0.07.643.699 I sched_reserve:        CPU compute buffer size =   241.25 MiB
memory-qwen2.5-coder-7b-c16384-ngl99,qwen2.5-coder-7b,memory,memory,unplugged-04,[],True,False,0,,16384,0,CPU,model,292.36,0.01.708.347 I load_tensors:          CPU model buffer size =   292.36 MiB
memory-qwen2.5-coder-7b-c16384-ngl99,qwen2.5-coder-7b,memory,memory,unplugged-04,[],True,False,0,,16384,1,CPU_REPACK,model,426.36,0.01.708.349 I load_tensors:   CPU_REPACK model buffer size =   426.36 MiB
memory-qwen2.5-coder-7b-c16384-ngl99,qwen2.5-coder-7b,memory,memory,unplugged-04,[],True,False,0,,16384,2,OpenCL,model,3741.83,0.01.708.351 I load_tensors:       OpenCL model buffer size =  3741.83 MiB
memory-qwen2.5-coder-7b-c16384-ngl99,qwen2.5-coder-7b,memory,memory,unplugged-04,[],True,False,0,,16384,3,CPU,output,0.58,0.12.594.927 I llama_context:        CPU  output buffer size =     0.58 MiB
memory-qwen2.5-coder-7b-c16384-ngl99,qwen2.5-coder-7b,memory,memory,unplugged-04,[],True,False,0,,16384,4,OpenCL,KV,896.0,0.13.004.988 I llama_kv_cache:     OpenCL KV buffer size =   896.00 MiB
memory-qwen2.5-coder-7b-c16384-ngl99,qwen2.5-coder-7b,memory,memory,unplugged-04,[],True,False,0,,16384,5,OpenCL,compute,239.5,0.13.146.318 I sched_reserve:     OpenCL compute buffer size =   239.50 MiB
memory-qwen2.5-coder-7b-c16384-ngl99,qwen2.5-coder-7b,memory,memory,unplugged-04,[],True,False,0,,16384,6,CPU,compute,77.75,0.13.146.331 I sched_reserve:        CPU compute buffer size =    77.75 MiB
memory-qwen2.5-coder-7b-c2048-ngl0,qwen2.5-coder-7b,memory,memory,unplugged-04,[],True,False,0,,2048,0,CPU_Mapped,model,4460.45,0.02.227.955 I load_tensors:   CPU_Mapped model buffer size =  4460.45 MiB
memory-qwen2.5-coder-7b-c2048-ngl0,qwen2.5-coder-7b,memory,memory,unplugged-04,[],True,False,0,,2048,1,CPU_REPACK,model,4166.82,0.02.227.957 I load_tensors:   CPU_REPACK model buffer size =  4166.82 MiB
memory-qwen2.5-coder-7b-c2048-ngl0,qwen2.5-coder-7b,memory,memory,unplugged-04,[],True,False,0,,2048,2,CPU,output,0.58,0.08.274.563 I llama_context:        CPU  output buffer size =     0.58 MiB
memory-qwen2.5-coder-7b-c2048-ngl0,qwen2.5-coder-7b,memory,memory,unplugged-04,[],True,False,0,,2048,3,CPU,KV,112.0,0.08.276.573 I llama_kv_cache:        CPU KV buffer size =   112.00 MiB
memory-qwen2.5-coder-7b-c2048-ngl0,qwen2.5-coder-7b,memory,memory,unplugged-04,[],True,False,0,,2048,4,CPU,compute,77.75,0.08.373.648 I sched_reserve:        CPU compute buffer size =    77.75 MiB
memory-qwen2.5-coder-7b-c2048-ngl99,qwen2.5-coder-7b,memory,memory,unplugged-04,[],True,False,0,,2048,0,CPU,model,292.36,0.01.915.605 I load_tensors:          CPU model buffer size =   292.36 MiB
memory-qwen2.5-coder-7b-c2048-ngl99,qwen2.5-coder-7b,memory,memory,unplugged-04,[],True,False,0,,2048,1,CPU_REPACK,model,426.36,0.01.915.607 I load_tensors:   CPU_REPACK model buffer size =   426.36 MiB
memory-qwen2.5-coder-7b-c2048-ngl99,qwen2.5-coder-7b,memory,memory,unplugged-04,[],True,False,0,,2048,2,OpenCL,model,3741.83,0.01.915.608 I load_tensors:       OpenCL model buffer size =  3741.83 MiB
memory-qwen2.5-coder-7b-c2048-ngl99,qwen2.5-coder-7b,memory,memory,unplugged-04,[],True,False,0,,2048,3,CPU,output,0.58,0.13.075.848 I llama_context:        CPU  output buffer size =     0.58 MiB
memory-qwen2.5-coder-7b-c2048-ngl99,qwen2.5-coder-7b,memory,memory,unplugged-04,[],True,False,0,,2048,4,OpenCL,KV,112.0,0.13.110.460 I llama_kv_cache:     OpenCL KV buffer size =   112.00 MiB
memory-qwen2.5-coder-7b-c2048-ngl99,qwen2.5-coder-7b,memory,memory,unplugged-04,[],True,False,0,,2048,5,OpenCL,compute,36.5,0.13.135.973 I sched_reserve:     OpenCL compute buffer size =    36.50 MiB
memory-qwen2.5-coder-7b-c2048-ngl99,qwen2.5-coder-7b,memory,memory,unplugged-04,[],True,False,0,,2048,6,CPU,compute,77.75,0.13.135.987 I sched_reserve:        CPU compute buffer size =    77.75 MiB
memory-qwen2.5-coder-7b-c512-ngl0,qwen2.5-coder-7b,memory,memory,unplugged-04,[],True,False,0,,512,0,CPU_Mapped,model,4460.45,0.02.627.800 I load_tensors:   CPU_Mapped model buffer size =  4460.45 MiB
memory-qwen2.5-coder-7b-c512-ngl0,qwen2.5-coder-7b,memory,memory,unplugged-04,[],True,False,0,,512,1,CPU_REPACK,model,4166.82,0.02.627.802 I load_tensors:   CPU_REPACK model buffer size =  4166.82 MiB
memory-qwen2.5-coder-7b-c512-ngl0,qwen2.5-coder-7b,memory,memory,unplugged-04,[],True,False,0,,512,2,CPU,output,0.58,0.08.768.659 I llama_context:        CPU  output buffer size =     0.58 MiB
memory-qwen2.5-coder-7b-c512-ngl0,qwen2.5-coder-7b,memory,memory,unplugged-04,[],True,False,0,,512,3,CPU,KV,28.0,0.08.769.796 I llama_kv_cache:        CPU KV buffer size =    28.00 MiB
memory-qwen2.5-coder-7b-c512-ngl0,qwen2.5-coder-7b,memory,memory,unplugged-04,[],True,False,0,,512,4,CPU,compute,77.75,0.08.798.429 I sched_reserve:        CPU compute buffer size =    77.75 MiB
memory-qwen2.5-coder-7b-c512-ngl99,qwen2.5-coder-7b,memory,memory,unplugged-04,"[""CPU availability or Android cgroup changed during measurement"",""Benchmark process Android cgroup changed during measurement""]",False,False,0,,512,0,CPU,model,292.36,0.03.093.832 I load_tensors:          CPU model buffer size =   292.36 MiB
memory-qwen2.5-coder-7b-c512-ngl99,qwen2.5-coder-7b,memory,memory,unplugged-04,"[""CPU availability or Android cgroup changed during measurement"",""Benchmark process Android cgroup changed during measurement""]",False,False,0,,512,1,CPU_REPACK,model,426.36,0.03.093.834 I load_tensors:   CPU_REPACK model buffer size =   426.36 MiB
memory-qwen2.5-coder-7b-c512-ngl99,qwen2.5-coder-7b,memory,memory,unplugged-04,"[""CPU availability or Android cgroup changed during measurement"",""Benchmark process Android cgroup changed during measurement""]",False,False,0,,512,2,OpenCL,model,3741.83,0.03.093.836 I load_tensors:       OpenCL model buffer size =  3741.83 MiB
memory-qwen2.5-coder-7b-c512-ngl99,qwen2.5-coder-7b,memory,memory,unplugged-04,"[""CPU availability or Android cgroup changed during measurement"",""Benchmark process Android cgroup changed during measurement""]",False,False,0,,512,3,CPU,output,0.58,0.15.892.797 I llama_context:        CPU  output buffer size =     0.58 MiB
memory-qwen2.5-coder-7b-c512-ngl99,qwen2.5-coder-7b,memory,memory,unplugged-04,"[""CPU availability or Android cgroup changed during measurement"",""Benchmark process Android cgroup changed during measurement""]",False,False,0,,512,4,OpenCL,KV,28.0,0.15.903.329 I llama_kv_cache:     OpenCL KV buffer size =    28.00 MiB
memory-qwen2.5-coder-7b-c512-ngl99,qwen2.5-coder-7b,memory,memory,unplugged-04,"[""CPU availability or Android cgroup changed during measurement"",""Benchmark process Android cgroup changed during measurement""]",False,False,0,,512,5,OpenCL,compute,33.75,0.15.931.619 I sched_reserve:     OpenCL compute buffer size =    33.75 MiB
memory-qwen2.5-coder-7b-c512-ngl99,qwen2.5-coder-7b,memory,memory,unplugged-04,"[""CPU availability or Android cgroup changed during measurement"",""Benchmark process Android cgroup changed during measurement""]",False,False,0,,512,6,CPU,compute,77.75,0.15.931.646 I sched_reserve:        CPU compute buffer size =    77.75 MiB
memory-qwen2.5-coder-7b-c8192-ngl0,qwen2.5-coder-7b,memory,memory,unplugged-04,[],True,False,0,,8192,0,CPU_Mapped,model,4460.45,0.01.867.838 I load_tensors:   CPU_Mapped model buffer size =  4460.45 MiB
memory-qwen2.5-coder-7b-c8192-ngl0,qwen2.5-coder-7b,memory,memory,unplugged-04,[],True,False,0,,8192,1,CPU_REPACK,model,4166.82,0.01.867.839 I load_tensors:   CPU_REPACK model buffer size =  4166.82 MiB
memory-qwen2.5-coder-7b-c8192-ngl0,qwen2.5-coder-7b,memory,memory,unplugged-04,[],True,False,0,,8192,2,CPU,output,0.58,0.07.510.779 I llama_context:        CPU  output buffer size =     0.58 MiB
memory-qwen2.5-coder-7b-c8192-ngl0,qwen2.5-coder-7b,memory,memory,unplugged-04,[],True,False,0,,8192,3,CPU,KV,448.0,0.07.513.076 I llama_kv_cache:        CPU KV buffer size =   448.00 MiB
memory-qwen2.5-coder-7b-c8192-ngl0,qwen2.5-coder-7b,memory,memory,unplugged-04,[],True,False,0,,8192,4,CPU,compute,125.25,0.07.819.187 I sched_reserve:        CPU compute buffer size =   125.25 MiB
memory-qwen2.5-coder-7b-c8192-ngl99,qwen2.5-coder-7b,memory,memory,unplugged-04,[],True,False,0,,8192,0,CPU,model,292.36,0.02.287.207 I load_tensors:          CPU model buffer size =   292.36 MiB
memory-qwen2.5-coder-7b-c8192-ngl99,qwen2.5-coder-7b,memory,memory,unplugged-04,[],True,False,0,,8192,1,CPU_REPACK,model,426.36,0.02.287.210 I load_tensors:   CPU_REPACK model buffer size =   426.36 MiB
memory-qwen2.5-coder-7b-c8192-ngl99,qwen2.5-coder-7b,memory,memory,unplugged-04,[],True,False,0,,8192,2,OpenCL,model,3741.83,0.02.287.211 I load_tensors:       OpenCL model buffer size =  3741.83 MiB
memory-qwen2.5-coder-7b-c8192-ngl99,qwen2.5-coder-7b,memory,memory,unplugged-04,[],True,False,0,,8192,3,CPU,output,0.58,0.13.455.192 I llama_context:        CPU  output buffer size =     0.58 MiB
memory-qwen2.5-coder-7b-c8192-ngl99,qwen2.5-coder-7b,memory,memory,unplugged-04,[],True,False,0,,8192,4,OpenCL,KV,448.0,0.13.712.497 I llama_kv_cache:     OpenCL KV buffer size =   448.00 MiB
memory-qwen2.5-coder-7b-c8192-ngl99,qwen2.5-coder-7b,memory,memory,unplugged-04,[],True,False,0,,8192,5,OpenCL,compute,123.5,0.13.803.142 I sched_reserve:     OpenCL compute buffer size =   123.50 MiB
memory-qwen2.5-coder-7b-c8192-ngl99,qwen2.5-coder-7b,memory,memory,unplugged-04,[],True,False,0,,8192,6,CPU,compute,77.75,0.13.803.156 I sched_reserve:        CPU compute buffer size =    77.75 MiB
memory-qwen3-4b-instruct-c16384-ngl0,qwen3-4b-instruct,memory,memory,charging-01,[],True,False,0,,16384,0,CPU_Mapped,model,2362.55,0.01.579.430 I load_tensors:   CPU_Mapped model buffer size =  2362.55 MiB
memory-qwen3-4b-instruct-c16384-ngl0,qwen3-4b-instruct,memory,memory,charging-01,[],True,False,0,,16384,1,CPU_REPACK,model,2375.16,0.01.579.431 I load_tensors:   CPU_REPACK model buffer size =  2375.16 MiB
memory-qwen3-4b-instruct-c16384-ngl0,qwen3-4b-instruct,memory,memory,charging-01,[],True,False,0,,16384,2,CPU,output,0.58,0.03.104.695 I llama_context:        CPU  output buffer size =     0.58 MiB
memory-qwen3-4b-instruct-c16384-ngl0,qwen3-4b-instruct,memory,memory,charging-01,[],True,False,0,,16384,3,CPU,KV,2304.0,0.03.105.049 I llama_kv_cache:        CPU KV buffer size =  2304.00 MiB
memory-qwen3-4b-instruct-c16384-ngl0,qwen3-4b-instruct,memory,memory,charging-01,[],True,False,0,,16384,4,CPU,compute,272.75,0.04.414.218 I sched_reserve:        CPU compute buffer size =   272.75 MiB
memory-qwen3-4b-instruct-c16384-ngl99,qwen3-4b-instruct,memory,memory,charging-01,[],True,False,0,,16384,0,CPU,model,304.28,0.03.076.822 I load_tensors:          CPU model buffer size =   304.28 MiB
memory-qwen3-4b-instruct-c16384-ngl99,qwen3-4b-instruct,memory,memory,charging-01,[],True,False,0,,16384,1,CPU_REPACK,model,304.28,0.03.076.827 I load_tensors:   CPU_REPACK model buffer size =   304.28 MiB
memory-qwen3-4b-instruct-c16384-ngl99,qwen3-4b-instruct,memory,memory,charging-01,[],True,False,0,,16384,2,OpenCL,model,2071.75,0.03.076.830 I load_tensors:       OpenCL model buffer size =  2071.75 MiB
memory-qwen3-4b-instruct-c16384-ngl99,qwen3-4b-instruct,memory,memory,charging-01,[],True,False,0,,16384,3,CPU,output,0.58,0.14.247.365 I llama_context:        CPU  output buffer size =     0.58 MiB
memory-qwen3-4b-instruct-c16384-ngl99,qwen3-4b-instruct,memory,memory,charging-01,[],True,False,0,,16384,4,OpenCL,KV,2304.0,0.15.810.669 I llama_kv_cache:     OpenCL KV buffer size =  2304.00 MiB
memory-qwen3-4b-instruct-c16384-ngl99,qwen3-4b-instruct,memory,memory,charging-01,[],True,False,0,,16384,5,OpenCL,compute,271.5,0.16.264.906 I sched_reserve:     OpenCL compute buffer size =   271.50 MiB
memory-qwen3-4b-instruct-c16384-ngl99,qwen3-4b-instruct,memory,memory,charging-01,[],True,False,0,,16384,6,CPU,compute,76.69,0.16.264.927 I sched_reserve:        CPU compute buffer size =    76.69 MiB
memory-qwen3-4b-instruct-c2048-ngl0,qwen3-4b-instruct,memory,memory,charging-03,[],True,False,0,,2048,0,CPU_Mapped,model,2362.55,0.00.722.155 I load_tensors:   CPU_Mapped model buffer size =  2362.55 MiB
memory-qwen3-4b-instruct-c2048-ngl0,qwen3-4b-instruct,memory,memory,charging-03,[],True,False,0,,2048,1,CPU_REPACK,model,2375.16,0.00.722.157 I load_tensors:   CPU_REPACK model buffer size =  2375.16 MiB
memory-qwen3-4b-instruct-c2048-ngl0,qwen3-4b-instruct,memory,memory,charging-03,[],True,False,0,,2048,2,CPU,output,0.58,0.02.096.934 I llama_context:        CPU  output buffer size =     0.58 MiB
memory-qwen3-4b-instruct-c2048-ngl0,qwen3-4b-instruct,memory,memory,charging-03,[],True,False,0,,2048,3,CPU,KV,288.0,0.02.097.063 I llama_kv_cache:        CPU KV buffer size =   288.00 MiB
memory-qwen3-4b-instruct-c2048-ngl0,qwen3-4b-instruct,memory,memory,charging-03,[],True,False,0,,2048,4,CPU,compute,76.69,0.02.248.838 I sched_reserve:        CPU compute buffer size =    76.69 MiB
memory-qwen3-4b-instruct-c2048-ngl99,qwen3-4b-instruct,memory,memory,charging-03,"[""Benchmark process Android cgroup changed during measurement""]",False,False,0,,2048,0,CPU,model,304.28,0.01.324.589 I load_tensors:          CPU model buffer size =   304.28 MiB
memory-qwen3-4b-instruct-c2048-ngl99,qwen3-4b-instruct,memory,memory,charging-03,"[""Benchmark process Android cgroup changed during measurement""]",False,False,0,,2048,1,CPU_REPACK,model,304.28,0.01.324.591 I load_tensors:   CPU_REPACK model buffer size =   304.28 MiB
memory-qwen3-4b-instruct-c2048-ngl99,qwen3-4b-instruct,memory,memory,charging-03,"[""Benchmark process Android cgroup changed during measurement""]",False,False,0,,2048,2,OpenCL,model,2071.75,0.01.324.592 I load_tensors:       OpenCL model buffer size =  2071.75 MiB
memory-qwen3-4b-instruct-c2048-ngl99,qwen3-4b-instruct,memory,memory,charging-03,"[""Benchmark process Android cgroup changed during measurement""]",False,False,0,,2048,3,CPU,output,0.58,0.06.544.239 I llama_context:        CPU  output buffer size =     0.58 MiB
memory-qwen3-4b-instruct-c2048-ngl99,qwen3-4b-instruct,memory,memory,charging-03,"[""Benchmark process Android cgroup changed during measurement""]",False,False,0,,2048,4,OpenCL,KV,288.0,0.06.724.251 I llama_kv_cache:     OpenCL KV buffer size =   288.00 MiB
memory-qwen3-4b-instruct-c2048-ngl99,qwen3-4b-instruct,memory,memory,charging-03,"[""Benchmark process Android cgroup changed during measurement""]",False,False,0,,2048,5,OpenCL,compute,40.5,0.06.761.890 I sched_reserve:     OpenCL compute buffer size =    40.50 MiB
memory-qwen3-4b-instruct-c2048-ngl99,qwen3-4b-instruct,memory,memory,charging-03,"[""Benchmark process Android cgroup changed during measurement""]",False,False,0,,2048,6,CPU,compute,76.69,0.06.761.912 I sched_reserve:        CPU compute buffer size =    76.69 MiB
memory-qwen3-4b-instruct-c512-ngl0,qwen3-4b-instruct,memory,memory,charging-03,[],True,False,0,,512,0,CPU_Mapped,model,2362.55,0.01.490.686 I load_tensors:   CPU_Mapped model buffer size =  2362.55 MiB
memory-qwen3-4b-instruct-c512-ngl0,qwen3-4b-instruct,memory,memory,charging-03,[],True,False,0,,512,1,CPU_REPACK,model,2375.16,0.01.490.688 I load_tensors:   CPU_REPACK model buffer size =  2375.16 MiB
memory-qwen3-4b-instruct-c512-ngl0,qwen3-4b-instruct,memory,memory,charging-03,[],True,False,0,,512,2,CPU,output,0.58,0.02.872.288 I llama_context:        CPU  output buffer size =     0.58 MiB
memory-qwen3-4b-instruct-c512-ngl0,qwen3-4b-instruct,memory,memory,charging-03,[],True,False,0,,512,3,CPU,KV,72.0,0.02.872.393 I llama_kv_cache:        CPU KV buffer size =    72.00 MiB
memory-qwen3-4b-instruct-c512-ngl0,qwen3-4b-instruct,memory,memory,charging-03,[],True,False,0,,512,4,CPU,compute,76.69,0.02.899.655 I sched_reserve:        CPU compute buffer size =    76.69 MiB
memory-qwen3-4b-instruct-c512-ngl99,qwen3-4b-instruct,memory,memory,charging-03,[],True,False,0,,512,0,CPU,model,304.28,0.01.397.449 I load_tensors:          CPU model buffer size =   304.28 MiB
memory-qwen3-4b-instruct-c512-ngl99,qwen3-4b-instruct,memory,memory,charging-03,[],True,False,0,,512,1,CPU_REPACK,model,304.28,0.01.397.451 I load_tensors:   CPU_REPACK model buffer size =   304.28 MiB
memory-qwen3-4b-instruct-c512-ngl99,qwen3-4b-instruct,memory,memory,charging-03,[],True,False,0,,512,2,OpenCL,model,2071.75,0.01.397.453 I load_tensors:       OpenCL model buffer size =  2071.75 MiB
memory-qwen3-4b-instruct-c512-ngl99,qwen3-4b-instruct,memory,memory,charging-03,[],True,False,0,,512,3,CPU,output,0.58,0.07.130.580 I llama_context:        CPU  output buffer size =     0.58 MiB
memory-qwen3-4b-instruct-c512-ngl99,qwen3-4b-instruct,memory,memory,charging-03,[],True,False,0,,512,4,OpenCL,KV,72.0,0.07.180.830 I llama_kv_cache:     OpenCL KV buffer size =    72.00 MiB
memory-qwen3-4b-instruct-c512-ngl99,qwen3-4b-instruct,memory,memory,charging-03,[],True,False,0,,512,5,OpenCL,compute,18.0,0.07.210.302 I sched_reserve:     OpenCL compute buffer size =    18.00 MiB
memory-qwen3-4b-instruct-c512-ngl99,qwen3-4b-instruct,memory,memory,charging-03,[],True,False,0,,512,6,CPU,compute,76.69,0.07.210.325 I sched_reserve:        CPU compute buffer size =    76.69 MiB
memory-qwen3-4b-instruct-c8192-ngl0,qwen3-4b-instruct,memory,memory,charging-03,[],True,False,0,,8192,0,CPU_Mapped,model,2362.55,0.00.626.725 I load_tensors:   CPU_Mapped model buffer size =  2362.55 MiB
memory-qwen3-4b-instruct-c8192-ngl0,qwen3-4b-instruct,memory,memory,charging-03,[],True,False,0,,8192,1,CPU_REPACK,model,2375.16,0.00.626.726 I load_tensors:   CPU_REPACK model buffer size =  2375.16 MiB
memory-qwen3-4b-instruct-c8192-ngl0,qwen3-4b-instruct,memory,memory,charging-03,[],True,False,0,,8192,2,CPU,output,0.58,0.02.317.038 I llama_context:        CPU  output buffer size =     0.58 MiB
memory-qwen3-4b-instruct-c8192-ngl0,qwen3-4b-instruct,memory,memory,charging-03,[],True,False,0,,8192,3,CPU,KV,1152.0,0.02.317.239 I llama_kv_cache:        CPU KV buffer size =  1152.00 MiB
memory-qwen3-4b-instruct-c8192-ngl0,qwen3-4b-instruct,memory,memory,charging-03,[],True,False,0,,8192,4,CPU,compute,140.75,0.02.888.464 I sched_reserve:        CPU compute buffer size =   140.75 MiB
memory-qwen3-4b-instruct-c8192-ngl99,qwen3-4b-instruct,memory,memory,charging-03,[],True,False,0,,8192,0,CPU,model,304.28,0.01.173.112 I load_tensors:          CPU model buffer size =   304.28 MiB
memory-qwen3-4b-instruct-c8192-ngl99,qwen3-4b-instruct,memory,memory,charging-03,[],True,False,0,,8192,1,CPU_REPACK,model,304.28,0.01.173.114 I load_tensors:   CPU_REPACK model buffer size =   304.28 MiB
memory-qwen3-4b-instruct-c8192-ngl99,qwen3-4b-instruct,memory,memory,charging-03,[],True,False,0,,8192,2,OpenCL,model,2071.75,0.01.173.115 I load_tensors:       OpenCL model buffer size =  2071.75 MiB
memory-qwen3-4b-instruct-c8192-ngl99,qwen3-4b-instruct,memory,memory,charging-03,[],True,False,0,,8192,3,CPU,output,0.58,0.06.674.279 I llama_context:        CPU  output buffer size =     0.58 MiB
memory-qwen3-4b-instruct-c8192-ngl99,qwen3-4b-instruct,memory,memory,charging-03,[],True,False,0,,8192,4,OpenCL,KV,1152.0,0.07.201.627 I llama_kv_cache:     OpenCL KV buffer size =  1152.00 MiB
memory-qwen3-4b-instruct-c8192-ngl99,qwen3-4b-instruct,memory,memory,charging-03,[],True,False,0,,8192,5,OpenCL,compute,139.5,0.07.301.451 I sched_reserve:     OpenCL compute buffer size =   139.50 MiB
memory-qwen3-4b-instruct-c8192-ngl99,qwen3-4b-instruct,memory,memory,charging-03,[],True,False,0,,8192,6,CPU,compute,76.69,0.07.301.499 I sched_reserve:        CPU compute buffer size =    76.69 MiB
memory-qwen3.5-4b-instruct-c16384-ngl0,qwen3.5-4b-instruct,memory,memory,charging-01,[],True,False,0,,16384,0,CPU_Mapped,model,2603.5,0.07.514.746 I load_tensors:   CPU_Mapped model buffer size =  2603.50 MiB
memory-qwen3.5-4b-instruct-c16384-ngl0,qwen3.5-4b-instruct,memory,memory,charging-01,[],True,False,0,,16384,1,CPU_REPACK,model,2599.83,0.07.514.749 I load_tensors:   CPU_REPACK model buffer size =  2599.83 MiB
memory-qwen3.5-4b-instruct-c16384-ngl0,qwen3.5-4b-instruct,memory,memory,charging-01,[],True,False,0,,16384,2,CPU,output,0.95,0.09.543.014 I llama_context:        CPU  output buffer size =     0.95 MiB
memory-qwen3.5-4b-instruct-c16384-ngl0,qwen3.5-4b-instruct,memory,memory,charging-01,[],True,False,0,,16384,3,CPU,KV,512.0,0.09.543.457 I llama_kv_cache:        CPU KV buffer size =   512.00 MiB
memory-qwen3.5-4b-instruct-c16384-ngl0,qwen3.5-4b-instruct,memory,memory,charging-01,[],True,False,0,,16384,4,CPU,RS,50.25,0.09.834.361 I llama_memory_recurrent:        CPU RS buffer size =    50.25 MiB
memory-qwen3.5-4b-instruct-c16384-ngl0,qwen3.5-4b-instruct,memory,memory,charging-01,[],True,False,0,,16384,5,CPU,compute,146.75,0.09.841.487 I sched_reserve:        CPU compute buffer size =   146.75 MiB
memory-qwen3.5-4b-instruct-c16384-ngl99,qwen3.5-4b-instruct,memory,memory,charging-01,[],True,False,0,,16384,0,CPU,model,497.31,0.02.542.110 I load_tensors:          CPU model buffer size =   497.31 MiB
memory-qwen3.5-4b-instruct-c16384-ngl99,qwen3.5-4b-instruct,memory,memory,charging-01,[],True,False,0,,16384,1,CPU_REPACK,model,497.31,0.02.542.113 I load_tensors:   CPU_REPACK model buffer size =   497.31 MiB
memory-qwen3.5-4b-instruct-c16384-ngl99,qwen3.5-4b-instruct,memory,memory,charging-01,[],True,False,0,,16384,2,OpenCL,model,2106.31,0.02.542.116 I load_tensors:       OpenCL model buffer size =  2106.31 MiB
memory-qwen3.5-4b-instruct-c16384-ngl99,qwen3.5-4b-instruct,memory,memory,charging-01,[],True,False,0,,16384,3,CPU,output,0.95,0.13.160.062 I llama_context:        CPU  output buffer size =     0.95 MiB
memory-qwen3.5-4b-instruct-c16384-ngl99,qwen3.5-4b-instruct,memory,memory,charging-01,[],True,False,0,,16384,4,OpenCL,KV,512.0,0.13.498.543 I llama_kv_cache:     OpenCL KV buffer size =   512.00 MiB
memory-qwen3.5-4b-instruct-c16384-ngl99,qwen3.5-4b-instruct,memory,memory,charging-01,[],True,False,0,,16384,5,OpenCL,RS,50.25,0.13.568.887 I llama_memory_recurrent:     OpenCL RS buffer size =    50.25 MiB
memory-qwen3.5-4b-instruct-c16384-ngl99,qwen3.5-4b-instruct,memory,memory,charging-01,[],True,False,0,,16384,6,OpenCL,compute,145.5,0.13.712.940 I sched_reserve:     OpenCL compute buffer size =   145.50 MiB
memory-qwen3.5-4b-instruct-c16384-ngl99,qwen3.5-4b-instruct,memory,memory,charging-01,[],True,False,0,,16384,7,CPU,compute,123.75,0.13.712.967 I sched_reserve:        CPU compute buffer size =   123.75 MiB
memory-qwen3.5-4b-instruct-c2048-ngl0,qwen3.5-4b-instruct,memory,memory,charging-03,[],True,False,0,,2048,0,CPU_Mapped,model,2603.5,0.01.325.794 I load_tensors:   CPU_Mapped model buffer size =  2603.50 MiB
memory-qwen3.5-4b-instruct-c2048-ngl0,qwen3.5-4b-instruct,memory,memory,charging-03,[],True,False,0,,2048,1,CPU_REPACK,model,2599.83,0.01.325.796 I load_tensors:   CPU_REPACK model buffer size =  2599.83 MiB
memory-qwen3.5-4b-instruct-c2048-ngl0,qwen3.5-4b-instruct,memory,memory,charging-03,[],True,False,0,,2048,2,CPU,output,0.95,0.03.460.701 I llama_context:        CPU  output buffer size =     0.95 MiB
memory-qwen3.5-4b-instruct-c2048-ngl0,qwen3.5-4b-instruct,memory,memory,charging-03,[],True,False,0,,2048,3,CPU,KV,64.0,0.03.460.789 I llama_kv_cache:        CPU KV buffer size =    64.00 MiB
memory-qwen3.5-4b-instruct-c2048-ngl0,qwen3.5-4b-instruct,memory,memory,charging-03,[],True,False,0,,2048,4,CPU,RS,50.25,0.03.498.928 I llama_memory_recurrent:        CPU RS buffer size =    50.25 MiB
memory-qwen3.5-4b-instruct-c2048-ngl0,qwen3.5-4b-instruct,memory,memory,charging-03,[],True,False,0,,2048,5,CPU,compute,125.75,0.03.505.978 I sched_reserve:        CPU compute buffer size =   125.75 MiB
memory-qwen3.5-4b-instruct-c2048-ngl99,qwen3.5-4b-instruct,memory,memory,charging-03,[],True,False,0,,2048,0,CPU,model,497.31,0.01.635.962 I load_tensors:          CPU model buffer size =   497.31 MiB
memory-qwen3.5-4b-instruct-c2048-ngl99,qwen3.5-4b-instruct,memory,memory,charging-03,[],True,False,0,,2048,1,CPU_REPACK,model,497.31,0.01.635.964 I load_tensors:   CPU_REPACK model buffer size =   497.31 MiB
memory-qwen3.5-4b-instruct-c2048-ngl99,qwen3.5-4b-instruct,memory,memory,charging-03,[],True,False,0,,2048,2,OpenCL,model,2106.31,0.01.635.966 I load_tensors:       OpenCL model buffer size =  2106.31 MiB
memory-qwen3.5-4b-instruct-c2048-ngl99,qwen3.5-4b-instruct,memory,memory,charging-03,[],True,False,0,,2048,3,CPU,output,0.95,0.07.382.159 I llama_context:        CPU  output buffer size =     0.95 MiB
memory-qwen3.5-4b-instruct-c2048-ngl99,qwen3.5-4b-instruct,memory,memory,charging-03,[],True,False,0,,2048,4,OpenCL,KV,64.0,0.07.403.790 I llama_kv_cache:     OpenCL KV buffer size =    64.00 MiB
memory-qwen3.5-4b-instruct-c2048-ngl99,qwen3.5-4b-instruct,memory,memory,charging-03,[],True,False,0,,2048,5,OpenCL,RS,50.25,0.07.427.880 I llama_memory_recurrent:     OpenCL RS buffer size =    50.25 MiB
memory-qwen3.5-4b-instruct-c2048-ngl99,qwen3.5-4b-instruct,memory,memory,charging-03,[],True,False,0,,2048,6,OpenCL,compute,26.5,0.07.443.253 I sched_reserve:     OpenCL compute buffer size =    26.50 MiB
memory-qwen3.5-4b-instruct-c2048-ngl99,qwen3.5-4b-instruct,memory,memory,charging-03,[],True,False,0,,2048,7,CPU,compute,123.75,0.07.443.273 I sched_reserve:        CPU compute buffer size =   123.75 MiB
memory-qwen3.5-4b-instruct-c512-ngl0,qwen3.5-4b-instruct,memory,memory,charging-03,[],True,False,0,,512,0,CPU_Mapped,model,2603.5,0.02.029.450 I load_tensors:   CPU_Mapped model buffer size =  2603.50 MiB
memory-qwen3.5-4b-instruct-c512-ngl0,qwen3.5-4b-instruct,memory,memory,charging-03,[],True,False,0,,512,1,CPU_REPACK,model,2599.83,0.02.029.452 I load_tensors:   CPU_REPACK model buffer size =  2599.83 MiB
memory-qwen3.5-4b-instruct-c512-ngl0,qwen3.5-4b-instruct,memory,memory,charging-03,[],True,False,0,,512,2,CPU,output,0.95,0.03.757.990 I llama_context:        CPU  output buffer size =     0.95 MiB
memory-qwen3.5-4b-instruct-c512-ngl0,qwen3.5-4b-instruct,memory,memory,charging-03,[],True,False,0,,512,3,CPU,KV,16.0,0.03.758.220 I llama_kv_cache:        CPU KV buffer size =    16.00 MiB
memory-qwen3.5-4b-instruct-c512-ngl0,qwen3.5-4b-instruct,memory,memory,charging-03,[],True,False,0,,512,4,CPU,RS,50.25,0.03.791.798 I llama_memory_recurrent:        CPU RS buffer size =    50.25 MiB
memory-qwen3.5-4b-instruct-c512-ngl0,qwen3.5-4b-instruct,memory,memory,charging-03,[],True,False,0,,512,5,CPU,compute,125.0,0.03.800.118 I sched_reserve:        CPU compute buffer size =   125.00 MiB
memory-qwen3.5-4b-instruct-c512-ngl99,qwen3.5-4b-instruct,memory,memory,charging-03,[],True,False,0,,512,0,CPU,model,497.31,0.02.259.914 I load_tensors:          CPU model buffer size =   497.31 MiB
memory-qwen3.5-4b-instruct-c512-ngl99,qwen3.5-4b-instruct,memory,memory,charging-03,[],True,False,0,,512,1,CPU_REPACK,model,497.31,0.02.259.917 I load_tensors:   CPU_REPACK model buffer size =   497.31 MiB
memory-qwen3.5-4b-instruct-c512-ngl99,qwen3.5-4b-instruct,memory,memory,charging-03,[],True,False,0,,512,2,OpenCL,model,2106.31,0.02.259.918 I load_tensors:       OpenCL model buffer size =  2106.31 MiB
memory-qwen3.5-4b-instruct-c512-ngl99,qwen3.5-4b-instruct,memory,memory,charging-03,[],True,False,0,,512,3,CPU,output,0.95,0.10.123.065 I llama_context:        CPU  output buffer size =     0.95 MiB
memory-qwen3.5-4b-instruct-c512-ngl99,qwen3.5-4b-instruct,memory,memory,charging-03,[],True,False,0,,512,4,OpenCL,KV,16.0,0.10.127.710 I llama_kv_cache:     OpenCL KV buffer size =    16.00 MiB
memory-qwen3.5-4b-instruct-c512-ngl99,qwen3.5-4b-instruct,memory,memory,charging-03,[],True,False,0,,512,5,OpenCL,RS,50.25,0.10.146.115 I llama_memory_recurrent:     OpenCL RS buffer size =    50.25 MiB
memory-qwen3.5-4b-instruct-c512-ngl99,qwen3.5-4b-instruct,memory,memory,charging-03,[],True,False,0,,512,6,OpenCL,compute,17.25,0.10.157.800 I sched_reserve:     OpenCL compute buffer size =    17.25 MiB
memory-qwen3.5-4b-instruct-c512-ngl99,qwen3.5-4b-instruct,memory,memory,charging-03,[],True,False,0,,512,7,CPU,compute,123.75,0.10.157.814 I sched_reserve:        CPU compute buffer size =   123.75 MiB
memory-qwen3.5-4b-instruct-c8192-ngl0,qwen3.5-4b-instruct,memory,memory,charging-03,[],True,False,0,,8192,0,CPU_Mapped,model,2603.5,0.01.321.242 I load_tensors:   CPU_Mapped model buffer size =  2603.50 MiB
memory-qwen3.5-4b-instruct-c8192-ngl0,qwen3.5-4b-instruct,memory,memory,charging-03,[],True,False,0,,8192,1,CPU_REPACK,model,2599.83,0.01.321.244 I load_tensors:   CPU_REPACK model buffer size =  2599.83 MiB
memory-qwen3.5-4b-instruct-c8192-ngl0,qwen3.5-4b-instruct,memory,memory,charging-03,[],True,False,0,,8192,2,CPU,output,0.95,0.02.876.137 I llama_context:        CPU  output buffer size =     0.95 MiB
memory-qwen3.5-4b-instruct-c8192-ngl0,qwen3.5-4b-instruct,memory,memory,charging-03,[],True,False,0,,8192,3,CPU,KV,256.0,0.02.876.295 I llama_kv_cache:        CPU KV buffer size =   256.00 MiB
memory-qwen3.5-4b-instruct-c8192-ngl0,qwen3.5-4b-instruct,memory,memory,charging-03,[],True,False,0,,8192,4,CPU,RS,50.25,0.03.017.183 I llama_memory_recurrent:        CPU RS buffer size =    50.25 MiB
memory-qwen3.5-4b-instruct-c8192-ngl0,qwen3.5-4b-instruct,memory,memory,charging-03,[],True,False,0,,8192,5,CPU,compute,127.0,0.03.022.444 I sched_reserve:        CPU compute buffer size =   127.00 MiB
memory-qwen3.5-4b-instruct-c8192-ngl99,qwen3.5-4b-instruct,memory,memory,charging-03,[],True,False,0,,8192,0,CPU,model,497.31,0.02.807.043 I load_tensors:          CPU model buffer size =   497.31 MiB
memory-qwen3.5-4b-instruct-c8192-ngl99,qwen3.5-4b-instruct,memory,memory,charging-03,[],True,False,0,,8192,1,CPU_REPACK,model,497.31,0.02.807.045 I load_tensors:   CPU_REPACK model buffer size =   497.31 MiB
memory-qwen3.5-4b-instruct-c8192-ngl99,qwen3.5-4b-instruct,memory,memory,charging-03,[],True,False,0,,8192,2,OpenCL,model,2106.31,0.02.807.048 I load_tensors:       OpenCL model buffer size =  2106.31 MiB
memory-qwen3.5-4b-instruct-c8192-ngl99,qwen3.5-4b-instruct,memory,memory,charging-03,[],True,False,0,,8192,3,CPU,output,0.95,0.11.078.632 I llama_context:        CPU  output buffer size =     0.95 MiB
memory-qwen3.5-4b-instruct-c8192-ngl99,qwen3.5-4b-instruct,memory,memory,charging-03,[],True,False,0,,8192,4,OpenCL,KV,256.0,0.11.166.870 I llama_kv_cache:     OpenCL KV buffer size =   256.00 MiB
memory-qwen3.5-4b-instruct-c8192-ngl99,qwen3.5-4b-instruct,memory,memory,charging-03,[],True,False,0,,8192,5,OpenCL,RS,50.25,0.11.195.047 I llama_memory_recurrent:     OpenCL RS buffer size =    50.25 MiB
memory-qwen3.5-4b-instruct-c8192-ngl99,qwen3.5-4b-instruct,memory,memory,charging-03,[],True,False,0,,8192,6,OpenCL,compute,77.5,0.11.236.493 I sched_reserve:     OpenCL compute buffer size =    77.50 MiB
memory-qwen3.5-4b-instruct-c8192-ngl99,qwen3.5-4b-instruct,memory,memory,charging-03,[],True,False,0,,8192,7,CPU,compute,123.75,0.11.236.509 I sched_reserve:        CPU compute buffer size =   123.75 MiB
npu-7b-partial-gate-v1-ngl15-canonical,qwen2.5-coder-7b,npu-scale-gates,memory,api-20261003T210139Z-UNPLUGGED,[],True,True,0,,512,0,CPU,model,2146.07,0.01.542.532 I load_tensors:          CPU model buffer size =  2146.07 MiB
npu-7b-partial-gate-v1-ngl15-canonical,qwen2.5-coder-7b,npu-scale-gates,memory,api-20261003T210139Z-UNPLUGGED,[],True,True,0,,512,1,HTP0,model,2533.11,0.01.542.534 I load_tensors:         HTP0 model buffer size =  2533.11 MiB
npu-7b-partial-gate-v1-ngl15-canonical,qwen2.5-coder-7b,npu-scale-gates,memory,api-20261003T210139Z-UNPLUGGED,[],True,True,0,,512,2,CPU,output,0.58,0.12.194.911 I llama_context:        CPU  output buffer size =     0.58 MiB
npu-7b-partial-gate-v1-ngl15-canonical,qwen2.5-coder-7b,npu-scale-gates,memory,api-20261003T210139Z-UNPLUGGED,[],True,True,0,,512,3,CPU,KV,14.0,0.12.196.740 I llama_kv_cache:        CPU KV buffer size =    14.00 MiB
npu-7b-partial-gate-v1-ngl15-canonical,qwen2.5-coder-7b,npu-scale-gates,memory,api-20261003T210139Z-UNPLUGGED,[],True,True,0,,512,4,HTP0,KV,14.0,0.12.216.817 I llama_kv_cache:       HTP0 KV buffer size =    14.00 MiB
npu-7b-partial-gate-v1-ngl15-canonical,qwen2.5-coder-7b,npu-scale-gates,memory,api-20261003T210139Z-UNPLUGGED,[],True,True,0,,512,5,HTP0,compute,76.0,0.12.278.856 I sched_reserve:       HTP0 compute buffer size =    76.00 MiB
npu-7b-partial-gate-v1-ngl15-canonical,qwen2.5-coder-7b,npu-scale-gates,memory,api-20261003T210139Z-UNPLUGGED,[],True,True,0,,512,6,CPU,compute,33.75,0.12.278.885 I sched_reserve:        CPU compute buffer size =    33.75 MiB
npu-bestcpu-scale-v1-qwen2.5-coder-1.5b-t4-faoff,qwen2.5-coder-1.5b,cpu-best-scale,bench,api-20261003T210139Z-UNPLUGGED,[],True,False,0,,,0,CPU_Mapped,model,877.31,load_tensors:   CPU_Mapped model buffer size =   877.31 MiB
npu-bestcpu-scale-v1-qwen2.5-coder-1.5b-t4-faoff,qwen2.5-coder-1.5b,cpu-best-scale,bench,api-20261003T210139Z-UNPLUGGED,[],True,False,0,,,1,CPU_REPACK,model,934.14,load_tensors:   CPU_REPACK model buffer size =   934.14 MiB
npu-bestcpu-scale-v1-qwen2.5-coder-1.5b-t4-faoff,qwen2.5-coder-1.5b,cpu-best-scale,bench,api-20261003T210139Z-UNPLUGGED,[],True,False,0,,,2,CPU,output,0.58,llama_context:        CPU  output buffer size =     0.58 MiB
npu-bestcpu-scale-v1-qwen2.5-coder-1.5b-t4-faoff,qwen2.5-coder-1.5b,cpu-best-scale,bench,api-20261003T210139Z-UNPLUGGED,[],True,False,0,,,3,CPU,KV,14.0,llama_kv_cache:        CPU KV buffer size =    14.00 MiB
npu-bestcpu-scale-v1-qwen2.5-coder-1.5b-t4-faoff,qwen2.5-coder-1.5b,cpu-best-scale,bench,api-20261003T210139Z-UNPLUGGED,[],True,False,0,,,4,CPU,compute,151.38,sched_reserve:        CPU compute buffer size =   151.38 MiB
npu-bestcpu-scale-v1-qwen2.5-coder-1.5b-t4-faoff,qwen2.5-coder-1.5b,cpu-best-scale,bench,api-20261003T210139Z-UNPLUGGED,[],True,False,0,,,5,CPU,output,0.58,llama_context:        CPU  output buffer size =     0.58 MiB
npu-bestcpu-scale-v1-qwen2.5-coder-1.5b-t4-faoff,qwen2.5-coder-1.5b,cpu-best-scale,bench,api-20261003T210139Z-UNPLUGGED,[],True,False,0,,,6,CPU,KV,7.0,llama_kv_cache:        CPU KV buffer size =     7.00 MiB
npu-bestcpu-scale-v1-qwen2.5-coder-1.5b-t4-faoff,qwen2.5-coder-1.5b,cpu-best-scale,bench,api-20261003T210139Z-UNPLUGGED,[],True,False,0,,,7,CPU,compute,37.84,sched_reserve:        CPU compute buffer size =    37.84 MiB
npu-bestcpu-scale-v1-qwen2.5-coder-1.5b-t4-faon,qwen2.5-coder-1.5b,cpu-best-scale,bench,api-20261003T210139Z-UNPLUGGED,[],True,False,0,,,0,CPU_Mapped,model,877.31,load_tensors:   CPU_Mapped model buffer size =   877.31 MiB
npu-bestcpu-scale-v1-qwen2.5-coder-1.5b-t4-faon,qwen2.5-coder-1.5b,cpu-best-scale,bench,api-20261003T210139Z-UNPLUGGED,[],True,False,0,,,1,CPU_REPACK,model,934.14,load_tensors:   CPU_REPACK model buffer size =   934.14 MiB
npu-bestcpu-scale-v1-qwen2.5-coder-1.5b-t4-faon,qwen2.5-coder-1.5b,cpu-best-scale,bench,api-20261003T210139Z-UNPLUGGED,[],True,False,0,,,2,CPU,output,0.58,llama_context:        CPU  output buffer size =     0.58 MiB
npu-bestcpu-scale-v1-qwen2.5-coder-1.5b-t4-faon,qwen2.5-coder-1.5b,cpu-best-scale,bench,api-20261003T210139Z-UNPLUGGED,[],True,False,0,,,3,CPU,KV,14.0,llama_kv_cache:        CPU KV buffer size =    14.00 MiB
npu-bestcpu-scale-v1-qwen2.5-coder-1.5b-t4-faon,qwen2.5-coder-1.5b,cpu-best-scale,bench,api-20261003T210139Z-UNPLUGGED,[],True,False,0,,,4,CPU,compute,151.38,sched_reserve:        CPU compute buffer size =   151.38 MiB
npu-bestcpu-scale-v1-qwen2.5-coder-1.5b-t4-faon,qwen2.5-coder-1.5b,cpu-best-scale,bench,api-20261003T210139Z-UNPLUGGED,[],True,False,0,,,5,CPU,output,0.58,llama_context:        CPU  output buffer size =     0.58 MiB
npu-bestcpu-scale-v1-qwen2.5-coder-1.5b-t4-faon,qwen2.5-coder-1.5b,cpu-best-scale,bench,api-20261003T210139Z-UNPLUGGED,[],True,False,0,,,6,CPU,KV,7.0,llama_kv_cache:        CPU KV buffer size =     7.00 MiB
npu-bestcpu-scale-v1-qwen2.5-coder-1.5b-t4-faon,qwen2.5-coder-1.5b,cpu-best-scale,bench,api-20261003T210139Z-UNPLUGGED,[],True,False,0,,,7,CPU,compute,37.84,sched_reserve:        CPU compute buffer size =    37.84 MiB
npu-bestcpu-scale-v1-qwen2.5-coder-1.5b-t5-faoff,qwen2.5-coder-1.5b,cpu-best-scale,bench,api-20261003T210139Z-UNPLUGGED,[],True,False,0,,,0,CPU_Mapped,model,877.31,load_tensors:   CPU_Mapped model buffer size =   877.31 MiB
npu-bestcpu-scale-v1-qwen2.5-coder-1.5b-t5-faoff,qwen2.5-coder-1.5b,cpu-best-scale,bench,api-20261003T210139Z-UNPLUGGED,[],True,False,0,,,1,CPU_REPACK,model,934.14,load_tensors:   CPU_REPACK model buffer size =   934.14 MiB
npu-bestcpu-scale-v1-qwen2.5-coder-1.5b-t5-faoff,qwen2.5-coder-1.5b,cpu-best-scale,bench,api-20261003T210139Z-UNPLUGGED,[],True,False,0,,,2,CPU,output,0.58,llama_context:        CPU  output buffer size =     0.58 MiB
npu-bestcpu-scale-v1-qwen2.5-coder-1.5b-t5-faoff,qwen2.5-coder-1.5b,cpu-best-scale,bench,api-20261003T210139Z-UNPLUGGED,[],True,False,0,,,3,CPU,KV,14.0,llama_kv_cache:        CPU KV buffer size =    14.00 MiB
npu-bestcpu-scale-v1-qwen2.5-coder-1.5b-t5-faoff,qwen2.5-coder-1.5b,cpu-best-scale,bench,api-20261003T210139Z-UNPLUGGED,[],True,False,0,,,4,CPU,compute,151.38,sched_reserve:        CPU compute buffer size =   151.38 MiB
npu-bestcpu-scale-v1-qwen2.5-coder-1.5b-t5-faoff,qwen2.5-coder-1.5b,cpu-best-scale,bench,api-20261003T210139Z-UNPLUGGED,[],True,False,0,,,5,CPU,output,0.58,llama_context:        CPU  output buffer size =     0.58 MiB
npu-bestcpu-scale-v1-qwen2.5-coder-1.5b-t5-faoff,qwen2.5-coder-1.5b,cpu-best-scale,bench,api-20261003T210139Z-UNPLUGGED,[],True,False,0,,,6,CPU,KV,7.0,llama_kv_cache:        CPU KV buffer size =     7.00 MiB
npu-bestcpu-scale-v1-qwen2.5-coder-1.5b-t5-faoff,qwen2.5-coder-1.5b,cpu-best-scale,bench,api-20261003T210139Z-UNPLUGGED,[],True,False,0,,,7,CPU,compute,37.84,sched_reserve:        CPU compute buffer size =    37.84 MiB
npu-bestcpu-scale-v1-qwen2.5-coder-1.5b-t5-faon,qwen2.5-coder-1.5b,cpu-best-scale,bench,api-20261003T210139Z-UNPLUGGED,[],True,False,0,,,0,CPU_Mapped,model,877.31,load_tensors:   CPU_Mapped model buffer size =   877.31 MiB
npu-bestcpu-scale-v1-qwen2.5-coder-1.5b-t5-faon,qwen2.5-coder-1.5b,cpu-best-scale,bench,api-20261003T210139Z-UNPLUGGED,[],True,False,0,,,1,CPU_REPACK,model,934.14,load_tensors:   CPU_REPACK model buffer size =   934.14 MiB
npu-bestcpu-scale-v1-qwen2.5-coder-1.5b-t5-faon,qwen2.5-coder-1.5b,cpu-best-scale,bench,api-20261003T210139Z-UNPLUGGED,[],True,False,0,,,2,CPU,output,0.58,llama_context:        CPU  output buffer size =     0.58 MiB
npu-bestcpu-scale-v1-qwen2.5-coder-1.5b-t5-faon,qwen2.5-coder-1.5b,cpu-best-scale,bench,api-20261003T210139Z-UNPLUGGED,[],True,False,0,,,3,CPU,KV,14.0,llama_kv_cache:        CPU KV buffer size =    14.00 MiB
npu-bestcpu-scale-v1-qwen2.5-coder-1.5b-t5-faon,qwen2.5-coder-1.5b,cpu-best-scale,bench,api-20261003T210139Z-UNPLUGGED,[],True,False,0,,,4,CPU,compute,151.38,sched_reserve:        CPU compute buffer size =   151.38 MiB
npu-bestcpu-scale-v1-qwen2.5-coder-1.5b-t5-faon,qwen2.5-coder-1.5b,cpu-best-scale,bench,api-20261003T210139Z-UNPLUGGED,[],True,False,0,,,5,CPU,output,0.58,llama_context:        CPU  output buffer size =     0.58 MiB
npu-bestcpu-scale-v1-qwen2.5-coder-1.5b-t5-faon,qwen2.5-coder-1.5b,cpu-best-scale,bench,api-20261003T210139Z-UNPLUGGED,[],True,False,0,,,6,CPU,KV,7.0,llama_kv_cache:        CPU KV buffer size =     7.00 MiB
npu-bestcpu-scale-v1-qwen2.5-coder-1.5b-t5-faon,qwen2.5-coder-1.5b,cpu-best-scale,bench,api-20261003T210139Z-UNPLUGGED,[],True,False,0,,,7,CPU,compute,37.84,sched_reserve:        CPU compute buffer size =    37.84 MiB
npu-context512-gate-v1-qwen3-4b-instruct,qwen3-4b-instruct,npu-scale-gates,memory,api-20261003T210139Z-UNPLUGGED,[],True,True,0,,512,0,CPU,model,304.28,0.01.558.078 I load_tensors:          CPU model buffer size =   304.28 MiB
npu-context512-gate-v1-qwen3-4b-instruct,qwen3-4b-instruct,npu-scale-gates,memory,api-20261003T210139Z-UNPLUGGED,[],True,True,0,,512,1,HTP0,model,2609.07,0.01.558.079 I load_tensors:         HTP0 model buffer size =  2609.07 MiB
npu-context512-gate-v1-qwen3-4b-instruct,qwen3-4b-instruct,npu-scale-gates,memory,api-20261003T210139Z-UNPLUGGED,[],True,True,0,,512,2,CPU,output,0.58,0.08.105.250 I llama_context:        CPU  output buffer size =     0.58 MiB
npu-context512-gate-v1-qwen3-4b-instruct,qwen3-4b-instruct,npu-scale-gates,memory,api-20261003T210139Z-UNPLUGGED,[],True,True,0,,512,3,HTP0,KV,72.0,0.08.125.506 I llama_kv_cache:       HTP0 KV buffer size =    72.00 MiB
npu-context512-gate-v1-qwen3-4b-instruct,qwen3-4b-instruct,npu-scale-gates,memory,api-20261003T210139Z-UNPLUGGED,[],True,True,0,,512,4,HTP0,compute,75.44,0.08.173.312 I sched_reserve:       HTP0 compute buffer size =    75.44 MiB
npu-context512-gate-v1-qwen3-4b-instruct,qwen3-4b-instruct,npu-scale-gates,memory,api-20261003T210139Z-UNPLUGGED,[],True,True,0,,512,5,CPU,compute,3.75,0.08.173.325 I sched_reserve:        CPU compute buffer size =     3.75 MiB
npu-context512-gate-v1-qwen3.5-4b-instruct,qwen3.5-4b-instruct,npu-scale-gates,memory,api-20261003T210139Z-UNPLUGGED,[],True,True,0,,512,0,CPU,model,497.31,0.01.761.910 I load_tensors:          CPU model buffer size =   497.31 MiB
npu-context512-gate-v1-qwen3.5-4b-instruct,qwen3.5-4b-instruct,npu-scale-gates,memory,api-20261003T210139Z-UNPLUGGED,[],True,True,0,,512,1,HTP0,model,2846.25,0.01.761.912 I load_tensors:         HTP0 model buffer size =  2846.25 MiB
npu-context512-gate-v1-qwen3.5-4b-instruct,qwen3.5-4b-instruct,npu-scale-gates,memory,api-20261003T210139Z-UNPLUGGED,[],True,True,0,,512,2,CPU,output,0.95,0.11.513.871 I llama_context:        CPU  output buffer size =     0.95 MiB
npu-context512-gate-v1-qwen3.5-4b-instruct,qwen3.5-4b-instruct,npu-scale-gates,memory,api-20261003T210139Z-UNPLUGGED,[],True,True,0,,512,3,HTP0,KV,16.0,0.11.516.510 I llama_kv_cache:       HTP0 KV buffer size =    16.00 MiB
npu-context512-gate-v1-qwen3.5-4b-instruct,qwen3.5-4b-instruct,npu-scale-gates,memory,api-20261003T210139Z-UNPLUGGED,[],True,True,0,,512,4,HTP0,RS,50.25,0.11.538.908 I llama_memory_recurrent:       HTP0 RS buffer size =    50.25 MiB
npu-context512-gate-v1-qwen3.5-4b-instruct,qwen3.5-4b-instruct,npu-scale-gates,memory,api-20261003T210139Z-UNPLUGGED,[],True,True,0,,512,5,HTP0,compute,123.75,0.11.671.254 I sched_reserve:       HTP0 compute buffer size =   123.75 MiB
npu-context512-gate-v1-qwen3.5-4b-instruct,qwen3.5-4b-instruct,npu-scale-gates,memory,api-20261003T210139Z-UNPLUGGED,[],True,True,0,,512,6,CPU,compute,3.75,0.11.671.269 I sched_reserve:        CPU compute buffer size =     3.75 MiB
npu-extended-quality-v1-qwen2.5-coder-7b-ngl15,qwen2.5-coder-7b,npu-numerical,logits,api-20261003T210139Z-UNPLUGGED,[],True,True,0,,,0,CPU_Mapped,model,4460.45,load_tensors:   CPU_Mapped model buffer size =  4460.45 MiB
npu-extended-quality-v1-qwen2.5-coder-7b-ngl15,qwen2.5-coder-7b,npu-numerical,logits,api-20261003T210139Z-UNPLUGGED,[],True,True,0,,,1,CPU,output,0.58,llama_context:        CPU  output buffer size =     0.58 MiB
npu-extended-quality-v1-qwen2.5-coder-7b-ngl15,qwen2.5-coder-7b,npu-numerical,logits,api-20261003T210139Z-UNPLUGGED,[],True,True,0,,,2,CPU,KV,56.0,llama_kv_cache:        CPU KV buffer size =    56.00 MiB
npu-extended-quality-v1-qwen2.5-coder-7b-ngl15,qwen2.5-coder-7b,npu-numerical,logits,api-20261003T210139Z-UNPLUGGED,[],True,True,0,,,3,CPU,compute,77.75,sched_reserve:        CPU compute buffer size =    77.75 MiB
npu-extended-quality-v1-qwen2.5-coder-7b-ngl15,qwen2.5-coder-7b,npu-numerical,logits,api-20261003T210139Z-UNPLUGGED,[],True,True,0,,,4,CPU,model,2146.07,load_tensors:          CPU model buffer size =  2146.07 MiB
npu-extended-quality-v1-qwen2.5-coder-7b-ngl15,qwen2.5-coder-7b,npu-numerical,logits,api-20261003T210139Z-UNPLUGGED,[],True,True,0,,,5,HTP0,model,2533.11,load_tensors:         HTP0 model buffer size =  2533.11 MiB
npu-extended-quality-v1-qwen2.5-coder-7b-ngl15,qwen2.5-coder-7b,npu-numerical,logits,api-20261003T210139Z-UNPLUGGED,[],True,True,0,,,6,CPU,output,0.58,llama_context:        CPU  output buffer size =     0.58 MiB
npu-extended-quality-v1-qwen2.5-coder-7b-ngl15,qwen2.5-coder-7b,npu-numerical,logits,api-20261003T210139Z-UNPLUGGED,[],True,True,0,,,7,CPU,KV,28.0,llama_kv_cache:        CPU KV buffer size =    28.00 MiB
npu-extended-quality-v1-qwen2.5-coder-7b-ngl15,qwen2.5-coder-7b,npu-numerical,logits,api-20261003T210139Z-UNPLUGGED,[],True,True,0,,,8,HTP0,KV,28.0,llama_kv_cache:       HTP0 KV buffer size =    28.00 MiB
npu-extended-quality-v1-qwen2.5-coder-7b-ngl15,qwen2.5-coder-7b,npu-numerical,logits,api-20261003T210139Z-UNPLUGGED,[],True,True,0,,,9,HTP0,compute,76.0,sched_reserve:       HTP0 compute buffer size =    76.00 MiB
npu-extended-quality-v1-qwen2.5-coder-7b-ngl15,qwen2.5-coder-7b,npu-numerical,logits,api-20261003T210139Z-UNPLUGGED,[],True,True,0,,,10,CPU,compute,34.0,sched_reserve:        CPU compute buffer size =    34.00 MiB
npu-extended-quality-v1-qwen3.5-4b-instruct-ngl99,qwen3.5-4b-instruct,npu-numerical,logits,api-20261003T210139Z-UNPLUGGED,[],True,True,0,,,0,CPU_Mapped,model,2603.5,load_tensors:   CPU_Mapped model buffer size =  2603.50 MiB
npu-extended-quality-v1-qwen3.5-4b-instruct-ngl99,qwen3.5-4b-instruct,npu-numerical,logits,api-20261003T210139Z-UNPLUGGED,[],True,True,0,,,1,CPU_REPACK,model,2599.83,load_tensors:   CPU_REPACK model buffer size =  2599.83 MiB
npu-extended-quality-v1-qwen3.5-4b-instruct-ngl99,qwen3.5-4b-instruct,npu-numerical,logits,api-20261003T210139Z-UNPLUGGED,[],True,True,0,,,2,CPU,output,0.95,llama_context:        CPU  output buffer size =     0.95 MiB
npu-extended-quality-v1-qwen3.5-4b-instruct-ngl99,qwen3.5-4b-instruct,npu-numerical,logits,api-20261003T210139Z-UNPLUGGED,[],True,True,0,,,3,CPU,KV,32.0,llama_kv_cache:        CPU KV buffer size =    32.00 MiB
npu-extended-quality-v1-qwen3.5-4b-instruct-ngl99,qwen3.5-4b-instruct,npu-numerical,logits,api-20261003T210139Z-UNPLUGGED,[],True,True,0,,,4,CPU,RS,50.25,llama_memory_recurrent:        CPU RS buffer size =    50.25 MiB
npu-extended-quality-v1-qwen3.5-4b-instruct-ngl99,qwen3.5-4b-instruct,npu-numerical,logits,api-20261003T210139Z-UNPLUGGED,[],True,True,0,,,5,CPU,compute,125.25,sched_reserve:        CPU compute buffer size =   125.25 MiB
npu-extended-quality-v1-qwen3.5-4b-instruct-ngl99,qwen3.5-4b-instruct,npu-numerical,logits,api-20261003T210139Z-UNPLUGGED,[],True,True,0,,,6,CPU,model,497.31,load_tensors:          CPU model buffer size =   497.31 MiB
npu-extended-quality-v1-qwen3.5-4b-instruct-ngl99,qwen3.5-4b-instruct,npu-numerical,logits,api-20261003T210139Z-UNPLUGGED,[],True,True,0,,,7,HTP0,model,2846.25,load_tensors:         HTP0 model buffer size =  2846.25 MiB
npu-extended-quality-v1-qwen3.5-4b-instruct-ngl99,qwen3.5-4b-instruct,npu-numerical,logits,api-20261003T210139Z-UNPLUGGED,[],True,True,0,,,8,CPU,output,0.95,llama_context:        CPU  output buffer size =     0.95 MiB
npu-extended-quality-v1-qwen3.5-4b-instruct-ngl99,qwen3.5-4b-instruct,npu-numerical,logits,api-20261003T210139Z-UNPLUGGED,[],True,True,0,,,9,HTP0,KV,32.0,llama_kv_cache:       HTP0 KV buffer size =    32.00 MiB
npu-extended-quality-v1-qwen3.5-4b-instruct-ngl99,qwen3.5-4b-instruct,npu-numerical,logits,api-20261003T210139Z-UNPLUGGED,[],True,True,0,,,10,HTP0,RS,50.25,llama_memory_recurrent:       HTP0 RS buffer size =    50.25 MiB
npu-extended-quality-v1-qwen3.5-4b-instruct-ngl99,qwen3.5-4b-instruct,npu-numerical,logits,api-20261003T210139Z-UNPLUGGED,[],True,True,0,,,11,HTP0,compute,123.75,sched_reserve:       HTP0 compute buffer size =   123.75 MiB
npu-extended-quality-v1-qwen3.5-4b-instruct-ngl99,qwen3.5-4b-instruct,npu-numerical,logits,api-20261003T210139Z-UNPLUGGED,[],True,True,0,,,12,CPU,compute,4.0,sched_reserve:        CPU compute buffer size =     4.00 MiB
npu-fa-quality-v1-qwen2.5-coder-1.5b,qwen2.5-coder-1.5b,npu-numerical,logits,api-20261003T210139Z-UNPLUGGED,[],True,True,0,,,0,CPU_Mapped,model,877.31,load_tensors:   CPU_Mapped model buffer size =   877.31 MiB
npu-fa-quality-v1-qwen2.5-coder-1.5b,qwen2.5-coder-1.5b,npu-numerical,logits,api-20261003T210139Z-UNPLUGGED,[],True,True,0,,,1,CPU_REPACK,model,934.14,load_tensors:   CPU_REPACK model buffer size =   934.14 MiB
npu-fa-quality-v1-qwen2.5-coder-1.5b,qwen2.5-coder-1.5b,npu-numerical,logits,api-20261003T210139Z-UNPLUGGED,[],True,True,0,,,2,CPU,output,0.58,llama_context:        CPU  output buffer size =     0.58 MiB
npu-fa-quality-v1-qwen2.5-coder-1.5b,qwen2.5-coder-1.5b,npu-numerical,logits,api-20261003T210139Z-UNPLUGGED,[],True,True,0,,,3,CPU,KV,28.0,llama_kv_cache:        CPU KV buffer size =    28.00 MiB
npu-fa-quality-v1-qwen2.5-coder-1.5b,qwen2.5-coder-1.5b,npu-numerical,logits,api-20261003T210139Z-UNPLUGGED,[],True,True,0,,,4,CPU,compute,75.69,sched_reserve:        CPU compute buffer size =    75.69 MiB
npu-fa-quality-v1-qwen2.5-coder-1.5b,qwen2.5-coder-1.5b,npu-numerical,logits,api-20261003T210139Z-UNPLUGGED,[],True,True,0,,,5,CPU,model,125.19,load_tensors:          CPU model buffer size =   125.19 MiB
npu-fa-quality-v1-qwen2.5-coder-1.5b,qwen2.5-coder-1.5b,npu-numerical,logits,api-20261003T210139Z-UNPLUGGED,[],True,True,0,,,6,HTP0,model,1023.48,load_tensors:         HTP0 model buffer size =  1023.48 MiB
npu-fa-quality-v1-qwen2.5-coder-1.5b,qwen2.5-coder-1.5b,npu-numerical,logits,api-20261003T210139Z-UNPLUGGED,[],True,True,0,,,7,CPU,output,0.58,llama_context:        CPU  output buffer size =     0.58 MiB
npu-fa-quality-v1-qwen2.5-coder-1.5b,qwen2.5-coder-1.5b,npu-numerical,logits,api-20261003T210139Z-UNPLUGGED,[],True,True,0,,,8,HTP0,KV,28.0,llama_kv_cache:       HTP0 KV buffer size =    28.00 MiB
npu-fa-quality-v1-qwen2.5-coder-1.5b,qwen2.5-coder-1.5b,npu-numerical,logits,api-20261003T210139Z-UNPLUGGED,[],True,True,0,,,9,HTP0,compute,74.94,sched_reserve:       HTP0 compute buffer size =    74.94 MiB
npu-fa-quality-v1-qwen2.5-coder-1.5b,qwen2.5-coder-1.5b,npu-numerical,logits,api-20261003T210139Z-UNPLUGGED,[],True,True,0,,,10,CPU,compute,1.75,sched_reserve:        CPU compute buffer size =     1.75 MiB
npu-fa-quality-v1-qwen3-4b-instruct,qwen3-4b-instruct,npu-numerical,logits,api-20261003T210139Z-UNPLUGGED,[],True,True,0,,,0,CPU_Mapped,model,2362.55,load_tensors:   CPU_Mapped model buffer size =  2362.55 MiB
npu-fa-quality-v1-qwen3-4b-instruct,qwen3-4b-instruct,npu-numerical,logits,api-20261003T210139Z-UNPLUGGED,[],True,True,0,,,1,CPU_REPACK,model,2375.16,load_tensors:   CPU_REPACK model buffer size =  2375.16 MiB
npu-fa-quality-v1-qwen3-4b-instruct,qwen3-4b-instruct,npu-numerical,logits,api-20261003T210139Z-UNPLUGGED,[],True,True,0,,,2,CPU,output,0.58,llama_context:        CPU  output buffer size =     0.58 MiB
npu-fa-quality-v1-qwen3-4b-instruct,qwen3-4b-instruct,npu-numerical,logits,api-20261003T210139Z-UNPLUGGED,[],True,True,0,,,3,CPU,KV,144.0,llama_kv_cache:        CPU KV buffer size =   144.00 MiB
npu-fa-quality-v1-qwen3-4b-instruct,qwen3-4b-instruct,npu-numerical,logits,api-20261003T210139Z-UNPLUGGED,[],True,True,0,,,4,CPU,compute,76.69,sched_reserve:        CPU compute buffer size =    76.69 MiB
npu-fa-quality-v1-qwen3-4b-instruct,qwen3-4b-instruct,npu-numerical,logits,api-20261003T210139Z-UNPLUGGED,[],True,True,0,,,5,CPU,model,304.28,load_tensors:          CPU model buffer size =   304.28 MiB
npu-fa-quality-v1-qwen3-4b-instruct,qwen3-4b-instruct,npu-numerical,logits,api-20261003T210139Z-UNPLUGGED,[],True,True,0,,,6,HTP0,model,2609.07,load_tensors:         HTP0 model buffer size =  2609.07 MiB
npu-fa-quality-v1-qwen3-4b-instruct,qwen3-4b-instruct,npu-numerical,logits,api-20261003T210139Z-UNPLUGGED,[],True,True,0,,,7,CPU,output,0.58,llama_context:        CPU  output buffer size =     0.58 MiB
npu-fa-quality-v1-qwen3-4b-instruct,qwen3-4b-instruct,npu-numerical,logits,api-20261003T210139Z-UNPLUGGED,[],True,True,0,,,8,HTP0,KV,144.0,llama_kv_cache:       HTP0 KV buffer size =   144.00 MiB
npu-fa-quality-v1-qwen3-4b-instruct,qwen3-4b-instruct,npu-numerical,logits,api-20261003T210139Z-UNPLUGGED,[],True,True,0,,,9,HTP0,compute,75.44,sched_reserve:       HTP0 compute buffer size =    75.44 MiB
npu-fa-quality-v1-qwen3-4b-instruct,qwen3-4b-instruct,npu-numerical,logits,api-20261003T210139Z-UNPLUGGED,[],True,True,0,,,10,CPU,compute,2.75,sched_reserve:        CPU compute buffer size =     2.75 MiB
npu-first-unplugged-v1-1.5b-r0-ngl0,qwen2.5-coder-1.5b,npu-first-matched,bench,api-20261003T210139Z-UNPLUGGED,[],True,False,0,,,0,CPU_Mapped,model,877.31,load_tensors:   CPU_Mapped model buffer size =   877.31 MiB
npu-first-unplugged-v1-1.5b-r0-ngl0,qwen2.5-coder-1.5b,npu-first-matched,bench,api-20261003T210139Z-UNPLUGGED,[],True,False,0,,,1,CPU_REPACK,model,934.14,load_tensors:   CPU_REPACK model buffer size =   934.14 MiB
npu-first-unplugged-v1-1.5b-r0-ngl0,qwen2.5-coder-1.5b,npu-first-matched,bench,api-20261003T210139Z-UNPLUGGED,[],True,False,0,,,2,CPU,output,0.58,llama_context:        CPU  output buffer size =     0.58 MiB
npu-first-unplugged-v1-1.5b-r0-ngl0,qwen2.5-coder-1.5b,npu-first-matched,bench,api-20261003T210139Z-UNPLUGGED,[],True,False,0,,,3,CPU,KV,14.0,llama_kv_cache:        CPU KV buffer size =    14.00 MiB
npu-first-unplugged-v1-1.5b-r0-ngl0,qwen2.5-coder-1.5b,npu-first-matched,bench,api-20261003T210139Z-UNPLUGGED,[],True,False,0,,,4,CPU,compute,75.69,sched_reserve:        CPU compute buffer size =    75.69 MiB
npu-first-unplugged-v1-1.5b-r0-ngl0,qwen2.5-coder-1.5b,npu-first-matched,bench,api-20261003T210139Z-UNPLUGGED,[],True,False,0,,,5,CPU,output,0.58,llama_context:        CPU  output buffer size =     0.58 MiB
npu-first-unplugged-v1-1.5b-r0-ngl0,qwen2.5-coder-1.5b,npu-first-matched,bench,api-20261003T210139Z-UNPLUGGED,[],True,False,0,,,6,CPU,KV,7.0,llama_kv_cache:        CPU KV buffer size =     7.00 MiB
npu-first-unplugged-v1-1.5b-r0-ngl0,qwen2.5-coder-1.5b,npu-first-matched,bench,api-20261003T210139Z-UNPLUGGED,[],True,False,0,,,7,CPU,compute,37.84,sched_reserve:        CPU compute buffer size =    37.84 MiB
npu-first-unplugged-v1-1.5b-r0-ngl99,qwen2.5-coder-1.5b,npu-first-matched,bench,api-20261003T210139Z-UNPLUGGED,[],True,False,0,,,0,CPU,model,125.19,load_tensors:          CPU model buffer size =   125.19 MiB
npu-first-unplugged-v1-1.5b-r0-ngl99,qwen2.5-coder-1.5b,npu-first-matched,bench,api-20261003T210139Z-UNPLUGGED,[],True,False,0,,,1,HTP0,model,1023.48,load_tensors:         HTP0 model buffer size =  1023.48 MiB
npu-first-unplugged-v1-1.5b-r0-ngl99,qwen2.5-coder-1.5b,npu-first-matched,bench,api-20261003T210139Z-UNPLUGGED,[],True,False,0,,,2,CPU,output,0.58,llama_context:        CPU  output buffer size =     0.58 MiB
npu-first-unplugged-v1-1.5b-r0-ngl99,qwen2.5-coder-1.5b,npu-first-matched,bench,api-20261003T210139Z-UNPLUGGED,[],True,False,0,,,3,HTP0,KV,14.0,llama_kv_cache:       HTP0 KV buffer size =    14.00 MiB
npu-first-unplugged-v1-1.5b-r0-ngl99,qwen2.5-coder-1.5b,npu-first-matched,bench,api-20261003T210139Z-UNPLUGGED,[],True,False,0,,,4,HTP0,compute,74.94,sched_reserve:       HTP0 compute buffer size =    74.94 MiB
npu-first-unplugged-v1-1.5b-r0-ngl99,qwen2.5-coder-1.5b,npu-first-matched,bench,api-20261003T210139Z-UNPLUGGED,[],True,False,0,,,5,CPU,compute,2.0,sched_reserve:        CPU compute buffer size =     2.00 MiB
npu-first-unplugged-v1-1.5b-r0-ngl99,qwen2.5-coder-1.5b,npu-first-matched,bench,api-20261003T210139Z-UNPLUGGED,[],True,False,0,,,6,CPU,output,0.58,llama_context:        CPU  output buffer size =     0.58 MiB
npu-first-unplugged-v1-1.5b-r0-ngl99,qwen2.5-coder-1.5b,npu-first-matched,bench,api-20261003T210139Z-UNPLUGGED,[],True,False,0,,,7,HTP0,KV,7.0,llama_kv_cache:       HTP0 KV buffer size =     7.00 MiB
npu-first-unplugged-v1-1.5b-r0-ngl99,qwen2.5-coder-1.5b,npu-first-matched,bench,api-20261003T210139Z-UNPLUGGED,[],True,False,0,,,8,HTP0,compute,37.47,sched_reserve:       HTP0 compute buffer size =    37.47 MiB
npu-first-unplugged-v1-1.5b-r0-ngl99,qwen2.5-coder-1.5b,npu-first-matched,bench,api-20261003T210139Z-UNPLUGGED,[],True,False,0,,,9,CPU,compute,0.94,sched_reserve:        CPU compute buffer size =     0.94 MiB
npu-first-unplugged-v1-1.5b-r1-ngl0,qwen2.5-coder-1.5b,npu-first-matched,bench,api-20261003T210139Z-UNPLUGGED,[],True,False,0,,,0,CPU_Mapped,model,877.31,load_tensors:   CPU_Mapped model buffer size =   877.31 MiB
npu-first-unplugged-v1-1.5b-r1-ngl0,qwen2.5-coder-1.5b,npu-first-matched,bench,api-20261003T210139Z-UNPLUGGED,[],True,False,0,,,1,CPU_REPACK,model,934.14,load_tensors:   CPU_REPACK model buffer size =   934.14 MiB
npu-first-unplugged-v1-1.5b-r1-ngl0,qwen2.5-coder-1.5b,npu-first-matched,bench,api-20261003T210139Z-UNPLUGGED,[],True,False,0,,,2,CPU,output,0.58,llama_context:        CPU  output buffer size =     0.58 MiB
npu-first-unplugged-v1-1.5b-r1-ngl0,qwen2.5-coder-1.5b,npu-first-matched,bench,api-20261003T210139Z-UNPLUGGED,[],True,False,0,,,3,CPU,KV,14.0,llama_kv_cache:        CPU KV buffer size =    14.00 MiB
npu-first-unplugged-v1-1.5b-r1-ngl0,qwen2.5-coder-1.5b,npu-first-matched,bench,api-20261003T210139Z-UNPLUGGED,[],True,False,0,,,4,CPU,compute,75.69,sched_reserve:        CPU compute buffer size =    75.69 MiB
npu-first-unplugged-v1-1.5b-r1-ngl0,qwen2.5-coder-1.5b,npu-first-matched,bench,api-20261003T210139Z-UNPLUGGED,[],True,False,0,,,5,CPU,output,0.58,llama_context:        CPU  output buffer size =     0.58 MiB
npu-first-unplugged-v1-1.5b-r1-ngl0,qwen2.5-coder-1.5b,npu-first-matched,bench,api-20261003T210139Z-UNPLUGGED,[],True,False,0,,,6,CPU,KV,7.0,llama_kv_cache:        CPU KV buffer size =     7.00 MiB
npu-first-unplugged-v1-1.5b-r1-ngl0,qwen2.5-coder-1.5b,npu-first-matched,bench,api-20261003T210139Z-UNPLUGGED,[],True,False,0,,,7,CPU,compute,37.84,sched_reserve:        CPU compute buffer size =    37.84 MiB
npu-first-unplugged-v1-1.5b-r1-ngl99,qwen2.5-coder-1.5b,npu-first-matched,bench,api-20261003T210139Z-UNPLUGGED,[],True,False,0,,,0,CPU,model,125.19,load_tensors:          CPU model buffer size =   125.19 MiB
npu-first-unplugged-v1-1.5b-r1-ngl99,qwen2.5-coder-1.5b,npu-first-matched,bench,api-20261003T210139Z-UNPLUGGED,[],True,False,0,,,1,HTP0,model,1023.48,load_tensors:         HTP0 model buffer size =  1023.48 MiB
npu-first-unplugged-v1-1.5b-r1-ngl99,qwen2.5-coder-1.5b,npu-first-matched,bench,api-20261003T210139Z-UNPLUGGED,[],True,False,0,,,2,CPU,output,0.58,llama_context:        CPU  output buffer size =     0.58 MiB
npu-first-unplugged-v1-1.5b-r1-ngl99,qwen2.5-coder-1.5b,npu-first-matched,bench,api-20261003T210139Z-UNPLUGGED,[],True,False,0,,,3,HTP0,KV,14.0,llama_kv_cache:       HTP0 KV buffer size =    14.00 MiB
npu-first-unplugged-v1-1.5b-r1-ngl99,qwen2.5-coder-1.5b,npu-first-matched,bench,api-20261003T210139Z-UNPLUGGED,[],True,False,0,,,4,HTP0,compute,74.94,sched_reserve:       HTP0 compute buffer size =    74.94 MiB
npu-first-unplugged-v1-1.5b-r1-ngl99,qwen2.5-coder-1.5b,npu-first-matched,bench,api-20261003T210139Z-UNPLUGGED,[],True,False,0,,,5,CPU,compute,2.0,sched_reserve:        CPU compute buffer size =     2.00 MiB
npu-first-unplugged-v1-1.5b-r1-ngl99,qwen2.5-coder-1.5b,npu-first-matched,bench,api-20261003T210139Z-UNPLUGGED,[],True,False,0,,,6,CPU,output,0.58,llama_context:        CPU  output buffer size =     0.58 MiB
npu-first-unplugged-v1-1.5b-r1-ngl99,qwen2.5-coder-1.5b,npu-first-matched,bench,api-20261003T210139Z-UNPLUGGED,[],True,False,0,,,7,HTP0,KV,7.0,llama_kv_cache:       HTP0 KV buffer size =     7.00 MiB
npu-first-unplugged-v1-1.5b-r1-ngl99,qwen2.5-coder-1.5b,npu-first-matched,bench,api-20261003T210139Z-UNPLUGGED,[],True,False,0,,,8,HTP0,compute,37.47,sched_reserve:       HTP0 compute buffer size =    37.47 MiB
npu-first-unplugged-v1-1.5b-r1-ngl99,qwen2.5-coder-1.5b,npu-first-matched,bench,api-20261003T210139Z-UNPLUGGED,[],True,False,0,,,9,CPU,compute,0.94,sched_reserve:        CPU compute buffer size =     0.94 MiB
npu-first-unplugged-v1-1.5b-r2-ngl0,qwen2.5-coder-1.5b,npu-first-matched,bench,api-20261003T210139Z-UNPLUGGED,[],True,False,0,,,0,CPU_Mapped,model,877.31,load_tensors:   CPU_Mapped model buffer size =   877.31 MiB
npu-first-unplugged-v1-1.5b-r2-ngl0,qwen2.5-coder-1.5b,npu-first-matched,bench,api-20261003T210139Z-UNPLUGGED,[],True,False,0,,,1,CPU_REPACK,model,934.14,load_tensors:   CPU_REPACK model buffer size =   934.14 MiB
npu-first-unplugged-v1-1.5b-r2-ngl0,qwen2.5-coder-1.5b,npu-first-matched,bench,api-20261003T210139Z-UNPLUGGED,[],True,False,0,,,2,CPU,output,0.58,llama_context:        CPU  output buffer size =     0.58 MiB
npu-first-unplugged-v1-1.5b-r2-ngl0,qwen2.5-coder-1.5b,npu-first-matched,bench,api-20261003T210139Z-UNPLUGGED,[],True,False,0,,,3,CPU,KV,14.0,llama_kv_cache:        CPU KV buffer size =    14.00 MiB
npu-first-unplugged-v1-1.5b-r2-ngl0,qwen2.5-coder-1.5b,npu-first-matched,bench,api-20261003T210139Z-UNPLUGGED,[],True,False,0,,,4,CPU,compute,75.69,sched_reserve:        CPU compute buffer size =    75.69 MiB
npu-first-unplugged-v1-1.5b-r2-ngl0,qwen2.5-coder-1.5b,npu-first-matched,bench,api-20261003T210139Z-UNPLUGGED,[],True,False,0,,,5,CPU,output,0.58,llama_context:        CPU  output buffer size =     0.58 MiB
npu-first-unplugged-v1-1.5b-r2-ngl0,qwen2.5-coder-1.5b,npu-first-matched,bench,api-20261003T210139Z-UNPLUGGED,[],True,False,0,,,6,CPU,KV,7.0,llama_kv_cache:        CPU KV buffer size =     7.00 MiB
npu-first-unplugged-v1-1.5b-r2-ngl0,qwen2.5-coder-1.5b,npu-first-matched,bench,api-20261003T210139Z-UNPLUGGED,[],True,False,0,,,7,CPU,compute,37.84,sched_reserve:        CPU compute buffer size =    37.84 MiB
npu-first-unplugged-v1-1.5b-r2-ngl99,qwen2.5-coder-1.5b,npu-first-matched,bench,api-20261003T210139Z-UNPLUGGED,[],True,False,0,,,0,CPU,model,125.19,load_tensors:          CPU model buffer size =   125.19 MiB
npu-first-unplugged-v1-1.5b-r2-ngl99,qwen2.5-coder-1.5b,npu-first-matched,bench,api-20261003T210139Z-UNPLUGGED,[],True,False,0,,,1,HTP0,model,1023.48,load_tensors:         HTP0 model buffer size =  1023.48 MiB
npu-first-unplugged-v1-1.5b-r2-ngl99,qwen2.5-coder-1.5b,npu-first-matched,bench,api-20261003T210139Z-UNPLUGGED,[],True,False,0,,,2,CPU,output,0.58,llama_context:        CPU  output buffer size =     0.58 MiB
npu-first-unplugged-v1-1.5b-r2-ngl99,qwen2.5-coder-1.5b,npu-first-matched,bench,api-20261003T210139Z-UNPLUGGED,[],True,False,0,,,3,HTP0,KV,14.0,llama_kv_cache:       HTP0 KV buffer size =    14.00 MiB
npu-first-unplugged-v1-1.5b-r2-ngl99,qwen2.5-coder-1.5b,npu-first-matched,bench,api-20261003T210139Z-UNPLUGGED,[],True,False,0,,,4,HTP0,compute,74.94,sched_reserve:       HTP0 compute buffer size =    74.94 MiB
npu-first-unplugged-v1-1.5b-r2-ngl99,qwen2.5-coder-1.5b,npu-first-matched,bench,api-20261003T210139Z-UNPLUGGED,[],True,False,0,,,5,CPU,compute,2.0,sched_reserve:        CPU compute buffer size =     2.00 MiB
npu-first-unplugged-v1-1.5b-r2-ngl99,qwen2.5-coder-1.5b,npu-first-matched,bench,api-20261003T210139Z-UNPLUGGED,[],True,False,0,,,6,CPU,output,0.58,llama_context:        CPU  output buffer size =     0.58 MiB
npu-first-unplugged-v1-1.5b-r2-ngl99,qwen2.5-coder-1.5b,npu-first-matched,bench,api-20261003T210139Z-UNPLUGGED,[],True,False,0,,,7,HTP0,KV,7.0,llama_kv_cache:       HTP0 KV buffer size =     7.00 MiB
npu-first-unplugged-v1-1.5b-r2-ngl99,qwen2.5-coder-1.5b,npu-first-matched,bench,api-20261003T210139Z-UNPLUGGED,[],True,False,0,,,8,HTP0,compute,37.47,sched_reserve:       HTP0 compute buffer size =    37.47 MiB
npu-first-unplugged-v1-1.5b-r2-ngl99,qwen2.5-coder-1.5b,npu-first-matched,bench,api-20261003T210139Z-UNPLUGGED,[],True,False,0,,,9,CPU,compute,0.94,sched_reserve:        CPU compute buffer size =     0.94 MiB
npu-fourb-matched-unplugged-v1-r0-ngl0,qwen3-4b-instruct,npu-first-matched,bench,api-20261003T210139Z-UNPLUGGED,[],True,False,0,,,0,CPU_Mapped,model,2362.55,load_tensors:   CPU_Mapped model buffer size =  2362.55 MiB
npu-fourb-matched-unplugged-v1-r0-ngl0,qwen3-4b-instruct,npu-first-matched,bench,api-20261003T210139Z-UNPLUGGED,[],True,False,0,,,1,CPU_REPACK,model,2375.16,load_tensors:   CPU_REPACK model buffer size =  2375.16 MiB
npu-fourb-matched-unplugged-v1-r0-ngl0,qwen3-4b-instruct,npu-first-matched,bench,api-20261003T210139Z-UNPLUGGED,[],True,False,0,,,2,CPU,output,0.58,llama_context:        CPU  output buffer size =     0.58 MiB
npu-fourb-matched-unplugged-v1-r0-ngl0,qwen3-4b-instruct,npu-first-matched,bench,api-20261003T210139Z-UNPLUGGED,[],True,False,0,,,3,CPU,KV,72.0,llama_kv_cache:        CPU KV buffer size =    72.00 MiB
npu-fourb-matched-unplugged-v1-r0-ngl0,qwen3-4b-instruct,npu-first-matched,bench,api-20261003T210139Z-UNPLUGGED,[],True,False,0,,,4,CPU,compute,76.69,sched_reserve:        CPU compute buffer size =    76.69 MiB
npu-fourb-matched-unplugged-v1-r0-ngl0,qwen3-4b-instruct,npu-first-matched,bench,api-20261003T210139Z-UNPLUGGED,[],True,False,0,,,5,CPU,output,0.58,llama_context:        CPU  output buffer size =     0.58 MiB
npu-fourb-matched-unplugged-v1-r0-ngl0,qwen3-4b-instruct,npu-first-matched,bench,api-20261003T210139Z-UNPLUGGED,[],True,False,0,,,6,CPU,KV,36.0,llama_kv_cache:        CPU KV buffer size =    36.00 MiB
npu-fourb-matched-unplugged-v1-r0-ngl0,qwen3-4b-instruct,npu-first-matched,bench,api-20261003T210139Z-UNPLUGGED,[],True,False,0,,,7,CPU,compute,38.34,sched_reserve:        CPU compute buffer size =    38.34 MiB
npu-fourb-matched-unplugged-v1-r0-ngl99,qwen3-4b-instruct,npu-first-matched,bench,api-20261003T210139Z-UNPLUGGED,[],True,False,0,,,0,CPU,model,304.28,load_tensors:          CPU model buffer size =   304.28 MiB
npu-fourb-matched-unplugged-v1-r0-ngl99,qwen3-4b-instruct,npu-first-matched,bench,api-20261003T210139Z-UNPLUGGED,[],True,False,0,,,1,HTP0,model,2609.07,load_tensors:         HTP0 model buffer size =  2609.07 MiB
npu-fourb-matched-unplugged-v1-r0-ngl99,qwen3-4b-instruct,npu-first-matched,bench,api-20261003T210139Z-UNPLUGGED,[],True,False,0,,,2,CPU,output,0.58,llama_context:        CPU  output buffer size =     0.58 MiB
npu-fourb-matched-unplugged-v1-r0-ngl99,qwen3-4b-instruct,npu-first-matched,bench,api-20261003T210139Z-UNPLUGGED,[],True,False,0,,,3,HTP0,KV,72.0,llama_kv_cache:       HTP0 KV buffer size =    72.00 MiB
npu-fourb-matched-unplugged-v1-r0-ngl99,qwen3-4b-instruct,npu-first-matched,bench,api-20261003T210139Z-UNPLUGGED,[],True,False,0,,,4,HTP0,compute,75.44,sched_reserve:       HTP0 compute buffer size =    75.44 MiB
npu-fourb-matched-unplugged-v1-r0-ngl99,qwen3-4b-instruct,npu-first-matched,bench,api-20261003T210139Z-UNPLUGGED,[],True,False,0,,,5,CPU,compute,3.75,sched_reserve:        CPU compute buffer size =     3.75 MiB
npu-fourb-matched-unplugged-v1-r0-ngl99,qwen3-4b-instruct,npu-first-matched,bench,api-20261003T210139Z-UNPLUGGED,[],True,False,0,,,6,CPU,output,0.58,llama_context:        CPU  output buffer size =     0.58 MiB
npu-fourb-matched-unplugged-v1-r0-ngl99,qwen3-4b-instruct,npu-first-matched,bench,api-20261003T210139Z-UNPLUGGED,[],True,False,0,,,7,HTP0,KV,36.0,llama_kv_cache:       HTP0 KV buffer size =    36.00 MiB
npu-fourb-matched-unplugged-v1-r0-ngl99,qwen3-4b-instruct,npu-first-matched,bench,api-20261003T210139Z-UNPLUGGED,[],True,False,0,,,8,HTP0,compute,37.72,sched_reserve:       HTP0 compute buffer size =    37.72 MiB
npu-fourb-matched-unplugged-v1-r0-ngl99,qwen3-4b-instruct,npu-first-matched,bench,api-20261003T210139Z-UNPLUGGED,[],True,False,0,,,9,CPU,compute,1.81,sched_reserve:        CPU compute buffer size =     1.81 MiB
npu-fourb-matched-unplugged-v1-r1-ngl0,qwen3-4b-instruct,npu-first-matched,bench,api-20261003T210139Z-UNPLUGGED,[],True,False,0,,,0,CPU_Mapped,model,2362.55,load_tensors:   CPU_Mapped model buffer size =  2362.55 MiB
npu-fourb-matched-unplugged-v1-r1-ngl0,qwen3-4b-instruct,npu-first-matched,bench,api-20261003T210139Z-UNPLUGGED,[],True,False,0,,,1,CPU_REPACK,model,2375.16,load_tensors:   CPU_REPACK model buffer size =  2375.16 MiB
npu-fourb-matched-unplugged-v1-r1-ngl0,qwen3-4b-instruct,npu-first-matched,bench,api-20261003T210139Z-UNPLUGGED,[],True,False,0,,,2,CPU,output,0.58,llama_context:        CPU  output buffer size =     0.58 MiB
npu-fourb-matched-unplugged-v1-r1-ngl0,qwen3-4b-instruct,npu-first-matched,bench,api-20261003T210139Z-UNPLUGGED,[],True,False,0,,,3,CPU,KV,72.0,llama_kv_cache:        CPU KV buffer size =    72.00 MiB
npu-fourb-matched-unplugged-v1-r1-ngl0,qwen3-4b-instruct,npu-first-matched,bench,api-20261003T210139Z-UNPLUGGED,[],True,False,0,,,4,CPU,compute,76.69,sched_reserve:        CPU compute buffer size =    76.69 MiB
npu-fourb-matched-unplugged-v1-r1-ngl0,qwen3-4b-instruct,npu-first-matched,bench,api-20261003T210139Z-UNPLUGGED,[],True,False,0,,,5,CPU,output,0.58,llama_context:        CPU  output buffer size =     0.58 MiB
npu-fourb-matched-unplugged-v1-r1-ngl0,qwen3-4b-instruct,npu-first-matched,bench,api-20261003T210139Z-UNPLUGGED,[],True,False,0,,,6,CPU,KV,36.0,llama_kv_cache:        CPU KV buffer size =    36.00 MiB
npu-fourb-matched-unplugged-v1-r1-ngl0,qwen3-4b-instruct,npu-first-matched,bench,api-20261003T210139Z-UNPLUGGED,[],True,False,0,,,7,CPU,compute,38.34,sched_reserve:        CPU compute buffer size =    38.34 MiB
npu-fourb-matched-unplugged-v1-r1-ngl99,qwen3-4b-instruct,npu-first-matched,bench,api-20261003T210139Z-UNPLUGGED,[],True,False,0,,,0,CPU,model,304.28,load_tensors:          CPU model buffer size =   304.28 MiB
npu-fourb-matched-unplugged-v1-r1-ngl99,qwen3-4b-instruct,npu-first-matched,bench,api-20261003T210139Z-UNPLUGGED,[],True,False,0,,,1,HTP0,model,2609.07,load_tensors:         HTP0 model buffer size =  2609.07 MiB
npu-fourb-matched-unplugged-v1-r1-ngl99,qwen3-4b-instruct,npu-first-matched,bench,api-20261003T210139Z-UNPLUGGED,[],True,False,0,,,2,CPU,output,0.58,llama_context:        CPU  output buffer size =     0.58 MiB
npu-fourb-matched-unplugged-v1-r1-ngl99,qwen3-4b-instruct,npu-first-matched,bench,api-20261003T210139Z-UNPLUGGED,[],True,False,0,,,3,HTP0,KV,72.0,llama_kv_cache:       HTP0 KV buffer size =    72.00 MiB
npu-fourb-matched-unplugged-v1-r1-ngl99,qwen3-4b-instruct,npu-first-matched,bench,api-20261003T210139Z-UNPLUGGED,[],True,False,0,,,4,HTP0,compute,75.44,sched_reserve:       HTP0 compute buffer size =    75.44 MiB
npu-fourb-matched-unplugged-v1-r1-ngl99,qwen3-4b-instruct,npu-first-matched,bench,api-20261003T210139Z-UNPLUGGED,[],True,False,0,,,5,CPU,compute,3.75,sched_reserve:        CPU compute buffer size =     3.75 MiB
npu-fourb-matched-unplugged-v1-r1-ngl99,qwen3-4b-instruct,npu-first-matched,bench,api-20261003T210139Z-UNPLUGGED,[],True,False,0,,,6,CPU,output,0.58,llama_context:        CPU  output buffer size =     0.58 MiB
npu-fourb-matched-unplugged-v1-r1-ngl99,qwen3-4b-instruct,npu-first-matched,bench,api-20261003T210139Z-UNPLUGGED,[],True,False,0,,,7,HTP0,KV,36.0,llama_kv_cache:       HTP0 KV buffer size =    36.00 MiB
npu-fourb-matched-unplugged-v1-r1-ngl99,qwen3-4b-instruct,npu-first-matched,bench,api-20261003T210139Z-UNPLUGGED,[],True,False,0,,,8,HTP0,compute,37.72,sched_reserve:       HTP0 compute buffer size =    37.72 MiB
npu-fourb-matched-unplugged-v1-r1-ngl99,qwen3-4b-instruct,npu-first-matched,bench,api-20261003T210139Z-UNPLUGGED,[],True,False,0,,,9,CPU,compute,1.81,sched_reserve:        CPU compute buffer size =     1.81 MiB
npu-fourb-matched-unplugged-v1-r2-ngl0,qwen3-4b-instruct,npu-first-matched,bench,api-20261003T210139Z-UNPLUGGED,[],True,False,0,,,0,CPU_Mapped,model,2362.55,load_tensors:   CPU_Mapped model buffer size =  2362.55 MiB
npu-fourb-matched-unplugged-v1-r2-ngl0,qwen3-4b-instruct,npu-first-matched,bench,api-20261003T210139Z-UNPLUGGED,[],True,False,0,,,1,CPU_REPACK,model,2375.16,load_tensors:   CPU_REPACK model buffer size =  2375.16 MiB
npu-fourb-matched-unplugged-v1-r2-ngl0,qwen3-4b-instruct,npu-first-matched,bench,api-20261003T210139Z-UNPLUGGED,[],True,False,0,,,2,CPU,output,0.58,llama_context:        CPU  output buffer size =     0.58 MiB
npu-fourb-matched-unplugged-v1-r2-ngl0,qwen3-4b-instruct,npu-first-matched,bench,api-20261003T210139Z-UNPLUGGED,[],True,False,0,,,3,CPU,KV,72.0,llama_kv_cache:        CPU KV buffer size =    72.00 MiB
npu-fourb-matched-unplugged-v1-r2-ngl0,qwen3-4b-instruct,npu-first-matched,bench,api-20261003T210139Z-UNPLUGGED,[],True,False,0,,,4,CPU,compute,76.69,sched_reserve:        CPU compute buffer size =    76.69 MiB
npu-fourb-matched-unplugged-v1-r2-ngl0,qwen3-4b-instruct,npu-first-matched,bench,api-20261003T210139Z-UNPLUGGED,[],True,False,0,,,5,CPU,output,0.58,llama_context:        CPU  output buffer size =     0.58 MiB
npu-fourb-matched-unplugged-v1-r2-ngl0,qwen3-4b-instruct,npu-first-matched,bench,api-20261003T210139Z-UNPLUGGED,[],True,False,0,,,6,CPU,KV,36.0,llama_kv_cache:        CPU KV buffer size =    36.00 MiB
npu-fourb-matched-unplugged-v1-r2-ngl0,qwen3-4b-instruct,npu-first-matched,bench,api-20261003T210139Z-UNPLUGGED,[],True,False,0,,,7,CPU,compute,38.34,sched_reserve:        CPU compute buffer size =    38.34 MiB
npu-fourb-matched-unplugged-v1-r2-ngl99,qwen3-4b-instruct,npu-first-matched,bench,api-20261003T210139Z-UNPLUGGED,[],True,False,0,,,0,CPU,model,304.28,load_tensors:          CPU model buffer size =   304.28 MiB
npu-fourb-matched-unplugged-v1-r2-ngl99,qwen3-4b-instruct,npu-first-matched,bench,api-20261003T210139Z-UNPLUGGED,[],True,False,0,,,1,HTP0,model,2609.07,load_tensors:         HTP0 model buffer size =  2609.07 MiB
npu-fourb-matched-unplugged-v1-r2-ngl99,qwen3-4b-instruct,npu-first-matched,bench,api-20261003T210139Z-UNPLUGGED,[],True,False,0,,,2,CPU,output,0.58,llama_context:        CPU  output buffer size =     0.58 MiB
npu-fourb-matched-unplugged-v1-r2-ngl99,qwen3-4b-instruct,npu-first-matched,bench,api-20261003T210139Z-UNPLUGGED,[],True,False,0,,,3,HTP0,KV,72.0,llama_kv_cache:       HTP0 KV buffer size =    72.00 MiB
npu-fourb-matched-unplugged-v1-r2-ngl99,qwen3-4b-instruct,npu-first-matched,bench,api-20261003T210139Z-UNPLUGGED,[],True,False,0,,,4,HTP0,compute,75.44,sched_reserve:       HTP0 compute buffer size =    75.44 MiB
npu-fourb-matched-unplugged-v1-r2-ngl99,qwen3-4b-instruct,npu-first-matched,bench,api-20261003T210139Z-UNPLUGGED,[],True,False,0,,,5,CPU,compute,3.75,sched_reserve:        CPU compute buffer size =     3.75 MiB
npu-fourb-matched-unplugged-v1-r2-ngl99,qwen3-4b-instruct,npu-first-matched,bench,api-20261003T210139Z-UNPLUGGED,[],True,False,0,,,6,CPU,output,0.58,llama_context:        CPU  output buffer size =     0.58 MiB
npu-fourb-matched-unplugged-v1-r2-ngl99,qwen3-4b-instruct,npu-first-matched,bench,api-20261003T210139Z-UNPLUGGED,[],True,False,0,,,7,HTP0,KV,36.0,llama_kv_cache:       HTP0 KV buffer size =    36.00 MiB
npu-fourb-matched-unplugged-v1-r2-ngl99,qwen3-4b-instruct,npu-first-matched,bench,api-20261003T210139Z-UNPLUGGED,[],True,False,0,,,8,HTP0,compute,37.72,sched_reserve:       HTP0 compute buffer size =    37.72 MiB
npu-fourb-matched-unplugged-v1-r2-ngl99,qwen3-4b-instruct,npu-first-matched,bench,api-20261003T210139Z-UNPLUGGED,[],True,False,0,,,9,CPU,compute,1.81,sched_reserve:        CPU compute buffer size =     1.81 MiB
npu-hybrid-quality-v1-qwen2.5-coder-1.5b-cpu,qwen2.5-coder-1.5b,npu-hybrid-quality,hybrid,api-20261003T210139Z-UNPLUGGED,[],True,True,0,,512,0,CPU_Mapped,model,877.31,load_tensors:   CPU_Mapped model buffer size =   877.31 MiB
npu-hybrid-quality-v1-qwen2.5-coder-1.5b-cpu,qwen2.5-coder-1.5b,npu-hybrid-quality,hybrid,api-20261003T210139Z-UNPLUGGED,[],True,True,0,,512,1,CPU_REPACK,model,934.14,load_tensors:   CPU_REPACK model buffer size =   934.14 MiB
npu-hybrid-quality-v1-qwen2.5-coder-1.5b-cpu,qwen2.5-coder-1.5b,npu-hybrid-quality,hybrid,api-20261003T210139Z-UNPLUGGED,[],True,True,0,,512,2,CPU,output,0.58,llama_context:        CPU  output buffer size =     0.58 MiB
npu-hybrid-quality-v1-qwen2.5-coder-1.5b-cpu,qwen2.5-coder-1.5b,npu-hybrid-quality,hybrid,api-20261003T210139Z-UNPLUGGED,[],True,True,0,,512,3,CPU,KV,14.0,llama_kv_cache:        CPU KV buffer size =    14.00 MiB
npu-hybrid-quality-v1-qwen2.5-coder-1.5b-cpu,qwen2.5-coder-1.5b,npu-hybrid-quality,hybrid,api-20261003T210139Z-UNPLUGGED,[],True,True,0,,512,4,CPU,compute,75.69,sched_reserve:        CPU compute buffer size =    75.69 MiB
npu-hybrid-quality-v1-qwen2.5-coder-1.5b-gpu,qwen2.5-coder-1.5b,npu-hybrid-quality,hybrid,api-20261003T210139Z-UNPLUGGED,[],True,True,0,,512,0,CPU_Mapped,model,125.19,load_tensors:   CPU_Mapped model buffer size =   125.19 MiB
npu-hybrid-quality-v1-qwen2.5-coder-1.5b-gpu,qwen2.5-coder-1.5b,npu-hybrid-quality,hybrid,api-20261003T210139Z-UNPLUGGED,[],True,True,0,,512,1,HTP0,model,1023.48,load_tensors:         HTP0 model buffer size =  1023.48 MiB
npu-hybrid-quality-v1-qwen2.5-coder-1.5b-gpu,qwen2.5-coder-1.5b,npu-hybrid-quality,hybrid,api-20261003T210139Z-UNPLUGGED,[],True,True,0,,512,2,CPU,output,0.58,llama_context:        CPU  output buffer size =     0.58 MiB
npu-hybrid-quality-v1-qwen2.5-coder-1.5b-gpu,qwen2.5-coder-1.5b,npu-hybrid-quality,hybrid,api-20261003T210139Z-UNPLUGGED,[],True,True,0,,512,3,HTP0,KV,14.0,llama_kv_cache:       HTP0 KV buffer size =    14.00 MiB
npu-hybrid-quality-v1-qwen2.5-coder-1.5b-gpu,qwen2.5-coder-1.5b,npu-hybrid-quality,hybrid,api-20261003T210139Z-UNPLUGGED,[],True,True,0,,512,4,HTP0,compute,74.94,sched_reserve:       HTP0 compute buffer size =    74.94 MiB
npu-hybrid-quality-v1-qwen2.5-coder-1.5b-gpu,qwen2.5-coder-1.5b,npu-hybrid-quality,hybrid,api-20261003T210139Z-UNPLUGGED,[],True,True,0,,512,5,CPU,compute,2.0,sched_reserve:        CPU compute buffer size =     2.00 MiB
npu-hybrid-quality-v1-qwen2.5-coder-1.5b-hybrid,qwen2.5-coder-1.5b,npu-hybrid-quality,hybrid,api-20261003T210139Z-UNPLUGGED,[],True,True,0,,512,0,CPU_Mapped,model,125.19,load_tensors:   CPU_Mapped model buffer size =   125.19 MiB
npu-hybrid-quality-v1-qwen2.5-coder-1.5b-hybrid,qwen2.5-coder-1.5b,npu-hybrid-quality,hybrid,api-20261003T210139Z-UNPLUGGED,[],True,True,0,,512,1,HTP0,model,1023.48,load_tensors:         HTP0 model buffer size =  1023.48 MiB
npu-hybrid-quality-v1-qwen2.5-coder-1.5b-hybrid,qwen2.5-coder-1.5b,npu-hybrid-quality,hybrid,api-20261003T210139Z-UNPLUGGED,[],True,True,0,,512,2,CPU,output,0.58,llama_context:        CPU  output buffer size =     0.58 MiB
npu-hybrid-quality-v1-qwen2.5-coder-1.5b-hybrid,qwen2.5-coder-1.5b,npu-hybrid-quality,hybrid,api-20261003T210139Z-UNPLUGGED,[],True,True,0,,512,3,HTP0,KV,14.0,llama_kv_cache:       HTP0 KV buffer size =    14.00 MiB
npu-hybrid-quality-v1-qwen2.5-coder-1.5b-hybrid,qwen2.5-coder-1.5b,npu-hybrid-quality,hybrid,api-20261003T210139Z-UNPLUGGED,[],True,True,0,,512,4,HTP0,compute,74.94,sched_reserve:       HTP0 compute buffer size =    74.94 MiB
npu-hybrid-quality-v1-qwen2.5-coder-1.5b-hybrid,qwen2.5-coder-1.5b,npu-hybrid-quality,hybrid,api-20261003T210139Z-UNPLUGGED,[],True,True,0,,512,5,CPU,compute,2.0,sched_reserve:        CPU compute buffer size =     2.00 MiB
npu-hybrid-quality-v1-qwen2.5-coder-1.5b-hybrid,qwen2.5-coder-1.5b,npu-hybrid-quality,hybrid,api-20261003T210139Z-UNPLUGGED,[],True,True,0,,512,6,CPU,compute,75.69,sched_reserve:        CPU compute buffer size =    75.69 MiB
npu-hybrid-quality-v1-qwen3-4b-instruct-cpu,qwen3-4b-instruct,npu-hybrid-quality,hybrid,api-20261003T210139Z-UNPLUGGED,[],True,True,0,,512,0,CPU_Mapped,model,2362.55,load_tensors:   CPU_Mapped model buffer size =  2362.55 MiB
npu-hybrid-quality-v1-qwen3-4b-instruct-cpu,qwen3-4b-instruct,npu-hybrid-quality,hybrid,api-20261003T210139Z-UNPLUGGED,[],True,True,0,,512,1,CPU_REPACK,model,2375.16,load_tensors:   CPU_REPACK model buffer size =  2375.16 MiB
npu-hybrid-quality-v1-qwen3-4b-instruct-cpu,qwen3-4b-instruct,npu-hybrid-quality,hybrid,api-20261003T210139Z-UNPLUGGED,[],True,True,0,,512,2,CPU,output,0.58,llama_context:        CPU  output buffer size =     0.58 MiB
npu-hybrid-quality-v1-qwen3-4b-instruct-cpu,qwen3-4b-instruct,npu-hybrid-quality,hybrid,api-20261003T210139Z-UNPLUGGED,[],True,True,0,,512,3,CPU,KV,72.0,llama_kv_cache:        CPU KV buffer size =    72.00 MiB
npu-hybrid-quality-v1-qwen3-4b-instruct-cpu,qwen3-4b-instruct,npu-hybrid-quality,hybrid,api-20261003T210139Z-UNPLUGGED,[],True,True,0,,512,4,CPU,compute,76.69,sched_reserve:        CPU compute buffer size =    76.69 MiB
npu-hybrid-quality-v1-qwen3-4b-instruct-gpu,qwen3-4b-instruct,npu-hybrid-quality,hybrid,api-20261003T210139Z-UNPLUGGED,[],True,True,0,,512,0,CPU_Mapped,model,304.28,load_tensors:   CPU_Mapped model buffer size =   304.28 MiB
npu-hybrid-quality-v1-qwen3-4b-instruct-gpu,qwen3-4b-instruct,npu-hybrid-quality,hybrid,api-20261003T210139Z-UNPLUGGED,[],True,True,0,,512,1,HTP0,model,2609.07,load_tensors:         HTP0 model buffer size =  2609.07 MiB
npu-hybrid-quality-v1-qwen3-4b-instruct-gpu,qwen3-4b-instruct,npu-hybrid-quality,hybrid,api-20261003T210139Z-UNPLUGGED,[],True,True,0,,512,2,CPU,output,0.58,llama_context:        CPU  output buffer size =     0.58 MiB
npu-hybrid-quality-v1-qwen3-4b-instruct-gpu,qwen3-4b-instruct,npu-hybrid-quality,hybrid,api-20261003T210139Z-UNPLUGGED,[],True,True,0,,512,3,HTP0,KV,72.0,llama_kv_cache:       HTP0 KV buffer size =    72.00 MiB
npu-hybrid-quality-v1-qwen3-4b-instruct-gpu,qwen3-4b-instruct,npu-hybrid-quality,hybrid,api-20261003T210139Z-UNPLUGGED,[],True,True,0,,512,4,HTP0,compute,75.44,sched_reserve:       HTP0 compute buffer size =    75.44 MiB
npu-hybrid-quality-v1-qwen3-4b-instruct-gpu,qwen3-4b-instruct,npu-hybrid-quality,hybrid,api-20261003T210139Z-UNPLUGGED,[],True,True,0,,512,5,CPU,compute,3.75,sched_reserve:        CPU compute buffer size =     3.75 MiB
npu-hybrid-quality-v1-qwen3-4b-instruct-hybrid,qwen3-4b-instruct,npu-hybrid-quality,hybrid,api-20261003T210139Z-UNPLUGGED,[],True,True,0,,512,0,CPU_Mapped,model,304.28,load_tensors:   CPU_Mapped model buffer size =   304.28 MiB
npu-hybrid-quality-v1-qwen3-4b-instruct-hybrid,qwen3-4b-instruct,npu-hybrid-quality,hybrid,api-20261003T210139Z-UNPLUGGED,[],True,True,0,,512,1,HTP0,model,2609.07,load_tensors:         HTP0 model buffer size =  2609.07 MiB
npu-hybrid-quality-v1-qwen3-4b-instruct-hybrid,qwen3-4b-instruct,npu-hybrid-quality,hybrid,api-20261003T210139Z-UNPLUGGED,[],True,True,0,,512,2,CPU,output,0.58,llama_context:        CPU  output buffer size =     0.58 MiB
npu-hybrid-quality-v1-qwen3-4b-instruct-hybrid,qwen3-4b-instruct,npu-hybrid-quality,hybrid,api-20261003T210139Z-UNPLUGGED,[],True,True,0,,512,3,HTP0,KV,72.0,llama_kv_cache:       HTP0 KV buffer size =    72.00 MiB
npu-hybrid-quality-v1-qwen3-4b-instruct-hybrid,qwen3-4b-instruct,npu-hybrid-quality,hybrid,api-20261003T210139Z-UNPLUGGED,[],True,True,0,,512,4,HTP0,compute,75.44,sched_reserve:       HTP0 compute buffer size =    75.44 MiB
npu-hybrid-quality-v1-qwen3-4b-instruct-hybrid,qwen3-4b-instruct,npu-hybrid-quality,hybrid,api-20261003T210139Z-UNPLUGGED,[],True,True,0,,512,5,CPU,compute,3.75,sched_reserve:        CPU compute buffer size =     3.75 MiB
npu-hybrid-quality-v1-qwen3-4b-instruct-hybrid,qwen3-4b-instruct,npu-hybrid-quality,hybrid,api-20261003T210139Z-UNPLUGGED,[],True,True,0,,512,6,CPU,compute,76.69,sched_reserve:        CPU compute buffer size =    76.69 MiB
npu-matrix-v1-cpu-tuning-qwen2.5-coder-1.5b-100,qwen2.5-coder-1.5b,cpu-tuning,bench,api-20261003T210139Z-UNPLUGGED,[],True,False,0,,,0,CPU_Mapped,model,877.31,load_tensors:   CPU_Mapped model buffer size =   877.31 MiB
npu-matrix-v1-cpu-tuning-qwen2.5-coder-1.5b-100,qwen2.5-coder-1.5b,cpu-tuning,bench,api-20261003T210139Z-UNPLUGGED,[],True,False,0,,,1,CPU_REPACK,model,934.14,load_tensors:   CPU_REPACK model buffer size =   934.14 MiB
npu-matrix-v1-cpu-tuning-qwen2.5-coder-1.5b-100,qwen2.5-coder-1.5b,cpu-tuning,bench,api-20261003T210139Z-UNPLUGGED,[],True,False,0,,,2,CPU,output,0.58,llama_context:        CPU  output buffer size =     0.58 MiB
npu-matrix-v1-cpu-tuning-qwen2.5-coder-1.5b-100,qwen2.5-coder-1.5b,cpu-tuning,bench,api-20261003T210139Z-UNPLUGGED,[],True,False,0,,,3,CPU,KV,14.0,llama_kv_cache:        CPU KV buffer size =    14.00 MiB
npu-matrix-v1-cpu-tuning-qwen2.5-coder-1.5b-100,qwen2.5-coder-1.5b,cpu-tuning,bench,api-20261003T210139Z-UNPLUGGED,[],True,False,0,,,4,CPU,compute,75.69,sched_reserve:        CPU compute buffer size =    75.69 MiB
npu-matrix-v1-cpu-tuning-qwen2.5-coder-1.5b-100,qwen2.5-coder-1.5b,cpu-tuning,bench,api-20261003T210139Z-UNPLUGGED,[],True,False,0,,,5,CPU,output,0.58,llama_context:        CPU  output buffer size =     0.58 MiB
npu-matrix-v1-cpu-tuning-qwen2.5-coder-1.5b-100,qwen2.5-coder-1.5b,cpu-tuning,bench,api-20261003T210139Z-UNPLUGGED,[],True,False,0,,,6,CPU,KV,7.0,llama_kv_cache:        CPU KV buffer size =     7.00 MiB
npu-matrix-v1-cpu-tuning-qwen2.5-coder-1.5b-100,qwen2.5-coder-1.5b,cpu-tuning,bench,api-20261003T210139Z-UNPLUGGED,[],True,False,0,,,7,CPU,compute,37.84,sched_reserve:        CPU compute buffer size =    37.84 MiB
npu-matrix-v1-cpu-tuning-qwen2.5-coder-1.5b-100-topcore-maskBC,qwen2.5-coder-1.5b,cpu-tuning,bench,api-20261003T210139Z-UNPLUGGED,[],True,False,0,,,0,CPU_Mapped,model,877.31,load_tensors:   CPU_Mapped model buffer size =   877.31 MiB
npu-matrix-v1-cpu-tuning-qwen2.5-coder-1.5b-100-topcore-maskBC,qwen2.5-coder-1.5b,cpu-tuning,bench,api-20261003T210139Z-UNPLUGGED,[],True,False,0,,,1,CPU_REPACK,model,934.14,load_tensors:   CPU_REPACK model buffer size =   934.14 MiB
npu-matrix-v1-cpu-tuning-qwen2.5-coder-1.5b-100-topcore-maskBC,qwen2.5-coder-1.5b,cpu-tuning,bench,api-20261003T210139Z-UNPLUGGED,[],True,False,0,,,2,CPU,output,0.58,llama_context:        CPU  output buffer size =     0.58 MiB
npu-matrix-v1-cpu-tuning-qwen2.5-coder-1.5b-100-topcore-maskBC,qwen2.5-coder-1.5b,cpu-tuning,bench,api-20261003T210139Z-UNPLUGGED,[],True,False,0,,,3,CPU,KV,14.0,llama_kv_cache:        CPU KV buffer size =    14.00 MiB
npu-matrix-v1-cpu-tuning-qwen2.5-coder-1.5b-100-topcore-maskBC,qwen2.5-coder-1.5b,cpu-tuning,bench,api-20261003T210139Z-UNPLUGGED,[],True,False,0,,,4,CPU,compute,75.69,sched_reserve:        CPU compute buffer size =    75.69 MiB
npu-matrix-v1-cpu-tuning-qwen2.5-coder-1.5b-100-topcore-maskBC,qwen2.5-coder-1.5b,cpu-tuning,bench,api-20261003T210139Z-UNPLUGGED,[],True,False,0,,,5,CPU,output,0.58,llama_context:        CPU  output buffer size =     0.58 MiB
npu-matrix-v1-cpu-tuning-qwen2.5-coder-1.5b-100-topcore-maskBC,qwen2.5-coder-1.5b,cpu-tuning,bench,api-20261003T210139Z-UNPLUGGED,[],True,False,0,,,6,CPU,KV,7.0,llama_kv_cache:        CPU KV buffer size =     7.00 MiB
npu-matrix-v1-cpu-tuning-qwen2.5-coder-1.5b-100-topcore-maskBC,qwen2.5-coder-1.5b,cpu-tuning,bench,api-20261003T210139Z-UNPLUGGED,[],True,False,0,,,7,CPU,compute,37.84,sched_reserve:        CPU compute buffer size =    37.84 MiB
npu-matrix-v1-cpu-tuning-qwen2.5-coder-1.5b-101,qwen2.5-coder-1.5b,cpu-tuning,bench,api-20261003T210139Z-UNPLUGGED,[],True,False,0,,,0,CPU_Mapped,model,877.31,load_tensors:   CPU_Mapped model buffer size =   877.31 MiB
npu-matrix-v1-cpu-tuning-qwen2.5-coder-1.5b-101,qwen2.5-coder-1.5b,cpu-tuning,bench,api-20261003T210139Z-UNPLUGGED,[],True,False,0,,,1,CPU_REPACK,model,934.14,load_tensors:   CPU_REPACK model buffer size =   934.14 MiB
npu-matrix-v1-cpu-tuning-qwen2.5-coder-1.5b-101,qwen2.5-coder-1.5b,cpu-tuning,bench,api-20261003T210139Z-UNPLUGGED,[],True,False,0,,,2,CPU,output,0.58,llama_context:        CPU  output buffer size =     0.58 MiB
npu-matrix-v1-cpu-tuning-qwen2.5-coder-1.5b-101,qwen2.5-coder-1.5b,cpu-tuning,bench,api-20261003T210139Z-UNPLUGGED,[],True,False,0,,,3,CPU,KV,14.0,llama_kv_cache:        CPU KV buffer size =    14.00 MiB
npu-matrix-v1-cpu-tuning-qwen2.5-coder-1.5b-101,qwen2.5-coder-1.5b,cpu-tuning,bench,api-20261003T210139Z-UNPLUGGED,[],True,False,0,,,4,CPU,compute,75.69,sched_reserve:        CPU compute buffer size =    75.69 MiB
npu-matrix-v1-cpu-tuning-qwen2.5-coder-1.5b-101,qwen2.5-coder-1.5b,cpu-tuning,bench,api-20261003T210139Z-UNPLUGGED,[],True,False,0,,,5,CPU,output,0.58,llama_context:        CPU  output buffer size =     0.58 MiB
npu-matrix-v1-cpu-tuning-qwen2.5-coder-1.5b-101,qwen2.5-coder-1.5b,cpu-tuning,bench,api-20261003T210139Z-UNPLUGGED,[],True,False,0,,,6,CPU,KV,7.0,llama_kv_cache:        CPU KV buffer size =     7.00 MiB
npu-matrix-v1-cpu-tuning-qwen2.5-coder-1.5b-101,qwen2.5-coder-1.5b,cpu-tuning,bench,api-20261003T210139Z-UNPLUGGED,[],True,False,0,,,7,CPU,compute,37.84,sched_reserve:        CPU compute buffer size =    37.84 MiB
npu-matrix-v1-cpu-tuning-qwen2.5-coder-1.5b-101-topcore-maskBC,qwen2.5-coder-1.5b,cpu-tuning,bench,api-20261003T210139Z-UNPLUGGED,[],True,False,0,,,0,CPU_Mapped,model,877.31,load_tensors:   CPU_Mapped model buffer size =   877.31 MiB
npu-matrix-v1-cpu-tuning-qwen2.5-coder-1.5b-101-topcore-maskBC,qwen2.5-coder-1.5b,cpu-tuning,bench,api-20261003T210139Z-UNPLUGGED,[],True,False,0,,,1,CPU_REPACK,model,934.14,load_tensors:   CPU_REPACK model buffer size =   934.14 MiB
npu-matrix-v1-cpu-tuning-qwen2.5-coder-1.5b-101-topcore-maskBC,qwen2.5-coder-1.5b,cpu-tuning,bench,api-20261003T210139Z-UNPLUGGED,[],True,False,0,,,2,CPU,output,0.58,llama_context:        CPU  output buffer size =     0.58 MiB
npu-matrix-v1-cpu-tuning-qwen2.5-coder-1.5b-101-topcore-maskBC,qwen2.5-coder-1.5b,cpu-tuning,bench,api-20261003T210139Z-UNPLUGGED,[],True,False,0,,,3,CPU,KV,14.0,llama_kv_cache:        CPU KV buffer size =    14.00 MiB
npu-matrix-v1-cpu-tuning-qwen2.5-coder-1.5b-101-topcore-maskBC,qwen2.5-coder-1.5b,cpu-tuning,bench,api-20261003T210139Z-UNPLUGGED,[],True,False,0,,,4,CPU,compute,75.69,sched_reserve:        CPU compute buffer size =    75.69 MiB
npu-matrix-v1-cpu-tuning-qwen2.5-coder-1.5b-101-topcore-maskBC,qwen2.5-coder-1.5b,cpu-tuning,bench,api-20261003T210139Z-UNPLUGGED,[],True,False,0,,,5,CPU,output,0.58,llama_context:        CPU  output buffer size =     0.58 MiB
npu-matrix-v1-cpu-tuning-qwen2.5-coder-1.5b-101-topcore-maskBC,qwen2.5-coder-1.5b,cpu-tuning,bench,api-20261003T210139Z-UNPLUGGED,[],True,False,0,,,6,CPU,KV,7.0,llama_kv_cache:        CPU KV buffer size =     7.00 MiB
npu-matrix-v1-cpu-tuning-qwen2.5-coder-1.5b-101-topcore-maskBC,qwen2.5-coder-1.5b,cpu-tuning,bench,api-20261003T210139Z-UNPLUGGED,[],True,False,0,,,7,CPU,compute,37.84,sched_reserve:        CPU compute buffer size =    37.84 MiB
npu-matrix-v1-cpu-tuning-qwen2.5-coder-1.5b-102,qwen2.5-coder-1.5b,cpu-tuning,bench,api-20261003T210139Z-UNPLUGGED,[],True,False,0,,,0,CPU_Mapped,model,877.31,load_tensors:   CPU_Mapped model buffer size =   877.31 MiB
npu-matrix-v1-cpu-tuning-qwen2.5-coder-1.5b-102,qwen2.5-coder-1.5b,cpu-tuning,bench,api-20261003T210139Z-UNPLUGGED,[],True,False,0,,,1,CPU_REPACK,model,934.14,load_tensors:   CPU_REPACK model buffer size =   934.14 MiB
npu-matrix-v1-cpu-tuning-qwen2.5-coder-1.5b-102,qwen2.5-coder-1.5b,cpu-tuning,bench,api-20261003T210139Z-UNPLUGGED,[],True,False,0,,,2,CPU,output,0.58,llama_context:        CPU  output buffer size =     0.58 MiB
npu-matrix-v1-cpu-tuning-qwen2.5-coder-1.5b-102,qwen2.5-coder-1.5b,cpu-tuning,bench,api-20261003T210139Z-UNPLUGGED,[],True,False,0,,,3,CPU,KV,14.0,llama_kv_cache:        CPU KV buffer size =    14.00 MiB
npu-matrix-v1-cpu-tuning-qwen2.5-coder-1.5b-102,qwen2.5-coder-1.5b,cpu-tuning,bench,api-20261003T210139Z-UNPLUGGED,[],True,False,0,,,4,CPU,compute,75.69,sched_reserve:        CPU compute buffer size =    75.69 MiB
npu-matrix-v1-cpu-tuning-qwen2.5-coder-1.5b-102,qwen2.5-coder-1.5b,cpu-tuning,bench,api-20261003T210139Z-UNPLUGGED,[],True,False,0,,,5,CPU,output,0.58,llama_context:        CPU  output buffer size =     0.58 MiB
npu-matrix-v1-cpu-tuning-qwen2.5-coder-1.5b-102,qwen2.5-coder-1.5b,cpu-tuning,bench,api-20261003T210139Z-UNPLUGGED,[],True,False,0,,,6,CPU,KV,7.0,llama_kv_cache:        CPU KV buffer size =     7.00 MiB
npu-matrix-v1-cpu-tuning-qwen2.5-coder-1.5b-102,qwen2.5-coder-1.5b,cpu-tuning,bench,api-20261003T210139Z-UNPLUGGED,[],True,False,0,,,7,CPU,compute,37.84,sched_reserve:        CPU compute buffer size =    37.84 MiB
npu-matrix-v1-cpu-tuning-qwen2.5-coder-1.5b-103,qwen2.5-coder-1.5b,cpu-tuning,bench,api-20261003T210139Z-UNPLUGGED,"[""Auxiliary thermal capability compilation/probe overlapped measurement; exclude and repeat""]",False,False,0,,,0,CPU_Mapped,model,877.31,load_tensors:   CPU_Mapped model buffer size =   877.31 MiB
npu-matrix-v1-cpu-tuning-qwen2.5-coder-1.5b-103,qwen2.5-coder-1.5b,cpu-tuning,bench,api-20261003T210139Z-UNPLUGGED,"[""Auxiliary thermal capability compilation/probe overlapped measurement; exclude and repeat""]",False,False,0,,,1,CPU_REPACK,model,934.14,load_tensors:   CPU_REPACK model buffer size =   934.14 MiB
npu-matrix-v1-cpu-tuning-qwen2.5-coder-1.5b-103,qwen2.5-coder-1.5b,cpu-tuning,bench,api-20261003T210139Z-UNPLUGGED,"[""Auxiliary thermal capability compilation/probe overlapped measurement; exclude and repeat""]",False,False,0,,,2,CPU,output,0.58,llama_context:        CPU  output buffer size =     0.58 MiB
npu-matrix-v1-cpu-tuning-qwen2.5-coder-1.5b-103,qwen2.5-coder-1.5b,cpu-tuning,bench,api-20261003T210139Z-UNPLUGGED,"[""Auxiliary thermal capability compilation/probe overlapped measurement; exclude and repeat""]",False,False,0,,,3,CPU,KV,14.0,llama_kv_cache:        CPU KV buffer size =    14.00 MiB
npu-matrix-v1-cpu-tuning-qwen2.5-coder-1.5b-103,qwen2.5-coder-1.5b,cpu-tuning,bench,api-20261003T210139Z-UNPLUGGED,"[""Auxiliary thermal capability compilation/probe overlapped measurement; exclude and repeat""]",False,False,0,,,4,CPU,compute,75.69,sched_reserve:        CPU compute buffer size =    75.69 MiB
npu-matrix-v1-cpu-tuning-qwen2.5-coder-1.5b-103,qwen2.5-coder-1.5b,cpu-tuning,bench,api-20261003T210139Z-UNPLUGGED,"[""Auxiliary thermal capability compilation/probe overlapped measurement; exclude and repeat""]",False,False,0,,,5,CPU,output,0.58,llama_context:        CPU  output buffer size =     0.58 MiB
npu-matrix-v1-cpu-tuning-qwen2.5-coder-1.5b-103,qwen2.5-coder-1.5b,cpu-tuning,bench,api-20261003T210139Z-UNPLUGGED,"[""Auxiliary thermal capability compilation/probe overlapped measurement; exclude and repeat""]",False,False,0,,,6,CPU,KV,7.0,llama_kv_cache:        CPU KV buffer size =     7.00 MiB
npu-matrix-v1-cpu-tuning-qwen2.5-coder-1.5b-103,qwen2.5-coder-1.5b,cpu-tuning,bench,api-20261003T210139Z-UNPLUGGED,"[""Auxiliary thermal capability compilation/probe overlapped measurement; exclude and repeat""]",False,False,0,,,7,CPU,compute,37.84,sched_reserve:        CPU compute buffer size =    37.84 MiB
npu-matrix-v1-cpu-tuning-qwen2.5-coder-1.5b-103-clean-repeat,qwen2.5-coder-1.5b,cpu-tuning,bench,api-20261003T210139Z-UNPLUGGED,[],True,False,0,,,0,CPU_Mapped,model,877.31,load_tensors:   CPU_Mapped model buffer size =   877.31 MiB
npu-matrix-v1-cpu-tuning-qwen2.5-coder-1.5b-103-clean-repeat,qwen2.5-coder-1.5b,cpu-tuning,bench,api-20261003T210139Z-UNPLUGGED,[],True,False,0,,,1,CPU_REPACK,model,934.14,load_tensors:   CPU_REPACK model buffer size =   934.14 MiB
npu-matrix-v1-cpu-tuning-qwen2.5-coder-1.5b-103-clean-repeat,qwen2.5-coder-1.5b,cpu-tuning,bench,api-20261003T210139Z-UNPLUGGED,[],True,False,0,,,2,CPU,output,0.58,llama_context:        CPU  output buffer size =     0.58 MiB
npu-matrix-v1-cpu-tuning-qwen2.5-coder-1.5b-103-clean-repeat,qwen2.5-coder-1.5b,cpu-tuning,bench,api-20261003T210139Z-UNPLUGGED,[],True,False,0,,,3,CPU,KV,14.0,llama_kv_cache:        CPU KV buffer size =    14.00 MiB
npu-matrix-v1-cpu-tuning-qwen2.5-coder-1.5b-103-clean-repeat,qwen2.5-coder-1.5b,cpu-tuning,bench,api-20261003T210139Z-UNPLUGGED,[],True,False,0,,,4,CPU,compute,75.69,sched_reserve:        CPU compute buffer size =    75.69 MiB
npu-matrix-v1-cpu-tuning-qwen2.5-coder-1.5b-103-clean-repeat,qwen2.5-coder-1.5b,cpu-tuning,bench,api-20261003T210139Z-UNPLUGGED,[],True,False,0,,,5,CPU,output,0.58,llama_context:        CPU  output buffer size =     0.58 MiB
npu-matrix-v1-cpu-tuning-qwen2.5-coder-1.5b-103-clean-repeat,qwen2.5-coder-1.5b,cpu-tuning,bench,api-20261003T210139Z-UNPLUGGED,[],True,False,0,,,6,CPU,KV,7.0,llama_kv_cache:        CPU KV buffer size =     7.00 MiB
npu-matrix-v1-cpu-tuning-qwen2.5-coder-1.5b-103-clean-repeat,qwen2.5-coder-1.5b,cpu-tuning,bench,api-20261003T210139Z-UNPLUGGED,[],True,False,0,,,7,CPU,compute,37.84,sched_reserve:        CPU compute buffer size =    37.84 MiB
npu-matrix-v1-cpu-tuning-qwen2.5-coder-1.5b-98,qwen2.5-coder-1.5b,cpu-tuning,bench,api-20261003T210139Z-UNPLUGGED,[],True,False,0,,,0,CPU_Mapped,model,877.31,load_tensors:   CPU_Mapped model buffer size =   877.31 MiB
npu-matrix-v1-cpu-tuning-qwen2.5-coder-1.5b-98,qwen2.5-coder-1.5b,cpu-tuning,bench,api-20261003T210139Z-UNPLUGGED,[],True,False,0,,,1,CPU_REPACK,model,934.14,load_tensors:   CPU_REPACK model buffer size =   934.14 MiB
npu-matrix-v1-cpu-tuning-qwen2.5-coder-1.5b-98,qwen2.5-coder-1.5b,cpu-tuning,bench,api-20261003T210139Z-UNPLUGGED,[],True,False,0,,,2,CPU,output,0.58,llama_context:        CPU  output buffer size =     0.58 MiB
npu-matrix-v1-cpu-tuning-qwen2.5-coder-1.5b-98,qwen2.5-coder-1.5b,cpu-tuning,bench,api-20261003T210139Z-UNPLUGGED,[],True,False,0,,,3,CPU,KV,14.0,llama_kv_cache:        CPU KV buffer size =    14.00 MiB
npu-matrix-v1-cpu-tuning-qwen2.5-coder-1.5b-98,qwen2.5-coder-1.5b,cpu-tuning,bench,api-20261003T210139Z-UNPLUGGED,[],True,False,0,,,4,CPU,compute,75.69,sched_reserve:        CPU compute buffer size =    75.69 MiB
npu-matrix-v1-cpu-tuning-qwen2.5-coder-1.5b-98,qwen2.5-coder-1.5b,cpu-tuning,bench,api-20261003T210139Z-UNPLUGGED,[],True,False,0,,,5,CPU,output,0.58,llama_context:        CPU  output buffer size =     0.58 MiB
npu-matrix-v1-cpu-tuning-qwen2.5-coder-1.5b-98,qwen2.5-coder-1.5b,cpu-tuning,bench,api-20261003T210139Z-UNPLUGGED,[],True,False,0,,,6,CPU,KV,7.0,llama_kv_cache:        CPU KV buffer size =     7.00 MiB
npu-matrix-v1-cpu-tuning-qwen2.5-coder-1.5b-98,qwen2.5-coder-1.5b,cpu-tuning,bench,api-20261003T210139Z-UNPLUGGED,[],True,False,0,,,7,CPU,compute,37.84,sched_reserve:        CPU compute buffer size =    37.84 MiB
npu-matrix-v1-cpu-tuning-qwen2.5-coder-1.5b-98-topcore-mask9C,qwen2.5-coder-1.5b,cpu-tuning,bench,api-20261003T210139Z-UNPLUGGED,[],True,False,0,,,0,CPU_Mapped,model,877.31,load_tensors:   CPU_Mapped model buffer size =   877.31 MiB
npu-matrix-v1-cpu-tuning-qwen2.5-coder-1.5b-98-topcore-mask9C,qwen2.5-coder-1.5b,cpu-tuning,bench,api-20261003T210139Z-UNPLUGGED,[],True,False,0,,,1,CPU_REPACK,model,934.14,load_tensors:   CPU_REPACK model buffer size =   934.14 MiB
npu-matrix-v1-cpu-tuning-qwen2.5-coder-1.5b-98-topcore-mask9C,qwen2.5-coder-1.5b,cpu-tuning,bench,api-20261003T210139Z-UNPLUGGED,[],True,False,0,,,2,CPU,output,0.58,llama_context:        CPU  output buffer size =     0.58 MiB
npu-matrix-v1-cpu-tuning-qwen2.5-coder-1.5b-98-topcore-mask9C,qwen2.5-coder-1.5b,cpu-tuning,bench,api-20261003T210139Z-UNPLUGGED,[],True,False,0,,,3,CPU,KV,14.0,llama_kv_cache:        CPU KV buffer size =    14.00 MiB
npu-matrix-v1-cpu-tuning-qwen2.5-coder-1.5b-98-topcore-mask9C,qwen2.5-coder-1.5b,cpu-tuning,bench,api-20261003T210139Z-UNPLUGGED,[],True,False,0,,,4,CPU,compute,75.69,sched_reserve:        CPU compute buffer size =    75.69 MiB
npu-matrix-v1-cpu-tuning-qwen2.5-coder-1.5b-98-topcore-mask9C,qwen2.5-coder-1.5b,cpu-tuning,bench,api-20261003T210139Z-UNPLUGGED,[],True,False,0,,,5,CPU,output,0.58,llama_context:        CPU  output buffer size =     0.58 MiB
npu-matrix-v1-cpu-tuning-qwen2.5-coder-1.5b-98-topcore-mask9C,qwen2.5-coder-1.5b,cpu-tuning,bench,api-20261003T210139Z-UNPLUGGED,[],True,False,0,,,6,CPU,KV,7.0,llama_kv_cache:        CPU KV buffer size =     7.00 MiB
npu-matrix-v1-cpu-tuning-qwen2.5-coder-1.5b-98-topcore-mask9C,qwen2.5-coder-1.5b,cpu-tuning,bench,api-20261003T210139Z-UNPLUGGED,[],True,False,0,,,7,CPU,compute,37.84,sched_reserve:        CPU compute buffer size =    37.84 MiB
npu-matrix-v1-cpu-tuning-qwen2.5-coder-1.5b-99,qwen2.5-coder-1.5b,cpu-tuning,bench,api-20261003T210139Z-UNPLUGGED,[],True,False,0,,,0,CPU_Mapped,model,877.31,load_tensors:   CPU_Mapped model buffer size =   877.31 MiB
npu-matrix-v1-cpu-tuning-qwen2.5-coder-1.5b-99,qwen2.5-coder-1.5b,cpu-tuning,bench,api-20261003T210139Z-UNPLUGGED,[],True,False,0,,,1,CPU_REPACK,model,934.14,load_tensors:   CPU_REPACK model buffer size =   934.14 MiB
npu-matrix-v1-cpu-tuning-qwen2.5-coder-1.5b-99,qwen2.5-coder-1.5b,cpu-tuning,bench,api-20261003T210139Z-UNPLUGGED,[],True,False,0,,,2,CPU,output,0.58,llama_context:        CPU  output buffer size =     0.58 MiB
npu-matrix-v1-cpu-tuning-qwen2.5-coder-1.5b-99,qwen2.5-coder-1.5b,cpu-tuning,bench,api-20261003T210139Z-UNPLUGGED,[],True,False,0,,,3,CPU,KV,14.0,llama_kv_cache:        CPU KV buffer size =    14.00 MiB
npu-matrix-v1-cpu-tuning-qwen2.5-coder-1.5b-99,qwen2.5-coder-1.5b,cpu-tuning,bench,api-20261003T210139Z-UNPLUGGED,[],True,False,0,,,4,CPU,compute,75.69,sched_reserve:        CPU compute buffer size =    75.69 MiB
npu-matrix-v1-cpu-tuning-qwen2.5-coder-1.5b-99,qwen2.5-coder-1.5b,cpu-tuning,bench,api-20261003T210139Z-UNPLUGGED,[],True,False,0,,,5,CPU,output,0.58,llama_context:        CPU  output buffer size =     0.58 MiB
npu-matrix-v1-cpu-tuning-qwen2.5-coder-1.5b-99,qwen2.5-coder-1.5b,cpu-tuning,bench,api-20261003T210139Z-UNPLUGGED,[],True,False,0,,,6,CPU,KV,7.0,llama_kv_cache:        CPU KV buffer size =     7.00 MiB
npu-matrix-v1-cpu-tuning-qwen2.5-coder-1.5b-99,qwen2.5-coder-1.5b,cpu-tuning,bench,api-20261003T210139Z-UNPLUGGED,[],True,False,0,,,7,CPU,compute,37.84,sched_reserve:        CPU compute buffer size =    37.84 MiB
npu-matrix-v1-cpu-tuning-qwen2.5-coder-1.5b-99-topcore-mask9C,qwen2.5-coder-1.5b,cpu-tuning,bench,api-20261003T210139Z-UNPLUGGED,[],True,False,0,,,0,CPU_Mapped,model,877.31,load_tensors:   CPU_Mapped model buffer size =   877.31 MiB
npu-matrix-v1-cpu-tuning-qwen2.5-coder-1.5b-99-topcore-mask9C,qwen2.5-coder-1.5b,cpu-tuning,bench,api-20261003T210139Z-UNPLUGGED,[],True,False,0,,,1,CPU_REPACK,model,934.14,load_tensors:   CPU_REPACK model buffer size =   934.14 MiB
npu-matrix-v1-cpu-tuning-qwen2.5-coder-1.5b-99-topcore-mask9C,qwen2.5-coder-1.5b,cpu-tuning,bench,api-20261003T210139Z-UNPLUGGED,[],True,False,0,,,2,CPU,output,0.58,llama_context:        CPU  output buffer size =     0.58 MiB
npu-matrix-v1-cpu-tuning-qwen2.5-coder-1.5b-99-topcore-mask9C,qwen2.5-coder-1.5b,cpu-tuning,bench,api-20261003T210139Z-UNPLUGGED,[],True,False,0,,,3,CPU,KV,14.0,llama_kv_cache:        CPU KV buffer size =    14.00 MiB
npu-matrix-v1-cpu-tuning-qwen2.5-coder-1.5b-99-topcore-mask9C,qwen2.5-coder-1.5b,cpu-tuning,bench,api-20261003T210139Z-UNPLUGGED,[],True,False,0,,,4,CPU,compute,75.69,sched_reserve:        CPU compute buffer size =    75.69 MiB
npu-matrix-v1-cpu-tuning-qwen2.5-coder-1.5b-99-topcore-mask9C,qwen2.5-coder-1.5b,cpu-tuning,bench,api-20261003T210139Z-UNPLUGGED,[],True,False,0,,,5,CPU,output,0.58,llama_context:        CPU  output buffer size =     0.58 MiB
npu-matrix-v1-cpu-tuning-qwen2.5-coder-1.5b-99-topcore-mask9C,qwen2.5-coder-1.5b,cpu-tuning,bench,api-20261003T210139Z-UNPLUGGED,[],True,False,0,,,6,CPU,KV,7.0,llama_kv_cache:        CPU KV buffer size =     7.00 MiB
npu-matrix-v1-cpu-tuning-qwen2.5-coder-1.5b-99-topcore-mask9C,qwen2.5-coder-1.5b,cpu-tuning,bench,api-20261003T210139Z-UNPLUGGED,[],True,False,0,,,7,CPU,compute,37.84,sched_reserve:        CPU compute buffer size =    37.84 MiB
npu-quality-v1-qwen2.5-coder-1.5b,qwen2.5-coder-1.5b,npu-numerical,logits,api-20261003T210139Z-UNPLUGGED,[],True,True,0,,,0,CPU_Mapped,model,877.31,load_tensors:   CPU_Mapped model buffer size =   877.31 MiB
npu-quality-v1-qwen2.5-coder-1.5b,qwen2.5-coder-1.5b,npu-numerical,logits,api-20261003T210139Z-UNPLUGGED,[],True,True,0,,,1,CPU_REPACK,model,934.14,load_tensors:   CPU_REPACK model buffer size =   934.14 MiB
npu-quality-v1-qwen2.5-coder-1.5b,qwen2.5-coder-1.5b,npu-numerical,logits,api-20261003T210139Z-UNPLUGGED,[],True,True,0,,,2,CPU,output,0.58,llama_context:        CPU  output buffer size =     0.58 MiB
npu-quality-v1-qwen2.5-coder-1.5b,qwen2.5-coder-1.5b,npu-numerical,logits,api-20261003T210139Z-UNPLUGGED,[],True,True,0,,,3,CPU,KV,28.0,llama_kv_cache:        CPU KV buffer size =    28.00 MiB
npu-quality-v1-qwen2.5-coder-1.5b,qwen2.5-coder-1.5b,npu-numerical,logits,api-20261003T210139Z-UNPLUGGED,[],True,True,0,,,4,CPU,compute,75.69,sched_reserve:        CPU compute buffer size =    75.69 MiB
npu-quality-v1-qwen2.5-coder-1.5b,qwen2.5-coder-1.5b,npu-numerical,logits,api-20261003T210139Z-UNPLUGGED,[],True,True,0,,,5,CPU,model,125.19,load_tensors:          CPU model buffer size =   125.19 MiB
npu-quality-v1-qwen2.5-coder-1.5b,qwen2.5-coder-1.5b,npu-numerical,logits,api-20261003T210139Z-UNPLUGGED,[],True,True,0,,,6,HTP0,model,1023.48,load_tensors:         HTP0 model buffer size =  1023.48 MiB
npu-quality-v1-qwen2.5-coder-1.5b,qwen2.5-coder-1.5b,npu-numerical,logits,api-20261003T210139Z-UNPLUGGED,[],True,True,0,,,7,CPU,output,0.58,llama_context:        CPU  output buffer size =     0.58 MiB
npu-quality-v1-qwen2.5-coder-1.5b,qwen2.5-coder-1.5b,npu-numerical,logits,api-20261003T210139Z-UNPLUGGED,[],True,True,0,,,8,HTP0,KV,28.0,llama_kv_cache:       HTP0 KV buffer size =    28.00 MiB
npu-quality-v1-qwen2.5-coder-1.5b,qwen2.5-coder-1.5b,npu-numerical,logits,api-20261003T210139Z-UNPLUGGED,[],True,True,0,,,9,HTP0,compute,74.94,sched_reserve:       HTP0 compute buffer size =    74.94 MiB
npu-quality-v1-qwen2.5-coder-1.5b,qwen2.5-coder-1.5b,npu-numerical,logits,api-20261003T210139Z-UNPLUGGED,[],True,True,0,,,10,CPU,compute,2.25,sched_reserve:        CPU compute buffer size =     2.25 MiB
npu-quality-v1-qwen3-4b-instruct,qwen3-4b-instruct,npu-numerical,logits,api-20261003T210139Z-UNPLUGGED,[],True,True,0,,,0,CPU_Mapped,model,2362.55,load_tensors:   CPU_Mapped model buffer size =  2362.55 MiB
npu-quality-v1-qwen3-4b-instruct,qwen3-4b-instruct,npu-numerical,logits,api-20261003T210139Z-UNPLUGGED,[],True,True,0,,,1,CPU_REPACK,model,2375.16,load_tensors:   CPU_REPACK model buffer size =  2375.16 MiB
npu-quality-v1-qwen3-4b-instruct,qwen3-4b-instruct,npu-numerical,logits,api-20261003T210139Z-UNPLUGGED,[],True,True,0,,,2,CPU,output,0.58,llama_context:        CPU  output buffer size =     0.58 MiB
npu-quality-v1-qwen3-4b-instruct,qwen3-4b-instruct,npu-numerical,logits,api-20261003T210139Z-UNPLUGGED,[],True,True,0,,,3,CPU,KV,144.0,llama_kv_cache:        CPU KV buffer size =   144.00 MiB
npu-quality-v1-qwen3-4b-instruct,qwen3-4b-instruct,npu-numerical,logits,api-20261003T210139Z-UNPLUGGED,[],True,True,0,,,4,CPU,compute,76.69,sched_reserve:        CPU compute buffer size =    76.69 MiB
npu-quality-v1-qwen3-4b-instruct,qwen3-4b-instruct,npu-numerical,logits,api-20261003T210139Z-UNPLUGGED,[],True,True,0,,,5,CPU,model,304.28,load_tensors:          CPU model buffer size =   304.28 MiB
npu-quality-v1-qwen3-4b-instruct,qwen3-4b-instruct,npu-numerical,logits,api-20261003T210139Z-UNPLUGGED,[],True,True,0,,,6,HTP0,model,2609.07,load_tensors:         HTP0 model buffer size =  2609.07 MiB
npu-quality-v1-qwen3-4b-instruct,qwen3-4b-instruct,npu-numerical,logits,api-20261003T210139Z-UNPLUGGED,[],True,True,0,,,7,CPU,output,0.58,llama_context:        CPU  output buffer size =     0.58 MiB
npu-quality-v1-qwen3-4b-instruct,qwen3-4b-instruct,npu-numerical,logits,api-20261003T210139Z-UNPLUGGED,[],True,True,0,,,8,HTP0,KV,144.0,llama_kv_cache:       HTP0 KV buffer size =   144.00 MiB
npu-quality-v1-qwen3-4b-instruct,qwen3-4b-instruct,npu-numerical,logits,api-20261003T210139Z-UNPLUGGED,[],True,True,0,,,9,HTP0,compute,75.44,sched_reserve:       HTP0 compute buffer size =    75.44 MiB
npu-quality-v1-qwen3-4b-instruct,qwen3-4b-instruct,npu-numerical,logits,api-20261003T210139Z-UNPLUGGED,[],True,True,0,,,10,CPU,compute,4.0,sched_reserve:        CPU compute buffer size =     4.00 MiB
partial-qwen2.5-coder-1.5b-ngl0-r0,qwen2.5-coder-1.5b,partial,bench,charging-01,[],True,False,0,,,0,CPU_Mapped,model,877.31,load_tensors:   CPU_Mapped model buffer size =   877.31 MiB
partial-qwen2.5-coder-1.5b-ngl0-r0,qwen2.5-coder-1.5b,partial,bench,charging-01,[],True,False,0,,,1,CPU_REPACK,model,934.14,load_tensors:   CPU_REPACK model buffer size =   934.14 MiB
partial-qwen2.5-coder-1.5b-ngl0-r0,qwen2.5-coder-1.5b,partial,bench,charging-01,[],True,False,0,,,2,CPU,output,0.58,llama_context:        CPU  output buffer size =     0.58 MiB
partial-qwen2.5-coder-1.5b-ngl0-r0,qwen2.5-coder-1.5b,partial,bench,charging-01,[],True,False,0,,,3,CPU,KV,7.0,llama_kv_cache:        CPU KV buffer size =     7.00 MiB
partial-qwen2.5-coder-1.5b-ngl0-r0,qwen2.5-coder-1.5b,partial,bench,charging-01,[],True,False,0,,,4,CPU,compute,75.69,sched_reserve:        CPU compute buffer size =    75.69 MiB
partial-qwen2.5-coder-1.5b-ngl0-r0,qwen2.5-coder-1.5b,partial,bench,charging-01,[],True,False,0,,,5,CPU,output,0.58,llama_context:        CPU  output buffer size =     0.58 MiB
partial-qwen2.5-coder-1.5b-ngl0-r0,qwen2.5-coder-1.5b,partial,bench,charging-01,[],True,False,0,,,6,CPU,KV,7.0,llama_kv_cache:        CPU KV buffer size =     7.00 MiB
partial-qwen2.5-coder-1.5b-ngl0-r0,qwen2.5-coder-1.5b,partial,bench,charging-01,[],True,False,0,,,7,CPU,compute,18.92,sched_reserve:        CPU compute buffer size =    18.92 MiB
partial-qwen2.5-coder-1.5b-ngl0-r1,qwen2.5-coder-1.5b,partial,bench,charging-01,[],True,False,0,,,0,CPU_Mapped,model,877.31,load_tensors:   CPU_Mapped model buffer size =   877.31 MiB
partial-qwen2.5-coder-1.5b-ngl0-r1,qwen2.5-coder-1.5b,partial,bench,charging-01,[],True,False,0,,,1,CPU_REPACK,model,934.14,load_tensors:   CPU_REPACK model buffer size =   934.14 MiB
partial-qwen2.5-coder-1.5b-ngl0-r1,qwen2.5-coder-1.5b,partial,bench,charging-01,[],True,False,0,,,2,CPU,output,0.58,llama_context:        CPU  output buffer size =     0.58 MiB
partial-qwen2.5-coder-1.5b-ngl0-r1,qwen2.5-coder-1.5b,partial,bench,charging-01,[],True,False,0,,,3,CPU,KV,7.0,llama_kv_cache:        CPU KV buffer size =     7.00 MiB
partial-qwen2.5-coder-1.5b-ngl0-r1,qwen2.5-coder-1.5b,partial,bench,charging-01,[],True,False,0,,,4,CPU,compute,75.69,sched_reserve:        CPU compute buffer size =    75.69 MiB
partial-qwen2.5-coder-1.5b-ngl0-r1,qwen2.5-coder-1.5b,partial,bench,charging-01,[],True,False,0,,,5,CPU,output,0.58,llama_context:        CPU  output buffer size =     0.58 MiB
partial-qwen2.5-coder-1.5b-ngl0-r1,qwen2.5-coder-1.5b,partial,bench,charging-01,[],True,False,0,,,6,CPU,KV,7.0,llama_kv_cache:        CPU KV buffer size =     7.00 MiB
partial-qwen2.5-coder-1.5b-ngl0-r1,qwen2.5-coder-1.5b,partial,bench,charging-01,[],True,False,0,,,7,CPU,compute,18.92,sched_reserve:        CPU compute buffer size =    18.92 MiB
partial-qwen2.5-coder-1.5b-ngl14-r0,qwen2.5-coder-1.5b,partial,bench,charging-01,[],True,False,0,,,0,CPU,model,125.48,load_tensors:          CPU model buffer size =   125.48 MiB
partial-qwen2.5-coder-1.5b-ngl14-r0,qwen2.5-coder-1.5b,partial,bench,charging-01,[],True,False,0,,,1,CPU_REPACK,model,596.39,load_tensors:   CPU_REPACK model buffer size =   596.39 MiB
partial-qwen2.5-coder-1.5b-ngl14-r0,qwen2.5-coder-1.5b,partial,bench,charging-01,[],True,False,0,,,2,OpenCL,model,338.05,load_tensors:       OpenCL model buffer size =   338.05 MiB
partial-qwen2.5-coder-1.5b-ngl14-r0,qwen2.5-coder-1.5b,partial,bench,charging-01,[],True,False,0,,,3,CPU,output,0.58,llama_context:        CPU  output buffer size =     0.58 MiB
partial-qwen2.5-coder-1.5b-ngl14-r0,qwen2.5-coder-1.5b,partial,bench,charging-01,[],True,False,0,,,4,CPU,KV,3.75,llama_kv_cache:        CPU KV buffer size =     3.75 MiB
partial-qwen2.5-coder-1.5b-ngl14-r0,qwen2.5-coder-1.5b,partial,bench,charging-01,[],True,False,0,,,5,OpenCL,KV,3.25,llama_kv_cache:     OpenCL KV buffer size =     3.25 MiB
partial-qwen2.5-coder-1.5b-ngl14-r0,qwen2.5-coder-1.5b,partial,bench,charging-01,[],True,False,0,,,6,OpenCL,compute,16.0,sched_reserve:     OpenCL compute buffer size =    16.00 MiB
partial-qwen2.5-coder-1.5b-ngl14-r0,qwen2.5-coder-1.5b,partial,bench,charging-01,[],True,False,0,,,7,CPU,compute,75.69,sched_reserve:        CPU compute buffer size =    75.69 MiB
partial-qwen2.5-coder-1.5b-ngl14-r0,qwen2.5-coder-1.5b,partial,bench,charging-01,[],True,False,0,,,8,CPU,output,0.58,llama_context:        CPU  output buffer size =     0.58 MiB
partial-qwen2.5-coder-1.5b-ngl14-r0,qwen2.5-coder-1.5b,partial,bench,charging-01,[],True,False,0,,,9,CPU,KV,3.75,llama_kv_cache:        CPU KV buffer size =     3.75 MiB
partial-qwen2.5-coder-1.5b-ngl14-r0,qwen2.5-coder-1.5b,partial,bench,charging-01,[],True,False,0,,,10,OpenCL,KV,3.25,llama_kv_cache:     OpenCL KV buffer size =     3.25 MiB
partial-qwen2.5-coder-1.5b-ngl14-r0,qwen2.5-coder-1.5b,partial,bench,charging-01,[],True,False,0,,,11,OpenCL,compute,4.0,sched_reserve:     OpenCL compute buffer size =     4.00 MiB
partial-qwen2.5-coder-1.5b-ngl14-r0,qwen2.5-coder-1.5b,partial,bench,charging-01,[],True,False,0,,,12,CPU,compute,18.92,sched_reserve:        CPU compute buffer size =    18.92 MiB
partial-qwen2.5-coder-1.5b-ngl14-r1,qwen2.5-coder-1.5b,partial,bench,charging-01,[],True,False,0,,,0,CPU,model,125.48,load_tensors:          CPU model buffer size =   125.48 MiB
partial-qwen2.5-coder-1.5b-ngl14-r1,qwen2.5-coder-1.5b,partial,bench,charging-01,[],True,False,0,,,1,CPU_REPACK,model,596.39,load_tensors:   CPU_REPACK model buffer size =   596.39 MiB
partial-qwen2.5-coder-1.5b-ngl14-r1,qwen2.5-coder-1.5b,partial,bench,charging-01,[],True,False,0,,,2,OpenCL,model,338.05,load_tensors:       OpenCL model buffer size =   338.05 MiB
partial-qwen2.5-coder-1.5b-ngl14-r1,qwen2.5-coder-1.5b,partial,bench,charging-01,[],True,False,0,,,3,CPU,output,0.58,llama_context:        CPU  output buffer size =     0.58 MiB
partial-qwen2.5-coder-1.5b-ngl14-r1,qwen2.5-coder-1.5b,partial,bench,charging-01,[],True,False,0,,,4,CPU,KV,3.75,llama_kv_cache:        CPU KV buffer size =     3.75 MiB
partial-qwen2.5-coder-1.5b-ngl14-r1,qwen2.5-coder-1.5b,partial,bench,charging-01,[],True,False,0,,,5,OpenCL,KV,3.25,llama_kv_cache:     OpenCL KV buffer size =     3.25 MiB
partial-qwen2.5-coder-1.5b-ngl14-r1,qwen2.5-coder-1.5b,partial,bench,charging-01,[],True,False,0,,,6,OpenCL,compute,16.0,sched_reserve:     OpenCL compute buffer size =    16.00 MiB
partial-qwen2.5-coder-1.5b-ngl14-r1,qwen2.5-coder-1.5b,partial,bench,charging-01,[],True,False,0,,,7,CPU,compute,75.69,sched_reserve:        CPU compute buffer size =    75.69 MiB
partial-qwen2.5-coder-1.5b-ngl14-r1,qwen2.5-coder-1.5b,partial,bench,charging-01,[],True,False,0,,,8,CPU,output,0.58,llama_context:        CPU  output buffer size =     0.58 MiB
partial-qwen2.5-coder-1.5b-ngl14-r1,qwen2.5-coder-1.5b,partial,bench,charging-01,[],True,False,0,,,9,CPU,KV,3.75,llama_kv_cache:        CPU KV buffer size =     3.75 MiB
partial-qwen2.5-coder-1.5b-ngl14-r1,qwen2.5-coder-1.5b,partial,bench,charging-01,[],True,False,0,,,10,OpenCL,KV,3.25,llama_kv_cache:     OpenCL KV buffer size =     3.25 MiB
partial-qwen2.5-coder-1.5b-ngl14-r1,qwen2.5-coder-1.5b,partial,bench,charging-01,[],True,False,0,,,11,OpenCL,compute,4.0,sched_reserve:     OpenCL compute buffer size =     4.00 MiB
partial-qwen2.5-coder-1.5b-ngl14-r1,qwen2.5-coder-1.5b,partial,bench,charging-01,[],True,False,0,,,12,CPU,compute,18.92,sched_reserve:        CPU compute buffer size =    18.92 MiB
partial-qwen2.5-coder-1.5b-ngl21-r0,qwen2.5-coder-1.5b,partial,bench,charging-01,[],True,False,0,,,0,CPU,model,125.35,load_tensors:          CPU model buffer size =   125.35 MiB
partial-qwen2.5-coder-1.5b-ngl21-r0,qwen2.5-coder-1.5b,partial,bench,charging-01,[],True,False,0,,,1,CPU_REPACK,model,410.09,load_tensors:   CPU_REPACK model buffer size =   410.09 MiB
partial-qwen2.5-coder-1.5b-ngl21-r0,qwen2.5-coder-1.5b,partial,bench,charging-01,[],True,False,0,,,2,OpenCL,model,524.49,load_tensors:       OpenCL model buffer size =   524.49 MiB
partial-qwen2.5-coder-1.5b-ngl21-r0,qwen2.5-coder-1.5b,partial,bench,charging-01,[],True,False,0,,,3,CPU,output,0.58,llama_context:        CPU  output buffer size =     0.58 MiB
partial-qwen2.5-coder-1.5b-ngl21-r0,qwen2.5-coder-1.5b,partial,bench,charging-01,[],True,False,0,,,4,CPU,KV,2.0,llama_kv_cache:        CPU KV buffer size =     2.00 MiB
partial-qwen2.5-coder-1.5b-ngl21-r0,qwen2.5-coder-1.5b,partial,bench,charging-01,[],True,False,0,,,5,OpenCL,KV,5.0,llama_kv_cache:     OpenCL KV buffer size =     5.00 MiB
partial-qwen2.5-coder-1.5b-ngl21-r0,qwen2.5-coder-1.5b,partial,bench,charging-01,[],True,False,0,,,6,OpenCL,compute,16.0,sched_reserve:     OpenCL compute buffer size =    16.00 MiB
partial-qwen2.5-coder-1.5b-ngl21-r0,qwen2.5-coder-1.5b,partial,bench,charging-01,[],True,False,0,,,7,CPU,compute,75.69,sched_reserve:        CPU compute buffer size =    75.69 MiB
partial-qwen2.5-coder-1.5b-ngl21-r0,qwen2.5-coder-1.5b,partial,bench,charging-01,[],True,False,0,,,8,CPU,output,0.58,llama_context:        CPU  output buffer size =     0.58 MiB
partial-qwen2.5-coder-1.5b-ngl21-r0,qwen2.5-coder-1.5b,partial,bench,charging-01,[],True,False,0,,,9,CPU,KV,2.0,llama_kv_cache:        CPU KV buffer size =     2.00 MiB
partial-qwen2.5-coder-1.5b-ngl21-r0,qwen2.5-coder-1.5b,partial,bench,charging-01,[],True,False,0,,,10,OpenCL,KV,5.0,llama_kv_cache:     OpenCL KV buffer size =     5.00 MiB
partial-qwen2.5-coder-1.5b-ngl21-r0,qwen2.5-coder-1.5b,partial,bench,charging-01,[],True,False,0,,,11,OpenCL,compute,4.0,sched_reserve:     OpenCL compute buffer size =     4.00 MiB
partial-qwen2.5-coder-1.5b-ngl21-r0,qwen2.5-coder-1.5b,partial,bench,charging-01,[],True,False,0,,,12,CPU,compute,18.92,sched_reserve:        CPU compute buffer size =    18.92 MiB
partial-qwen2.5-coder-1.5b-ngl21-r1,qwen2.5-coder-1.5b,partial,bench,charging-01,[],True,False,0,,,0,CPU,model,125.35,load_tensors:          CPU model buffer size =   125.35 MiB
partial-qwen2.5-coder-1.5b-ngl21-r1,qwen2.5-coder-1.5b,partial,bench,charging-01,[],True,False,0,,,1,CPU_REPACK,model,410.09,load_tensors:   CPU_REPACK model buffer size =   410.09 MiB
partial-qwen2.5-coder-1.5b-ngl21-r1,qwen2.5-coder-1.5b,partial,bench,charging-01,[],True,False,0,,,2,OpenCL,model,524.49,load_tensors:       OpenCL model buffer size =   524.49 MiB
partial-qwen2.5-coder-1.5b-ngl21-r1,qwen2.5-coder-1.5b,partial,bench,charging-01,[],True,False,0,,,3,CPU,output,0.58,llama_context:        CPU  output buffer size =     0.58 MiB
partial-qwen2.5-coder-1.5b-ngl21-r1,qwen2.5-coder-1.5b,partial,bench,charging-01,[],True,False,0,,,4,CPU,KV,2.0,llama_kv_cache:        CPU KV buffer size =     2.00 MiB
partial-qwen2.5-coder-1.5b-ngl21-r1,qwen2.5-coder-1.5b,partial,bench,charging-01,[],True,False,0,,,5,OpenCL,KV,5.0,llama_kv_cache:     OpenCL KV buffer size =     5.00 MiB
partial-qwen2.5-coder-1.5b-ngl21-r1,qwen2.5-coder-1.5b,partial,bench,charging-01,[],True,False,0,,,6,OpenCL,compute,16.0,sched_reserve:     OpenCL compute buffer size =    16.00 MiB
partial-qwen2.5-coder-1.5b-ngl21-r1,qwen2.5-coder-1.5b,partial,bench,charging-01,[],True,False,0,,,7,CPU,compute,75.69,sched_reserve:        CPU compute buffer size =    75.69 MiB
partial-qwen2.5-coder-1.5b-ngl21-r1,qwen2.5-coder-1.5b,partial,bench,charging-01,[],True,False,0,,,8,CPU,output,0.58,llama_context:        CPU  output buffer size =     0.58 MiB
partial-qwen2.5-coder-1.5b-ngl21-r1,qwen2.5-coder-1.5b,partial,bench,charging-01,[],True,False,0,,,9,CPU,KV,2.0,llama_kv_cache:        CPU KV buffer size =     2.00 MiB
partial-qwen2.5-coder-1.5b-ngl21-r1,qwen2.5-coder-1.5b,partial,bench,charging-01,[],True,False,0,,,10,OpenCL,KV,5.0,llama_kv_cache:     OpenCL KV buffer size =     5.00 MiB
partial-qwen2.5-coder-1.5b-ngl21-r1,qwen2.5-coder-1.5b,partial,bench,charging-01,[],True,False,0,,,11,OpenCL,compute,4.0,sched_reserve:     OpenCL compute buffer size =     4.00 MiB
partial-qwen2.5-coder-1.5b-ngl21-r1,qwen2.5-coder-1.5b,partial,bench,charging-01,[],True,False,0,,,12,CPU,compute,18.92,sched_reserve:        CPU compute buffer size =    18.92 MiB
partial-qwen2.5-coder-1.5b-ngl3-r0,qwen2.5-coder-1.5b,partial,bench,charging-01,[],True,False,0,,,0,CPU,model,125.7,load_tensors:          CPU model buffer size =   125.70 MiB
partial-qwen2.5-coder-1.5b-ngl3-r0,qwen2.5-coder-1.5b,partial,bench,charging-01,[],True,False,0,,,1,CPU_REPACK,model,881.4,load_tensors:   CPU_REPACK model buffer size =   881.40 MiB
partial-qwen2.5-coder-1.5b-ngl3-r0,qwen2.5-coder-1.5b,partial,bench,charging-01,[],True,False,0,,,2,OpenCL,model,52.79,load_tensors:       OpenCL model buffer size =    52.79 MiB
partial-qwen2.5-coder-1.5b-ngl3-r0,qwen2.5-coder-1.5b,partial,bench,charging-01,[],True,False,0,,,3,CPU,output,0.58,llama_context:        CPU  output buffer size =     0.58 MiB
partial-qwen2.5-coder-1.5b-ngl3-r0,qwen2.5-coder-1.5b,partial,bench,charging-01,[],True,False,0,,,4,CPU,KV,6.5,llama_kv_cache:        CPU KV buffer size =     6.50 MiB
partial-qwen2.5-coder-1.5b-ngl3-r0,qwen2.5-coder-1.5b,partial,bench,charging-01,[],True,False,0,,,5,OpenCL,KV,0.5,llama_kv_cache:     OpenCL KV buffer size =     0.50 MiB
partial-qwen2.5-coder-1.5b-ngl3-r0,qwen2.5-coder-1.5b,partial,bench,charging-01,[],True,False,0,,,6,OpenCL,compute,16.0,sched_reserve:     OpenCL compute buffer size =    16.00 MiB
partial-qwen2.5-coder-1.5b-ngl3-r0,qwen2.5-coder-1.5b,partial,bench,charging-01,[],True,False,0,,,7,CPU,compute,75.69,sched_reserve:        CPU compute buffer size =    75.69 MiB
partial-qwen2.5-coder-1.5b-ngl3-r0,qwen2.5-coder-1.5b,partial,bench,charging-01,[],True,False,0,,,8,CPU,output,0.58,llama_context:        CPU  output buffer size =     0.58 MiB
partial-qwen2.5-coder-1.5b-ngl3-r0,qwen2.5-coder-1.5b,partial,bench,charging-01,[],True,False,0,,,9,CPU,KV,6.5,llama_kv_cache:        CPU KV buffer size =     6.50 MiB
partial-qwen2.5-coder-1.5b-ngl3-r0,qwen2.5-coder-1.5b,partial,bench,charging-01,[],True,False,0,,,10,OpenCL,KV,0.5,llama_kv_cache:     OpenCL KV buffer size =     0.50 MiB
partial-qwen2.5-coder-1.5b-ngl3-r0,qwen2.5-coder-1.5b,partial,bench,charging-01,[],True,False,0,,,11,OpenCL,compute,4.0,sched_reserve:     OpenCL compute buffer size =     4.00 MiB
partial-qwen2.5-coder-1.5b-ngl3-r0,qwen2.5-coder-1.5b,partial,bench,charging-01,[],True,False,0,,,12,CPU,compute,18.92,sched_reserve:        CPU compute buffer size =    18.92 MiB
partial-qwen2.5-coder-1.5b-ngl3-r1,qwen2.5-coder-1.5b,partial,bench,charging-01,[],True,False,0,,,0,CPU,model,125.7,load_tensors:          CPU model buffer size =   125.70 MiB
partial-qwen2.5-coder-1.5b-ngl3-r1,qwen2.5-coder-1.5b,partial,bench,charging-01,[],True,False,0,,,1,CPU_REPACK,model,881.4,load_tensors:   CPU_REPACK model buffer size =   881.40 MiB
partial-qwen2.5-coder-1.5b-ngl3-r1,qwen2.5-coder-1.5b,partial,bench,charging-01,[],True,False,0,,,2,OpenCL,model,52.79,load_tensors:       OpenCL model buffer size =    52.79 MiB
partial-qwen2.5-coder-1.5b-ngl3-r1,qwen2.5-coder-1.5b,partial,bench,charging-01,[],True,False,0,,,3,CPU,output,0.58,llama_context:        CPU  output buffer size =     0.58 MiB
partial-qwen2.5-coder-1.5b-ngl3-r1,qwen2.5-coder-1.5b,partial,bench,charging-01,[],True,False,0,,,4,CPU,KV,6.5,llama_kv_cache:        CPU KV buffer size =     6.50 MiB
partial-qwen2.5-coder-1.5b-ngl3-r1,qwen2.5-coder-1.5b,partial,bench,charging-01,[],True,False,0,,,5,OpenCL,KV,0.5,llama_kv_cache:     OpenCL KV buffer size =     0.50 MiB
partial-qwen2.5-coder-1.5b-ngl3-r1,qwen2.5-coder-1.5b,partial,bench,charging-01,[],True,False,0,,,6,OpenCL,compute,16.0,sched_reserve:     OpenCL compute buffer size =    16.00 MiB
partial-qwen2.5-coder-1.5b-ngl3-r1,qwen2.5-coder-1.5b,partial,bench,charging-01,[],True,False,0,,,7,CPU,compute,75.69,sched_reserve:        CPU compute buffer size =    75.69 MiB
partial-qwen2.5-coder-1.5b-ngl3-r1,qwen2.5-coder-1.5b,partial,bench,charging-01,[],True,False,0,,,8,CPU,output,0.58,llama_context:        CPU  output buffer size =     0.58 MiB
partial-qwen2.5-coder-1.5b-ngl3-r1,qwen2.5-coder-1.5b,partial,bench,charging-01,[],True,False,0,,,9,CPU,KV,6.5,llama_kv_cache:        CPU KV buffer size =     6.50 MiB
partial-qwen2.5-coder-1.5b-ngl3-r1,qwen2.5-coder-1.5b,partial,bench,charging-01,[],True,False,0,,,10,OpenCL,KV,0.5,llama_kv_cache:     OpenCL KV buffer size =     0.50 MiB
partial-qwen2.5-coder-1.5b-ngl3-r1,qwen2.5-coder-1.5b,partial,bench,charging-01,[],True,False,0,,,11,OpenCL,compute,4.0,sched_reserve:     OpenCL compute buffer size =     4.00 MiB
partial-qwen2.5-coder-1.5b-ngl3-r1,qwen2.5-coder-1.5b,partial,bench,charging-01,[],True,False,0,,,12,CPU,compute,18.92,sched_reserve:        CPU compute buffer size =    18.92 MiB
partial-qwen2.5-coder-1.5b-ngl6-r0,qwen2.5-coder-1.5b,partial,bench,charging-01,[],True,False,0,,,0,CPU,model,125.64,load_tensors:          CPU model buffer size =   125.64 MiB
partial-qwen2.5-coder-1.5b-ngl6-r0,qwen2.5-coder-1.5b,partial,bench,charging-01,[],True,False,0,,,1,CPU_REPACK,model,803.98,load_tensors:   CPU_REPACK model buffer size =   803.98 MiB
partial-qwen2.5-coder-1.5b-ngl6-r0,qwen2.5-coder-1.5b,partial,bench,charging-01,[],True,False,0,,,2,OpenCL,model,130.28,load_tensors:       OpenCL model buffer size =   130.28 MiB
partial-qwen2.5-coder-1.5b-ngl6-r0,qwen2.5-coder-1.5b,partial,bench,charging-01,[],True,False,0,,,3,CPU,output,0.58,llama_context:        CPU  output buffer size =     0.58 MiB
partial-qwen2.5-coder-1.5b-ngl6-r0,qwen2.5-coder-1.5b,partial,bench,charging-01,[],True,False,0,,,4,CPU,KV,5.75,llama_kv_cache:        CPU KV buffer size =     5.75 MiB
partial-qwen2.5-coder-1.5b-ngl6-r0,qwen2.5-coder-1.5b,partial,bench,charging-01,[],True,False,0,,,5,OpenCL,KV,1.25,llama_kv_cache:     OpenCL KV buffer size =     1.25 MiB
partial-qwen2.5-coder-1.5b-ngl6-r0,qwen2.5-coder-1.5b,partial,bench,charging-01,[],True,False,0,,,6,OpenCL,compute,16.0,sched_reserve:     OpenCL compute buffer size =    16.00 MiB
partial-qwen2.5-coder-1.5b-ngl6-r0,qwen2.5-coder-1.5b,partial,bench,charging-01,[],True,False,0,,,7,CPU,compute,75.69,sched_reserve:        CPU compute buffer size =    75.69 MiB
partial-qwen2.5-coder-1.5b-ngl6-r0,qwen2.5-coder-1.5b,partial,bench,charging-01,[],True,False,0,,,8,CPU,output,0.58,llama_context:        CPU  output buffer size =     0.58 MiB
partial-qwen2.5-coder-1.5b-ngl6-r0,qwen2.5-coder-1.5b,partial,bench,charging-01,[],True,False,0,,,9,CPU,KV,5.75,llama_kv_cache:        CPU KV buffer size =     5.75 MiB
partial-qwen2.5-coder-1.5b-ngl6-r0,qwen2.5-coder-1.5b,partial,bench,charging-01,[],True,False,0,,,10,OpenCL,KV,1.25,llama_kv_cache:     OpenCL KV buffer size =     1.25 MiB
partial-qwen2.5-coder-1.5b-ngl6-r0,qwen2.5-coder-1.5b,partial,bench,charging-01,[],True,False,0,,,11,OpenCL,compute,4.0,sched_reserve:     OpenCL compute buffer size =     4.00 MiB
partial-qwen2.5-coder-1.5b-ngl6-r0,qwen2.5-coder-1.5b,partial,bench,charging-01,[],True,False,0,,,12,CPU,compute,18.92,sched_reserve:        CPU compute buffer size =    18.92 MiB
partial-qwen2.5-coder-1.5b-ngl6-r1,qwen2.5-coder-1.5b,partial,bench,charging-01,[],True,False,0,,,0,CPU,model,125.64,load_tensors:          CPU model buffer size =   125.64 MiB
partial-qwen2.5-coder-1.5b-ngl6-r1,qwen2.5-coder-1.5b,partial,bench,charging-01,[],True,False,0,,,1,CPU_REPACK,model,803.98,load_tensors:   CPU_REPACK model buffer size =   803.98 MiB
partial-qwen2.5-coder-1.5b-ngl6-r1,qwen2.5-coder-1.5b,partial,bench,charging-01,[],True,False,0,,,2,OpenCL,model,130.28,load_tensors:       OpenCL model buffer size =   130.28 MiB
partial-qwen2.5-coder-1.5b-ngl6-r1,qwen2.5-coder-1.5b,partial,bench,charging-01,[],True,False,0,,,3,CPU,output,0.58,llama_context:        CPU  output buffer size =     0.58 MiB
partial-qwen2.5-coder-1.5b-ngl6-r1,qwen2.5-coder-1.5b,partial,bench,charging-01,[],True,False,0,,,4,CPU,KV,5.75,llama_kv_cache:        CPU KV buffer size =     5.75 MiB
partial-qwen2.5-coder-1.5b-ngl6-r1,qwen2.5-coder-1.5b,partial,bench,charging-01,[],True,False,0,,,5,OpenCL,KV,1.25,llama_kv_cache:     OpenCL KV buffer size =     1.25 MiB
partial-qwen2.5-coder-1.5b-ngl6-r1,qwen2.5-coder-1.5b,partial,bench,charging-01,[],True,False,0,,,6,OpenCL,compute,16.0,sched_reserve:     OpenCL compute buffer size =    16.00 MiB
partial-qwen2.5-coder-1.5b-ngl6-r1,qwen2.5-coder-1.5b,partial,bench,charging-01,[],True,False,0,,,7,CPU,compute,75.69,sched_reserve:        CPU compute buffer size =    75.69 MiB
partial-qwen2.5-coder-1.5b-ngl6-r1,qwen2.5-coder-1.5b,partial,bench,charging-01,[],True,False,0,,,8,CPU,output,0.58,llama_context:        CPU  output buffer size =     0.58 MiB
partial-qwen2.5-coder-1.5b-ngl6-r1,qwen2.5-coder-1.5b,partial,bench,charging-01,[],True,False,0,,,9,CPU,KV,5.75,llama_kv_cache:        CPU KV buffer size =     5.75 MiB
partial-qwen2.5-coder-1.5b-ngl6-r1,qwen2.5-coder-1.5b,partial,bench,charging-01,[],True,False,0,,,10,OpenCL,KV,1.25,llama_kv_cache:     OpenCL KV buffer size =     1.25 MiB
partial-qwen2.5-coder-1.5b-ngl6-r1,qwen2.5-coder-1.5b,partial,bench,charging-01,[],True,False,0,,,11,OpenCL,compute,4.0,sched_reserve:     OpenCL compute buffer size =     4.00 MiB
partial-qwen2.5-coder-1.5b-ngl6-r1,qwen2.5-coder-1.5b,partial,bench,charging-01,[],True,False,0,,,12,CPU,compute,18.92,sched_reserve:        CPU compute buffer size =    18.92 MiB
partial-qwen2.5-coder-1.5b-ngl7-r0,qwen2.5-coder-1.5b,partial,bench,charging-01,[],True,False,0,,,0,CPU,model,125.62,load_tensors:          CPU model buffer size =   125.62 MiB
partial-qwen2.5-coder-1.5b-ngl7-r0,qwen2.5-coder-1.5b,partial,bench,charging-01,[],True,False,0,,,1,CPU_REPACK,model,779.3,load_tensors:   CPU_REPACK model buffer size =   779.30 MiB
partial-qwen2.5-coder-1.5b-ngl7-r0,qwen2.5-coder-1.5b,partial,bench,charging-01,[],True,False,0,,,2,OpenCL,model,154.98,load_tensors:       OpenCL model buffer size =   154.98 MiB
partial-qwen2.5-coder-1.5b-ngl7-r0,qwen2.5-coder-1.5b,partial,bench,charging-01,[],True,False,0,,,3,CPU,output,0.58,llama_context:        CPU  output buffer size =     0.58 MiB
partial-qwen2.5-coder-1.5b-ngl7-r0,qwen2.5-coder-1.5b,partial,bench,charging-01,[],True,False,0,,,4,CPU,KV,5.5,llama_kv_cache:        CPU KV buffer size =     5.50 MiB
partial-qwen2.5-coder-1.5b-ngl7-r0,qwen2.5-coder-1.5b,partial,bench,charging-01,[],True,False,0,,,5,OpenCL,KV,1.5,llama_kv_cache:     OpenCL KV buffer size =     1.50 MiB
partial-qwen2.5-coder-1.5b-ngl7-r0,qwen2.5-coder-1.5b,partial,bench,charging-01,[],True,False,0,,,6,OpenCL,compute,16.0,sched_reserve:     OpenCL compute buffer size =    16.00 MiB
partial-qwen2.5-coder-1.5b-ngl7-r0,qwen2.5-coder-1.5b,partial,bench,charging-01,[],True,False,0,,,7,CPU,compute,75.69,sched_reserve:        CPU compute buffer size =    75.69 MiB
partial-qwen2.5-coder-1.5b-ngl7-r0,qwen2.5-coder-1.5b,partial,bench,charging-01,[],True,False,0,,,8,CPU,output,0.58,llama_context:        CPU  output buffer size =     0.58 MiB
partial-qwen2.5-coder-1.5b-ngl7-r0,qwen2.5-coder-1.5b,partial,bench,charging-01,[],True,False,0,,,9,CPU,KV,5.5,llama_kv_cache:        CPU KV buffer size =     5.50 MiB
partial-qwen2.5-coder-1.5b-ngl7-r0,qwen2.5-coder-1.5b,partial,bench,charging-01,[],True,False,0,,,10,OpenCL,KV,1.5,llama_kv_cache:     OpenCL KV buffer size =     1.50 MiB
partial-qwen2.5-coder-1.5b-ngl7-r0,qwen2.5-coder-1.5b,partial,bench,charging-01,[],True,False,0,,,11,OpenCL,compute,4.0,sched_reserve:     OpenCL compute buffer size =     4.00 MiB
partial-qwen2.5-coder-1.5b-ngl7-r0,qwen2.5-coder-1.5b,partial,bench,charging-01,[],True,False,0,,,12,CPU,compute,18.92,sched_reserve:        CPU compute buffer size =    18.92 MiB
partial-qwen2.5-coder-1.5b-ngl7-r1,qwen2.5-coder-1.5b,partial,bench,charging-01,[],True,False,0,,,0,CPU,model,125.62,load_tensors:          CPU model buffer size =   125.62 MiB
partial-qwen2.5-coder-1.5b-ngl7-r1,qwen2.5-coder-1.5b,partial,bench,charging-01,[],True,False,0,,,1,CPU_REPACK,model,779.3,load_tensors:   CPU_REPACK model buffer size =   779.30 MiB
partial-qwen2.5-coder-1.5b-ngl7-r1,qwen2.5-coder-1.5b,partial,bench,charging-01,[],True,False,0,,,2,OpenCL,model,154.98,load_tensors:       OpenCL model buffer size =   154.98 MiB
partial-qwen2.5-coder-1.5b-ngl7-r1,qwen2.5-coder-1.5b,partial,bench,charging-01,[],True,False,0,,,3,CPU,output,0.58,llama_context:        CPU  output buffer size =     0.58 MiB
partial-qwen2.5-coder-1.5b-ngl7-r1,qwen2.5-coder-1.5b,partial,bench,charging-01,[],True,False,0,,,4,CPU,KV,5.5,llama_kv_cache:        CPU KV buffer size =     5.50 MiB
partial-qwen2.5-coder-1.5b-ngl7-r1,qwen2.5-coder-1.5b,partial,bench,charging-01,[],True,False,0,,,5,OpenCL,KV,1.5,llama_kv_cache:     OpenCL KV buffer size =     1.50 MiB
partial-qwen2.5-coder-1.5b-ngl7-r1,qwen2.5-coder-1.5b,partial,bench,charging-01,[],True,False,0,,,6,OpenCL,compute,16.0,sched_reserve:     OpenCL compute buffer size =    16.00 MiB
partial-qwen2.5-coder-1.5b-ngl7-r1,qwen2.5-coder-1.5b,partial,bench,charging-01,[],True,False,0,,,7,CPU,compute,75.69,sched_reserve:        CPU compute buffer size =    75.69 MiB
partial-qwen2.5-coder-1.5b-ngl7-r1,qwen2.5-coder-1.5b,partial,bench,charging-01,[],True,False,0,,,8,CPU,output,0.58,llama_context:        CPU  output buffer size =     0.58 MiB
partial-qwen2.5-coder-1.5b-ngl7-r1,qwen2.5-coder-1.5b,partial,bench,charging-01,[],True,False,0,,,9,CPU,KV,5.5,llama_kv_cache:        CPU KV buffer size =     5.50 MiB
partial-qwen2.5-coder-1.5b-ngl7-r1,qwen2.5-coder-1.5b,partial,bench,charging-01,[],True,False,0,,,10,OpenCL,KV,1.5,llama_kv_cache:     OpenCL KV buffer size =     1.50 MiB
partial-qwen2.5-coder-1.5b-ngl7-r1,qwen2.5-coder-1.5b,partial,bench,charging-01,[],True,False,0,,,11,OpenCL,compute,4.0,sched_reserve:     OpenCL compute buffer size =     4.00 MiB
partial-qwen2.5-coder-1.5b-ngl7-r1,qwen2.5-coder-1.5b,partial,bench,charging-01,[],True,False,0,,,12,CPU,compute,18.92,sched_reserve:        CPU compute buffer size =    18.92 MiB
partial-qwen2.5-coder-1.5b-ngl99-r0,qwen2.5-coder-1.5b,partial,bench,charging-01,[],True,False,0,,,0,CPU,model,125.19,load_tensors:          CPU model buffer size =   125.19 MiB
partial-qwen2.5-coder-1.5b-ngl99-r0,qwen2.5-coder-1.5b,partial,bench,charging-01,[],True,False,0,,,1,CPU_REPACK,model,195.74,load_tensors:   CPU_REPACK model buffer size =   195.74 MiB
partial-qwen2.5-coder-1.5b-ngl99-r0,qwen2.5-coder-1.5b,partial,bench,charging-01,[],True,False,0,,,2,OpenCL,model,739.03,load_tensors:       OpenCL model buffer size =   739.03 MiB
partial-qwen2.5-coder-1.5b-ngl99-r0,qwen2.5-coder-1.5b,partial,bench,charging-01,[],True,False,0,,,3,CPU,output,0.58,llama_context:        CPU  output buffer size =     0.58 MiB
partial-qwen2.5-coder-1.5b-ngl99-r0,qwen2.5-coder-1.5b,partial,bench,charging-01,[],True,False,0,,,4,OpenCL,KV,7.0,llama_kv_cache:     OpenCL KV buffer size =     7.00 MiB
partial-qwen2.5-coder-1.5b-ngl99-r0,qwen2.5-coder-1.5b,partial,bench,charging-01,[],True,False,0,,,5,OpenCL,compute,16.0,sched_reserve:     OpenCL compute buffer size =    16.00 MiB
partial-qwen2.5-coder-1.5b-ngl99-r0,qwen2.5-coder-1.5b,partial,bench,charging-01,[],True,False,0,,,6,CPU,compute,75.69,sched_reserve:        CPU compute buffer size =    75.69 MiB
partial-qwen2.5-coder-1.5b-ngl99-r0,qwen2.5-coder-1.5b,partial,bench,charging-01,[],True,False,0,,,7,CPU,output,0.58,llama_context:        CPU  output buffer size =     0.58 MiB
partial-qwen2.5-coder-1.5b-ngl99-r0,qwen2.5-coder-1.5b,partial,bench,charging-01,[],True,False,0,,,8,OpenCL,KV,7.0,llama_kv_cache:     OpenCL KV buffer size =     7.00 MiB
partial-qwen2.5-coder-1.5b-ngl99-r0,qwen2.5-coder-1.5b,partial,bench,charging-01,[],True,False,0,,,9,OpenCL,compute,4.0,sched_reserve:     OpenCL compute buffer size =     4.00 MiB
partial-qwen2.5-coder-1.5b-ngl99-r0,qwen2.5-coder-1.5b,partial,bench,charging-01,[],True,False,0,,,10,CPU,compute,18.92,sched_reserve:        CPU compute buffer size =    18.92 MiB
partial-qwen2.5-coder-1.5b-ngl99-r1,qwen2.5-coder-1.5b,partial,bench,charging-01,[],True,False,0,,,0,CPU,model,125.19,load_tensors:          CPU model buffer size =   125.19 MiB
partial-qwen2.5-coder-1.5b-ngl99-r1,qwen2.5-coder-1.5b,partial,bench,charging-01,[],True,False,0,,,1,CPU_REPACK,model,195.74,load_tensors:   CPU_REPACK model buffer size =   195.74 MiB
partial-qwen2.5-coder-1.5b-ngl99-r1,qwen2.5-coder-1.5b,partial,bench,charging-01,[],True,False,0,,,2,OpenCL,model,739.03,load_tensors:       OpenCL model buffer size =   739.03 MiB
partial-qwen2.5-coder-1.5b-ngl99-r1,qwen2.5-coder-1.5b,partial,bench,charging-01,[],True,False,0,,,3,CPU,output,0.58,llama_context:        CPU  output buffer size =     0.58 MiB
partial-qwen2.5-coder-1.5b-ngl99-r1,qwen2.5-coder-1.5b,partial,bench,charging-01,[],True,False,0,,,4,OpenCL,KV,7.0,llama_kv_cache:     OpenCL KV buffer size =     7.00 MiB
partial-qwen2.5-coder-1.5b-ngl99-r1,qwen2.5-coder-1.5b,partial,bench,charging-01,[],True,False,0,,,5,OpenCL,compute,16.0,sched_reserve:     OpenCL compute buffer size =    16.00 MiB
partial-qwen2.5-coder-1.5b-ngl99-r1,qwen2.5-coder-1.5b,partial,bench,charging-01,[],True,False,0,,,6,CPU,compute,75.69,sched_reserve:        CPU compute buffer size =    75.69 MiB
partial-qwen2.5-coder-1.5b-ngl99-r1,qwen2.5-coder-1.5b,partial,bench,charging-01,[],True,False,0,,,7,CPU,output,0.58,llama_context:        CPU  output buffer size =     0.58 MiB
partial-qwen2.5-coder-1.5b-ngl99-r1,qwen2.5-coder-1.5b,partial,bench,charging-01,[],True,False,0,,,8,OpenCL,KV,7.0,llama_kv_cache:     OpenCL KV buffer size =     7.00 MiB
partial-qwen2.5-coder-1.5b-ngl99-r1,qwen2.5-coder-1.5b,partial,bench,charging-01,[],True,False,0,,,9,OpenCL,compute,4.0,sched_reserve:     OpenCL compute buffer size =     4.00 MiB
partial-qwen2.5-coder-1.5b-ngl99-r1,qwen2.5-coder-1.5b,partial,bench,charging-01,[],True,False,0,,,10,CPU,compute,18.92,sched_reserve:        CPU compute buffer size =    18.92 MiB
partial-qwen2.5-coder-7b-ngl0-r0,qwen2.5-coder-7b,partial,bench,charging-01,[],True,False,0,,,0,CPU_Mapped,model,4460.45,load_tensors:   CPU_Mapped model buffer size =  4460.45 MiB
partial-qwen2.5-coder-7b-ngl0-r0,qwen2.5-coder-7b,partial,bench,charging-01,[],True,False,0,,,1,CPU_REPACK,model,4166.82,load_tensors:   CPU_REPACK model buffer size =  4166.82 MiB
partial-qwen2.5-coder-7b-ngl0-r0,qwen2.5-coder-7b,partial,bench,charging-01,[],True,False,0,,,2,CPU,output,0.58,llama_context:        CPU  output buffer size =     0.58 MiB
partial-qwen2.5-coder-7b-ngl0-r0,qwen2.5-coder-7b,partial,bench,charging-01,[],True,False,0,,,3,CPU,KV,14.0,llama_kv_cache:        CPU KV buffer size =    14.00 MiB
partial-qwen2.5-coder-7b-ngl0-r0,qwen2.5-coder-7b,partial,bench,charging-01,[],True,False,0,,,4,CPU,compute,77.75,sched_reserve:        CPU compute buffer size =    77.75 MiB
partial-qwen2.5-coder-7b-ngl0-r0,qwen2.5-coder-7b,partial,bench,charging-01,[],True,False,0,,,5,CPU,output,0.58,llama_context:        CPU  output buffer size =     0.58 MiB
partial-qwen2.5-coder-7b-ngl0-r0,qwen2.5-coder-7b,partial,bench,charging-01,[],True,False,0,,,6,CPU,KV,14.0,llama_kv_cache:        CPU KV buffer size =    14.00 MiB
partial-qwen2.5-coder-7b-ngl0-r0,qwen2.5-coder-7b,partial,bench,charging-01,[],True,False,0,,,7,CPU,compute,19.44,sched_reserve:        CPU compute buffer size =    19.44 MiB
partial-qwen2.5-coder-7b-ngl0-r1,qwen2.5-coder-7b,partial,bench,charging-03,[],True,False,0,,,0,CPU_Mapped,model,4460.45,load_tensors:   CPU_Mapped model buffer size =  4460.45 MiB
partial-qwen2.5-coder-7b-ngl0-r1,qwen2.5-coder-7b,partial,bench,charging-03,[],True,False,0,,,1,CPU_REPACK,model,4166.82,load_tensors:   CPU_REPACK model buffer size =  4166.82 MiB
partial-qwen2.5-coder-7b-ngl0-r1,qwen2.5-coder-7b,partial,bench,charging-03,[],True,False,0,,,2,CPU,output,0.58,llama_context:        CPU  output buffer size =     0.58 MiB
partial-qwen2.5-coder-7b-ngl0-r1,qwen2.5-coder-7b,partial,bench,charging-03,[],True,False,0,,,3,CPU,KV,14.0,llama_kv_cache:        CPU KV buffer size =    14.00 MiB
partial-qwen2.5-coder-7b-ngl0-r1,qwen2.5-coder-7b,partial,bench,charging-03,[],True,False,0,,,4,CPU,compute,77.75,sched_reserve:        CPU compute buffer size =    77.75 MiB
partial-qwen2.5-coder-7b-ngl0-r1,qwen2.5-coder-7b,partial,bench,charging-03,[],True,False,0,,,5,CPU,output,0.58,llama_context:        CPU  output buffer size =     0.58 MiB
partial-qwen2.5-coder-7b-ngl0-r1,qwen2.5-coder-7b,partial,bench,charging-03,[],True,False,0,,,6,CPU,KV,14.0,llama_kv_cache:        CPU KV buffer size =    14.00 MiB
partial-qwen2.5-coder-7b-ngl0-r1,qwen2.5-coder-7b,partial,bench,charging-03,[],True,False,0,,,7,CPU,compute,19.44,sched_reserve:        CPU compute buffer size =    19.44 MiB
partial-qwen2.5-coder-7b-ngl14-r0,qwen2.5-coder-7b,partial,bench,charging-01,[],True,False,0,,,0,CPU,model,293.03,load_tensors:          CPU model buffer size =   293.03 MiB
partial-qwen2.5-coder-7b-ngl14-r0,qwen2.5-coder-7b,partial,bench,charging-01,[],True,False,0,,,1,CPU_REPACK,model,2421.6,load_tensors:   CPU_REPACK model buffer size =  2421.60 MiB
partial-qwen2.5-coder-7b-ngl14-r0,qwen2.5-coder-7b,partial,bench,charging-01,[],True,False,0,,,2,OpenCL,model,1745.86,load_tensors:       OpenCL model buffer size =  1745.86 MiB
partial-qwen2.5-coder-7b-ngl14-r0,qwen2.5-coder-7b,partial,bench,charging-01,[],True,False,0,,,3,CPU,output,0.58,llama_context:        CPU  output buffer size =     0.58 MiB
partial-qwen2.5-coder-7b-ngl14-r0,qwen2.5-coder-7b,partial,bench,charging-01,[],True,False,0,,,4,CPU,KV,7.5,llama_kv_cache:        CPU KV buffer size =     7.50 MiB
partial-qwen2.5-coder-7b-ngl14-r0,qwen2.5-coder-7b,partial,bench,charging-01,[],True,False,0,,,5,OpenCL,KV,6.5,llama_kv_cache:     OpenCL KV buffer size =     6.50 MiB
partial-qwen2.5-coder-7b-ngl14-r0,qwen2.5-coder-7b,partial,bench,charging-01,[],True,False,0,,,6,OpenCL,compute,33.63,sched_reserve:     OpenCL compute buffer size =    33.63 MiB
partial-qwen2.5-coder-7b-ngl14-r0,qwen2.5-coder-7b,partial,bench,charging-01,[],True,False,0,,,7,CPU,compute,77.75,sched_reserve:        CPU compute buffer size =    77.75 MiB
partial-qwen2.5-coder-7b-ngl14-r0,qwen2.5-coder-7b,partial,bench,charging-01,[],True,False,0,,,8,CPU,output,0.58,llama_context:        CPU  output buffer size =     0.58 MiB
partial-qwen2.5-coder-7b-ngl14-r0,qwen2.5-coder-7b,partial,bench,charging-01,[],True,False,0,,,9,CPU,KV,7.5,llama_kv_cache:        CPU KV buffer size =     7.50 MiB
partial-qwen2.5-coder-7b-ngl14-r0,qwen2.5-coder-7b,partial,bench,charging-01,[],True,False,0,,,10,OpenCL,KV,6.5,llama_kv_cache:     OpenCL KV buffer size =     6.50 MiB
partial-qwen2.5-coder-7b-ngl14-r0,qwen2.5-coder-7b,partial,bench,charging-01,[],True,False,0,,,11,OpenCL,compute,8.41,sched_reserve:     OpenCL compute buffer size =     8.41 MiB
partial-qwen2.5-coder-7b-ngl14-r0,qwen2.5-coder-7b,partial,bench,charging-01,[],True,False,0,,,12,CPU,compute,19.44,sched_reserve:        CPU compute buffer size =    19.44 MiB
partial-qwen2.5-coder-7b-ngl14-r1,qwen2.5-coder-7b,partial,bench,unplugged-02,[],True,False,0,,,0,CPU,model,293.03,load_tensors:          CPU model buffer size =   293.03 MiB
partial-qwen2.5-coder-7b-ngl14-r1,qwen2.5-coder-7b,partial,bench,unplugged-02,[],True,False,0,,,1,CPU_REPACK,model,2421.6,load_tensors:   CPU_REPACK model buffer size =  2421.60 MiB
partial-qwen2.5-coder-7b-ngl14-r1,qwen2.5-coder-7b,partial,bench,unplugged-02,[],True,False,0,,,2,OpenCL,model,1745.86,load_tensors:       OpenCL model buffer size =  1745.86 MiB
partial-qwen2.5-coder-7b-ngl14-r1,qwen2.5-coder-7b,partial,bench,unplugged-02,[],True,False,0,,,3,CPU,output,0.58,llama_context:        CPU  output buffer size =     0.58 MiB
partial-qwen2.5-coder-7b-ngl14-r1,qwen2.5-coder-7b,partial,bench,unplugged-02,[],True,False,0,,,4,CPU,KV,7.5,llama_kv_cache:        CPU KV buffer size =     7.50 MiB
partial-qwen2.5-coder-7b-ngl14-r1,qwen2.5-coder-7b,partial,bench,unplugged-02,[],True,False,0,,,5,OpenCL,KV,6.5,llama_kv_cache:     OpenCL KV buffer size =     6.50 MiB
partial-qwen2.5-coder-7b-ngl14-r1,qwen2.5-coder-7b,partial,bench,unplugged-02,[],True,False,0,,,6,OpenCL,compute,33.63,sched_reserve:     OpenCL compute buffer size =    33.63 MiB
partial-qwen2.5-coder-7b-ngl14-r1,qwen2.5-coder-7b,partial,bench,unplugged-02,[],True,False,0,,,7,CPU,compute,77.75,sched_reserve:        CPU compute buffer size =    77.75 MiB
partial-qwen2.5-coder-7b-ngl14-r1,qwen2.5-coder-7b,partial,bench,unplugged-02,[],True,False,0,,,8,CPU,output,0.58,llama_context:        CPU  output buffer size =     0.58 MiB
partial-qwen2.5-coder-7b-ngl14-r1,qwen2.5-coder-7b,partial,bench,unplugged-02,[],True,False,0,,,9,CPU,KV,7.5,llama_kv_cache:        CPU KV buffer size =     7.50 MiB
partial-qwen2.5-coder-7b-ngl14-r1,qwen2.5-coder-7b,partial,bench,unplugged-02,[],True,False,0,,,10,OpenCL,KV,6.5,llama_kv_cache:     OpenCL KV buffer size =     6.50 MiB
partial-qwen2.5-coder-7b-ngl14-r1,qwen2.5-coder-7b,partial,bench,unplugged-02,[],True,False,0,,,11,OpenCL,compute,8.41,sched_reserve:     OpenCL compute buffer size =     8.41 MiB
partial-qwen2.5-coder-7b-ngl14-r1,qwen2.5-coder-7b,partial,bench,unplugged-02,[],True,False,0,,,12,CPU,compute,19.44,sched_reserve:        CPU compute buffer size =    19.44 MiB
partial-qwen2.5-coder-7b-ngl21-r0,qwen2.5-coder-7b,partial,bench,charging-01,[],True,False,0,,,0,CPU,model,292.72,load_tensors:          CPU model buffer size =   292.72 MiB
partial-qwen2.5-coder-7b-ngl21-r0,qwen2.5-coder-7b,partial,bench,charging-01,[],True,False,0,,,1,CPU_REPACK,model,1511.75,load_tensors:   CPU_REPACK model buffer size =  1511.75 MiB
partial-qwen2.5-coder-7b-ngl21-r0,qwen2.5-coder-7b,partial,bench,charging-01,[],True,False,0,,,2,OpenCL,model,2656.04,load_tensors:       OpenCL model buffer size =  2656.04 MiB
partial-qwen2.5-coder-7b-ngl21-r0,qwen2.5-coder-7b,partial,bench,charging-01,[],True,False,0,,,3,CPU,output,0.58,llama_context:        CPU  output buffer size =     0.58 MiB
partial-qwen2.5-coder-7b-ngl21-r0,qwen2.5-coder-7b,partial,bench,charging-01,[],True,False,0,,,4,CPU,KV,4.0,llama_kv_cache:        CPU KV buffer size =     4.00 MiB
partial-qwen2.5-coder-7b-ngl21-r0,qwen2.5-coder-7b,partial,bench,charging-01,[],True,False,0,,,5,OpenCL,KV,10.0,llama_kv_cache:     OpenCL KV buffer size =    10.00 MiB
partial-qwen2.5-coder-7b-ngl21-r0,qwen2.5-coder-7b,partial,bench,charging-01,[],True,False,0,,,6,OpenCL,compute,33.63,sched_reserve:     OpenCL compute buffer size =    33.63 MiB
partial-qwen2.5-coder-7b-ngl21-r0,qwen2.5-coder-7b,partial,bench,charging-01,[],True,False,0,,,7,CPU,compute,77.75,sched_reserve:        CPU compute buffer size =    77.75 MiB
partial-qwen2.5-coder-7b-ngl21-r0,qwen2.5-coder-7b,partial,bench,charging-01,[],True,False,0,,,8,CPU,output,0.58,llama_context:        CPU  output buffer size =     0.58 MiB
partial-qwen2.5-coder-7b-ngl21-r0,qwen2.5-coder-7b,partial,bench,charging-01,[],True,False,0,,,9,CPU,KV,4.0,llama_kv_cache:        CPU KV buffer size =     4.00 MiB
partial-qwen2.5-coder-7b-ngl21-r0,qwen2.5-coder-7b,partial,bench,charging-01,[],True,False,0,,,10,OpenCL,KV,10.0,llama_kv_cache:     OpenCL KV buffer size =    10.00 MiB
partial-qwen2.5-coder-7b-ngl21-r0,qwen2.5-coder-7b,partial,bench,charging-01,[],True,False,0,,,11,OpenCL,compute,8.41,sched_reserve:     OpenCL compute buffer size =     8.41 MiB
partial-qwen2.5-coder-7b-ngl21-r0,qwen2.5-coder-7b,partial,bench,charging-01,[],True,False,0,,,12,CPU,compute,19.44,sched_reserve:        CPU compute buffer size =    19.44 MiB
partial-qwen2.5-coder-7b-ngl21-r1,qwen2.5-coder-7b,partial,bench,unplugged-02,[],True,False,0,,,0,CPU,model,292.72,load_tensors:          CPU model buffer size =   292.72 MiB
partial-qwen2.5-coder-7b-ngl21-r1,qwen2.5-coder-7b,partial,bench,unplugged-02,[],True,False,0,,,1,CPU_REPACK,model,1511.75,load_tensors:   CPU_REPACK model buffer size =  1511.75 MiB
partial-qwen2.5-coder-7b-ngl21-r1,qwen2.5-coder-7b,partial,bench,unplugged-02,[],True,False,0,,,2,OpenCL,model,2656.04,load_tensors:       OpenCL model buffer size =  2656.04 MiB
partial-qwen2.5-coder-7b-ngl21-r1,qwen2.5-coder-7b,partial,bench,unplugged-02,[],True,False,0,,,3,CPU,output,0.58,llama_context:        CPU  output buffer size =     0.58 MiB
partial-qwen2.5-coder-7b-ngl21-r1,qwen2.5-coder-7b,partial,bench,unplugged-02,[],True,False,0,,,4,CPU,KV,4.0,llama_kv_cache:        CPU KV buffer size =     4.00 MiB
partial-qwen2.5-coder-7b-ngl21-r1,qwen2.5-coder-7b,partial,bench,unplugged-02,[],True,False,0,,,5,OpenCL,KV,10.0,llama_kv_cache:     OpenCL KV buffer size =    10.00 MiB
partial-qwen2.5-coder-7b-ngl21-r1,qwen2.5-coder-7b,partial,bench,unplugged-02,[],True,False,0,,,6,OpenCL,compute,33.63,sched_reserve:     OpenCL compute buffer size =    33.63 MiB
partial-qwen2.5-coder-7b-ngl21-r1,qwen2.5-coder-7b,partial,bench,unplugged-02,[],True,False,0,,,7,CPU,compute,77.75,sched_reserve:        CPU compute buffer size =    77.75 MiB
partial-qwen2.5-coder-7b-ngl21-r1,qwen2.5-coder-7b,partial,bench,unplugged-02,[],True,False,0,,,8,CPU,output,0.58,llama_context:        CPU  output buffer size =     0.58 MiB
partial-qwen2.5-coder-7b-ngl21-r1,qwen2.5-coder-7b,partial,bench,unplugged-02,[],True,False,0,,,9,CPU,KV,4.0,llama_kv_cache:        CPU KV buffer size =     4.00 MiB
partial-qwen2.5-coder-7b-ngl21-r1,qwen2.5-coder-7b,partial,bench,unplugged-02,[],True,False,0,,,10,OpenCL,KV,10.0,llama_kv_cache:     OpenCL KV buffer size =    10.00 MiB
partial-qwen2.5-coder-7b-ngl21-r1,qwen2.5-coder-7b,partial,bench,unplugged-02,[],True,False,0,,,11,OpenCL,compute,8.41,sched_reserve:     OpenCL compute buffer size =     8.41 MiB
partial-qwen2.5-coder-7b-ngl21-r1,qwen2.5-coder-7b,partial,bench,unplugged-02,[],True,False,0,,,12,CPU,compute,19.44,sched_reserve:        CPU compute buffer size =    19.44 MiB
partial-qwen2.5-coder-7b-ngl3-r0,qwen2.5-coder-7b,partial,bench,charging-01,[],True,False,0,,,0,CPU,model,293.53,load_tensors:          CPU model buffer size =   293.53 MiB
partial-qwen2.5-coder-7b-ngl3-r0,qwen2.5-coder-7b,partial,bench,charging-01,[],True,False,0,,,1,CPU_REPACK,model,3882.5,load_tensors:   CPU_REPACK model buffer size =  3882.50 MiB
partial-qwen2.5-coder-7b-ngl3-r0,qwen2.5-coder-7b,partial,bench,charging-01,[],True,False,0,,,2,OpenCL,model,284.43,load_tensors:       OpenCL model buffer size =   284.43 MiB
partial-qwen2.5-coder-7b-ngl3-r0,qwen2.5-coder-7b,partial,bench,charging-01,[],True,False,0,,,3,CPU,output,0.58,llama_context:        CPU  output buffer size =     0.58 MiB
partial-qwen2.5-coder-7b-ngl3-r0,qwen2.5-coder-7b,partial,bench,charging-01,[],True,False,0,,,4,CPU,KV,13.0,llama_kv_cache:        CPU KV buffer size =    13.00 MiB
partial-qwen2.5-coder-7b-ngl3-r0,qwen2.5-coder-7b,partial,bench,charging-01,[],True,False,0,,,5,OpenCL,KV,1.0,llama_kv_cache:     OpenCL KV buffer size =     1.00 MiB
partial-qwen2.5-coder-7b-ngl3-r0,qwen2.5-coder-7b,partial,bench,charging-01,[],True,False,0,,,6,OpenCL,compute,33.63,sched_reserve:     OpenCL compute buffer size =    33.63 MiB
partial-qwen2.5-coder-7b-ngl3-r0,qwen2.5-coder-7b,partial,bench,charging-01,[],True,False,0,,,7,CPU,compute,77.75,sched_reserve:        CPU compute buffer size =    77.75 MiB
partial-qwen2.5-coder-7b-ngl3-r0,qwen2.5-coder-7b,partial,bench,charging-01,[],True,False,0,,,8,CPU,output,0.58,llama_context:        CPU  output buffer size =     0.58 MiB
partial-qwen2.5-coder-7b-ngl3-r0,qwen2.5-coder-7b,partial,bench,charging-01,[],True,False,0,,,9,CPU,KV,13.0,llama_kv_cache:        CPU KV buffer size =    13.00 MiB
partial-qwen2.5-coder-7b-ngl3-r0,qwen2.5-coder-7b,partial,bench,charging-01,[],True,False,0,,,10,OpenCL,KV,1.0,llama_kv_cache:     OpenCL KV buffer size =     1.00 MiB
partial-qwen2.5-coder-7b-ngl3-r0,qwen2.5-coder-7b,partial,bench,charging-01,[],True,False,0,,,11,OpenCL,compute,8.41,sched_reserve:     OpenCL compute buffer size =     8.41 MiB
partial-qwen2.5-coder-7b-ngl3-r0,qwen2.5-coder-7b,partial,bench,charging-01,[],True,False,0,,,12,CPU,compute,19.44,sched_reserve:        CPU compute buffer size =    19.44 MiB
partial-qwen2.5-coder-7b-ngl3-r1,qwen2.5-coder-7b,partial,bench,charging-03,[],True,False,0,,,0,CPU,model,293.53,load_tensors:          CPU model buffer size =   293.53 MiB
partial-qwen2.5-coder-7b-ngl3-r1,qwen2.5-coder-7b,partial,bench,charging-03,[],True,False,0,,,1,CPU_REPACK,model,3882.5,load_tensors:   CPU_REPACK model buffer size =  3882.50 MiB
partial-qwen2.5-coder-7b-ngl3-r1,qwen2.5-coder-7b,partial,bench,charging-03,[],True,False,0,,,2,OpenCL,model,284.43,load_tensors:       OpenCL model buffer size =   284.43 MiB
partial-qwen2.5-coder-7b-ngl3-r1,qwen2.5-coder-7b,partial,bench,charging-03,[],True,False,0,,,3,CPU,output,0.58,llama_context:        CPU  output buffer size =     0.58 MiB
partial-qwen2.5-coder-7b-ngl3-r1,qwen2.5-coder-7b,partial,bench,charging-03,[],True,False,0,,,4,CPU,KV,13.0,llama_kv_cache:        CPU KV buffer size =    13.00 MiB
partial-qwen2.5-coder-7b-ngl3-r1,qwen2.5-coder-7b,partial,bench,charging-03,[],True,False,0,,,5,OpenCL,KV,1.0,llama_kv_cache:     OpenCL KV buffer size =     1.00 MiB
partial-qwen2.5-coder-7b-ngl3-r1,qwen2.5-coder-7b,partial,bench,charging-03,[],True,False,0,,,6,OpenCL,compute,33.63,sched_reserve:     OpenCL compute buffer size =    33.63 MiB
partial-qwen2.5-coder-7b-ngl3-r1,qwen2.5-coder-7b,partial,bench,charging-03,[],True,False,0,,,7,CPU,compute,77.75,sched_reserve:        CPU compute buffer size =    77.75 MiB
partial-qwen2.5-coder-7b-ngl3-r1,qwen2.5-coder-7b,partial,bench,charging-03,[],True,False,0,,,8,CPU,output,0.58,llama_context:        CPU  output buffer size =     0.58 MiB
partial-qwen2.5-coder-7b-ngl3-r1,qwen2.5-coder-7b,partial,bench,charging-03,[],True,False,0,,,9,CPU,KV,13.0,llama_kv_cache:        CPU KV buffer size =    13.00 MiB
partial-qwen2.5-coder-7b-ngl3-r1,qwen2.5-coder-7b,partial,bench,charging-03,[],True,False,0,,,10,OpenCL,KV,1.0,llama_kv_cache:     OpenCL KV buffer size =     1.00 MiB
partial-qwen2.5-coder-7b-ngl3-r1,qwen2.5-coder-7b,partial,bench,charging-03,[],True,False,0,,,11,OpenCL,compute,8.41,sched_reserve:     OpenCL compute buffer size =     8.41 MiB
partial-qwen2.5-coder-7b-ngl3-r1,qwen2.5-coder-7b,partial,bench,charging-03,[],True,False,0,,,12,CPU,compute,19.44,sched_reserve:        CPU compute buffer size =    19.44 MiB
partial-qwen2.5-coder-7b-ngl6-r0,qwen2.5-coder-7b,partial,bench,charging-01,[],True,False,0,,,0,CPU,model,293.39,load_tensors:          CPU model buffer size =   293.39 MiB
partial-qwen2.5-coder-7b-ngl6-r0,qwen2.5-coder-7b,partial,bench,charging-01,[],True,False,0,,,1,CPU_REPACK,model,3456.02,load_tensors:   CPU_REPACK model buffer size =  3456.02 MiB
partial-qwen2.5-coder-7b-ngl6-r0,qwen2.5-coder-7b,partial,bench,charging-01,[],True,False,0,,,2,OpenCL,model,711.06,load_tensors:       OpenCL model buffer size =   711.06 MiB
partial-qwen2.5-coder-7b-ngl6-r0,qwen2.5-coder-7b,partial,bench,charging-01,[],True,False,0,,,3,CPU,output,0.58,llama_context:        CPU  output buffer size =     0.58 MiB
partial-qwen2.5-coder-7b-ngl6-r0,qwen2.5-coder-7b,partial,bench,charging-01,[],True,False,0,,,4,CPU,KV,11.5,llama_kv_cache:        CPU KV buffer size =    11.50 MiB
partial-qwen2.5-coder-7b-ngl6-r0,qwen2.5-coder-7b,partial,bench,charging-01,[],True,False,0,,,5,OpenCL,KV,2.5,llama_kv_cache:     OpenCL KV buffer size =     2.50 MiB
partial-qwen2.5-coder-7b-ngl6-r0,qwen2.5-coder-7b,partial,bench,charging-01,[],True,False,0,,,6,OpenCL,compute,33.63,sched_reserve:     OpenCL compute buffer size =    33.63 MiB
partial-qwen2.5-coder-7b-ngl6-r0,qwen2.5-coder-7b,partial,bench,charging-01,[],True,False,0,,,7,CPU,compute,77.75,sched_reserve:        CPU compute buffer size =    77.75 MiB
partial-qwen2.5-coder-7b-ngl6-r0,qwen2.5-coder-7b,partial,bench,charging-01,[],True,False,0,,,8,CPU,output,0.58,llama_context:        CPU  output buffer size =     0.58 MiB
partial-qwen2.5-coder-7b-ngl6-r0,qwen2.5-coder-7b,partial,bench,charging-01,[],True,False,0,,,9,CPU,KV,11.5,llama_kv_cache:        CPU KV buffer size =    11.50 MiB
partial-qwen2.5-coder-7b-ngl6-r0,qwen2.5-coder-7b,partial,bench,charging-01,[],True,False,0,,,10,OpenCL,KV,2.5,llama_kv_cache:     OpenCL KV buffer size =     2.50 MiB
partial-qwen2.5-coder-7b-ngl6-r0,qwen2.5-coder-7b,partial,bench,charging-01,[],True,False,0,,,11,OpenCL,compute,8.41,sched_reserve:     OpenCL compute buffer size =     8.41 MiB
partial-qwen2.5-coder-7b-ngl6-r0,qwen2.5-coder-7b,partial,bench,charging-01,[],True,False,0,,,12,CPU,compute,19.44,sched_reserve:        CPU compute buffer size =    19.44 MiB
partial-qwen2.5-coder-7b-ngl6-r1,qwen2.5-coder-7b,partial,bench,charging-03,[],True,False,0,,,0,CPU,model,293.39,load_tensors:          CPU model buffer size =   293.39 MiB
partial-qwen2.5-coder-7b-ngl6-r1,qwen2.5-coder-7b,partial,bench,charging-03,[],True,False,0,,,1,CPU_REPACK,model,3456.02,load_tensors:   CPU_REPACK model buffer size =  3456.02 MiB
partial-qwen2.5-coder-7b-ngl6-r1,qwen2.5-coder-7b,partial,bench,charging-03,[],True,False,0,,,2,OpenCL,model,711.06,load_tensors:       OpenCL model buffer size =   711.06 MiB
partial-qwen2.5-coder-7b-ngl6-r1,qwen2.5-coder-7b,partial,bench,charging-03,[],True,False,0,,,3,CPU,output,0.58,llama_context:        CPU  output buffer size =     0.58 MiB
partial-qwen2.5-coder-7b-ngl6-r1,qwen2.5-coder-7b,partial,bench,charging-03,[],True,False,0,,,4,CPU,KV,11.5,llama_kv_cache:        CPU KV buffer size =    11.50 MiB
partial-qwen2.5-coder-7b-ngl6-r1,qwen2.5-coder-7b,partial,bench,charging-03,[],True,False,0,,,5,OpenCL,KV,2.5,llama_kv_cache:     OpenCL KV buffer size =     2.50 MiB
partial-qwen2.5-coder-7b-ngl6-r1,qwen2.5-coder-7b,partial,bench,charging-03,[],True,False,0,,,6,OpenCL,compute,33.63,sched_reserve:     OpenCL compute buffer size =    33.63 MiB
partial-qwen2.5-coder-7b-ngl6-r1,qwen2.5-coder-7b,partial,bench,charging-03,[],True,False,0,,,7,CPU,compute,77.75,sched_reserve:        CPU compute buffer size =    77.75 MiB
partial-qwen2.5-coder-7b-ngl6-r1,qwen2.5-coder-7b,partial,bench,charging-03,[],True,False,0,,,8,CPU,output,0.58,llama_context:        CPU  output buffer size =     0.58 MiB
partial-qwen2.5-coder-7b-ngl6-r1,qwen2.5-coder-7b,partial,bench,charging-03,[],True,False,0,,,9,CPU,KV,11.5,llama_kv_cache:        CPU KV buffer size =    11.50 MiB
partial-qwen2.5-coder-7b-ngl6-r1,qwen2.5-coder-7b,partial,bench,charging-03,[],True,False,0,,,10,OpenCL,KV,2.5,llama_kv_cache:     OpenCL KV buffer size =     2.50 MiB
partial-qwen2.5-coder-7b-ngl6-r1,qwen2.5-coder-7b,partial,bench,charging-03,[],True,False,0,,,11,OpenCL,compute,8.41,sched_reserve:     OpenCL compute buffer size =     8.41 MiB
partial-qwen2.5-coder-7b-ngl6-r1,qwen2.5-coder-7b,partial,bench,charging-03,[],True,False,0,,,12,CPU,compute,19.44,sched_reserve:        CPU compute buffer size =    19.44 MiB
partial-qwen2.5-coder-7b-ngl7-r0,qwen2.5-coder-7b,partial,bench,charging-01,[],True,False,0,,,0,CPU,model,293.35,load_tensors:          CPU model buffer size =   293.35 MiB
partial-qwen2.5-coder-7b-ngl7-r0,qwen2.5-coder-7b,partial,bench,charging-01,[],True,False,0,,,1,CPU_REPACK,model,3331.0,load_tensors:   CPU_REPACK model buffer size =  3331.00 MiB
partial-qwen2.5-coder-7b-ngl7-r0,qwen2.5-coder-7b,partial,bench,charging-01,[],True,False,0,,,2,OpenCL,model,836.12,load_tensors:       OpenCL model buffer size =   836.12 MiB
partial-qwen2.5-coder-7b-ngl7-r0,qwen2.5-coder-7b,partial,bench,charging-01,[],True,False,0,,,3,CPU,output,0.58,llama_context:        CPU  output buffer size =     0.58 MiB
partial-qwen2.5-coder-7b-ngl7-r0,qwen2.5-coder-7b,partial,bench,charging-01,[],True,False,0,,,4,CPU,KV,11.0,llama_kv_cache:        CPU KV buffer size =    11.00 MiB
partial-qwen2.5-coder-7b-ngl7-r0,qwen2.5-coder-7b,partial,bench,charging-01,[],True,False,0,,,5,OpenCL,KV,3.0,llama_kv_cache:     OpenCL KV buffer size =     3.00 MiB
partial-qwen2.5-coder-7b-ngl7-r0,qwen2.5-coder-7b,partial,bench,charging-01,[],True,False,0,,,6,OpenCL,compute,33.63,sched_reserve:     OpenCL compute buffer size =    33.63 MiB
partial-qwen2.5-coder-7b-ngl7-r0,qwen2.5-coder-7b,partial,bench,charging-01,[],True,False,0,,,7,CPU,compute,77.75,sched_reserve:        CPU compute buffer size =    77.75 MiB
partial-qwen2.5-coder-7b-ngl7-r0,qwen2.5-coder-7b,partial,bench,charging-01,[],True,False,0,,,8,CPU,output,0.58,llama_context:        CPU  output buffer size =     0.58 MiB
partial-qwen2.5-coder-7b-ngl7-r0,qwen2.5-coder-7b,partial,bench,charging-01,[],True,False,0,,,9,CPU,KV,11.0,llama_kv_cache:        CPU KV buffer size =    11.00 MiB
partial-qwen2.5-coder-7b-ngl7-r0,qwen2.5-coder-7b,partial,bench,charging-01,[],True,False,0,,,10,OpenCL,KV,3.0,llama_kv_cache:     OpenCL KV buffer size =     3.00 MiB
partial-qwen2.5-coder-7b-ngl7-r0,qwen2.5-coder-7b,partial,bench,charging-01,[],True,False,0,,,11,OpenCL,compute,8.41,sched_reserve:     OpenCL compute buffer size =     8.41 MiB
partial-qwen2.5-coder-7b-ngl7-r0,qwen2.5-coder-7b,partial,bench,charging-01,[],True,False,0,,,12,CPU,compute,19.44,sched_reserve:        CPU compute buffer size =    19.44 MiB
partial-qwen2.5-coder-7b-ngl7-r1,qwen2.5-coder-7b,partial,bench,unplugged-02,[],True,False,0,,,0,CPU,model,293.35,load_tensors:          CPU model buffer size =   293.35 MiB
partial-qwen2.5-coder-7b-ngl7-r1,qwen2.5-coder-7b,partial,bench,unplugged-02,[],True,False,0,,,1,CPU_REPACK,model,3331.0,load_tensors:   CPU_REPACK model buffer size =  3331.00 MiB
partial-qwen2.5-coder-7b-ngl7-r1,qwen2.5-coder-7b,partial,bench,unplugged-02,[],True,False,0,,,2,OpenCL,model,836.12,load_tensors:       OpenCL model buffer size =   836.12 MiB
partial-qwen2.5-coder-7b-ngl7-r1,qwen2.5-coder-7b,partial,bench,unplugged-02,[],True,False,0,,,3,CPU,output,0.58,llama_context:        CPU  output buffer size =     0.58 MiB
partial-qwen2.5-coder-7b-ngl7-r1,qwen2.5-coder-7b,partial,bench,unplugged-02,[],True,False,0,,,4,CPU,KV,11.0,llama_kv_cache:        CPU KV buffer size =    11.00 MiB
partial-qwen2.5-coder-7b-ngl7-r1,qwen2.5-coder-7b,partial,bench,unplugged-02,[],True,False,0,,,5,OpenCL,KV,3.0,llama_kv_cache:     OpenCL KV buffer size =     3.00 MiB
partial-qwen2.5-coder-7b-ngl7-r1,qwen2.5-coder-7b,partial,bench,unplugged-02,[],True,False,0,,,6,OpenCL,compute,33.63,sched_reserve:     OpenCL compute buffer size =    33.63 MiB
partial-qwen2.5-coder-7b-ngl7-r1,qwen2.5-coder-7b,partial,bench,unplugged-02,[],True,False,0,,,7,CPU,compute,77.75,sched_reserve:        CPU compute buffer size =    77.75 MiB
partial-qwen2.5-coder-7b-ngl7-r1,qwen2.5-coder-7b,partial,bench,unplugged-02,[],True,False,0,,,8,CPU,output,0.58,llama_context:        CPU  output buffer size =     0.58 MiB
partial-qwen2.5-coder-7b-ngl7-r1,qwen2.5-coder-7b,partial,bench,unplugged-02,[],True,False,0,,,9,CPU,KV,11.0,llama_kv_cache:        CPU KV buffer size =    11.00 MiB
partial-qwen2.5-coder-7b-ngl7-r1,qwen2.5-coder-7b,partial,bench,unplugged-02,[],True,False,0,,,10,OpenCL,KV,3.0,llama_kv_cache:     OpenCL KV buffer size =     3.00 MiB
partial-qwen2.5-coder-7b-ngl7-r1,qwen2.5-coder-7b,partial,bench,unplugged-02,[],True,False,0,,,11,OpenCL,compute,8.41,sched_reserve:     OpenCL compute buffer size =     8.41 MiB
partial-qwen2.5-coder-7b-ngl7-r1,qwen2.5-coder-7b,partial,bench,unplugged-02,[],True,False,0,,,12,CPU,compute,19.44,sched_reserve:        CPU compute buffer size =    19.44 MiB
partial-qwen2.5-coder-7b-ngl99-r0,qwen2.5-coder-7b,partial,bench,charging-01,[],True,False,0,,,0,CPU,model,292.36,load_tensors:          CPU model buffer size =   292.36 MiB
partial-qwen2.5-coder-7b-ngl99-r0,qwen2.5-coder-7b,partial,bench,charging-01,[],True,False,0,,,1,CPU_REPACK,model,426.36,load_tensors:   CPU_REPACK model buffer size =   426.36 MiB
partial-qwen2.5-coder-7b-ngl99-r0,qwen2.5-coder-7b,partial,bench,charging-01,[],True,False,0,,,2,OpenCL,model,3741.83,load_tensors:       OpenCL model buffer size =  3741.83 MiB
partial-qwen2.5-coder-7b-ngl99-r0,qwen2.5-coder-7b,partial,bench,charging-01,[],True,False,0,,,3,CPU,output,0.58,llama_context:        CPU  output buffer size =     0.58 MiB
partial-qwen2.5-coder-7b-ngl99-r0,qwen2.5-coder-7b,partial,bench,charging-01,[],True,False,0,,,4,OpenCL,KV,14.0,llama_kv_cache:     OpenCL KV buffer size =    14.00 MiB
partial-qwen2.5-coder-7b-ngl99-r0,qwen2.5-coder-7b,partial,bench,charging-01,[],True,False,0,,,5,OpenCL,compute,33.63,sched_reserve:     OpenCL compute buffer size =    33.63 MiB
partial-qwen2.5-coder-7b-ngl99-r0,qwen2.5-coder-7b,partial,bench,charging-01,[],True,False,0,,,6,CPU,compute,77.75,sched_reserve:        CPU compute buffer size =    77.75 MiB
partial-qwen2.5-coder-7b-ngl99-r0,qwen2.5-coder-7b,partial,bench,charging-01,[],True,False,0,,,7,CPU,output,0.58,llama_context:        CPU  output buffer size =     0.58 MiB
partial-qwen2.5-coder-7b-ngl99-r0,qwen2.5-coder-7b,partial,bench,charging-01,[],True,False,0,,,8,OpenCL,KV,14.0,llama_kv_cache:     OpenCL KV buffer size =    14.00 MiB
partial-qwen2.5-coder-7b-ngl99-r0,qwen2.5-coder-7b,partial,bench,charging-01,[],True,False,0,,,9,OpenCL,compute,8.41,sched_reserve:     OpenCL compute buffer size =     8.41 MiB
partial-qwen2.5-coder-7b-ngl99-r0,qwen2.5-coder-7b,partial,bench,charging-01,[],True,False,0,,,10,CPU,compute,19.44,sched_reserve:        CPU compute buffer size =    19.44 MiB
partial-qwen2.5-coder-7b-ngl99-r1,qwen2.5-coder-7b,partial,bench,unplugged-02,[],True,False,0,,,0,CPU,model,292.36,load_tensors:          CPU model buffer size =   292.36 MiB
partial-qwen2.5-coder-7b-ngl99-r1,qwen2.5-coder-7b,partial,bench,unplugged-02,[],True,False,0,,,1,CPU_REPACK,model,426.36,load_tensors:   CPU_REPACK model buffer size =   426.36 MiB
partial-qwen2.5-coder-7b-ngl99-r1,qwen2.5-coder-7b,partial,bench,unplugged-02,[],True,False,0,,,2,OpenCL,model,3741.83,load_tensors:       OpenCL model buffer size =  3741.83 MiB
partial-qwen2.5-coder-7b-ngl99-r1,qwen2.5-coder-7b,partial,bench,unplugged-02,[],True,False,0,,,3,CPU,output,0.58,llama_context:        CPU  output buffer size =     0.58 MiB
partial-qwen2.5-coder-7b-ngl99-r1,qwen2.5-coder-7b,partial,bench,unplugged-02,[],True,False,0,,,4,OpenCL,KV,14.0,llama_kv_cache:     OpenCL KV buffer size =    14.00 MiB
partial-qwen2.5-coder-7b-ngl99-r1,qwen2.5-coder-7b,partial,bench,unplugged-02,[],True,False,0,,,5,OpenCL,compute,33.63,sched_reserve:     OpenCL compute buffer size =    33.63 MiB
partial-qwen2.5-coder-7b-ngl99-r1,qwen2.5-coder-7b,partial,bench,unplugged-02,[],True,False,0,,,6,CPU,compute,77.75,sched_reserve:        CPU compute buffer size =    77.75 MiB
partial-qwen2.5-coder-7b-ngl99-r1,qwen2.5-coder-7b,partial,bench,unplugged-02,[],True,False,0,,,7,CPU,output,0.58,llama_context:        CPU  output buffer size =     0.58 MiB
partial-qwen2.5-coder-7b-ngl99-r1,qwen2.5-coder-7b,partial,bench,unplugged-02,[],True,False,0,,,8,OpenCL,KV,14.0,llama_kv_cache:     OpenCL KV buffer size =    14.00 MiB
partial-qwen2.5-coder-7b-ngl99-r1,qwen2.5-coder-7b,partial,bench,unplugged-02,[],True,False,0,,,9,OpenCL,compute,8.41,sched_reserve:     OpenCL compute buffer size =     8.41 MiB
partial-qwen2.5-coder-7b-ngl99-r1,qwen2.5-coder-7b,partial,bench,unplugged-02,[],True,False,0,,,10,CPU,compute,19.44,sched_reserve:        CPU compute buffer size =    19.44 MiB
partial-qwen3-4b-instruct-ngl0-r0,qwen3-4b-instruct,partial,bench,charging-01,[],True,False,0,,,0,CPU_Mapped,model,2362.55,load_tensors:   CPU_Mapped model buffer size =  2362.55 MiB
partial-qwen3-4b-instruct-ngl0-r0,qwen3-4b-instruct,partial,bench,charging-01,[],True,False,0,,,1,CPU_REPACK,model,2375.16,load_tensors:   CPU_REPACK model buffer size =  2375.16 MiB
partial-qwen3-4b-instruct-ngl0-r0,qwen3-4b-instruct,partial,bench,charging-01,[],True,False,0,,,2,CPU,output,0.58,llama_context:        CPU  output buffer size =     0.58 MiB
partial-qwen3-4b-instruct-ngl0-r0,qwen3-4b-instruct,partial,bench,charging-01,[],True,False,0,,,3,CPU,KV,36.0,llama_kv_cache:        CPU KV buffer size =    36.00 MiB
partial-qwen3-4b-instruct-ngl0-r0,qwen3-4b-instruct,partial,bench,charging-01,[],True,False,0,,,4,CPU,compute,76.69,sched_reserve:        CPU compute buffer size =    76.69 MiB
partial-qwen3-4b-instruct-ngl0-r0,qwen3-4b-instruct,partial,bench,charging-01,[],True,False,0,,,5,CPU,output,0.58,llama_context:        CPU  output buffer size =     0.58 MiB
partial-qwen3-4b-instruct-ngl0-r0,qwen3-4b-instruct,partial,bench,charging-01,[],True,False,0,,,6,CPU,KV,36.0,llama_kv_cache:        CPU KV buffer size =    36.00 MiB
partial-qwen3-4b-instruct-ngl0-r0,qwen3-4b-instruct,partial,bench,charging-01,[],True,False,0,,,7,CPU,compute,19.17,sched_reserve:        CPU compute buffer size =    19.17 MiB
partial-qwen3-4b-instruct-ngl0-r1,qwen3-4b-instruct,partial,bench,charging-01,[],True,False,0,,,0,CPU_Mapped,model,2362.55,load_tensors:   CPU_Mapped model buffer size =  2362.55 MiB
partial-qwen3-4b-instruct-ngl0-r1,qwen3-4b-instruct,partial,bench,charging-01,[],True,False,0,,,1,CPU_REPACK,model,2375.16,load_tensors:   CPU_REPACK model buffer size =  2375.16 MiB
partial-qwen3-4b-instruct-ngl0-r1,qwen3-4b-instruct,partial,bench,charging-01,[],True,False,0,,,2,CPU,output,0.58,llama_context:        CPU  output buffer size =     0.58 MiB
partial-qwen3-4b-instruct-ngl0-r1,qwen3-4b-instruct,partial,bench,charging-01,[],True,False,0,,,3,CPU,KV,36.0,llama_kv_cache:        CPU KV buffer size =    36.00 MiB
partial-qwen3-4b-instruct-ngl0-r1,qwen3-4b-instruct,partial,bench,charging-01,[],True,False,0,,,4,CPU,compute,76.69,sched_reserve:        CPU compute buffer size =    76.69 MiB
partial-qwen3-4b-instruct-ngl0-r1,qwen3-4b-instruct,partial,bench,charging-01,[],True,False,0,,,5,CPU,output,0.58,llama_context:        CPU  output buffer size =     0.58 MiB
partial-qwen3-4b-instruct-ngl0-r1,qwen3-4b-instruct,partial,bench,charging-01,[],True,False,0,,,6,CPU,KV,36.0,llama_kv_cache:        CPU KV buffer size =    36.00 MiB
partial-qwen3-4b-instruct-ngl0-r1,qwen3-4b-instruct,partial,bench,charging-01,[],True,False,0,,,7,CPU,compute,19.17,sched_reserve:        CPU compute buffer size =    19.17 MiB
partial-qwen3-4b-instruct-ngl18-r0,qwen3-4b-instruct,partial,bench,charging-01,[],True,False,0,,,0,CPU,model,304.67,load_tensors:          CPU model buffer size =   304.67 MiB
partial-qwen3-4b-instruct-ngl18-r0,qwen3-4b-instruct,partial,bench,charging-01,[],True,False,0,,,1,CPU_REPACK,model,1393.86,load_tensors:   CPU_REPACK model buffer size =  1393.86 MiB
partial-qwen3-4b-instruct-ngl18-r0,qwen3-4b-instruct,partial,bench,charging-01,[],True,False,0,,,2,OpenCL,model,981.72,load_tensors:       OpenCL model buffer size =   981.72 MiB
partial-qwen3-4b-instruct-ngl18-r0,qwen3-4b-instruct,partial,bench,charging-01,[],True,False,0,,,3,CPU,output,0.58,llama_context:        CPU  output buffer size =     0.58 MiB
partial-qwen3-4b-instruct-ngl18-r0,qwen3-4b-instruct,partial,bench,charging-01,[],True,False,0,,,4,CPU,KV,19.0,llama_kv_cache:        CPU KV buffer size =    19.00 MiB
partial-qwen3-4b-instruct-ngl18-r0,qwen3-4b-instruct,partial,bench,charging-01,[],True,False,0,,,5,OpenCL,KV,17.0,llama_kv_cache:     OpenCL KV buffer size =    17.00 MiB
partial-qwen3-4b-instruct-ngl18-r0,qwen3-4b-instruct,partial,bench,charging-01,[],True,False,0,,,6,OpenCL,compute,19.13,sched_reserve:     OpenCL compute buffer size =    19.13 MiB
partial-qwen3-4b-instruct-ngl18-r0,qwen3-4b-instruct,partial,bench,charging-01,[],True,False,0,,,7,CPU,compute,76.69,sched_reserve:        CPU compute buffer size =    76.69 MiB
partial-qwen3-4b-instruct-ngl18-r0,qwen3-4b-instruct,partial,bench,charging-01,[],True,False,0,,,8,CPU,output,0.58,llama_context:        CPU  output buffer size =     0.58 MiB
partial-qwen3-4b-instruct-ngl18-r0,qwen3-4b-instruct,partial,bench,charging-01,[],True,False,0,,,9,CPU,KV,19.0,llama_kv_cache:        CPU KV buffer size =    19.00 MiB
partial-qwen3-4b-instruct-ngl18-r0,qwen3-4b-instruct,partial,bench,charging-01,[],True,False,0,,,10,OpenCL,KV,17.0,llama_kv_cache:     OpenCL KV buffer size =    17.00 MiB
partial-qwen3-4b-instruct-ngl18-r0,qwen3-4b-instruct,partial,bench,charging-01,[],True,False,0,,,11,OpenCL,compute,4.78,sched_reserve:     OpenCL compute buffer size =     4.78 MiB
partial-qwen3-4b-instruct-ngl18-r0,qwen3-4b-instruct,partial,bench,charging-01,[],True,False,0,,,12,CPU,compute,19.17,sched_reserve:        CPU compute buffer size =    19.17 MiB
partial-qwen3-4b-instruct-ngl18-r1,qwen3-4b-instruct,partial,bench,charging-01,[],True,False,0,,,0,CPU,model,304.67,load_tensors:          CPU model buffer size =   304.67 MiB
partial-qwen3-4b-instruct-ngl18-r1,qwen3-4b-instruct,partial,bench,charging-01,[],True,False,0,,,1,CPU_REPACK,model,1393.86,load_tensors:   CPU_REPACK model buffer size =  1393.86 MiB
partial-qwen3-4b-instruct-ngl18-r1,qwen3-4b-instruct,partial,bench,charging-01,[],True,False,0,,,2,OpenCL,model,981.72,load_tensors:       OpenCL model buffer size =   981.72 MiB
partial-qwen3-4b-instruct-ngl18-r1,qwen3-4b-instruct,partial,bench,charging-01,[],True,False,0,,,3,CPU,output,0.58,llama_context:        CPU  output buffer size =     0.58 MiB
partial-qwen3-4b-instruct-ngl18-r1,qwen3-4b-instruct,partial,bench,charging-01,[],True,False,0,,,4,CPU,KV,19.0,llama_kv_cache:        CPU KV buffer size =    19.00 MiB
partial-qwen3-4b-instruct-ngl18-r1,qwen3-4b-instruct,partial,bench,charging-01,[],True,False,0,,,5,OpenCL,KV,17.0,llama_kv_cache:     OpenCL KV buffer size =    17.00 MiB
partial-qwen3-4b-instruct-ngl18-r1,qwen3-4b-instruct,partial,bench,charging-01,[],True,False,0,,,6,OpenCL,compute,19.13,sched_reserve:     OpenCL compute buffer size =    19.13 MiB
partial-qwen3-4b-instruct-ngl18-r1,qwen3-4b-instruct,partial,bench,charging-01,[],True,False,0,,,7,CPU,compute,76.69,sched_reserve:        CPU compute buffer size =    76.69 MiB
partial-qwen3-4b-instruct-ngl18-r1,qwen3-4b-instruct,partial,bench,charging-01,[],True,False,0,,,8,CPU,output,0.58,llama_context:        CPU  output buffer size =     0.58 MiB
partial-qwen3-4b-instruct-ngl18-r1,qwen3-4b-instruct,partial,bench,charging-01,[],True,False,0,,,9,CPU,KV,19.0,llama_kv_cache:        CPU KV buffer size =    19.00 MiB
partial-qwen3-4b-instruct-ngl18-r1,qwen3-4b-instruct,partial,bench,charging-01,[],True,False,0,,,10,OpenCL,KV,17.0,llama_kv_cache:     OpenCL KV buffer size =    17.00 MiB
partial-qwen3-4b-instruct-ngl18-r1,qwen3-4b-instruct,partial,bench,charging-01,[],True,False,0,,,11,OpenCL,compute,4.78,sched_reserve:     OpenCL compute buffer size =     4.78 MiB
partial-qwen3-4b-instruct-ngl18-r1,qwen3-4b-instruct,partial,bench,charging-01,[],True,False,0,,,12,CPU,compute,19.17,sched_reserve:        CPU compute buffer size =    19.17 MiB
partial-qwen3-4b-instruct-ngl27-r0,qwen3-4b-instruct,partial,bench,charging-01,[],True,False,0,,,0,CPU,model,304.49,load_tensors:          CPU model buffer size =   304.49 MiB
partial-qwen3-4b-instruct-ngl27-r0,qwen3-4b-instruct,partial,bench,charging-01,[],True,False,0,,,1,CPU_REPACK,model,886.3,load_tensors:   CPU_REPACK model buffer size =   886.30 MiB
partial-qwen3-4b-instruct-ngl27-r0,qwen3-4b-instruct,partial,bench,charging-01,[],True,False,0,,,2,OpenCL,model,1489.5,load_tensors:       OpenCL model buffer size =  1489.50 MiB
partial-qwen3-4b-instruct-ngl27-r0,qwen3-4b-instruct,partial,bench,charging-01,[],True,False,0,,,3,CPU,output,0.58,llama_context:        CPU  output buffer size =     0.58 MiB
partial-qwen3-4b-instruct-ngl27-r0,qwen3-4b-instruct,partial,bench,charging-01,[],True,False,0,,,4,CPU,KV,10.0,llama_kv_cache:        CPU KV buffer size =    10.00 MiB
partial-qwen3-4b-instruct-ngl27-r0,qwen3-4b-instruct,partial,bench,charging-01,[],True,False,0,,,5,OpenCL,KV,26.0,llama_kv_cache:     OpenCL KV buffer size =    26.00 MiB
partial-qwen3-4b-instruct-ngl27-r0,qwen3-4b-instruct,partial,bench,charging-01,[],True,False,0,,,6,OpenCL,compute,19.13,sched_reserve:     OpenCL compute buffer size =    19.13 MiB
partial-qwen3-4b-instruct-ngl27-r0,qwen3-4b-instruct,partial,bench,charging-01,[],True,False,0,,,7,CPU,compute,76.69,sched_reserve:        CPU compute buffer size =    76.69 MiB
partial-qwen3-4b-instruct-ngl27-r0,qwen3-4b-instruct,partial,bench,charging-01,[],True,False,0,,,8,CPU,output,0.58,llama_context:        CPU  output buffer size =     0.58 MiB
partial-qwen3-4b-instruct-ngl27-r0,qwen3-4b-instruct,partial,bench,charging-01,[],True,False,0,,,9,CPU,KV,10.0,llama_kv_cache:        CPU KV buffer size =    10.00 MiB
partial-qwen3-4b-instruct-ngl27-r0,qwen3-4b-instruct,partial,bench,charging-01,[],True,False,0,,,10,OpenCL,KV,26.0,llama_kv_cache:     OpenCL KV buffer size =    26.00 MiB
partial-qwen3-4b-instruct-ngl27-r0,qwen3-4b-instruct,partial,bench,charging-01,[],True,False,0,,,11,OpenCL,compute,4.78,sched_reserve:     OpenCL compute buffer size =     4.78 MiB
partial-qwen3-4b-instruct-ngl27-r0,qwen3-4b-instruct,partial,bench,charging-01,[],True,False,0,,,12,CPU,compute,19.17,sched_reserve:        CPU compute buffer size =    19.17 MiB
partial-qwen3-4b-instruct-ngl27-r1,qwen3-4b-instruct,partial,bench,charging-01,[],True,False,0,,,0,CPU,model,304.49,load_tensors:          CPU model buffer size =   304.49 MiB
partial-qwen3-4b-instruct-ngl27-r1,qwen3-4b-instruct,partial,bench,charging-01,[],True,False,0,,,1,CPU_REPACK,model,886.3,load_tensors:   CPU_REPACK model buffer size =   886.30 MiB
partial-qwen3-4b-instruct-ngl27-r1,qwen3-4b-instruct,partial,bench,charging-01,[],True,False,0,,,2,OpenCL,model,1489.5,load_tensors:       OpenCL model buffer size =  1489.50 MiB
partial-qwen3-4b-instruct-ngl27-r1,qwen3-4b-instruct,partial,bench,charging-01,[],True,False,0,,,3,CPU,output,0.58,llama_context:        CPU  output buffer size =     0.58 MiB
partial-qwen3-4b-instruct-ngl27-r1,qwen3-4b-instruct,partial,bench,charging-01,[],True,False,0,,,4,CPU,KV,10.0,llama_kv_cache:        CPU KV buffer size =    10.00 MiB
partial-qwen3-4b-instruct-ngl27-r1,qwen3-4b-instruct,partial,bench,charging-01,[],True,False,0,,,5,OpenCL,KV,26.0,llama_kv_cache:     OpenCL KV buffer size =    26.00 MiB
partial-qwen3-4b-instruct-ngl27-r1,qwen3-4b-instruct,partial,bench,charging-01,[],True,False,0,,,6,OpenCL,compute,19.13,sched_reserve:     OpenCL compute buffer size =    19.13 MiB
partial-qwen3-4b-instruct-ngl27-r1,qwen3-4b-instruct,partial,bench,charging-01,[],True,False,0,,,7,CPU,compute,76.69,sched_reserve:        CPU compute buffer size =    76.69 MiB
partial-qwen3-4b-instruct-ngl27-r1,qwen3-4b-instruct,partial,bench,charging-01,[],True,False,0,,,8,CPU,output,0.58,llama_context:        CPU  output buffer size =     0.58 MiB
partial-qwen3-4b-instruct-ngl27-r1,qwen3-4b-instruct,partial,bench,charging-01,[],True,False,0,,,9,CPU,KV,10.0,llama_kv_cache:        CPU KV buffer size =    10.00 MiB
partial-qwen3-4b-instruct-ngl27-r1,qwen3-4b-instruct,partial,bench,charging-01,[],True,False,0,,,10,OpenCL,KV,26.0,llama_kv_cache:     OpenCL KV buffer size =    26.00 MiB
partial-qwen3-4b-instruct-ngl27-r1,qwen3-4b-instruct,partial,bench,charging-01,[],True,False,0,,,11,OpenCL,compute,4.78,sched_reserve:     OpenCL compute buffer size =     4.78 MiB
partial-qwen3-4b-instruct-ngl27-r1,qwen3-4b-instruct,partial,bench,charging-01,[],True,False,0,,,12,CPU,compute,19.17,sched_reserve:        CPU compute buffer size =    19.17 MiB
partial-qwen3-4b-instruct-ngl4-r0,qwen3-4b-instruct,partial,bench,charging-01,[],True,False,0,,,0,CPU,model,304.96,load_tensors:          CPU model buffer size =   304.96 MiB
partial-qwen3-4b-instruct-ngl4-r0,qwen3-4b-instruct,partial,bench,charging-01,[],True,False,0,,,1,CPU_REPACK,model,2192.44,load_tensors:   CPU_REPACK model buffer size =  2192.44 MiB
partial-qwen3-4b-instruct-ngl4-r0,qwen3-4b-instruct,partial,bench,charging-01,[],True,False,0,,,2,OpenCL,model,182.81,load_tensors:       OpenCL model buffer size =   182.81 MiB
partial-qwen3-4b-instruct-ngl4-r0,qwen3-4b-instruct,partial,bench,charging-01,[],True,False,0,,,3,CPU,output,0.58,llama_context:        CPU  output buffer size =     0.58 MiB
partial-qwen3-4b-instruct-ngl4-r0,qwen3-4b-instruct,partial,bench,charging-01,[],True,False,0,,,4,CPU,KV,33.0,llama_kv_cache:        CPU KV buffer size =    33.00 MiB
partial-qwen3-4b-instruct-ngl4-r0,qwen3-4b-instruct,partial,bench,charging-01,[],True,False,0,,,5,OpenCL,KV,3.0,llama_kv_cache:     OpenCL KV buffer size =     3.00 MiB
partial-qwen3-4b-instruct-ngl4-r0,qwen3-4b-instruct,partial,bench,charging-01,[],True,False,0,,,6,OpenCL,compute,19.13,sched_reserve:     OpenCL compute buffer size =    19.13 MiB
partial-qwen3-4b-instruct-ngl4-r0,qwen3-4b-instruct,partial,bench,charging-01,[],True,False,0,,,7,CPU,compute,76.69,sched_reserve:        CPU compute buffer size =    76.69 MiB
partial-qwen3-4b-instruct-ngl4-r0,qwen3-4b-instruct,partial,bench,charging-01,[],True,False,0,,,8,CPU,output,0.58,llama_context:        CPU  output buffer size =     0.58 MiB
partial-qwen3-4b-instruct-ngl4-r0,qwen3-4b-instruct,partial,bench,charging-01,[],True,False,0,,,9,CPU,KV,33.0,llama_kv_cache:        CPU KV buffer size =    33.00 MiB
partial-qwen3-4b-instruct-ngl4-r0,qwen3-4b-instruct,partial,bench,charging-01,[],True,False,0,,,10,OpenCL,KV,3.0,llama_kv_cache:     OpenCL KV buffer size =     3.00 MiB
partial-qwen3-4b-instruct-ngl4-r0,qwen3-4b-instruct,partial,bench,charging-01,[],True,False,0,,,11,OpenCL,compute,4.78,sched_reserve:     OpenCL compute buffer size =     4.78 MiB
partial-qwen3-4b-instruct-ngl4-r0,qwen3-4b-instruct,partial,bench,charging-01,[],True,False,0,,,12,CPU,compute,19.17,sched_reserve:        CPU compute buffer size =    19.17 MiB
partial-qwen3-4b-instruct-ngl4-r1,qwen3-4b-instruct,partial,bench,charging-01,[],True,False,0,,,0,CPU,model,304.96,load_tensors:          CPU model buffer size =   304.96 MiB
partial-qwen3-4b-instruct-ngl4-r1,qwen3-4b-instruct,partial,bench,charging-01,[],True,False,0,,,1,CPU_REPACK,model,2192.44,load_tensors:   CPU_REPACK model buffer size =  2192.44 MiB
partial-qwen3-4b-instruct-ngl4-r1,qwen3-4b-instruct,partial,bench,charging-01,[],True,False,0,,,2,OpenCL,model,182.81,load_tensors:       OpenCL model buffer size =   182.81 MiB
partial-qwen3-4b-instruct-ngl4-r1,qwen3-4b-instruct,partial,bench,charging-01,[],True,False,0,,,3,CPU,output,0.58,llama_context:        CPU  output buffer size =     0.58 MiB
partial-qwen3-4b-instruct-ngl4-r1,qwen3-4b-instruct,partial,bench,charging-01,[],True,False,0,,,4,CPU,KV,33.0,llama_kv_cache:        CPU KV buffer size =    33.00 MiB
partial-qwen3-4b-instruct-ngl4-r1,qwen3-4b-instruct,partial,bench,charging-01,[],True,False,0,,,5,OpenCL,KV,3.0,llama_kv_cache:     OpenCL KV buffer size =     3.00 MiB
partial-qwen3-4b-instruct-ngl4-r1,qwen3-4b-instruct,partial,bench,charging-01,[],True,False,0,,,6,OpenCL,compute,19.13,sched_reserve:     OpenCL compute buffer size =    19.13 MiB
partial-qwen3-4b-instruct-ngl4-r1,qwen3-4b-instruct,partial,bench,charging-01,[],True,False,0,,,7,CPU,compute,76.69,sched_reserve:        CPU compute buffer size =    76.69 MiB
partial-qwen3-4b-instruct-ngl4-r1,qwen3-4b-instruct,partial,bench,charging-01,[],True,False,0,,,8,CPU,output,0.58,llama_context:        CPU  output buffer size =     0.58 MiB
partial-qwen3-4b-instruct-ngl4-r1,qwen3-4b-instruct,partial,bench,charging-01,[],True,False,0,,,9,CPU,KV,33.0,llama_kv_cache:        CPU KV buffer size =    33.00 MiB
partial-qwen3-4b-instruct-ngl4-r1,qwen3-4b-instruct,partial,bench,charging-01,[],True,False,0,,,10,OpenCL,KV,3.0,llama_kv_cache:     OpenCL KV buffer size =     3.00 MiB
partial-qwen3-4b-instruct-ngl4-r1,qwen3-4b-instruct,partial,bench,charging-01,[],True,False,0,,,11,OpenCL,compute,4.78,sched_reserve:     OpenCL compute buffer size =     4.78 MiB
partial-qwen3-4b-instruct-ngl4-r1,qwen3-4b-instruct,partial,bench,charging-01,[],True,False,0,,,12,CPU,compute,19.17,sched_reserve:        CPU compute buffer size =    19.17 MiB
partial-qwen3-4b-instruct-ngl7-r0,qwen3-4b-instruct,partial,bench,charging-01,[],True,False,0,,,0,CPU,model,304.9,load_tensors:          CPU model buffer size =   304.90 MiB
partial-qwen3-4b-instruct-ngl7-r0,qwen3-4b-instruct,partial,bench,charging-01,[],True,False,0,,,1,CPU_REPACK,model,2009.71,load_tensors:   CPU_REPACK model buffer size =  2009.71 MiB
partial-qwen3-4b-instruct-ngl7-r0,qwen3-4b-instruct,partial,bench,charging-01,[],True,False,0,,,2,OpenCL,model,365.6,load_tensors:       OpenCL model buffer size =   365.60 MiB
partial-qwen3-4b-instruct-ngl7-r0,qwen3-4b-instruct,partial,bench,charging-01,[],True,False,0,,,3,CPU,output,0.58,llama_context:        CPU  output buffer size =     0.58 MiB
partial-qwen3-4b-instruct-ngl7-r0,qwen3-4b-instruct,partial,bench,charging-01,[],True,False,0,,,4,CPU,KV,30.0,llama_kv_cache:        CPU KV buffer size =    30.00 MiB
partial-qwen3-4b-instruct-ngl7-r0,qwen3-4b-instruct,partial,bench,charging-01,[],True,False,0,,,5,OpenCL,KV,6.0,llama_kv_cache:     OpenCL KV buffer size =     6.00 MiB
partial-qwen3-4b-instruct-ngl7-r0,qwen3-4b-instruct,partial,bench,charging-01,[],True,False,0,,,6,OpenCL,compute,19.13,sched_reserve:     OpenCL compute buffer size =    19.13 MiB
partial-qwen3-4b-instruct-ngl7-r0,qwen3-4b-instruct,partial,bench,charging-01,[],True,False,0,,,7,CPU,compute,76.69,sched_reserve:        CPU compute buffer size =    76.69 MiB
partial-qwen3-4b-instruct-ngl7-r0,qwen3-4b-instruct,partial,bench,charging-01,[],True,False,0,,,8,CPU,output,0.58,llama_context:        CPU  output buffer size =     0.58 MiB
partial-qwen3-4b-instruct-ngl7-r0,qwen3-4b-instruct,partial,bench,charging-01,[],True,False,0,,,9,CPU,KV,30.0,llama_kv_cache:        CPU KV buffer size =    30.00 MiB
partial-qwen3-4b-instruct-ngl7-r0,qwen3-4b-instruct,partial,bench,charging-01,[],True,False,0,,,10,OpenCL,KV,6.0,llama_kv_cache:     OpenCL KV buffer size =     6.00 MiB
partial-qwen3-4b-instruct-ngl7-r0,qwen3-4b-instruct,partial,bench,charging-01,[],True,False,0,,,11,OpenCL,compute,4.78,sched_reserve:     OpenCL compute buffer size =     4.78 MiB
partial-qwen3-4b-instruct-ngl7-r0,qwen3-4b-instruct,partial,bench,charging-01,[],True,False,0,,,12,CPU,compute,19.17,sched_reserve:        CPU compute buffer size =    19.17 MiB
partial-qwen3-4b-instruct-ngl7-r1,qwen3-4b-instruct,partial,bench,charging-01,[],True,False,0,,,0,CPU,model,304.9,load_tensors:          CPU model buffer size =   304.90 MiB
partial-qwen3-4b-instruct-ngl7-r1,qwen3-4b-instruct,partial,bench,charging-01,[],True,False,0,,,1,CPU_REPACK,model,2009.71,load_tensors:   CPU_REPACK model buffer size =  2009.71 MiB
partial-qwen3-4b-instruct-ngl7-r1,qwen3-4b-instruct,partial,bench,charging-01,[],True,False,0,,,2,OpenCL,model,365.6,load_tensors:       OpenCL model buffer size =   365.60 MiB
partial-qwen3-4b-instruct-ngl7-r1,qwen3-4b-instruct,partial,bench,charging-01,[],True,False,0,,,3,CPU,output,0.58,llama_context:        CPU  output buffer size =     0.58 MiB
partial-qwen3-4b-instruct-ngl7-r1,qwen3-4b-instruct,partial,bench,charging-01,[],True,False,0,,,4,CPU,KV,30.0,llama_kv_cache:        CPU KV buffer size =    30.00 MiB
partial-qwen3-4b-instruct-ngl7-r1,qwen3-4b-instruct,partial,bench,charging-01,[],True,False,0,,,5,OpenCL,KV,6.0,llama_kv_cache:     OpenCL KV buffer size =     6.00 MiB
partial-qwen3-4b-instruct-ngl7-r1,qwen3-4b-instruct,partial,bench,charging-01,[],True,False,0,,,6,OpenCL,compute,19.13,sched_reserve:     OpenCL compute buffer size =    19.13 MiB
partial-qwen3-4b-instruct-ngl7-r1,qwen3-4b-instruct,partial,bench,charging-01,[],True,False,0,,,7,CPU,compute,76.69,sched_reserve:        CPU compute buffer size =    76.69 MiB
partial-qwen3-4b-instruct-ngl7-r1,qwen3-4b-instruct,partial,bench,charging-01,[],True,False,0,,,8,CPU,output,0.58,llama_context:        CPU  output buffer size =     0.58 MiB
partial-qwen3-4b-instruct-ngl7-r1,qwen3-4b-instruct,partial,bench,charging-01,[],True,False,0,,,9,CPU,KV,30.0,llama_kv_cache:        CPU KV buffer size =    30.00 MiB
partial-qwen3-4b-instruct-ngl7-r1,qwen3-4b-instruct,partial,bench,charging-01,[],True,False,0,,,10,OpenCL,KV,6.0,llama_kv_cache:     OpenCL KV buffer size =     6.00 MiB
partial-qwen3-4b-instruct-ngl7-r1,qwen3-4b-instruct,partial,bench,charging-01,[],True,False,0,,,11,OpenCL,compute,4.78,sched_reserve:     OpenCL compute buffer size =     4.78 MiB
partial-qwen3-4b-instruct-ngl7-r1,qwen3-4b-instruct,partial,bench,charging-01,[],True,False,0,,,12,CPU,compute,19.17,sched_reserve:        CPU compute buffer size =    19.17 MiB
partial-qwen3-4b-instruct-ngl9-r0,qwen3-4b-instruct,partial,bench,charging-01,[],True,False,0,,,0,CPU,model,304.86,load_tensors:          CPU model buffer size =   304.86 MiB
partial-qwen3-4b-instruct-ngl9-r0,qwen3-4b-instruct,partial,bench,charging-01,[],True,False,0,,,1,CPU_REPACK,model,1901.43,load_tensors:   CPU_REPACK model buffer size =  1901.43 MiB
partial-qwen3-4b-instruct-ngl9-r0,qwen3-4b-instruct,partial,bench,charging-01,[],True,False,0,,,2,OpenCL,model,473.93,load_tensors:       OpenCL model buffer size =   473.93 MiB
partial-qwen3-4b-instruct-ngl9-r0,qwen3-4b-instruct,partial,bench,charging-01,[],True,False,0,,,3,CPU,output,0.58,llama_context:        CPU  output buffer size =     0.58 MiB
partial-qwen3-4b-instruct-ngl9-r0,qwen3-4b-instruct,partial,bench,charging-01,[],True,False,0,,,4,CPU,KV,28.0,llama_kv_cache:        CPU KV buffer size =    28.00 MiB
partial-qwen3-4b-instruct-ngl9-r0,qwen3-4b-instruct,partial,bench,charging-01,[],True,False,0,,,5,OpenCL,KV,8.0,llama_kv_cache:     OpenCL KV buffer size =     8.00 MiB
partial-qwen3-4b-instruct-ngl9-r0,qwen3-4b-instruct,partial,bench,charging-01,[],True,False,0,,,6,OpenCL,compute,19.13,sched_reserve:     OpenCL compute buffer size =    19.13 MiB
partial-qwen3-4b-instruct-ngl9-r0,qwen3-4b-instruct,partial,bench,charging-01,[],True,False,0,,,7,CPU,compute,76.69,sched_reserve:        CPU compute buffer size =    76.69 MiB
partial-qwen3-4b-instruct-ngl9-r0,qwen3-4b-instruct,partial,bench,charging-01,[],True,False,0,,,8,CPU,output,0.58,llama_context:        CPU  output buffer size =     0.58 MiB
partial-qwen3-4b-instruct-ngl9-r0,qwen3-4b-instruct,partial,bench,charging-01,[],True,False,0,,,9,CPU,KV,28.0,llama_kv_cache:        CPU KV buffer size =    28.00 MiB
partial-qwen3-4b-instruct-ngl9-r0,qwen3-4b-instruct,partial,bench,charging-01,[],True,False,0,,,10,OpenCL,KV,8.0,llama_kv_cache:     OpenCL KV buffer size =     8.00 MiB
partial-qwen3-4b-instruct-ngl9-r0,qwen3-4b-instruct,partial,bench,charging-01,[],True,False,0,,,11,OpenCL,compute,4.78,sched_reserve:     OpenCL compute buffer size =     4.78 MiB
partial-qwen3-4b-instruct-ngl9-r0,qwen3-4b-instruct,partial,bench,charging-01,[],True,False,0,,,12,CPU,compute,19.17,sched_reserve:        CPU compute buffer size =    19.17 MiB
partial-qwen3-4b-instruct-ngl9-r1,qwen3-4b-instruct,partial,bench,charging-01,[],True,False,0,,,0,CPU,model,304.86,load_tensors:          CPU model buffer size =   304.86 MiB
partial-qwen3-4b-instruct-ngl9-r1,qwen3-4b-instruct,partial,bench,charging-01,[],True,False,0,,,1,CPU_REPACK,model,1901.43,load_tensors:   CPU_REPACK model buffer size =  1901.43 MiB
partial-qwen3-4b-instruct-ngl9-r1,qwen3-4b-instruct,partial,bench,charging-01,[],True,False,0,,,2,OpenCL,model,473.93,load_tensors:       OpenCL model buffer size =   473.93 MiB
partial-qwen3-4b-instruct-ngl9-r1,qwen3-4b-instruct,partial,bench,charging-01,[],True,False,0,,,3,CPU,output,0.58,llama_context:        CPU  output buffer size =     0.58 MiB
partial-qwen3-4b-instruct-ngl9-r1,qwen3-4b-instruct,partial,bench,charging-01,[],True,False,0,,,4,CPU,KV,28.0,llama_kv_cache:        CPU KV buffer size =    28.00 MiB
partial-qwen3-4b-instruct-ngl9-r1,qwen3-4b-instruct,partial,bench,charging-01,[],True,False,0,,,5,OpenCL,KV,8.0,llama_kv_cache:     OpenCL KV buffer size =     8.00 MiB
partial-qwen3-4b-instruct-ngl9-r1,qwen3-4b-instruct,partial,bench,charging-01,[],True,False,0,,,6,OpenCL,compute,19.13,sched_reserve:     OpenCL compute buffer size =    19.13 MiB
partial-qwen3-4b-instruct-ngl9-r1,qwen3-4b-instruct,partial,bench,charging-01,[],True,False,0,,,7,CPU,compute,76.69,sched_reserve:        CPU compute buffer size =    76.69 MiB
partial-qwen3-4b-instruct-ngl9-r1,qwen3-4b-instruct,partial,bench,charging-01,[],True,False,0,,,8,CPU,output,0.58,llama_context:        CPU  output buffer size =     0.58 MiB
partial-qwen3-4b-instruct-ngl9-r1,qwen3-4b-instruct,partial,bench,charging-01,[],True,False,0,,,9,CPU,KV,28.0,llama_kv_cache:        CPU KV buffer size =    28.00 MiB
partial-qwen3-4b-instruct-ngl9-r1,qwen3-4b-instruct,partial,bench,charging-01,[],True,False,0,,,10,OpenCL,KV,8.0,llama_kv_cache:     OpenCL KV buffer size =     8.00 MiB
partial-qwen3-4b-instruct-ngl9-r1,qwen3-4b-instruct,partial,bench,charging-01,[],True,False,0,,,11,OpenCL,compute,4.78,sched_reserve:     OpenCL compute buffer size =     4.78 MiB
partial-qwen3-4b-instruct-ngl9-r1,qwen3-4b-instruct,partial,bench,charging-01,[],True,False,0,,,12,CPU,compute,19.17,sched_reserve:        CPU compute buffer size =    19.17 MiB
partial-qwen3-4b-instruct-ngl99-r0,qwen3-4b-instruct,partial,bench,charging-01,[],True,False,0,,,0,CPU,model,304.28,load_tensors:          CPU model buffer size =   304.28 MiB
partial-qwen3-4b-instruct-ngl99-r0,qwen3-4b-instruct,partial,bench,charging-01,[],True,False,0,,,1,CPU_REPACK,model,304.28,load_tensors:   CPU_REPACK model buffer size =   304.28 MiB
partial-qwen3-4b-instruct-ngl99-r0,qwen3-4b-instruct,partial,bench,charging-01,[],True,False,0,,,2,OpenCL,model,2071.75,load_tensors:       OpenCL model buffer size =  2071.75 MiB
partial-qwen3-4b-instruct-ngl99-r0,qwen3-4b-instruct,partial,bench,charging-01,[],True,False,0,,,3,CPU,output,0.58,llama_context:        CPU  output buffer size =     0.58 MiB
partial-qwen3-4b-instruct-ngl99-r0,qwen3-4b-instruct,partial,bench,charging-01,[],True,False,0,,,4,OpenCL,KV,36.0,llama_kv_cache:     OpenCL KV buffer size =    36.00 MiB
partial-qwen3-4b-instruct-ngl99-r0,qwen3-4b-instruct,partial,bench,charging-01,[],True,False,0,,,5,OpenCL,compute,19.13,sched_reserve:     OpenCL compute buffer size =    19.13 MiB
partial-qwen3-4b-instruct-ngl99-r0,qwen3-4b-instruct,partial,bench,charging-01,[],True,False,0,,,6,CPU,compute,76.69,sched_reserve:        CPU compute buffer size =    76.69 MiB
partial-qwen3-4b-instruct-ngl99-r0,qwen3-4b-instruct,partial,bench,charging-01,[],True,False,0,,,7,CPU,output,0.58,llama_context:        CPU  output buffer size =     0.58 MiB
partial-qwen3-4b-instruct-ngl99-r0,qwen3-4b-instruct,partial,bench,charging-01,[],True,False,0,,,8,OpenCL,KV,36.0,llama_kv_cache:     OpenCL KV buffer size =    36.00 MiB
partial-qwen3-4b-instruct-ngl99-r0,qwen3-4b-instruct,partial,bench,charging-01,[],True,False,0,,,9,OpenCL,compute,4.78,sched_reserve:     OpenCL compute buffer size =     4.78 MiB
partial-qwen3-4b-instruct-ngl99-r0,qwen3-4b-instruct,partial,bench,charging-01,[],True,False,0,,,10,CPU,compute,19.17,sched_reserve:        CPU compute buffer size =    19.17 MiB
partial-qwen3-4b-instruct-ngl99-r1,qwen3-4b-instruct,partial,bench,charging-01,[],True,False,0,,,0,CPU,model,304.28,load_tensors:          CPU model buffer size =   304.28 MiB
partial-qwen3-4b-instruct-ngl99-r1,qwen3-4b-instruct,partial,bench,charging-01,[],True,False,0,,,1,CPU_REPACK,model,304.28,load_tensors:   CPU_REPACK model buffer size =   304.28 MiB
partial-qwen3-4b-instruct-ngl99-r1,qwen3-4b-instruct,partial,bench,charging-01,[],True,False,0,,,2,OpenCL,model,2071.75,load_tensors:       OpenCL model buffer size =  2071.75 MiB
partial-qwen3-4b-instruct-ngl99-r1,qwen3-4b-instruct,partial,bench,charging-01,[],True,False,0,,,3,CPU,output,0.58,llama_context:        CPU  output buffer size =     0.58 MiB
partial-qwen3-4b-instruct-ngl99-r1,qwen3-4b-instruct,partial,bench,charging-01,[],True,False,0,,,4,OpenCL,KV,36.0,llama_kv_cache:     OpenCL KV buffer size =    36.00 MiB
partial-qwen3-4b-instruct-ngl99-r1,qwen3-4b-instruct,partial,bench,charging-01,[],True,False,0,,,5,OpenCL,compute,19.13,sched_reserve:     OpenCL compute buffer size =    19.13 MiB
partial-qwen3-4b-instruct-ngl99-r1,qwen3-4b-instruct,partial,bench,charging-01,[],True,False,0,,,6,CPU,compute,76.69,sched_reserve:        CPU compute buffer size =    76.69 MiB
partial-qwen3-4b-instruct-ngl99-r1,qwen3-4b-instruct,partial,bench,charging-01,[],True,False,0,,,7,CPU,output,0.58,llama_context:        CPU  output buffer size =     0.58 MiB
partial-qwen3-4b-instruct-ngl99-r1,qwen3-4b-instruct,partial,bench,charging-01,[],True,False,0,,,8,OpenCL,KV,36.0,llama_kv_cache:     OpenCL KV buffer size =    36.00 MiB
partial-qwen3-4b-instruct-ngl99-r1,qwen3-4b-instruct,partial,bench,charging-01,[],True,False,0,,,9,OpenCL,compute,4.78,sched_reserve:     OpenCL compute buffer size =     4.78 MiB
partial-qwen3-4b-instruct-ngl99-r1,qwen3-4b-instruct,partial,bench,charging-01,[],True,False,0,,,10,CPU,compute,19.17,sched_reserve:        CPU compute buffer size =    19.17 MiB
placement-build-control-comparison-original-ngl0,qwen2.5-coder-1.5b,build-control,bench,charging-01,"[""Requested CPU affinity was rejected by Android""]",False,False,0,,,0,CPU_Mapped,model,877.31,load_tensors:   CPU_Mapped model buffer size =   877.31 MiB
placement-build-control-comparison-original-ngl0,qwen2.5-coder-1.5b,build-control,bench,charging-01,"[""Requested CPU affinity was rejected by Android""]",False,False,0,,,1,CPU_REPACK,model,934.14,load_tensors:   CPU_REPACK model buffer size =   934.14 MiB
placement-build-control-comparison-original-ngl0,qwen2.5-coder-1.5b,build-control,bench,charging-01,"[""Requested CPU affinity was rejected by Android""]",False,False,0,,,2,CPU,output,0.58,llama_context:        CPU  output buffer size =     0.58 MiB
placement-build-control-comparison-original-ngl0,qwen2.5-coder-1.5b,build-control,bench,charging-01,"[""Requested CPU affinity was rejected by Android""]",False,False,0,,,3,CPU,KV,7.0,llama_kv_cache:        CPU KV buffer size =     7.00 MiB
placement-build-control-comparison-original-ngl0,qwen2.5-coder-1.5b,build-control,bench,charging-01,"[""Requested CPU affinity was rejected by Android""]",False,False,0,,,4,CPU,compute,75.69,sched_reserve:        CPU compute buffer size =    75.69 MiB
placement-build-control-comparison-original-ngl0,qwen2.5-coder-1.5b,build-control,bench,charging-01,"[""Requested CPU affinity was rejected by Android""]",False,False,0,,,5,CPU,output,0.58,llama_context:        CPU  output buffer size =     0.58 MiB
placement-build-control-comparison-original-ngl0,qwen2.5-coder-1.5b,build-control,bench,charging-01,"[""Requested CPU affinity was rejected by Android""]",False,False,0,,,6,CPU,KV,7.0,llama_kv_cache:        CPU KV buffer size =     7.00 MiB
placement-build-control-comparison-original-ngl0,qwen2.5-coder-1.5b,build-control,bench,charging-01,"[""Requested CPU affinity was rejected by Android""]",False,False,0,,,7,CPU,compute,18.92,sched_reserve:        CPU compute buffer size =    18.92 MiB
placement-build-control-comparison-original-ngl99,qwen2.5-coder-1.5b,build-control,bench,charging-01,"[""Requested CPU affinity was rejected by Android""]",False,False,0,,,0,CPU,model,125.19,load_tensors:          CPU model buffer size =   125.19 MiB
placement-build-control-comparison-original-ngl99,qwen2.5-coder-1.5b,build-control,bench,charging-01,"[""Requested CPU affinity was rejected by Android""]",False,False,0,,,1,CPU_REPACK,model,195.74,load_tensors:   CPU_REPACK model buffer size =   195.74 MiB
placement-build-control-comparison-original-ngl99,qwen2.5-coder-1.5b,build-control,bench,charging-01,"[""Requested CPU affinity was rejected by Android""]",False,False,0,,,2,OpenCL,model,739.03,load_tensors:       OpenCL model buffer size =   739.03 MiB
placement-build-control-comparison-original-ngl99,qwen2.5-coder-1.5b,build-control,bench,charging-01,"[""Requested CPU affinity was rejected by Android""]",False,False,0,,,3,CPU,output,0.58,llama_context:        CPU  output buffer size =     0.58 MiB
placement-build-control-comparison-original-ngl99,qwen2.5-coder-1.5b,build-control,bench,charging-01,"[""Requested CPU affinity was rejected by Android""]",False,False,0,,,4,OpenCL,KV,7.0,llama_kv_cache:     OpenCL KV buffer size =     7.00 MiB
placement-build-control-comparison-original-ngl99,qwen2.5-coder-1.5b,build-control,bench,charging-01,"[""Requested CPU affinity was rejected by Android""]",False,False,0,,,5,OpenCL,compute,16.0,sched_reserve:     OpenCL compute buffer size =    16.00 MiB
placement-build-control-comparison-original-ngl99,qwen2.5-coder-1.5b,build-control,bench,charging-01,"[""Requested CPU affinity was rejected by Android""]",False,False,0,,,6,CPU,compute,75.69,sched_reserve:        CPU compute buffer size =    75.69 MiB
placement-build-control-comparison-original-ngl99,qwen2.5-coder-1.5b,build-control,bench,charging-01,"[""Requested CPU affinity was rejected by Android""]",False,False,0,,,7,CPU,output,0.58,llama_context:        CPU  output buffer size =     0.58 MiB
placement-build-control-comparison-original-ngl99,qwen2.5-coder-1.5b,build-control,bench,charging-01,"[""Requested CPU affinity was rejected by Android""]",False,False,0,,,8,OpenCL,KV,7.0,llama_kv_cache:     OpenCL KV buffer size =     7.00 MiB
placement-build-control-comparison-original-ngl99,qwen2.5-coder-1.5b,build-control,bench,charging-01,"[""Requested CPU affinity was rejected by Android""]",False,False,0,,,9,OpenCL,compute,4.0,sched_reserve:     OpenCL compute buffer size =     4.00 MiB
placement-build-control-comparison-original-ngl99,qwen2.5-coder-1.5b,build-control,bench,charging-01,"[""Requested CPU affinity was rejected by Android""]",False,False,0,,,10,CPU,compute,18.92,sched_reserve:        CPU compute buffer size =    18.92 MiB
probeN1-free-generation32-ngl0,qwen2.5-coder-1.5b,probe-generation,memory,charging-01,[],True,False,0,,512,0,CPU_Mapped,model,877.31,0.01.158.015 I load_tensors:   CPU_Mapped model buffer size =   877.31 MiB
probeN1-free-generation32-ngl0,qwen2.5-coder-1.5b,probe-generation,memory,charging-01,[],True,False,0,,512,1,CPU_REPACK,model,934.14,0.01.158.017 I load_tensors:   CPU_REPACK model buffer size =   934.14 MiB
probeN1-free-generation32-ngl0,qwen2.5-coder-1.5b,probe-generation,memory,charging-01,[],True,False,0,,512,2,CPU,output,0.58,0.01.760.470 I llama_context:        CPU  output buffer size =     0.58 MiB
probeN1-free-generation32-ngl0,qwen2.5-coder-1.5b,probe-generation,memory,charging-01,[],True,False,0,,512,3,CPU,KV,14.0,0.01.760.578 I llama_kv_cache:        CPU KV buffer size =    14.00 MiB
probeN1-free-generation32-ngl0,qwen2.5-coder-1.5b,probe-generation,memory,charging-01,[],True,False,0,,512,4,CPU,compute,75.69,0.01.768.632 I sched_reserve:        CPU compute buffer size =    75.69 MiB
probeN1-free-generation32-ngl99,qwen2.5-coder-1.5b,probe-generation,memory,charging-01,[],True,False,0,,512,0,CPU,model,125.19,0.01.338.157 I load_tensors:          CPU model buffer size =   125.19 MiB
probeN1-free-generation32-ngl99,qwen2.5-coder-1.5b,probe-generation,memory,charging-01,[],True,False,0,,512,1,CPU_REPACK,model,182.57,0.01.338.161 I load_tensors:   CPU_REPACK model buffer size =   182.57 MiB
probeN1-free-generation32-ngl99,qwen2.5-coder-1.5b,probe-generation,memory,charging-01,[],True,False,0,,512,2,OpenCL,model,752.22,0.01.338.163 I load_tensors:       OpenCL model buffer size =   752.22 MiB
probeN1-free-generation32-ngl99,qwen2.5-coder-1.5b,probe-generation,memory,charging-01,[],True,False,0,,512,3,CPU,output,0.58,0.05.115.044 I llama_context:        CPU  output buffer size =     0.58 MiB
probeN1-free-generation32-ngl99,qwen2.5-coder-1.5b,probe-generation,memory,charging-01,[],True,False,0,,512,4,OpenCL,KV,14.0,0.05.121.971 I llama_kv_cache:     OpenCL KV buffer size =    14.00 MiB
probeN1-free-generation32-ngl99,qwen2.5-coder-1.5b,probe-generation,memory,charging-01,[],True,False,0,,512,5,OpenCL,compute,15.88,0.05.164.990 I sched_reserve:     OpenCL compute buffer size =    15.88 MiB
probeN1-free-generation32-ngl99,qwen2.5-coder-1.5b,probe-generation,memory,charging-01,[],True,False,0,,512,6,CPU,compute,75.69,0.05.165.061 I sched_reserve:        CPU compute buffer size =    75.69 MiB
quality-forcedGPU-head-qwen1.5-steps8,qwen2.5-coder-1.5b,quality,logits,charging-01,[],True,False,0,,1024,0,CPU_Mapped,model,877.31,load_tensors:   CPU_Mapped model buffer size =   877.31 MiB
quality-forcedGPU-head-qwen1.5-steps8,qwen2.5-coder-1.5b,quality,logits,charging-01,[],True,False,0,,1024,1,CPU_REPACK,model,934.14,load_tensors:   CPU_REPACK model buffer size =   934.14 MiB
quality-forcedGPU-head-qwen1.5-steps8,qwen2.5-coder-1.5b,quality,logits,charging-01,[],True,False,0,,1024,2,CPU,output,0.58,llama_context:        CPU  output buffer size =     0.58 MiB
quality-forcedGPU-head-qwen1.5-steps8,qwen2.5-coder-1.5b,quality,logits,charging-01,[],True,False,0,,1024,3,CPU,KV,28.0,llama_kv_cache:        CPU KV buffer size =    28.00 MiB
quality-forcedGPU-head-qwen1.5-steps8,qwen2.5-coder-1.5b,quality,logits,charging-01,[],True,False,0,,1024,4,CPU,compute,75.69,sched_reserve:        CPU compute buffer size =    75.69 MiB
quality-forcedGPU-head-qwen1.5-steps8,qwen2.5-coder-1.5b,quality,logits,charging-01,[],True,False,0,,1024,5,CPU,model,125.19,load_tensors:          CPU model buffer size =   125.19 MiB
quality-forcedGPU-head-qwen1.5-steps8,qwen2.5-coder-1.5b,quality,logits,charging-01,[],True,False,0,,1024,6,CPU_REPACK,model,13.17,load_tensors:   CPU_REPACK model buffer size =    13.17 MiB
quality-forcedGPU-head-qwen1.5-steps8,qwen2.5-coder-1.5b,quality,logits,charging-01,[],True,False,0,,1024,7,OpenCL,model,921.6,load_tensors:       OpenCL model buffer size =   921.60 MiB
quality-forcedGPU-head-qwen1.5-steps8,qwen2.5-coder-1.5b,quality,logits,charging-01,[],True,False,0,,1024,8,CPU,output,0.58,llama_context:        CPU  output buffer size =     0.58 MiB
quality-forcedGPU-head-qwen1.5-steps8,qwen2.5-coder-1.5b,quality,logits,charging-01,[],True,False,0,,1024,9,OpenCL,KV,28.0,llama_kv_cache:     OpenCL KV buffer size =    28.00 MiB
quality-forcedGPU-head-qwen1.5-steps8,qwen2.5-coder-1.5b,quality,logits,charging-01,[],True,False,0,,1024,10,OpenCL,compute,74.94,sched_reserve:     OpenCL compute buffer size =    74.94 MiB
quality-forcedGPU-head-qwen1.5-steps8,qwen2.5-coder-1.5b,quality,logits,charging-01,[],True,False,0,,1024,11,CPU,compute,2.38,sched_reserve:        CPU compute buffer size =     2.38 MiB
quality-mistral-7b-uncensored-steps32,mistral-7b-uncensored,quality,logits,charging-01,[],True,False,0,,1024,0,CPU_Mapped,model,4165.37,load_tensors:   CPU_Mapped model buffer size =  4165.37 MiB
quality-mistral-7b-uncensored-steps32,mistral-7b-uncensored,quality,logits,charging-01,[],True,False,0,,1024,1,CPU_REPACK,model,4094.04,load_tensors:   CPU_REPACK model buffer size =  4094.04 MiB
quality-mistral-7b-uncensored-steps32,mistral-7b-uncensored,quality,logits,charging-01,[],True,False,0,,1024,2,CPU,output,0.12,llama_context:        CPU  output buffer size =     0.12 MiB
quality-mistral-7b-uncensored-steps32,mistral-7b-uncensored,quality,logits,charging-01,[],True,False,0,,1024,3,CPU,KV,128.0,llama_kv_cache:        CPU KV buffer size =   128.00 MiB
quality-mistral-7b-uncensored-steps32,mistral-7b-uncensored,quality,logits,charging-01,[],True,False,0,,1024,4,CPU,compute,30.5,sched_reserve:        CPU compute buffer size =    30.50 MiB
quality-mistral-7b-uncensored-steps32,mistral-7b-uncensored,quality,logits,charging-01,[],True,False,0,,1024,5,CPU,model,70.31,load_tensors:          CPU model buffer size =    70.31 MiB
quality-mistral-7b-uncensored-steps32,mistral-7b-uncensored,quality,logits,charging-01,[],True,False,0,,1024,6,OpenCL,model,4095.16,load_tensors:       OpenCL model buffer size =  4095.16 MiB
quality-mistral-7b-uncensored-steps32,mistral-7b-uncensored,quality,logits,charging-01,[],True,False,0,,1024,7,CPU,output,0.12,llama_context:        CPU  output buffer size =     0.12 MiB
quality-mistral-7b-uncensored-steps32,mistral-7b-uncensored,quality,logits,charging-01,[],True,False,0,,1024,8,OpenCL,KV,128.0,llama_kv_cache:     OpenCL KV buffer size =   128.00 MiB
quality-mistral-7b-uncensored-steps32,mistral-7b-uncensored,quality,logits,charging-01,[],True,False,0,,1024,9,OpenCL,compute,28.5,sched_reserve:     OpenCL compute buffer size =    28.50 MiB
quality-mistral-7b-uncensored-steps32,mistral-7b-uncensored,quality,logits,charging-01,[],True,False,0,,1024,10,CPU,compute,5.5,sched_reserve:        CPU compute buffer size =     5.50 MiB
quality-probeN1-qwen1.5-steps32,qwen2.5-coder-1.5b,quality,logits,charging-01,[],True,False,0,,1024,0,CPU_Mapped,model,877.31,load_tensors:   CPU_Mapped model buffer size =   877.31 MiB
quality-probeN1-qwen1.5-steps32,qwen2.5-coder-1.5b,quality,logits,charging-01,[],True,False,0,,1024,1,CPU_REPACK,model,934.14,load_tensors:   CPU_REPACK model buffer size =   934.14 MiB
quality-probeN1-qwen1.5-steps32,qwen2.5-coder-1.5b,quality,logits,charging-01,[],True,False,0,,1024,2,CPU,output,0.58,llama_context:        CPU  output buffer size =     0.58 MiB
quality-probeN1-qwen1.5-steps32,qwen2.5-coder-1.5b,quality,logits,charging-01,[],True,False,0,,1024,3,CPU,KV,28.0,llama_kv_cache:        CPU KV buffer size =    28.00 MiB
quality-probeN1-qwen1.5-steps32,qwen2.5-coder-1.5b,quality,logits,charging-01,[],True,False,0,,1024,4,CPU,compute,75.69,sched_reserve:        CPU compute buffer size =    75.69 MiB
quality-probeN1-qwen1.5-steps32,qwen2.5-coder-1.5b,quality,logits,charging-01,[],True,False,0,,1024,5,CPU,model,125.19,load_tensors:          CPU model buffer size =   125.19 MiB
quality-probeN1-qwen1.5-steps32,qwen2.5-coder-1.5b,quality,logits,charging-01,[],True,False,0,,1024,6,CPU_REPACK,model,182.57,load_tensors:   CPU_REPACK model buffer size =   182.57 MiB
quality-probeN1-qwen1.5-steps32,qwen2.5-coder-1.5b,quality,logits,charging-01,[],True,False,0,,1024,7,OpenCL,model,752.22,load_tensors:       OpenCL model buffer size =   752.22 MiB
quality-probeN1-qwen1.5-steps32,qwen2.5-coder-1.5b,quality,logits,charging-01,[],True,False,0,,1024,8,CPU,output,0.58,llama_context:        CPU  output buffer size =     0.58 MiB
quality-probeN1-qwen1.5-steps32,qwen2.5-coder-1.5b,quality,logits,charging-01,[],True,False,0,,1024,9,OpenCL,KV,28.0,llama_kv_cache:     OpenCL KV buffer size =    28.00 MiB
quality-probeN1-qwen1.5-steps32,qwen2.5-coder-1.5b,quality,logits,charging-01,[],True,False,0,,1024,10,OpenCL,compute,15.38,sched_reserve:     OpenCL compute buffer size =    15.38 MiB
quality-probeN1-qwen1.5-steps32,qwen2.5-coder-1.5b,quality,logits,charging-01,[],True,False,0,,1024,11,CPU,compute,75.69,sched_reserve:        CPU compute buffer size =    75.69 MiB
quality-qwen2.5-coder-1.5b-steps32,qwen2.5-coder-1.5b,quality,logits,charging-01,[],True,False,0,,1024,0,CPU_Mapped,model,877.31,load_tensors:   CPU_Mapped model buffer size =   877.31 MiB
quality-qwen2.5-coder-1.5b-steps32,qwen2.5-coder-1.5b,quality,logits,charging-01,[],True,False,0,,1024,1,CPU_REPACK,model,934.14,load_tensors:   CPU_REPACK model buffer size =   934.14 MiB
quality-qwen2.5-coder-1.5b-steps32,qwen2.5-coder-1.5b,quality,logits,charging-01,[],True,False,0,,1024,2,CPU,output,0.58,llama_context:        CPU  output buffer size =     0.58 MiB
quality-qwen2.5-coder-1.5b-steps32,qwen2.5-coder-1.5b,quality,logits,charging-01,[],True,False,0,,1024,3,CPU,KV,28.0,llama_kv_cache:        CPU KV buffer size =    28.00 MiB
quality-qwen2.5-coder-1.5b-steps32,qwen2.5-coder-1.5b,quality,logits,charging-01,[],True,False,0,,1024,4,CPU,compute,75.69,sched_reserve:        CPU compute buffer size =    75.69 MiB
quality-qwen2.5-coder-1.5b-steps32,qwen2.5-coder-1.5b,quality,logits,charging-01,[],True,False,0,,1024,5,CPU,model,125.19,load_tensors:          CPU model buffer size =   125.19 MiB
quality-qwen2.5-coder-1.5b-steps32,qwen2.5-coder-1.5b,quality,logits,charging-01,[],True,False,0,,1024,6,CPU_REPACK,model,195.74,load_tensors:   CPU_REPACK model buffer size =   195.74 MiB
quality-qwen2.5-coder-1.5b-steps32,qwen2.5-coder-1.5b,quality,logits,charging-01,[],True,False,0,,1024,7,OpenCL,model,739.03,load_tensors:       OpenCL model buffer size =   739.03 MiB
quality-qwen2.5-coder-1.5b-steps32,qwen2.5-coder-1.5b,quality,logits,charging-01,[],True,False,0,,1024,8,CPU,output,0.58,llama_context:        CPU  output buffer size =     0.58 MiB
quality-qwen2.5-coder-1.5b-steps32,qwen2.5-coder-1.5b,quality,logits,charging-01,[],True,False,0,,1024,9,OpenCL,KV,28.0,llama_kv_cache:     OpenCL KV buffer size =    28.00 MiB
quality-qwen2.5-coder-1.5b-steps32,qwen2.5-coder-1.5b,quality,logits,charging-01,[],True,False,0,,1024,10,OpenCL,compute,15.63,sched_reserve:     OpenCL compute buffer size =    15.63 MiB
quality-qwen2.5-coder-1.5b-steps32,qwen2.5-coder-1.5b,quality,logits,charging-01,[],True,False,0,,1024,11,CPU,compute,75.69,sched_reserve:        CPU compute buffer size =    75.69 MiB
quality-qwen2.5-coder-7b-steps32,qwen2.5-coder-7b,quality,logits,charging-01,[],True,False,0,,1024,0,CPU_Mapped,model,4460.45,load_tensors:   CPU_Mapped model buffer size =  4460.45 MiB
quality-qwen2.5-coder-7b-steps32,qwen2.5-coder-7b,quality,logits,charging-01,[],True,False,0,,1024,1,CPU_REPACK,model,4166.82,load_tensors:   CPU_REPACK model buffer size =  4166.82 MiB
quality-qwen2.5-coder-7b-steps32,qwen2.5-coder-7b,quality,logits,charging-01,[],True,False,0,,1024,2,CPU,output,0.58,llama_context:        CPU  output buffer size =     0.58 MiB
quality-qwen2.5-coder-7b-steps32,qwen2.5-coder-7b,quality,logits,charging-01,[],True,False,0,,1024,3,CPU,KV,56.0,llama_kv_cache:        CPU KV buffer size =    56.00 MiB
quality-qwen2.5-coder-7b-steps32,qwen2.5-coder-7b,quality,logits,charging-01,[],True,False,0,,1024,4,CPU,compute,77.75,sched_reserve:        CPU compute buffer size =    77.75 MiB
quality-qwen2.5-coder-7b-steps32,qwen2.5-coder-7b,quality,logits,charging-01,[],True,False,0,,1024,5,CPU,model,292.36,load_tensors:          CPU model buffer size =   292.36 MiB
quality-qwen2.5-coder-7b-steps32,qwen2.5-coder-7b,quality,logits,charging-01,[],True,False,0,,1024,6,CPU_REPACK,model,426.36,load_tensors:   CPU_REPACK model buffer size =   426.36 MiB
quality-qwen2.5-coder-7b-steps32,qwen2.5-coder-7b,quality,logits,charging-01,[],True,False,0,,1024,7,OpenCL,model,3741.83,load_tensors:       OpenCL model buffer size =  3741.83 MiB
quality-qwen2.5-coder-7b-steps32,qwen2.5-coder-7b,quality,logits,charging-01,[],True,False,0,,1024,8,CPU,output,0.58,llama_context:        CPU  output buffer size =     0.58 MiB
quality-qwen2.5-coder-7b-steps32,qwen2.5-coder-7b,quality,logits,charging-01,[],True,False,0,,1024,9,OpenCL,KV,56.0,llama_kv_cache:     OpenCL KV buffer size =    56.00 MiB
quality-qwen2.5-coder-7b-steps32,qwen2.5-coder-7b,quality,logits,charging-01,[],True,False,0,,1024,10,OpenCL,compute,34.0,sched_reserve:     OpenCL compute buffer size =    34.00 MiB
quality-qwen2.5-coder-7b-steps32,qwen2.5-coder-7b,quality,logits,charging-01,[],True,False,0,,1024,11,CPU,compute,77.75,sched_reserve:        CPU compute buffer size =    77.75 MiB
quality-qwen3-4b-instruct-steps32,qwen3-4b-instruct,quality,logits,charging-01,[],True,False,0,,1024,0,CPU_Mapped,model,2362.55,load_tensors:   CPU_Mapped model buffer size =  2362.55 MiB
quality-qwen3-4b-instruct-steps32,qwen3-4b-instruct,quality,logits,charging-01,[],True,False,0,,1024,1,CPU_REPACK,model,2375.16,load_tensors:   CPU_REPACK model buffer size =  2375.16 MiB
quality-qwen3-4b-instruct-steps32,qwen3-4b-instruct,quality,logits,charging-01,[],True,False,0,,1024,2,CPU,output,0.58,llama_context:        CPU  output buffer size =     0.58 MiB
quality-qwen3-4b-instruct-steps32,qwen3-4b-instruct,quality,logits,charging-01,[],True,False,0,,1024,3,CPU,KV,144.0,llama_kv_cache:        CPU KV buffer size =   144.00 MiB
quality-qwen3-4b-instruct-steps32,qwen3-4b-instruct,quality,logits,charging-01,[],True,False,0,,1024,4,CPU,compute,76.69,sched_reserve:        CPU compute buffer size =    76.69 MiB
quality-qwen3-4b-instruct-steps32,qwen3-4b-instruct,quality,logits,charging-01,[],True,False,0,,1024,5,CPU,model,304.28,load_tensors:          CPU model buffer size =   304.28 MiB
quality-qwen3-4b-instruct-steps32,qwen3-4b-instruct,quality,logits,charging-01,[],True,False,0,,1024,6,CPU_REPACK,model,304.28,load_tensors:   CPU_REPACK model buffer size =   304.28 MiB
quality-qwen3-4b-instruct-steps32,qwen3-4b-instruct,quality,logits,charging-01,[],True,False,0,,1024,7,OpenCL,model,2071.75,load_tensors:       OpenCL model buffer size =  2071.75 MiB
quality-qwen3-4b-instruct-steps32,qwen3-4b-instruct,quality,logits,charging-01,[],True,False,0,,1024,8,CPU,output,0.58,llama_context:        CPU  output buffer size =     0.58 MiB
quality-qwen3-4b-instruct-steps32,qwen3-4b-instruct,quality,logits,charging-01,[],True,False,0,,1024,9,OpenCL,KV,144.0,llama_kv_cache:     OpenCL KV buffer size =   144.00 MiB
quality-qwen3-4b-instruct-steps32,qwen3-4b-instruct,quality,logits,charging-01,[],True,False,0,,1024,10,OpenCL,compute,24.0,sched_reserve:     OpenCL compute buffer size =    24.00 MiB
quality-qwen3-4b-instruct-steps32,qwen3-4b-instruct,quality,logits,charging-01,[],True,False,0,,1024,11,CPU,compute,76.69,sched_reserve:        CPU compute buffer size =    76.69 MiB
quality-qwen3.5-4b-instruct-steps32,qwen3.5-4b-instruct,quality,logits,charging-01,[],True,False,0,,1024,0,CPU_Mapped,model,2603.5,load_tensors:   CPU_Mapped model buffer size =  2603.50 MiB
quality-qwen3.5-4b-instruct-steps32,qwen3.5-4b-instruct,quality,logits,charging-01,[],True,False,0,,1024,1,CPU_REPACK,model,2599.83,load_tensors:   CPU_REPACK model buffer size =  2599.83 MiB
quality-qwen3.5-4b-instruct-steps32,qwen3.5-4b-instruct,quality,logits,charging-01,[],True,False,0,,1024,2,CPU,output,0.95,llama_context:        CPU  output buffer size =     0.95 MiB
quality-qwen3.5-4b-instruct-steps32,qwen3.5-4b-instruct,quality,logits,charging-01,[],True,False,0,,1024,3,CPU,KV,32.0,llama_kv_cache:        CPU KV buffer size =    32.00 MiB
quality-qwen3.5-4b-instruct-steps32,qwen3.5-4b-instruct,quality,logits,charging-01,[],True,False,0,,1024,4,CPU,RS,50.25,llama_memory_recurrent:        CPU RS buffer size =    50.25 MiB
quality-qwen3.5-4b-instruct-steps32,qwen3.5-4b-instruct,quality,logits,charging-01,[],True,False,0,,1024,5,CPU,compute,125.25,sched_reserve:        CPU compute buffer size =   125.25 MiB
quality-qwen3.5-4b-instruct-steps32,qwen3.5-4b-instruct,quality,logits,charging-01,[],True,False,0,,1024,6,CPU,model,497.31,load_tensors:          CPU model buffer size =   497.31 MiB
quality-qwen3.5-4b-instruct-steps32,qwen3.5-4b-instruct,quality,logits,charging-01,[],True,False,0,,1024,7,CPU_REPACK,model,497.31,load_tensors:   CPU_REPACK model buffer size =   497.31 MiB
quality-qwen3.5-4b-instruct-steps32,qwen3.5-4b-instruct,quality,logits,charging-01,[],True,False,0,,1024,8,OpenCL,model,2106.31,load_tensors:       OpenCL model buffer size =  2106.31 MiB
quality-qwen3.5-4b-instruct-steps32,qwen3.5-4b-instruct,quality,logits,charging-01,[],True,False,0,,1024,9,CPU,output,0.95,llama_context:        CPU  output buffer size =     0.95 MiB
quality-qwen3.5-4b-instruct-steps32,qwen3.5-4b-instruct,quality,logits,charging-01,[],True,False,0,,1024,10,OpenCL,KV,32.0,llama_kv_cache:     OpenCL KV buffer size =    32.00 MiB
quality-qwen3.5-4b-instruct-steps32,qwen3.5-4b-instruct,quality,logits,charging-01,[],True,False,0,,1024,11,OpenCL,RS,50.25,llama_memory_recurrent:     OpenCL RS buffer size =    50.25 MiB
quality-qwen3.5-4b-instruct-steps32,qwen3.5-4b-instruct,quality,logits,charging-01,[],True,False,0,,1024,12,OpenCL,compute,18.0,sched_reserve:     OpenCL compute buffer size =    18.00 MiB
quality-qwen3.5-4b-instruct-steps32,qwen3.5-4b-instruct,quality,logits,charging-01,[],True,False,0,,1024,13,CPU,compute,123.75,sched_reserve:        CPU compute buffer size =   123.75 MiB
specialized-CPU-control-api-20261003T084838Z-PLUGGED_AC-t4-faoff,qwen2.5-coder-1.5b,specialized-best-CPU-control,bench,api-20261003T084838Z-PLUGGED_AC,[],True,False,0,,,0,CPU_Mapped,model,877.31,load_tensors:   CPU_Mapped model buffer size =   877.31 MiB
specialized-CPU-control-api-20261003T084838Z-PLUGGED_AC-t4-faoff,qwen2.5-coder-1.5b,specialized-best-CPU-control,bench,api-20261003T084838Z-PLUGGED_AC,[],True,False,0,,,1,CPU_REPACK,model,934.14,load_tensors:   CPU_REPACK model buffer size =   934.14 MiB
specialized-CPU-control-api-20261003T084838Z-PLUGGED_AC-t4-faoff,qwen2.5-coder-1.5b,specialized-best-CPU-control,bench,api-20261003T084838Z-PLUGGED_AC,[],True,False,0,,,2,CPU,output,0.58,llama_context:        CPU  output buffer size =     0.58 MiB
specialized-CPU-control-api-20261003T084838Z-PLUGGED_AC-t4-faoff,qwen2.5-coder-1.5b,specialized-best-CPU-control,bench,api-20261003T084838Z-PLUGGED_AC,[],True,False,0,,,3,CPU,KV,7.0,llama_kv_cache:        CPU KV buffer size =     7.00 MiB
specialized-CPU-control-api-20261003T084838Z-PLUGGED_AC-t4-faoff,qwen2.5-coder-1.5b,specialized-best-CPU-control,bench,api-20261003T084838Z-PLUGGED_AC,[],True,False,0,,,4,CPU,compute,75.69,sched_reserve:        CPU compute buffer size =    75.69 MiB
specialized-CPU-control-api-20261003T084838Z-PLUGGED_AC-t4-faoff,qwen2.5-coder-1.5b,specialized-best-CPU-control,bench,api-20261003T084838Z-PLUGGED_AC,[],True,False,0,,,5,CPU,output,0.58,llama_context:        CPU  output buffer size =     0.58 MiB
specialized-CPU-control-api-20261003T084838Z-PLUGGED_AC-t4-faoff,qwen2.5-coder-1.5b,specialized-best-CPU-control,bench,api-20261003T084838Z-PLUGGED_AC,[],True,False,0,,,6,CPU,KV,7.0,llama_kv_cache:        CPU KV buffer size =     7.00 MiB
specialized-CPU-control-api-20261003T084838Z-PLUGGED_AC-t4-faoff,qwen2.5-coder-1.5b,specialized-best-CPU-control,bench,api-20261003T084838Z-PLUGGED_AC,[],True,False,0,,,7,CPU,compute,18.92,sched_reserve:        CPU compute buffer size =    18.92 MiB
specialized-CPU-control-api-20261003T084838Z-PLUGGED_AC-t5-faon,qwen2.5-coder-1.5b,specialized-best-CPU-control,bench,api-20261003T084838Z-PLUGGED_AC,[],True,False,0,,,0,CPU_Mapped,model,877.31,load_tensors:   CPU_Mapped model buffer size =   877.31 MiB
specialized-CPU-control-api-20261003T084838Z-PLUGGED_AC-t5-faon,qwen2.5-coder-1.5b,specialized-best-CPU-control,bench,api-20261003T084838Z-PLUGGED_AC,[],True,False,0,,,1,CPU_REPACK,model,934.14,load_tensors:   CPU_REPACK model buffer size =   934.14 MiB
specialized-CPU-control-api-20261003T084838Z-PLUGGED_AC-t5-faon,qwen2.5-coder-1.5b,specialized-best-CPU-control,bench,api-20261003T084838Z-PLUGGED_AC,[],True,False,0,,,2,CPU,output,0.58,llama_context:        CPU  output buffer size =     0.58 MiB
specialized-CPU-control-api-20261003T084838Z-PLUGGED_AC-t5-faon,qwen2.5-coder-1.5b,specialized-best-CPU-control,bench,api-20261003T084838Z-PLUGGED_AC,[],True,False,0,,,3,CPU,KV,7.0,llama_kv_cache:        CPU KV buffer size =     7.00 MiB
specialized-CPU-control-api-20261003T084838Z-PLUGGED_AC-t5-faon,qwen2.5-coder-1.5b,specialized-best-CPU-control,bench,api-20261003T084838Z-PLUGGED_AC,[],True,False,0,,,4,CPU,compute,75.69,sched_reserve:        CPU compute buffer size =    75.69 MiB
specialized-CPU-control-api-20261003T084838Z-PLUGGED_AC-t5-faon,qwen2.5-coder-1.5b,specialized-best-CPU-control,bench,api-20261003T084838Z-PLUGGED_AC,[],True,False,0,,,5,CPU,output,0.58,llama_context:        CPU  output buffer size =     0.58 MiB
specialized-CPU-control-api-20261003T084838Z-PLUGGED_AC-t5-faon,qwen2.5-coder-1.5b,specialized-best-CPU-control,bench,api-20261003T084838Z-PLUGGED_AC,[],True,False,0,,,6,CPU,KV,7.0,llama_kv_cache:        CPU KV buffer size =     7.00 MiB
specialized-CPU-control-api-20261003T084838Z-PLUGGED_AC-t5-faon,qwen2.5-coder-1.5b,specialized-best-CPU-control,bench,api-20261003T084838Z-PLUGGED_AC,[],True,False,0,,,7,CPU,compute,18.92,sched_reserve:        CPU compute buffer size =    18.92 MiB
specialized-CPU-control-api-20261003T084838Z-PLUGGED_AC-t6-faoff,qwen2.5-coder-1.5b,specialized-best-CPU-control,bench,api-20261003T084838Z-PLUGGED_AC,[],True,False,0,,,0,CPU_Mapped,model,877.31,load_tensors:   CPU_Mapped model buffer size =   877.31 MiB
specialized-CPU-control-api-20261003T084838Z-PLUGGED_AC-t6-faoff,qwen2.5-coder-1.5b,specialized-best-CPU-control,bench,api-20261003T084838Z-PLUGGED_AC,[],True,False,0,,,1,CPU_REPACK,model,934.14,load_tensors:   CPU_REPACK model buffer size =   934.14 MiB
specialized-CPU-control-api-20261003T084838Z-PLUGGED_AC-t6-faoff,qwen2.5-coder-1.5b,specialized-best-CPU-control,bench,api-20261003T084838Z-PLUGGED_AC,[],True,False,0,,,2,CPU,output,0.58,llama_context:        CPU  output buffer size =     0.58 MiB
specialized-CPU-control-api-20261003T084838Z-PLUGGED_AC-t6-faoff,qwen2.5-coder-1.5b,specialized-best-CPU-control,bench,api-20261003T084838Z-PLUGGED_AC,[],True,False,0,,,3,CPU,KV,7.0,llama_kv_cache:        CPU KV buffer size =     7.00 MiB
specialized-CPU-control-api-20261003T084838Z-PLUGGED_AC-t6-faoff,qwen2.5-coder-1.5b,specialized-best-CPU-control,bench,api-20261003T084838Z-PLUGGED_AC,[],True,False,0,,,4,CPU,compute,75.69,sched_reserve:        CPU compute buffer size =    75.69 MiB
specialized-CPU-control-api-20261003T084838Z-PLUGGED_AC-t6-faoff,qwen2.5-coder-1.5b,specialized-best-CPU-control,bench,api-20261003T084838Z-PLUGGED_AC,[],True,False,0,,,5,CPU,output,0.58,llama_context:        CPU  output buffer size =     0.58 MiB
specialized-CPU-control-api-20261003T084838Z-PLUGGED_AC-t6-faoff,qwen2.5-coder-1.5b,specialized-best-CPU-control,bench,api-20261003T084838Z-PLUGGED_AC,[],True,False,0,,,6,CPU,KV,7.0,llama_kv_cache:        CPU KV buffer size =     7.00 MiB
specialized-CPU-control-api-20261003T084838Z-PLUGGED_AC-t6-faoff,qwen2.5-coder-1.5b,specialized-best-CPU-control,bench,api-20261003T084838Z-PLUGGED_AC,[],True,False,0,,,7,CPU,compute,18.92,sched_reserve:        CPU compute buffer size =    18.92 MiB
specialized-CPU-control-api-20261003T084838Z-PLUGGED_AC-t6-faon,qwen2.5-coder-1.5b,specialized-best-CPU-control,bench,api-20261003T084838Z-PLUGGED_AC,[],True,False,0,,,0,CPU_Mapped,model,877.31,load_tensors:   CPU_Mapped model buffer size =   877.31 MiB
specialized-CPU-control-api-20261003T084838Z-PLUGGED_AC-t6-faon,qwen2.5-coder-1.5b,specialized-best-CPU-control,bench,api-20261003T084838Z-PLUGGED_AC,[],True,False,0,,,1,CPU_REPACK,model,934.14,load_tensors:   CPU_REPACK model buffer size =   934.14 MiB
specialized-CPU-control-api-20261003T084838Z-PLUGGED_AC-t6-faon,qwen2.5-coder-1.5b,specialized-best-CPU-control,bench,api-20261003T084838Z-PLUGGED_AC,[],True,False,0,,,2,CPU,output,0.58,llama_context:        CPU  output buffer size =     0.58 MiB
specialized-CPU-control-api-20261003T084838Z-PLUGGED_AC-t6-faon,qwen2.5-coder-1.5b,specialized-best-CPU-control,bench,api-20261003T084838Z-PLUGGED_AC,[],True,False,0,,,3,CPU,KV,7.0,llama_kv_cache:        CPU KV buffer size =     7.00 MiB
specialized-CPU-control-api-20261003T084838Z-PLUGGED_AC-t6-faon,qwen2.5-coder-1.5b,specialized-best-CPU-control,bench,api-20261003T084838Z-PLUGGED_AC,[],True,False,0,,,4,CPU,compute,75.69,sched_reserve:        CPU compute buffer size =    75.69 MiB
specialized-CPU-control-api-20261003T084838Z-PLUGGED_AC-t6-faon,qwen2.5-coder-1.5b,specialized-best-CPU-control,bench,api-20261003T084838Z-PLUGGED_AC,[],True,False,0,,,5,CPU,output,0.58,llama_context:        CPU  output buffer size =     0.58 MiB
specialized-CPU-control-api-20261003T084838Z-PLUGGED_AC-t6-faon,qwen2.5-coder-1.5b,specialized-best-CPU-control,bench,api-20261003T084838Z-PLUGGED_AC,[],True,False,0,,,6,CPU,KV,7.0,llama_kv_cache:        CPU KV buffer size =     7.00 MiB
specialized-CPU-control-api-20261003T084838Z-PLUGGED_AC-t6-faon,qwen2.5-coder-1.5b,specialized-best-CPU-control,bench,api-20261003T084838Z-PLUGGED_AC,[],True,False,0,,,7,CPU,compute,18.92,sched_reserve:        CPU compute buffer size =    18.92 MiB
specialized-CPU-control-api-20261003T193303Z-PLUGGED_AC-t4-faoff,qwen2.5-coder-1.5b,specialized-best-CPU-control,bench,api-20261003T193303Z-PLUGGED_AC,[],True,False,0,,,0,CPU_Mapped,model,877.31,load_tensors:   CPU_Mapped model buffer size =   877.31 MiB
specialized-CPU-control-api-20261003T193303Z-PLUGGED_AC-t4-faoff,qwen2.5-coder-1.5b,specialized-best-CPU-control,bench,api-20261003T193303Z-PLUGGED_AC,[],True,False,0,,,1,CPU_REPACK,model,934.14,load_tensors:   CPU_REPACK model buffer size =   934.14 MiB
specialized-CPU-control-api-20261003T193303Z-PLUGGED_AC-t4-faoff,qwen2.5-coder-1.5b,specialized-best-CPU-control,bench,api-20261003T193303Z-PLUGGED_AC,[],True,False,0,,,2,CPU,output,0.58,llama_context:        CPU  output buffer size =     0.58 MiB
specialized-CPU-control-api-20261003T193303Z-PLUGGED_AC-t4-faoff,qwen2.5-coder-1.5b,specialized-best-CPU-control,bench,api-20261003T193303Z-PLUGGED_AC,[],True,False,0,,,3,CPU,KV,7.0,llama_kv_cache:        CPU KV buffer size =     7.00 MiB
specialized-CPU-control-api-20261003T193303Z-PLUGGED_AC-t4-faoff,qwen2.5-coder-1.5b,specialized-best-CPU-control,bench,api-20261003T193303Z-PLUGGED_AC,[],True,False,0,,,4,CPU,compute,75.69,sched_reserve:        CPU compute buffer size =    75.69 MiB
specialized-CPU-control-api-20261003T193303Z-PLUGGED_AC-t4-faoff,qwen2.5-coder-1.5b,specialized-best-CPU-control,bench,api-20261003T193303Z-PLUGGED_AC,[],True,False,0,,,5,CPU,output,0.58,llama_context:        CPU  output buffer size =     0.58 MiB
specialized-CPU-control-api-20261003T193303Z-PLUGGED_AC-t4-faoff,qwen2.5-coder-1.5b,specialized-best-CPU-control,bench,api-20261003T193303Z-PLUGGED_AC,[],True,False,0,,,6,CPU,KV,7.0,llama_kv_cache:        CPU KV buffer size =     7.00 MiB
specialized-CPU-control-api-20261003T193303Z-PLUGGED_AC-t4-faoff,qwen2.5-coder-1.5b,specialized-best-CPU-control,bench,api-20261003T193303Z-PLUGGED_AC,[],True,False,0,,,7,CPU,compute,18.92,sched_reserve:        CPU compute buffer size =    18.92 MiB
specialized-CPU-control-api-20261003T193303Z-PLUGGED_AC-t5-faon,qwen2.5-coder-1.5b,specialized-best-CPU-control,bench,api-20261003T193303Z-PLUGGED_AC,[],True,False,0,,,0,CPU_Mapped,model,877.31,load_tensors:   CPU_Mapped model buffer size =   877.31 MiB
specialized-CPU-control-api-20261003T193303Z-PLUGGED_AC-t5-faon,qwen2.5-coder-1.5b,specialized-best-CPU-control,bench,api-20261003T193303Z-PLUGGED_AC,[],True,False,0,,,1,CPU_REPACK,model,934.14,load_tensors:   CPU_REPACK model buffer size =   934.14 MiB
specialized-CPU-control-api-20261003T193303Z-PLUGGED_AC-t5-faon,qwen2.5-coder-1.5b,specialized-best-CPU-control,bench,api-20261003T193303Z-PLUGGED_AC,[],True,False,0,,,2,CPU,output,0.58,llama_context:        CPU  output buffer size =     0.58 MiB
specialized-CPU-control-api-20261003T193303Z-PLUGGED_AC-t5-faon,qwen2.5-coder-1.5b,specialized-best-CPU-control,bench,api-20261003T193303Z-PLUGGED_AC,[],True,False,0,,,3,CPU,KV,7.0,llama_kv_cache:        CPU KV buffer size =     7.00 MiB
specialized-CPU-control-api-20261003T193303Z-PLUGGED_AC-t5-faon,qwen2.5-coder-1.5b,specialized-best-CPU-control,bench,api-20261003T193303Z-PLUGGED_AC,[],True,False,0,,,4,CPU,compute,75.69,sched_reserve:        CPU compute buffer size =    75.69 MiB
specialized-CPU-control-api-20261003T193303Z-PLUGGED_AC-t5-faon,qwen2.5-coder-1.5b,specialized-best-CPU-control,bench,api-20261003T193303Z-PLUGGED_AC,[],True,False,0,,,5,CPU,output,0.58,llama_context:        CPU  output buffer size =     0.58 MiB
specialized-CPU-control-api-20261003T193303Z-PLUGGED_AC-t5-faon,qwen2.5-coder-1.5b,specialized-best-CPU-control,bench,api-20261003T193303Z-PLUGGED_AC,[],True,False,0,,,6,CPU,KV,7.0,llama_kv_cache:        CPU KV buffer size =     7.00 MiB
specialized-CPU-control-api-20261003T193303Z-PLUGGED_AC-t5-faon,qwen2.5-coder-1.5b,specialized-best-CPU-control,bench,api-20261003T193303Z-PLUGGED_AC,[],True,False,0,,,7,CPU,compute,18.92,sched_reserve:        CPU compute buffer size =    18.92 MiB
specialized-CPU-control-api-20261003T193303Z-PLUGGED_AC-t6-faoff,qwen2.5-coder-1.5b,specialized-best-CPU-control,bench,api-20261003T193303Z-PLUGGED_AC,[],True,False,0,,,0,CPU_Mapped,model,877.31,load_tensors:   CPU_Mapped model buffer size =   877.31 MiB
specialized-CPU-control-api-20261003T193303Z-PLUGGED_AC-t6-faoff,qwen2.5-coder-1.5b,specialized-best-CPU-control,bench,api-20261003T193303Z-PLUGGED_AC,[],True,False,0,,,1,CPU_REPACK,model,934.14,load_tensors:   CPU_REPACK model buffer size =   934.14 MiB
specialized-CPU-control-api-20261003T193303Z-PLUGGED_AC-t6-faoff,qwen2.5-coder-1.5b,specialized-best-CPU-control,bench,api-20261003T193303Z-PLUGGED_AC,[],True,False,0,,,2,CPU,output,0.58,llama_context:        CPU  output buffer size =     0.58 MiB
specialized-CPU-control-api-20261003T193303Z-PLUGGED_AC-t6-faoff,qwen2.5-coder-1.5b,specialized-best-CPU-control,bench,api-20261003T193303Z-PLUGGED_AC,[],True,False,0,,,3,CPU,KV,7.0,llama_kv_cache:        CPU KV buffer size =     7.00 MiB
specialized-CPU-control-api-20261003T193303Z-PLUGGED_AC-t6-faoff,qwen2.5-coder-1.5b,specialized-best-CPU-control,bench,api-20261003T193303Z-PLUGGED_AC,[],True,False,0,,,4,CPU,compute,75.69,sched_reserve:        CPU compute buffer size =    75.69 MiB
specialized-CPU-control-api-20261003T193303Z-PLUGGED_AC-t6-faoff,qwen2.5-coder-1.5b,specialized-best-CPU-control,bench,api-20261003T193303Z-PLUGGED_AC,[],True,False,0,,,5,CPU,output,0.58,llama_context:        CPU  output buffer size =     0.58 MiB
specialized-CPU-control-api-20261003T193303Z-PLUGGED_AC-t6-faoff,qwen2.5-coder-1.5b,specialized-best-CPU-control,bench,api-20261003T193303Z-PLUGGED_AC,[],True,False,0,,,6,CPU,KV,7.0,llama_kv_cache:        CPU KV buffer size =     7.00 MiB
specialized-CPU-control-api-20261003T193303Z-PLUGGED_AC-t6-faoff,qwen2.5-coder-1.5b,specialized-best-CPU-control,bench,api-20261003T193303Z-PLUGGED_AC,[],True,False,0,,,7,CPU,compute,18.92,sched_reserve:        CPU compute buffer size =    18.92 MiB
specialized-CPU-control-api-20261003T193303Z-PLUGGED_AC-t6-faon,qwen2.5-coder-1.5b,specialized-best-CPU-control,bench,api-20261003T193303Z-PLUGGED_AC,[],True,False,0,,,0,CPU_Mapped,model,877.31,load_tensors:   CPU_Mapped model buffer size =   877.31 MiB
specialized-CPU-control-api-20261003T193303Z-PLUGGED_AC-t6-faon,qwen2.5-coder-1.5b,specialized-best-CPU-control,bench,api-20261003T193303Z-PLUGGED_AC,[],True,False,0,,,1,CPU_REPACK,model,934.14,load_tensors:   CPU_REPACK model buffer size =   934.14 MiB
specialized-CPU-control-api-20261003T193303Z-PLUGGED_AC-t6-faon,qwen2.5-coder-1.5b,specialized-best-CPU-control,bench,api-20261003T193303Z-PLUGGED_AC,[],True,False,0,,,2,CPU,output,0.58,llama_context:        CPU  output buffer size =     0.58 MiB
specialized-CPU-control-api-20261003T193303Z-PLUGGED_AC-t6-faon,qwen2.5-coder-1.5b,specialized-best-CPU-control,bench,api-20261003T193303Z-PLUGGED_AC,[],True,False,0,,,3,CPU,KV,7.0,llama_kv_cache:        CPU KV buffer size =     7.00 MiB
specialized-CPU-control-api-20261003T193303Z-PLUGGED_AC-t6-faon,qwen2.5-coder-1.5b,specialized-best-CPU-control,bench,api-20261003T193303Z-PLUGGED_AC,[],True,False,0,,,4,CPU,compute,75.69,sched_reserve:        CPU compute buffer size =    75.69 MiB
specialized-CPU-control-api-20261003T193303Z-PLUGGED_AC-t6-faon,qwen2.5-coder-1.5b,specialized-best-CPU-control,bench,api-20261003T193303Z-PLUGGED_AC,[],True,False,0,,,5,CPU,output,0.58,llama_context:        CPU  output buffer size =     0.58 MiB
specialized-CPU-control-api-20261003T193303Z-PLUGGED_AC-t6-faon,qwen2.5-coder-1.5b,specialized-best-CPU-control,bench,api-20261003T193303Z-PLUGGED_AC,[],True,False,0,,,6,CPU,KV,7.0,llama_kv_cache:        CPU KV buffer size =     7.00 MiB
specialized-CPU-control-api-20261003T193303Z-PLUGGED_AC-t6-faon,qwen2.5-coder-1.5b,specialized-best-CPU-control,bench,api-20261003T193303Z-PLUGGED_AC,[],True,False,0,,,7,CPU,compute,18.92,sched_reserve:        CPU compute buffer size =    18.92 MiB
specialized-narrow-current-api-20261003T084838Z-PLUGGED_AC-cpu-r0,qwen2.5-coder-1.5b,specialized-narrow-screen,bench,api-20261003T084838Z-PLUGGED_AC,[],True,False,0,,,0,CPU_Mapped,model,877.31,load_tensors:   CPU_Mapped model buffer size =   877.31 MiB
specialized-narrow-current-api-20261003T084838Z-PLUGGED_AC-cpu-r0,qwen2.5-coder-1.5b,specialized-narrow-screen,bench,api-20261003T084838Z-PLUGGED_AC,[],True,False,0,,,1,CPU_REPACK,model,934.14,load_tensors:   CPU_REPACK model buffer size =   934.14 MiB
specialized-narrow-current-api-20261003T084838Z-PLUGGED_AC-cpu-r0,qwen2.5-coder-1.5b,specialized-narrow-screen,bench,api-20261003T084838Z-PLUGGED_AC,[],True,False,0,,,2,CPU,output,0.58,llama_context:        CPU  output buffer size =     0.58 MiB
specialized-narrow-current-api-20261003T084838Z-PLUGGED_AC-cpu-r0,qwen2.5-coder-1.5b,specialized-narrow-screen,bench,api-20261003T084838Z-PLUGGED_AC,[],True,False,0,,,3,CPU,KV,7.0,llama_kv_cache:        CPU KV buffer size =     7.00 MiB
specialized-narrow-current-api-20261003T084838Z-PLUGGED_AC-cpu-r0,qwen2.5-coder-1.5b,specialized-narrow-screen,bench,api-20261003T084838Z-PLUGGED_AC,[],True,False,0,,,4,CPU,compute,75.69,sched_reserve:        CPU compute buffer size =    75.69 MiB
specialized-narrow-current-api-20261003T084838Z-PLUGGED_AC-cpu-r0,qwen2.5-coder-1.5b,specialized-narrow-screen,bench,api-20261003T084838Z-PLUGGED_AC,[],True,False,0,,,5,CPU,output,0.58,llama_context:        CPU  output buffer size =     0.58 MiB
specialized-narrow-current-api-20261003T084838Z-PLUGGED_AC-cpu-r0,qwen2.5-coder-1.5b,specialized-narrow-screen,bench,api-20261003T084838Z-PLUGGED_AC,[],True,False,0,,,6,CPU,KV,7.0,llama_kv_cache:        CPU KV buffer size =     7.00 MiB
specialized-narrow-current-api-20261003T084838Z-PLUGGED_AC-cpu-r0,qwen2.5-coder-1.5b,specialized-narrow-screen,bench,api-20261003T084838Z-PLUGGED_AC,[],True,False,0,,,7,CPU,compute,18.92,sched_reserve:        CPU compute buffer size =    18.92 MiB
specialized-narrow-current-api-20261003T084838Z-PLUGGED_AC-cpu-r1,qwen2.5-coder-1.5b,specialized-narrow-screen,bench,api-20261003T084838Z-PLUGGED_AC,[],True,False,0,,,0,CPU_Mapped,model,877.31,load_tensors:   CPU_Mapped model buffer size =   877.31 MiB
specialized-narrow-current-api-20261003T084838Z-PLUGGED_AC-cpu-r1,qwen2.5-coder-1.5b,specialized-narrow-screen,bench,api-20261003T084838Z-PLUGGED_AC,[],True,False,0,,,1,CPU_REPACK,model,934.14,load_tensors:   CPU_REPACK model buffer size =   934.14 MiB
specialized-narrow-current-api-20261003T084838Z-PLUGGED_AC-cpu-r1,qwen2.5-coder-1.5b,specialized-narrow-screen,bench,api-20261003T084838Z-PLUGGED_AC,[],True,False,0,,,2,CPU,output,0.58,llama_context:        CPU  output buffer size =     0.58 MiB
specialized-narrow-current-api-20261003T084838Z-PLUGGED_AC-cpu-r1,qwen2.5-coder-1.5b,specialized-narrow-screen,bench,api-20261003T084838Z-PLUGGED_AC,[],True,False,0,,,3,CPU,KV,7.0,llama_kv_cache:        CPU KV buffer size =     7.00 MiB
specialized-narrow-current-api-20261003T084838Z-PLUGGED_AC-cpu-r1,qwen2.5-coder-1.5b,specialized-narrow-screen,bench,api-20261003T084838Z-PLUGGED_AC,[],True,False,0,,,4,CPU,compute,75.69,sched_reserve:        CPU compute buffer size =    75.69 MiB
specialized-narrow-current-api-20261003T084838Z-PLUGGED_AC-cpu-r1,qwen2.5-coder-1.5b,specialized-narrow-screen,bench,api-20261003T084838Z-PLUGGED_AC,[],True,False,0,,,5,CPU,output,0.58,llama_context:        CPU  output buffer size =     0.58 MiB
specialized-narrow-current-api-20261003T084838Z-PLUGGED_AC-cpu-r1,qwen2.5-coder-1.5b,specialized-narrow-screen,bench,api-20261003T084838Z-PLUGGED_AC,[],True,False,0,,,6,CPU,KV,7.0,llama_kv_cache:        CPU KV buffer size =     7.00 MiB
specialized-narrow-current-api-20261003T084838Z-PLUGGED_AC-cpu-r1,qwen2.5-coder-1.5b,specialized-narrow-screen,bench,api-20261003T084838Z-PLUGGED_AC,[],True,False,0,,,7,CPU,compute,18.92,sched_reserve:        CPU compute buffer size =    18.92 MiB
specialized-narrow-current-api-20261003T084838Z-PLUGGED_AC-cpu-r2,qwen2.5-coder-1.5b,specialized-narrow-screen,bench,api-20261003T084838Z-PLUGGED_AC,[],True,False,0,,,0,CPU_Mapped,model,877.31,load_tensors:   CPU_Mapped model buffer size =   877.31 MiB
specialized-narrow-current-api-20261003T084838Z-PLUGGED_AC-cpu-r2,qwen2.5-coder-1.5b,specialized-narrow-screen,bench,api-20261003T084838Z-PLUGGED_AC,[],True,False,0,,,1,CPU_REPACK,model,934.14,load_tensors:   CPU_REPACK model buffer size =   934.14 MiB
specialized-narrow-current-api-20261003T084838Z-PLUGGED_AC-cpu-r2,qwen2.5-coder-1.5b,specialized-narrow-screen,bench,api-20261003T084838Z-PLUGGED_AC,[],True,False,0,,,2,CPU,output,0.58,llama_context:        CPU  output buffer size =     0.58 MiB
specialized-narrow-current-api-20261003T084838Z-PLUGGED_AC-cpu-r2,qwen2.5-coder-1.5b,specialized-narrow-screen,bench,api-20261003T084838Z-PLUGGED_AC,[],True,False,0,,,3,CPU,KV,7.0,llama_kv_cache:        CPU KV buffer size =     7.00 MiB
specialized-narrow-current-api-20261003T084838Z-PLUGGED_AC-cpu-r2,qwen2.5-coder-1.5b,specialized-narrow-screen,bench,api-20261003T084838Z-PLUGGED_AC,[],True,False,0,,,4,CPU,compute,75.69,sched_reserve:        CPU compute buffer size =    75.69 MiB
specialized-narrow-current-api-20261003T084838Z-PLUGGED_AC-cpu-r2,qwen2.5-coder-1.5b,specialized-narrow-screen,bench,api-20261003T084838Z-PLUGGED_AC,[],True,False,0,,,5,CPU,output,0.58,llama_context:        CPU  output buffer size =     0.58 MiB
specialized-narrow-current-api-20261003T084838Z-PLUGGED_AC-cpu-r2,qwen2.5-coder-1.5b,specialized-narrow-screen,bench,api-20261003T084838Z-PLUGGED_AC,[],True,False,0,,,6,CPU,KV,7.0,llama_kv_cache:        CPU KV buffer size =     7.00 MiB
specialized-narrow-current-api-20261003T084838Z-PLUGGED_AC-cpu-r2,qwen2.5-coder-1.5b,specialized-narrow-screen,bench,api-20261003T084838Z-PLUGGED_AC,[],True,False,0,,,7,CPU,compute,18.92,sched_reserve:        CPU compute buffer size =    18.92 MiB
specialized-narrow-current-api-20261003T084838Z-PLUGGED_AC-generic-r0,qwen2.5-coder-1.5b,specialized-narrow-screen,bench,api-20261003T084838Z-PLUGGED_AC,[],True,False,0,,,0,CPU,model,125.19,load_tensors:          CPU model buffer size =   125.19 MiB
specialized-narrow-current-api-20261003T084838Z-PLUGGED_AC-generic-r0,qwen2.5-coder-1.5b,specialized-narrow-screen,bench,api-20261003T084838Z-PLUGGED_AC,[],True,False,0,,,1,CPU_REPACK,model,195.74,load_tensors:   CPU_REPACK model buffer size =   195.74 MiB
specialized-narrow-current-api-20261003T084838Z-PLUGGED_AC-generic-r0,qwen2.5-coder-1.5b,specialized-narrow-screen,bench,api-20261003T084838Z-PLUGGED_AC,[],True,False,0,,,2,OpenCL,model,739.03,load_tensors:       OpenCL model buffer size =   739.03 MiB
specialized-narrow-current-api-20261003T084838Z-PLUGGED_AC-generic-r0,qwen2.5-coder-1.5b,specialized-narrow-screen,bench,api-20261003T084838Z-PLUGGED_AC,[],True,False,0,,,3,CPU,output,0.58,llama_context:        CPU  output buffer size =     0.58 MiB
specialized-narrow-current-api-20261003T084838Z-PLUGGED_AC-generic-r0,qwen2.5-coder-1.5b,specialized-narrow-screen,bench,api-20261003T084838Z-PLUGGED_AC,[],True,False,0,,,4,OpenCL,KV,7.0,llama_kv_cache:     OpenCL KV buffer size =     7.00 MiB
specialized-narrow-current-api-20261003T084838Z-PLUGGED_AC-generic-r0,qwen2.5-coder-1.5b,specialized-narrow-screen,bench,api-20261003T084838Z-PLUGGED_AC,[],True,False,0,,,5,OpenCL,compute,16.0,sched_reserve:     OpenCL compute buffer size =    16.00 MiB
specialized-narrow-current-api-20261003T084838Z-PLUGGED_AC-generic-r0,qwen2.5-coder-1.5b,specialized-narrow-screen,bench,api-20261003T084838Z-PLUGGED_AC,[],True,False,0,,,6,CPU,compute,75.69,sched_reserve:        CPU compute buffer size =    75.69 MiB
specialized-narrow-current-api-20261003T084838Z-PLUGGED_AC-generic-r0,qwen2.5-coder-1.5b,specialized-narrow-screen,bench,api-20261003T084838Z-PLUGGED_AC,[],True,False,0,,,7,CPU,output,0.58,llama_context:        CPU  output buffer size =     0.58 MiB
specialized-narrow-current-api-20261003T084838Z-PLUGGED_AC-generic-r0,qwen2.5-coder-1.5b,specialized-narrow-screen,bench,api-20261003T084838Z-PLUGGED_AC,[],True,False,0,,,8,OpenCL,KV,7.0,llama_kv_cache:     OpenCL KV buffer size =     7.00 MiB
specialized-narrow-current-api-20261003T084838Z-PLUGGED_AC-generic-r0,qwen2.5-coder-1.5b,specialized-narrow-screen,bench,api-20261003T084838Z-PLUGGED_AC,[],True,False,0,,,9,OpenCL,compute,4.0,sched_reserve:     OpenCL compute buffer size =     4.00 MiB
specialized-narrow-current-api-20261003T084838Z-PLUGGED_AC-generic-r0,qwen2.5-coder-1.5b,specialized-narrow-screen,bench,api-20261003T084838Z-PLUGGED_AC,[],True,False,0,,,10,CPU,compute,18.92,sched_reserve:        CPU compute buffer size =    18.92 MiB
specialized-narrow-current-api-20261003T084838Z-PLUGGED_AC-generic-r1,qwen2.5-coder-1.5b,specialized-narrow-screen,bench,api-20261003T084838Z-PLUGGED_AC,[],True,False,0,,,0,CPU,model,125.19,load_tensors:          CPU model buffer size =   125.19 MiB
specialized-narrow-current-api-20261003T084838Z-PLUGGED_AC-generic-r1,qwen2.5-coder-1.5b,specialized-narrow-screen,bench,api-20261003T084838Z-PLUGGED_AC,[],True,False,0,,,1,CPU_REPACK,model,195.74,load_tensors:   CPU_REPACK model buffer size =   195.74 MiB
specialized-narrow-current-api-20261003T084838Z-PLUGGED_AC-generic-r1,qwen2.5-coder-1.5b,specialized-narrow-screen,bench,api-20261003T084838Z-PLUGGED_AC,[],True,False,0,,,2,OpenCL,model,739.03,load_tensors:       OpenCL model buffer size =   739.03 MiB
specialized-narrow-current-api-20261003T084838Z-PLUGGED_AC-generic-r1,qwen2.5-coder-1.5b,specialized-narrow-screen,bench,api-20261003T084838Z-PLUGGED_AC,[],True,False,0,,,3,CPU,output,0.58,llama_context:        CPU  output buffer size =     0.58 MiB
specialized-narrow-current-api-20261003T084838Z-PLUGGED_AC-generic-r1,qwen2.5-coder-1.5b,specialized-narrow-screen,bench,api-20261003T084838Z-PLUGGED_AC,[],True,False,0,,,4,OpenCL,KV,7.0,llama_kv_cache:     OpenCL KV buffer size =     7.00 MiB
specialized-narrow-current-api-20261003T084838Z-PLUGGED_AC-generic-r1,qwen2.5-coder-1.5b,specialized-narrow-screen,bench,api-20261003T084838Z-PLUGGED_AC,[],True,False,0,,,5,OpenCL,compute,16.0,sched_reserve:     OpenCL compute buffer size =    16.00 MiB
specialized-narrow-current-api-20261003T084838Z-PLUGGED_AC-generic-r1,qwen2.5-coder-1.5b,specialized-narrow-screen,bench,api-20261003T084838Z-PLUGGED_AC,[],True,False,0,,,6,CPU,compute,75.69,sched_reserve:        CPU compute buffer size =    75.69 MiB
specialized-narrow-current-api-20261003T084838Z-PLUGGED_AC-generic-r1,qwen2.5-coder-1.5b,specialized-narrow-screen,bench,api-20261003T084838Z-PLUGGED_AC,[],True,False,0,,,7,CPU,output,0.58,llama_context:        CPU  output buffer size =     0.58 MiB
specialized-narrow-current-api-20261003T084838Z-PLUGGED_AC-generic-r1,qwen2.5-coder-1.5b,specialized-narrow-screen,bench,api-20261003T084838Z-PLUGGED_AC,[],True,False,0,,,8,OpenCL,KV,7.0,llama_kv_cache:     OpenCL KV buffer size =     7.00 MiB
specialized-narrow-current-api-20261003T084838Z-PLUGGED_AC-generic-r1,qwen2.5-coder-1.5b,specialized-narrow-screen,bench,api-20261003T084838Z-PLUGGED_AC,[],True,False,0,,,9,OpenCL,compute,4.0,sched_reserve:     OpenCL compute buffer size =     4.00 MiB
specialized-narrow-current-api-20261003T084838Z-PLUGGED_AC-generic-r1,qwen2.5-coder-1.5b,specialized-narrow-screen,bench,api-20261003T084838Z-PLUGGED_AC,[],True,False,0,,,10,CPU,compute,18.92,sched_reserve:        CPU compute buffer size =    18.92 MiB
specialized-narrow-current-api-20261003T084838Z-PLUGGED_AC-generic-r2,qwen2.5-coder-1.5b,specialized-narrow-screen,bench,api-20261003T084838Z-PLUGGED_AC,[],True,False,0,,,0,CPU,model,125.19,load_tensors:          CPU model buffer size =   125.19 MiB
specialized-narrow-current-api-20261003T084838Z-PLUGGED_AC-generic-r2,qwen2.5-coder-1.5b,specialized-narrow-screen,bench,api-20261003T084838Z-PLUGGED_AC,[],True,False,0,,,1,CPU_REPACK,model,195.74,load_tensors:   CPU_REPACK model buffer size =   195.74 MiB
specialized-narrow-current-api-20261003T084838Z-PLUGGED_AC-generic-r2,qwen2.5-coder-1.5b,specialized-narrow-screen,bench,api-20261003T084838Z-PLUGGED_AC,[],True,False,0,,,2,OpenCL,model,739.03,load_tensors:       OpenCL model buffer size =   739.03 MiB
specialized-narrow-current-api-20261003T084838Z-PLUGGED_AC-generic-r2,qwen2.5-coder-1.5b,specialized-narrow-screen,bench,api-20261003T084838Z-PLUGGED_AC,[],True,False,0,,,3,CPU,output,0.58,llama_context:        CPU  output buffer size =     0.58 MiB
specialized-narrow-current-api-20261003T084838Z-PLUGGED_AC-generic-r2,qwen2.5-coder-1.5b,specialized-narrow-screen,bench,api-20261003T084838Z-PLUGGED_AC,[],True,False,0,,,4,OpenCL,KV,7.0,llama_kv_cache:     OpenCL KV buffer size =     7.00 MiB
specialized-narrow-current-api-20261003T084838Z-PLUGGED_AC-generic-r2,qwen2.5-coder-1.5b,specialized-narrow-screen,bench,api-20261003T084838Z-PLUGGED_AC,[],True,False,0,,,5,OpenCL,compute,16.0,sched_reserve:     OpenCL compute buffer size =    16.00 MiB
specialized-narrow-current-api-20261003T084838Z-PLUGGED_AC-generic-r2,qwen2.5-coder-1.5b,specialized-narrow-screen,bench,api-20261003T084838Z-PLUGGED_AC,[],True,False,0,,,6,CPU,compute,75.69,sched_reserve:        CPU compute buffer size =    75.69 MiB
specialized-narrow-current-api-20261003T084838Z-PLUGGED_AC-generic-r2,qwen2.5-coder-1.5b,specialized-narrow-screen,bench,api-20261003T084838Z-PLUGGED_AC,[],True,False,0,,,7,CPU,output,0.58,llama_context:        CPU  output buffer size =     0.58 MiB
specialized-narrow-current-api-20261003T084838Z-PLUGGED_AC-generic-r2,qwen2.5-coder-1.5b,specialized-narrow-screen,bench,api-20261003T084838Z-PLUGGED_AC,[],True,False,0,,,8,OpenCL,KV,7.0,llama_kv_cache:     OpenCL KV buffer size =     7.00 MiB
specialized-narrow-current-api-20261003T084838Z-PLUGGED_AC-generic-r2,qwen2.5-coder-1.5b,specialized-narrow-screen,bench,api-20261003T084838Z-PLUGGED_AC,[],True,False,0,,,9,OpenCL,compute,4.0,sched_reserve:     OpenCL compute buffer size =     4.00 MiB
specialized-narrow-current-api-20261003T084838Z-PLUGGED_AC-generic-r2,qwen2.5-coder-1.5b,specialized-narrow-screen,bench,api-20261003T084838Z-PLUGGED_AC,[],True,False,0,,,10,CPU,compute,18.92,sched_reserve:        CPU compute buffer size =    18.92 MiB
specialized-narrow-current-api-20261003T084838Z-PLUGGED_AC-narrow-r0,qwen2.5-coder-1.5b,specialized-narrow-screen,bench,api-20261003T084838Z-PLUGGED_AC,[],True,False,0,,,0,CPU,model,125.19,load_tensors:          CPU model buffer size =   125.19 MiB
specialized-narrow-current-api-20261003T084838Z-PLUGGED_AC-narrow-r0,qwen2.5-coder-1.5b,specialized-narrow-screen,bench,api-20261003T084838Z-PLUGGED_AC,[],True,False,0,,,1,CPU_REPACK,model,195.74,load_tensors:   CPU_REPACK model buffer size =   195.74 MiB
specialized-narrow-current-api-20261003T084838Z-PLUGGED_AC-narrow-r0,qwen2.5-coder-1.5b,specialized-narrow-screen,bench,api-20261003T084838Z-PLUGGED_AC,[],True,False,0,,,2,OpenCL,model,739.03,load_tensors:       OpenCL model buffer size =   739.03 MiB
specialized-narrow-current-api-20261003T084838Z-PLUGGED_AC-narrow-r0,qwen2.5-coder-1.5b,specialized-narrow-screen,bench,api-20261003T084838Z-PLUGGED_AC,[],True,False,0,,,3,CPU,output,0.58,llama_context:        CPU  output buffer size =     0.58 MiB
specialized-narrow-current-api-20261003T084838Z-PLUGGED_AC-narrow-r0,qwen2.5-coder-1.5b,specialized-narrow-screen,bench,api-20261003T084838Z-PLUGGED_AC,[],True,False,0,,,4,OpenCL,KV,7.0,llama_kv_cache:     OpenCL KV buffer size =     7.00 MiB
specialized-narrow-current-api-20261003T084838Z-PLUGGED_AC-narrow-r0,qwen2.5-coder-1.5b,specialized-narrow-screen,bench,api-20261003T084838Z-PLUGGED_AC,[],True,False,0,,,5,OpenCL,compute,16.0,sched_reserve:     OpenCL compute buffer size =    16.00 MiB
specialized-narrow-current-api-20261003T084838Z-PLUGGED_AC-narrow-r0,qwen2.5-coder-1.5b,specialized-narrow-screen,bench,api-20261003T084838Z-PLUGGED_AC,[],True,False,0,,,6,CPU,compute,75.69,sched_reserve:        CPU compute buffer size =    75.69 MiB
specialized-narrow-current-api-20261003T084838Z-PLUGGED_AC-narrow-r0,qwen2.5-coder-1.5b,specialized-narrow-screen,bench,api-20261003T084838Z-PLUGGED_AC,[],True,False,0,,,7,CPU,output,0.58,llama_context:        CPU  output buffer size =     0.58 MiB
specialized-narrow-current-api-20261003T084838Z-PLUGGED_AC-narrow-r0,qwen2.5-coder-1.5b,specialized-narrow-screen,bench,api-20261003T084838Z-PLUGGED_AC,[],True,False,0,,,8,OpenCL,KV,7.0,llama_kv_cache:     OpenCL KV buffer size =     7.00 MiB
specialized-narrow-current-api-20261003T084838Z-PLUGGED_AC-narrow-r0,qwen2.5-coder-1.5b,specialized-narrow-screen,bench,api-20261003T084838Z-PLUGGED_AC,[],True,False,0,,,9,OpenCL,compute,4.0,sched_reserve:     OpenCL compute buffer size =     4.00 MiB
specialized-narrow-current-api-20261003T084838Z-PLUGGED_AC-narrow-r0,qwen2.5-coder-1.5b,specialized-narrow-screen,bench,api-20261003T084838Z-PLUGGED_AC,[],True,False,0,,,10,CPU,compute,18.92,sched_reserve:        CPU compute buffer size =    18.92 MiB
specialized-narrow-current-api-20261003T084838Z-PLUGGED_AC-narrow-r1,qwen2.5-coder-1.5b,specialized-narrow-screen,bench,api-20261003T084838Z-PLUGGED_AC,[],True,False,0,,,0,CPU,model,125.19,load_tensors:          CPU model buffer size =   125.19 MiB
specialized-narrow-current-api-20261003T084838Z-PLUGGED_AC-narrow-r1,qwen2.5-coder-1.5b,specialized-narrow-screen,bench,api-20261003T084838Z-PLUGGED_AC,[],True,False,0,,,1,CPU_REPACK,model,195.74,load_tensors:   CPU_REPACK model buffer size =   195.74 MiB
specialized-narrow-current-api-20261003T084838Z-PLUGGED_AC-narrow-r1,qwen2.5-coder-1.5b,specialized-narrow-screen,bench,api-20261003T084838Z-PLUGGED_AC,[],True,False,0,,,2,OpenCL,model,739.03,load_tensors:       OpenCL model buffer size =   739.03 MiB
specialized-narrow-current-api-20261003T084838Z-PLUGGED_AC-narrow-r1,qwen2.5-coder-1.5b,specialized-narrow-screen,bench,api-20261003T084838Z-PLUGGED_AC,[],True,False,0,,,3,CPU,output,0.58,llama_context:        CPU  output buffer size =     0.58 MiB
specialized-narrow-current-api-20261003T084838Z-PLUGGED_AC-narrow-r1,qwen2.5-coder-1.5b,specialized-narrow-screen,bench,api-20261003T084838Z-PLUGGED_AC,[],True,False,0,,,4,OpenCL,KV,7.0,llama_kv_cache:     OpenCL KV buffer size =     7.00 MiB
specialized-narrow-current-api-20261003T084838Z-PLUGGED_AC-narrow-r1,qwen2.5-coder-1.5b,specialized-narrow-screen,bench,api-20261003T084838Z-PLUGGED_AC,[],True,False,0,,,5,OpenCL,compute,16.0,sched_reserve:     OpenCL compute buffer size =    16.00 MiB
specialized-narrow-current-api-20261003T084838Z-PLUGGED_AC-narrow-r1,qwen2.5-coder-1.5b,specialized-narrow-screen,bench,api-20261003T084838Z-PLUGGED_AC,[],True,False,0,,,6,CPU,compute,75.69,sched_reserve:        CPU compute buffer size =    75.69 MiB
specialized-narrow-current-api-20261003T084838Z-PLUGGED_AC-narrow-r1,qwen2.5-coder-1.5b,specialized-narrow-screen,bench,api-20261003T084838Z-PLUGGED_AC,[],True,False,0,,,7,CPU,output,0.58,llama_context:        CPU  output buffer size =     0.58 MiB
specialized-narrow-current-api-20261003T084838Z-PLUGGED_AC-narrow-r1,qwen2.5-coder-1.5b,specialized-narrow-screen,bench,api-20261003T084838Z-PLUGGED_AC,[],True,False,0,,,8,OpenCL,KV,7.0,llama_kv_cache:     OpenCL KV buffer size =     7.00 MiB
specialized-narrow-current-api-20261003T084838Z-PLUGGED_AC-narrow-r1,qwen2.5-coder-1.5b,specialized-narrow-screen,bench,api-20261003T084838Z-PLUGGED_AC,[],True,False,0,,,9,OpenCL,compute,4.0,sched_reserve:     OpenCL compute buffer size =     4.00 MiB
specialized-narrow-current-api-20261003T084838Z-PLUGGED_AC-narrow-r1,qwen2.5-coder-1.5b,specialized-narrow-screen,bench,api-20261003T084838Z-PLUGGED_AC,[],True,False,0,,,10,CPU,compute,18.92,sched_reserve:        CPU compute buffer size =    18.92 MiB
specialized-narrow-current-api-20261003T084838Z-PLUGGED_AC-narrow-r2,qwen2.5-coder-1.5b,specialized-narrow-screen,bench,api-20261003T084838Z-PLUGGED_AC,[],True,False,0,,,0,CPU,model,125.19,load_tensors:          CPU model buffer size =   125.19 MiB
specialized-narrow-current-api-20261003T084838Z-PLUGGED_AC-narrow-r2,qwen2.5-coder-1.5b,specialized-narrow-screen,bench,api-20261003T084838Z-PLUGGED_AC,[],True,False,0,,,1,CPU_REPACK,model,195.74,load_tensors:   CPU_REPACK model buffer size =   195.74 MiB
specialized-narrow-current-api-20261003T084838Z-PLUGGED_AC-narrow-r2,qwen2.5-coder-1.5b,specialized-narrow-screen,bench,api-20261003T084838Z-PLUGGED_AC,[],True,False,0,,,2,OpenCL,model,739.03,load_tensors:       OpenCL model buffer size =   739.03 MiB
specialized-narrow-current-api-20261003T084838Z-PLUGGED_AC-narrow-r2,qwen2.5-coder-1.5b,specialized-narrow-screen,bench,api-20261003T084838Z-PLUGGED_AC,[],True,False,0,,,3,CPU,output,0.58,llama_context:        CPU  output buffer size =     0.58 MiB
specialized-narrow-current-api-20261003T084838Z-PLUGGED_AC-narrow-r2,qwen2.5-coder-1.5b,specialized-narrow-screen,bench,api-20261003T084838Z-PLUGGED_AC,[],True,False,0,,,4,OpenCL,KV,7.0,llama_kv_cache:     OpenCL KV buffer size =     7.00 MiB
specialized-narrow-current-api-20261003T084838Z-PLUGGED_AC-narrow-r2,qwen2.5-coder-1.5b,specialized-narrow-screen,bench,api-20261003T084838Z-PLUGGED_AC,[],True,False,0,,,5,OpenCL,compute,16.0,sched_reserve:     OpenCL compute buffer size =    16.00 MiB
specialized-narrow-current-api-20261003T084838Z-PLUGGED_AC-narrow-r2,qwen2.5-coder-1.5b,specialized-narrow-screen,bench,api-20261003T084838Z-PLUGGED_AC,[],True,False,0,,,6,CPU,compute,75.69,sched_reserve:        CPU compute buffer size =    75.69 MiB
specialized-narrow-current-api-20261003T084838Z-PLUGGED_AC-narrow-r2,qwen2.5-coder-1.5b,specialized-narrow-screen,bench,api-20261003T084838Z-PLUGGED_AC,[],True,False,0,,,7,CPU,output,0.58,llama_context:        CPU  output buffer size =     0.58 MiB
specialized-narrow-current-api-20261003T084838Z-PLUGGED_AC-narrow-r2,qwen2.5-coder-1.5b,specialized-narrow-screen,bench,api-20261003T084838Z-PLUGGED_AC,[],True,False,0,,,8,OpenCL,KV,7.0,llama_kv_cache:     OpenCL KV buffer size =     7.00 MiB
specialized-narrow-current-api-20261003T084838Z-PLUGGED_AC-narrow-r2,qwen2.5-coder-1.5b,specialized-narrow-screen,bench,api-20261003T084838Z-PLUGGED_AC,[],True,False,0,,,9,OpenCL,compute,4.0,sched_reserve:     OpenCL compute buffer size =     4.00 MiB
specialized-narrow-current-api-20261003T084838Z-PLUGGED_AC-narrow-r2,qwen2.5-coder-1.5b,specialized-narrow-screen,bench,api-20261003T084838Z-PLUGGED_AC,[],True,False,0,,,10,CPU,compute,18.92,sched_reserve:        CPU compute buffer size =    18.92 MiB
sustained-driver-gate-v1-cpu,qwen2.5-coder-1.5b,sustained-helper-gate,sustained,api-20261003T210139Z-UNPLUGGED,[],True,False,0,,128,0,CPU_Mapped,model,877.31,load_tensors:   CPU_Mapped model buffer size =   877.31 MiB
sustained-driver-gate-v1-cpu,qwen2.5-coder-1.5b,sustained-helper-gate,sustained,api-20261003T210139Z-UNPLUGGED,[],True,False,0,,128,1,CPU_REPACK,model,934.14,load_tensors:   CPU_REPACK model buffer size =   934.14 MiB
sustained-driver-gate-v1-cpu,qwen2.5-coder-1.5b,sustained-helper-gate,sustained,api-20261003T210139Z-UNPLUGGED,[],True,False,0,,128,2,CPU,output,0.58,llama_context:        CPU  output buffer size =     0.58 MiB
sustained-driver-gate-v1-cpu,qwen2.5-coder-1.5b,sustained-helper-gate,sustained,api-20261003T210139Z-UNPLUGGED,[],True,False,0,,128,3,CPU,KV,7.0,llama_kv_cache:        CPU KV buffer size =     7.00 MiB
sustained-driver-gate-v1-cpu,qwen2.5-coder-1.5b,sustained-helper-gate,sustained,api-20261003T210139Z-UNPLUGGED,[],True,False,0,,128,4,CPU,compute,18.92,sched_reserve:        CPU compute buffer size =    18.92 MiB
sustained-driver-gate-v1-gpu-adreno,qwen2.5-coder-1.5b,sustained-helper-gate,sustained,api-20261003T210139Z-UNPLUGGED,[],True,False,0,,128,0,CPU,model,125.19,load_tensors:          CPU model buffer size =   125.19 MiB
sustained-driver-gate-v1-gpu-adreno,qwen2.5-coder-1.5b,sustained-helper-gate,sustained,api-20261003T210139Z-UNPLUGGED,[],True,False,0,,128,1,CPU_REPACK,model,195.74,load_tensors:   CPU_REPACK model buffer size =   195.74 MiB
sustained-driver-gate-v1-gpu-adreno,qwen2.5-coder-1.5b,sustained-helper-gate,sustained,api-20261003T210139Z-UNPLUGGED,[],True,False,0,,128,2,OpenCL,model,739.03,load_tensors:       OpenCL model buffer size =   739.03 MiB
sustained-driver-gate-v1-gpu-adreno,qwen2.5-coder-1.5b,sustained-helper-gate,sustained,api-20261003T210139Z-UNPLUGGED,[],True,False,0,,128,3,CPU,output,0.58,llama_context:        CPU  output buffer size =     0.58 MiB
sustained-driver-gate-v1-gpu-adreno,qwen2.5-coder-1.5b,sustained-helper-gate,sustained,api-20261003T210139Z-UNPLUGGED,[],True,False,0,,128,4,OpenCL,KV,7.0,llama_kv_cache:     OpenCL KV buffer size =     7.00 MiB
sustained-driver-gate-v1-gpu-adreno,qwen2.5-coder-1.5b,sustained-helper-gate,sustained,api-20261003T210139Z-UNPLUGGED,[],True,False,0,,128,5,OpenCL,compute,4.0,sched_reserve:     OpenCL compute buffer size =     4.00 MiB
sustained-driver-gate-v1-gpu-adreno,qwen2.5-coder-1.5b,sustained-helper-gate,sustained,api-20261003T210139Z-UNPLUGGED,[],True,False,0,,128,6,CPU,compute,18.92,sched_reserve:        CPU compute buffer size =    18.92 MiB
sustained-driver-gate-v1-gpu-generic,qwen2.5-coder-1.5b,sustained-helper-gate,sustained,api-20261003T210139Z-UNPLUGGED,[],True,False,0,,128,0,CPU,model,125.19,load_tensors:          CPU model buffer size =   125.19 MiB
sustained-driver-gate-v1-gpu-generic,qwen2.5-coder-1.5b,sustained-helper-gate,sustained,api-20261003T210139Z-UNPLUGGED,[],True,False,0,,128,1,CPU_REPACK,model,195.74,load_tensors:   CPU_REPACK model buffer size =   195.74 MiB
sustained-driver-gate-v1-gpu-generic,qwen2.5-coder-1.5b,sustained-helper-gate,sustained,api-20261003T210139Z-UNPLUGGED,[],True,False,0,,128,2,OpenCL,model,739.03,load_tensors:       OpenCL model buffer size =   739.03 MiB
sustained-driver-gate-v1-gpu-generic,qwen2.5-coder-1.5b,sustained-helper-gate,sustained,api-20261003T210139Z-UNPLUGGED,[],True,False,0,,128,3,CPU,output,0.58,llama_context:        CPU  output buffer size =     0.58 MiB
sustained-driver-gate-v1-gpu-generic,qwen2.5-coder-1.5b,sustained-helper-gate,sustained,api-20261003T210139Z-UNPLUGGED,[],True,False,0,,128,4,OpenCL,KV,7.0,llama_kv_cache:     OpenCL KV buffer size =     7.00 MiB
sustained-driver-gate-v1-gpu-generic,qwen2.5-coder-1.5b,sustained-helper-gate,sustained,api-20261003T210139Z-UNPLUGGED,[],True,False,0,,128,5,OpenCL,compute,4.0,sched_reserve:     OpenCL compute buffer size =     4.00 MiB
sustained-driver-gate-v1-gpu-generic,qwen2.5-coder-1.5b,sustained-helper-gate,sustained,api-20261003T210139Z-UNPLUGGED,[],True,False,0,,128,6,CPU,compute,18.92,sched_reserve:        CPU compute buffer size =    18.92 MiB
sustained-driver-gate-v1-npu,qwen2.5-coder-1.5b,sustained-helper-gate,sustained,api-20261003T210139Z-UNPLUGGED,[],True,False,0,,128,0,CPU,model,125.19,load_tensors:          CPU model buffer size =   125.19 MiB
sustained-driver-gate-v1-npu,qwen2.5-coder-1.5b,sustained-helper-gate,sustained,api-20261003T210139Z-UNPLUGGED,[],True,False,0,,128,1,HTP0,model,1023.48,load_tensors:         HTP0 model buffer size =  1023.48 MiB
sustained-driver-gate-v1-npu,qwen2.5-coder-1.5b,sustained-helper-gate,sustained,api-20261003T210139Z-UNPLUGGED,[],True,False,0,,128,2,CPU,output,0.58,llama_context:        CPU  output buffer size =     0.58 MiB
sustained-driver-gate-v1-npu,qwen2.5-coder-1.5b,sustained-helper-gate,sustained,api-20261003T210139Z-UNPLUGGED,[],True,False,0,,128,3,HTP0,KV,7.0,llama_kv_cache:       HTP0 KV buffer size =     7.00 MiB
sustained-driver-gate-v1-npu,qwen2.5-coder-1.5b,sustained-helper-gate,sustained,api-20261003T210139Z-UNPLUGGED,[],True,False,0,,128,4,HTP0,compute,18.73,sched_reserve:       HTP0 compute buffer size =    18.73 MiB
sustained-driver-gate-v1-npu,qwen2.5-coder-1.5b,sustained-helper-gate,sustained,api-20261003T210139Z-UNPLUGGED,[],True,False,0,,128,5,CPU,compute,0.47,sched_reserve:        CPU compute buffer size =     0.47 MiB
sustained-fixed-context-15min-cold-r1-v1-cpu,qwen2.5-coder-1.5b,sustained-matched-cold,sustained,api-20261003T210139Z-UNPLUGGED,"[""CPU availability or Android cgroup changed during measurement"",""Benchmark process Android cgroup changed during measurement"",""Benchmark process lost required cores despite process-level affinity"",""Run failed, was aborted, or did not parse""]",False,False,-15,Android benchmark cgroup changed during measurement; invalid controlled comparison,1024,0,CPU_Mapped,model,877.31,load_tensors:   CPU_Mapped model buffer size =   877.31 MiB
sustained-fixed-context-15min-cold-r1-v1-cpu,qwen2.5-coder-1.5b,sustained-matched-cold,sustained,api-20261003T210139Z-UNPLUGGED,"[""CPU availability or Android cgroup changed during measurement"",""Benchmark process Android cgroup changed during measurement"",""Benchmark process lost required cores despite process-level affinity"",""Run failed, was aborted, or did not parse""]",False,False,-15,Android benchmark cgroup changed during measurement; invalid controlled comparison,1024,1,CPU_REPACK,model,934.14,load_tensors:   CPU_REPACK model buffer size =   934.14 MiB
sustained-fixed-context-15min-cold-r1-v1-cpu,qwen2.5-coder-1.5b,sustained-matched-cold,sustained,api-20261003T210139Z-UNPLUGGED,"[""CPU availability or Android cgroup changed during measurement"",""Benchmark process Android cgroup changed during measurement"",""Benchmark process lost required cores despite process-level affinity"",""Run failed, was aborted, or did not parse""]",False,False,-15,Android benchmark cgroup changed during measurement; invalid controlled comparison,1024,2,CPU,output,0.58,llama_context:        CPU  output buffer size =     0.58 MiB
sustained-fixed-context-15min-cold-r1-v1-cpu,qwen2.5-coder-1.5b,sustained-matched-cold,sustained,api-20261003T210139Z-UNPLUGGED,"[""CPU availability or Android cgroup changed during measurement"",""Benchmark process Android cgroup changed during measurement"",""Benchmark process lost required cores despite process-level affinity"",""Run failed, was aborted, or did not parse""]",False,False,-15,Android benchmark cgroup changed during measurement; invalid controlled comparison,1024,3,CPU,KV,28.0,llama_kv_cache:        CPU KV buffer size =    28.00 MiB
sustained-fixed-context-15min-cold-r1-v1-cpu,qwen2.5-coder-1.5b,sustained-matched-cold,sustained,api-20261003T210139Z-UNPLUGGED,"[""CPU availability or Android cgroup changed during measurement"",""Benchmark process Android cgroup changed during measurement"",""Benchmark process lost required cores despite process-level affinity"",""Run failed, was aborted, or did not parse""]",False,False,-15,Android benchmark cgroup changed during measurement; invalid controlled comparison,1024,4,CPU,compute,75.69,sched_reserve:        CPU compute buffer size =    75.69 MiB
sustained-fixed-context-15min-cold-r1-v1-npu,qwen2.5-coder-1.5b,sustained-matched-cold,sustained,api-20261003T210139Z-UNPLUGGED,"[""Run failed, was aborted, or did not parse""]",False,False,-15,Android public thermal status reached SEVERE; stop sustained load,1024,0,CPU,model,125.19,load_tensors:          CPU model buffer size =   125.19 MiB
sustained-fixed-context-15min-cold-r1-v1-npu,qwen2.5-coder-1.5b,sustained-matched-cold,sustained,api-20261003T210139Z-UNPLUGGED,"[""Run failed, was aborted, or did not parse""]",False,False,-15,Android public thermal status reached SEVERE; stop sustained load,1024,1,HTP0,model,1023.48,load_tensors:         HTP0 model buffer size =  1023.48 MiB
sustained-fixed-context-15min-cold-r1-v1-npu,qwen2.5-coder-1.5b,sustained-matched-cold,sustained,api-20261003T210139Z-UNPLUGGED,"[""Run failed, was aborted, or did not parse""]",False,False,-15,Android public thermal status reached SEVERE; stop sustained load,1024,2,CPU,output,0.58,llama_context:        CPU  output buffer size =     0.58 MiB
sustained-fixed-context-15min-cold-r1-v1-npu,qwen2.5-coder-1.5b,sustained-matched-cold,sustained,api-20261003T210139Z-UNPLUGGED,"[""Run failed, was aborted, or did not parse""]",False,False,-15,Android public thermal status reached SEVERE; stop sustained load,1024,3,HTP0,KV,28.0,llama_kv_cache:       HTP0 KV buffer size =    28.00 MiB
sustained-fixed-context-15min-cold-r1-v1-npu,qwen2.5-coder-1.5b,sustained-matched-cold,sustained,api-20261003T210139Z-UNPLUGGED,"[""Run failed, was aborted, or did not parse""]",False,False,-15,Android public thermal status reached SEVERE; stop sustained load,1024,4,HTP0,compute,74.94,sched_reserve:       HTP0 compute buffer size =    74.94 MiB
sustained-fixed-context-15min-cold-r1-v1-npu,qwen2.5-coder-1.5b,sustained-matched-cold,sustained,api-20261003T210139Z-UNPLUGGED,"[""Run failed, was aborted, or did not parse""]",False,False,-15,Android public thermal status reached SEVERE; stop sustained load,1024,5,CPU,compute,2.25,sched_reserve:        CPU compute buffer size =     2.25 MiB
sustained-fixed-context-15min-r0-v1-cpu,qwen2.5-coder-1.5b,sustained-fixed-context,sustained,api-20261003T210139Z-UNPLUGGED,"[""Run failed, was aborted, or did not parse""]",False,False,-15,Android public thermal status reached SEVERE; stop sustained load,1024,0,CPU_Mapped,model,877.31,load_tensors:   CPU_Mapped model buffer size =   877.31 MiB
sustained-fixed-context-15min-r0-v1-cpu,qwen2.5-coder-1.5b,sustained-fixed-context,sustained,api-20261003T210139Z-UNPLUGGED,"[""Run failed, was aborted, or did not parse""]",False,False,-15,Android public thermal status reached SEVERE; stop sustained load,1024,1,CPU_REPACK,model,934.14,load_tensors:   CPU_REPACK model buffer size =   934.14 MiB
sustained-fixed-context-15min-r0-v1-cpu,qwen2.5-coder-1.5b,sustained-fixed-context,sustained,api-20261003T210139Z-UNPLUGGED,"[""Run failed, was aborted, or did not parse""]",False,False,-15,Android public thermal status reached SEVERE; stop sustained load,1024,2,CPU,output,0.58,llama_context:        CPU  output buffer size =     0.58 MiB
sustained-fixed-context-15min-r0-v1-cpu,qwen2.5-coder-1.5b,sustained-fixed-context,sustained,api-20261003T210139Z-UNPLUGGED,"[""Run failed, was aborted, or did not parse""]",False,False,-15,Android public thermal status reached SEVERE; stop sustained load,1024,3,CPU,KV,28.0,llama_kv_cache:        CPU KV buffer size =    28.00 MiB
sustained-fixed-context-15min-r0-v1-cpu,qwen2.5-coder-1.5b,sustained-fixed-context,sustained,api-20261003T210139Z-UNPLUGGED,"[""Run failed, was aborted, or did not parse""]",False,False,-15,Android public thermal status reached SEVERE; stop sustained load,1024,4,CPU,compute,75.69,sched_reserve:        CPU compute buffer size =    75.69 MiB
sustained-fixed-context-15min-r0-v1-npu,qwen2.5-coder-1.5b,sustained-fixed-context,sustained,api-20261003T210139Z-UNPLUGGED,"[""Run failed, was aborted, or did not parse""]",False,False,-15,Android public thermal status reached SEVERE; stop sustained load,1024,0,CPU,model,125.19,load_tensors:          CPU model buffer size =   125.19 MiB
sustained-fixed-context-15min-r0-v1-npu,qwen2.5-coder-1.5b,sustained-fixed-context,sustained,api-20261003T210139Z-UNPLUGGED,"[""Run failed, was aborted, or did not parse""]",False,False,-15,Android public thermal status reached SEVERE; stop sustained load,1024,1,HTP0,model,1023.48,load_tensors:         HTP0 model buffer size =  1023.48 MiB
sustained-fixed-context-15min-r0-v1-npu,qwen2.5-coder-1.5b,sustained-fixed-context,sustained,api-20261003T210139Z-UNPLUGGED,"[""Run failed, was aborted, or did not parse""]",False,False,-15,Android public thermal status reached SEVERE; stop sustained load,1024,2,CPU,output,0.58,llama_context:        CPU  output buffer size =     0.58 MiB
sustained-fixed-context-15min-r0-v1-npu,qwen2.5-coder-1.5b,sustained-fixed-context,sustained,api-20261003T210139Z-UNPLUGGED,"[""Run failed, was aborted, or did not parse""]",False,False,-15,Android public thermal status reached SEVERE; stop sustained load,1024,3,HTP0,KV,28.0,llama_kv_cache:       HTP0 KV buffer size =    28.00 MiB
sustained-fixed-context-15min-r0-v1-npu,qwen2.5-coder-1.5b,sustained-fixed-context,sustained,api-20261003T210139Z-UNPLUGGED,"[""Run failed, was aborted, or did not parse""]",False,False,-15,Android public thermal status reached SEVERE; stop sustained load,1024,4,HTP0,compute,74.94,sched_reserve:       HTP0 compute buffer size =    74.94 MiB
sustained-fixed-context-15min-r0-v1-npu,qwen2.5-coder-1.5b,sustained-fixed-context,sustained,api-20261003T210139Z-UNPLUGGED,"[""Run failed, was aborted, or did not parse""]",False,False,-15,Android public thermal status reached SEVERE; stop sustained load,1024,5,CPU,compute,2.25,sched_reserve:        CPU compute buffer size =     2.25 MiB
threads-mistral-7b-uncensored-t1,mistral-7b-uncensored,threads,bench,,[],True,False,0,,,0,CPU_Mapped,model,4165.37,load_tensors:   CPU_Mapped model buffer size =  4165.37 MiB
threads-mistral-7b-uncensored-t1,mistral-7b-uncensored,threads,bench,,[],True,False,0,,,1,CPU_REPACK,model,4094.04,load_tensors:   CPU_REPACK model buffer size =  4094.04 MiB
threads-mistral-7b-uncensored-t1,mistral-7b-uncensored,threads,bench,,[],True,False,0,,,2,CPU,output,0.12,llama_context:        CPU  output buffer size =     0.12 MiB
threads-mistral-7b-uncensored-t1,mistral-7b-uncensored,threads,bench,,[],True,False,0,,,3,CPU,KV,32.0,llama_kv_cache:        CPU KV buffer size =    32.00 MiB
threads-mistral-7b-uncensored-t1,mistral-7b-uncensored,threads,bench,,[],True,False,0,,,4,CPU,compute,30.13,sched_reserve:        CPU compute buffer size =    30.13 MiB
threads-mistral-7b-uncensored-t1,mistral-7b-uncensored,threads,bench,,[],True,False,0,,,5,CPU,output,0.12,llama_context:        CPU  output buffer size =     0.12 MiB
threads-mistral-7b-uncensored-t1,mistral-7b-uncensored,threads,bench,,[],True,False,0,,,6,CPU,KV,32.0,llama_kv_cache:        CPU KV buffer size =    32.00 MiB
threads-mistral-7b-uncensored-t1,mistral-7b-uncensored,threads,bench,,[],True,False,0,,,7,CPU,compute,7.53,sched_reserve:        CPU compute buffer size =     7.53 MiB
threads-mistral-7b-uncensored-t2,mistral-7b-uncensored,threads,bench,,[],True,False,0,,,0,CPU_Mapped,model,4165.37,load_tensors:   CPU_Mapped model buffer size =  4165.37 MiB
threads-mistral-7b-uncensored-t2,mistral-7b-uncensored,threads,bench,,[],True,False,0,,,1,CPU_REPACK,model,4094.04,load_tensors:   CPU_REPACK model buffer size =  4094.04 MiB
threads-mistral-7b-uncensored-t2,mistral-7b-uncensored,threads,bench,,[],True,False,0,,,2,CPU,output,0.12,llama_context:        CPU  output buffer size =     0.12 MiB
threads-mistral-7b-uncensored-t2,mistral-7b-uncensored,threads,bench,,[],True,False,0,,,3,CPU,KV,32.0,llama_kv_cache:        CPU KV buffer size =    32.00 MiB
threads-mistral-7b-uncensored-t2,mistral-7b-uncensored,threads,bench,,[],True,False,0,,,4,CPU,compute,30.13,sched_reserve:        CPU compute buffer size =    30.13 MiB
threads-mistral-7b-uncensored-t2,mistral-7b-uncensored,threads,bench,,[],True,False,0,,,5,CPU,output,0.12,llama_context:        CPU  output buffer size =     0.12 MiB
threads-mistral-7b-uncensored-t2,mistral-7b-uncensored,threads,bench,,[],True,False,0,,,6,CPU,KV,32.0,llama_kv_cache:        CPU KV buffer size =    32.00 MiB
threads-mistral-7b-uncensored-t2,mistral-7b-uncensored,threads,bench,,[],True,False,0,,,7,CPU,compute,7.53,sched_reserve:        CPU compute buffer size =     7.53 MiB
threads-mistral-7b-uncensored-t3,mistral-7b-uncensored,threads,bench,,[],True,False,0,,,0,CPU_Mapped,model,4165.37,load_tensors:   CPU_Mapped model buffer size =  4165.37 MiB
threads-mistral-7b-uncensored-t3,mistral-7b-uncensored,threads,bench,,[],True,False,0,,,1,CPU_REPACK,model,4094.04,load_tensors:   CPU_REPACK model buffer size =  4094.04 MiB
threads-mistral-7b-uncensored-t3,mistral-7b-uncensored,threads,bench,,[],True,False,0,,,2,CPU,output,0.12,llama_context:        CPU  output buffer size =     0.12 MiB
threads-mistral-7b-uncensored-t3,mistral-7b-uncensored,threads,bench,,[],True,False,0,,,3,CPU,KV,32.0,llama_kv_cache:        CPU KV buffer size =    32.00 MiB
threads-mistral-7b-uncensored-t3,mistral-7b-uncensored,threads,bench,,[],True,False,0,,,4,CPU,compute,30.13,sched_reserve:        CPU compute buffer size =    30.13 MiB
threads-mistral-7b-uncensored-t3,mistral-7b-uncensored,threads,bench,,[],True,False,0,,,5,CPU,output,0.12,llama_context:        CPU  output buffer size =     0.12 MiB
threads-mistral-7b-uncensored-t3,mistral-7b-uncensored,threads,bench,,[],True,False,0,,,6,CPU,KV,32.0,llama_kv_cache:        CPU KV buffer size =    32.00 MiB
threads-mistral-7b-uncensored-t3,mistral-7b-uncensored,threads,bench,,[],True,False,0,,,7,CPU,compute,7.53,sched_reserve:        CPU compute buffer size =     7.53 MiB
threads-mistral-7b-uncensored-t6,mistral-7b-uncensored,threads,bench,,[],True,False,0,,,0,CPU_Mapped,model,4165.37,load_tensors:   CPU_Mapped model buffer size =  4165.37 MiB
threads-mistral-7b-uncensored-t6,mistral-7b-uncensored,threads,bench,,[],True,False,0,,,1,CPU_REPACK,model,4094.04,load_tensors:   CPU_REPACK model buffer size =  4094.04 MiB
threads-mistral-7b-uncensored-t6,mistral-7b-uncensored,threads,bench,,[],True,False,0,,,2,CPU,output,0.12,llama_context:        CPU  output buffer size =     0.12 MiB
threads-mistral-7b-uncensored-t6,mistral-7b-uncensored,threads,bench,,[],True,False,0,,,3,CPU,KV,32.0,llama_kv_cache:        CPU KV buffer size =    32.00 MiB
threads-mistral-7b-uncensored-t6,mistral-7b-uncensored,threads,bench,,[],True,False,0,,,4,CPU,compute,30.13,sched_reserve:        CPU compute buffer size =    30.13 MiB
threads-mistral-7b-uncensored-t6,mistral-7b-uncensored,threads,bench,,[],True,False,0,,,5,CPU,output,0.12,llama_context:        CPU  output buffer size =     0.12 MiB
threads-mistral-7b-uncensored-t6,mistral-7b-uncensored,threads,bench,,[],True,False,0,,,6,CPU,KV,32.0,llama_kv_cache:        CPU KV buffer size =    32.00 MiB
threads-mistral-7b-uncensored-t6,mistral-7b-uncensored,threads,bench,,[],True,False,0,,,7,CPU,compute,7.53,sched_reserve:        CPU compute buffer size =     7.53 MiB
threads-qwen2.5-coder-1.5b-t1,qwen2.5-coder-1.5b,threads,bench,,[],True,False,0,,,0,CPU_Mapped,model,877.31,load_tensors:   CPU_Mapped model buffer size =   877.31 MiB
threads-qwen2.5-coder-1.5b-t1,qwen2.5-coder-1.5b,threads,bench,,[],True,False,0,,,1,CPU_REPACK,model,934.14,load_tensors:   CPU_REPACK model buffer size =   934.14 MiB
threads-qwen2.5-coder-1.5b-t1,qwen2.5-coder-1.5b,threads,bench,,[],True,False,0,,,2,CPU,output,0.58,llama_context:        CPU  output buffer size =     0.58 MiB
threads-qwen2.5-coder-1.5b-t1,qwen2.5-coder-1.5b,threads,bench,,[],True,False,0,,,3,CPU,KV,7.0,llama_kv_cache:        CPU KV buffer size =     7.00 MiB
threads-qwen2.5-coder-1.5b-t1,qwen2.5-coder-1.5b,threads,bench,,[],True,False,0,,,4,CPU,compute,75.69,sched_reserve:        CPU compute buffer size =    75.69 MiB
threads-qwen2.5-coder-1.5b-t1,qwen2.5-coder-1.5b,threads,bench,,[],True,False,0,,,5,CPU,output,0.58,llama_context:        CPU  output buffer size =     0.58 MiB
threads-qwen2.5-coder-1.5b-t1,qwen2.5-coder-1.5b,threads,bench,,[],True,False,0,,,6,CPU,KV,7.0,llama_kv_cache:        CPU KV buffer size =     7.00 MiB
threads-qwen2.5-coder-1.5b-t1,qwen2.5-coder-1.5b,threads,bench,,[],True,False,0,,,7,CPU,compute,18.92,sched_reserve:        CPU compute buffer size =    18.92 MiB
threads-qwen2.5-coder-1.5b-t2,qwen2.5-coder-1.5b,threads,bench,,[],True,False,0,,,0,CPU_Mapped,model,877.31,load_tensors:   CPU_Mapped model buffer size =   877.31 MiB
threads-qwen2.5-coder-1.5b-t2,qwen2.5-coder-1.5b,threads,bench,,[],True,False,0,,,1,CPU_REPACK,model,934.14,load_tensors:   CPU_REPACK model buffer size =   934.14 MiB
threads-qwen2.5-coder-1.5b-t2,qwen2.5-coder-1.5b,threads,bench,,[],True,False,0,,,2,CPU,output,0.58,llama_context:        CPU  output buffer size =     0.58 MiB
threads-qwen2.5-coder-1.5b-t2,qwen2.5-coder-1.5b,threads,bench,,[],True,False,0,,,3,CPU,KV,7.0,llama_kv_cache:        CPU KV buffer size =     7.00 MiB
threads-qwen2.5-coder-1.5b-t2,qwen2.5-coder-1.5b,threads,bench,,[],True,False,0,,,4,CPU,compute,75.69,sched_reserve:        CPU compute buffer size =    75.69 MiB
threads-qwen2.5-coder-1.5b-t2,qwen2.5-coder-1.5b,threads,bench,,[],True,False,0,,,5,CPU,output,0.58,llama_context:        CPU  output buffer size =     0.58 MiB
threads-qwen2.5-coder-1.5b-t2,qwen2.5-coder-1.5b,threads,bench,,[],True,False,0,,,6,CPU,KV,7.0,llama_kv_cache:        CPU KV buffer size =     7.00 MiB
threads-qwen2.5-coder-1.5b-t2,qwen2.5-coder-1.5b,threads,bench,,[],True,False,0,,,7,CPU,compute,18.92,sched_reserve:        CPU compute buffer size =    18.92 MiB
threads-qwen2.5-coder-1.5b-t3,qwen2.5-coder-1.5b,threads,bench,,[],True,False,0,,,0,CPU_Mapped,model,877.31,load_tensors:   CPU_Mapped model buffer size =   877.31 MiB
threads-qwen2.5-coder-1.5b-t3,qwen2.5-coder-1.5b,threads,bench,,[],True,False,0,,,1,CPU_REPACK,model,934.14,load_tensors:   CPU_REPACK model buffer size =   934.14 MiB
threads-qwen2.5-coder-1.5b-t3,qwen2.5-coder-1.5b,threads,bench,,[],True,False,0,,,2,CPU,output,0.58,llama_context:        CPU  output buffer size =     0.58 MiB
threads-qwen2.5-coder-1.5b-t3,qwen2.5-coder-1.5b,threads,bench,,[],True,False,0,,,3,CPU,KV,7.0,llama_kv_cache:        CPU KV buffer size =     7.00 MiB
threads-qwen2.5-coder-1.5b-t3,qwen2.5-coder-1.5b,threads,bench,,[],True,False,0,,,4,CPU,compute,75.69,sched_reserve:        CPU compute buffer size =    75.69 MiB
threads-qwen2.5-coder-1.5b-t3,qwen2.5-coder-1.5b,threads,bench,,[],True,False,0,,,5,CPU,output,0.58,llama_context:        CPU  output buffer size =     0.58 MiB
threads-qwen2.5-coder-1.5b-t3,qwen2.5-coder-1.5b,threads,bench,,[],True,False,0,,,6,CPU,KV,7.0,llama_kv_cache:        CPU KV buffer size =     7.00 MiB
threads-qwen2.5-coder-1.5b-t3,qwen2.5-coder-1.5b,threads,bench,,[],True,False,0,,,7,CPU,compute,18.92,sched_reserve:        CPU compute buffer size =    18.92 MiB
threads-qwen2.5-coder-1.5b-t5,qwen2.5-coder-1.5b,threads,bench,,[],True,False,0,,,0,CPU_Mapped,model,877.31,load_tensors:   CPU_Mapped model buffer size =   877.31 MiB
threads-qwen2.5-coder-1.5b-t5,qwen2.5-coder-1.5b,threads,bench,,[],True,False,0,,,1,CPU_REPACK,model,934.14,load_tensors:   CPU_REPACK model buffer size =   934.14 MiB
threads-qwen2.5-coder-1.5b-t5,qwen2.5-coder-1.5b,threads,bench,,[],True,False,0,,,2,CPU,output,0.58,llama_context:        CPU  output buffer size =     0.58 MiB
threads-qwen2.5-coder-1.5b-t5,qwen2.5-coder-1.5b,threads,bench,,[],True,False,0,,,3,CPU,KV,7.0,llama_kv_cache:        CPU KV buffer size =     7.00 MiB
threads-qwen2.5-coder-1.5b-t5,qwen2.5-coder-1.5b,threads,bench,,[],True,False,0,,,4,CPU,compute,75.69,sched_reserve:        CPU compute buffer size =    75.69 MiB
threads-qwen2.5-coder-1.5b-t5,qwen2.5-coder-1.5b,threads,bench,,[],True,False,0,,,5,CPU,output,0.58,llama_context:        CPU  output buffer size =     0.58 MiB
threads-qwen2.5-coder-1.5b-t5,qwen2.5-coder-1.5b,threads,bench,,[],True,False,0,,,6,CPU,KV,7.0,llama_kv_cache:        CPU KV buffer size =     7.00 MiB
threads-qwen2.5-coder-1.5b-t5,qwen2.5-coder-1.5b,threads,bench,,[],True,False,0,,,7,CPU,compute,18.92,sched_reserve:        CPU compute buffer size =    18.92 MiB
threads-qwen2.5-coder-1.5b-t6,qwen2.5-coder-1.5b,threads,bench,,[],True,False,0,,,0,CPU_Mapped,model,877.31,load_tensors:   CPU_Mapped model buffer size =   877.31 MiB
threads-qwen2.5-coder-1.5b-t6,qwen2.5-coder-1.5b,threads,bench,,[],True,False,0,,,1,CPU_REPACK,model,934.14,load_tensors:   CPU_REPACK model buffer size =   934.14 MiB
threads-qwen2.5-coder-1.5b-t6,qwen2.5-coder-1.5b,threads,bench,,[],True,False,0,,,2,CPU,output,0.58,llama_context:        CPU  output buffer size =     0.58 MiB
threads-qwen2.5-coder-1.5b-t6,qwen2.5-coder-1.5b,threads,bench,,[],True,False,0,,,3,CPU,KV,7.0,llama_kv_cache:        CPU KV buffer size =     7.00 MiB
threads-qwen2.5-coder-1.5b-t6,qwen2.5-coder-1.5b,threads,bench,,[],True,False,0,,,4,CPU,compute,75.69,sched_reserve:        CPU compute buffer size =    75.69 MiB
threads-qwen2.5-coder-1.5b-t6,qwen2.5-coder-1.5b,threads,bench,,[],True,False,0,,,5,CPU,output,0.58,llama_context:        CPU  output buffer size =     0.58 MiB
threads-qwen2.5-coder-1.5b-t6,qwen2.5-coder-1.5b,threads,bench,,[],True,False,0,,,6,CPU,KV,7.0,llama_kv_cache:        CPU KV buffer size =     7.00 MiB
threads-qwen2.5-coder-1.5b-t6,qwen2.5-coder-1.5b,threads,bench,,[],True,False,0,,,7,CPU,compute,18.92,sched_reserve:        CPU compute buffer size =    18.92 MiB
threads-qwen2.5-coder-1.5b-t8,qwen2.5-coder-1.5b,threads,bench,,[],True,False,0,,,0,CPU_Mapped,model,877.31,load_tensors:   CPU_Mapped model buffer size =   877.31 MiB
threads-qwen2.5-coder-1.5b-t8,qwen2.5-coder-1.5b,threads,bench,,[],True,False,0,,,1,CPU_REPACK,model,934.14,load_tensors:   CPU_REPACK model buffer size =   934.14 MiB
threads-qwen2.5-coder-1.5b-t8,qwen2.5-coder-1.5b,threads,bench,,[],True,False,0,,,2,CPU,output,0.58,llama_context:        CPU  output buffer size =     0.58 MiB
threads-qwen2.5-coder-1.5b-t8,qwen2.5-coder-1.5b,threads,bench,,[],True,False,0,,,3,CPU,KV,7.0,llama_kv_cache:        CPU KV buffer size =     7.00 MiB
threads-qwen2.5-coder-1.5b-t8,qwen2.5-coder-1.5b,threads,bench,,[],True,False,0,,,4,CPU,compute,75.69,sched_reserve:        CPU compute buffer size =    75.69 MiB
threads-qwen2.5-coder-1.5b-t8,qwen2.5-coder-1.5b,threads,bench,,[],True,False,0,,,5,CPU,output,0.58,llama_context:        CPU  output buffer size =     0.58 MiB
threads-qwen2.5-coder-1.5b-t8,qwen2.5-coder-1.5b,threads,bench,,[],True,False,0,,,6,CPU,KV,7.0,llama_kv_cache:        CPU KV buffer size =     7.00 MiB
threads-qwen2.5-coder-1.5b-t8,qwen2.5-coder-1.5b,threads,bench,,[],True,False,0,,,7,CPU,compute,18.92,sched_reserve:        CPU compute buffer size =    18.92 MiB
threads-qwen2.5-coder-7b-t1,qwen2.5-coder-7b,threads,bench,,[],True,False,0,,,0,CPU_Mapped,model,4460.45,load_tensors:   CPU_Mapped model buffer size =  4460.45 MiB
threads-qwen2.5-coder-7b-t1,qwen2.5-coder-7b,threads,bench,,[],True,False,0,,,1,CPU_REPACK,model,4166.82,load_tensors:   CPU_REPACK model buffer size =  4166.82 MiB
threads-qwen2.5-coder-7b-t1,qwen2.5-coder-7b,threads,bench,,[],True,False,0,,,2,CPU,output,0.58,llama_context:        CPU  output buffer size =     0.58 MiB
threads-qwen2.5-coder-7b-t1,qwen2.5-coder-7b,threads,bench,,[],True,False,0,,,3,CPU,KV,14.0,llama_kv_cache:        CPU KV buffer size =    14.00 MiB
threads-qwen2.5-coder-7b-t1,qwen2.5-coder-7b,threads,bench,,[],True,False,0,,,4,CPU,compute,77.75,sched_reserve:        CPU compute buffer size =    77.75 MiB
threads-qwen2.5-coder-7b-t1,qwen2.5-coder-7b,threads,bench,,[],True,False,0,,,5,CPU,output,0.58,llama_context:        CPU  output buffer size =     0.58 MiB
threads-qwen2.5-coder-7b-t1,qwen2.5-coder-7b,threads,bench,,[],True,False,0,,,6,CPU,KV,14.0,llama_kv_cache:        CPU KV buffer size =    14.00 MiB
threads-qwen2.5-coder-7b-t1,qwen2.5-coder-7b,threads,bench,,[],True,False,0,,,7,CPU,compute,19.44,sched_reserve:        CPU compute buffer size =    19.44 MiB
threads-qwen2.5-coder-7b-t2,qwen2.5-coder-7b,threads,bench,,[],True,False,0,,,0,CPU_Mapped,model,4460.45,load_tensors:   CPU_Mapped model buffer size =  4460.45 MiB
threads-qwen2.5-coder-7b-t2,qwen2.5-coder-7b,threads,bench,,[],True,False,0,,,1,CPU_REPACK,model,4166.82,load_tensors:   CPU_REPACK model buffer size =  4166.82 MiB
threads-qwen2.5-coder-7b-t2,qwen2.5-coder-7b,threads,bench,,[],True,False,0,,,2,CPU,output,0.58,llama_context:        CPU  output buffer size =     0.58 MiB
threads-qwen2.5-coder-7b-t2,qwen2.5-coder-7b,threads,bench,,[],True,False,0,,,3,CPU,KV,14.0,llama_kv_cache:        CPU KV buffer size =    14.00 MiB
threads-qwen2.5-coder-7b-t2,qwen2.5-coder-7b,threads,bench,,[],True,False,0,,,4,CPU,compute,77.75,sched_reserve:        CPU compute buffer size =    77.75 MiB
threads-qwen2.5-coder-7b-t2,qwen2.5-coder-7b,threads,bench,,[],True,False,0,,,5,CPU,output,0.58,llama_context:        CPU  output buffer size =     0.58 MiB
threads-qwen2.5-coder-7b-t2,qwen2.5-coder-7b,threads,bench,,[],True,False,0,,,6,CPU,KV,14.0,llama_kv_cache:        CPU KV buffer size =    14.00 MiB
threads-qwen2.5-coder-7b-t2,qwen2.5-coder-7b,threads,bench,,[],True,False,0,,,7,CPU,compute,19.44,sched_reserve:        CPU compute buffer size =    19.44 MiB
threads-qwen2.5-coder-7b-t3,qwen2.5-coder-7b,threads,bench,,[],True,False,0,,,0,CPU_Mapped,model,4460.45,load_tensors:   CPU_Mapped model buffer size =  4460.45 MiB
threads-qwen2.5-coder-7b-t3,qwen2.5-coder-7b,threads,bench,,[],True,False,0,,,1,CPU_REPACK,model,4166.82,load_tensors:   CPU_REPACK model buffer size =  4166.82 MiB
threads-qwen2.5-coder-7b-t3,qwen2.5-coder-7b,threads,bench,,[],True,False,0,,,2,CPU,output,0.58,llama_context:        CPU  output buffer size =     0.58 MiB
threads-qwen2.5-coder-7b-t3,qwen2.5-coder-7b,threads,bench,,[],True,False,0,,,3,CPU,KV,14.0,llama_kv_cache:        CPU KV buffer size =    14.00 MiB
threads-qwen2.5-coder-7b-t3,qwen2.5-coder-7b,threads,bench,,[],True,False,0,,,4,CPU,compute,77.75,sched_reserve:        CPU compute buffer size =    77.75 MiB
threads-qwen2.5-coder-7b-t3,qwen2.5-coder-7b,threads,bench,,[],True,False,0,,,5,CPU,output,0.58,llama_context:        CPU  output buffer size =     0.58 MiB
threads-qwen2.5-coder-7b-t3,qwen2.5-coder-7b,threads,bench,,[],True,False,0,,,6,CPU,KV,14.0,llama_kv_cache:        CPU KV buffer size =    14.00 MiB
threads-qwen2.5-coder-7b-t3,qwen2.5-coder-7b,threads,bench,,[],True,False,0,,,7,CPU,compute,19.44,sched_reserve:        CPU compute buffer size =    19.44 MiB
threads-qwen2.5-coder-7b-t5,qwen2.5-coder-7b,threads,bench,,[],True,False,0,,,0,CPU_Mapped,model,4460.45,load_tensors:   CPU_Mapped model buffer size =  4460.45 MiB
threads-qwen2.5-coder-7b-t5,qwen2.5-coder-7b,threads,bench,,[],True,False,0,,,1,CPU_REPACK,model,4166.82,load_tensors:   CPU_REPACK model buffer size =  4166.82 MiB
threads-qwen2.5-coder-7b-t5,qwen2.5-coder-7b,threads,bench,,[],True,False,0,,,2,CPU,output,0.58,llama_context:        CPU  output buffer size =     0.58 MiB
threads-qwen2.5-coder-7b-t5,qwen2.5-coder-7b,threads,bench,,[],True,False,0,,,3,CPU,KV,14.0,llama_kv_cache:        CPU KV buffer size =    14.00 MiB
threads-qwen2.5-coder-7b-t5,qwen2.5-coder-7b,threads,bench,,[],True,False,0,,,4,CPU,compute,77.75,sched_reserve:        CPU compute buffer size =    77.75 MiB
threads-qwen2.5-coder-7b-t5,qwen2.5-coder-7b,threads,bench,,[],True,False,0,,,5,CPU,output,0.58,llama_context:        CPU  output buffer size =     0.58 MiB
threads-qwen2.5-coder-7b-t5,qwen2.5-coder-7b,threads,bench,,[],True,False,0,,,6,CPU,KV,14.0,llama_kv_cache:        CPU KV buffer size =    14.00 MiB
threads-qwen2.5-coder-7b-t5,qwen2.5-coder-7b,threads,bench,,[],True,False,0,,,7,CPU,compute,19.44,sched_reserve:        CPU compute buffer size =    19.44 MiB
threads-qwen2.5-coder-7b-t6,qwen2.5-coder-7b,threads,bench,,[],True,False,0,,,0,CPU_Mapped,model,4460.45,load_tensors:   CPU_Mapped model buffer size =  4460.45 MiB
threads-qwen2.5-coder-7b-t6,qwen2.5-coder-7b,threads,bench,,[],True,False,0,,,1,CPU_REPACK,model,4166.82,load_tensors:   CPU_REPACK model buffer size =  4166.82 MiB
threads-qwen2.5-coder-7b-t6,qwen2.5-coder-7b,threads,bench,,[],True,False,0,,,2,CPU,output,0.58,llama_context:        CPU  output buffer size =     0.58 MiB
threads-qwen2.5-coder-7b-t6,qwen2.5-coder-7b,threads,bench,,[],True,False,0,,,3,CPU,KV,14.0,llama_kv_cache:        CPU KV buffer size =    14.00 MiB
threads-qwen2.5-coder-7b-t6,qwen2.5-coder-7b,threads,bench,,[],True,False,0,,,4,CPU,compute,77.75,sched_reserve:        CPU compute buffer size =    77.75 MiB
threads-qwen2.5-coder-7b-t6,qwen2.5-coder-7b,threads,bench,,[],True,False,0,,,5,CPU,output,0.58,llama_context:        CPU  output buffer size =     0.58 MiB
threads-qwen2.5-coder-7b-t6,qwen2.5-coder-7b,threads,bench,,[],True,False,0,,,6,CPU,KV,14.0,llama_kv_cache:        CPU KV buffer size =    14.00 MiB
threads-qwen2.5-coder-7b-t6,qwen2.5-coder-7b,threads,bench,,[],True,False,0,,,7,CPU,compute,19.44,sched_reserve:        CPU compute buffer size =    19.44 MiB
threads-qwen2.5-coder-7b-t8,qwen2.5-coder-7b,threads,bench,,[],True,False,0,,,0,CPU_Mapped,model,4460.45,load_tensors:   CPU_Mapped model buffer size =  4460.45 MiB
threads-qwen2.5-coder-7b-t8,qwen2.5-coder-7b,threads,bench,,[],True,False,0,,,1,CPU_REPACK,model,4166.82,load_tensors:   CPU_REPACK model buffer size =  4166.82 MiB
threads-qwen2.5-coder-7b-t8,qwen2.5-coder-7b,threads,bench,,[],True,False,0,,,2,CPU,output,0.58,llama_context:        CPU  output buffer size =     0.58 MiB
threads-qwen2.5-coder-7b-t8,qwen2.5-coder-7b,threads,bench,,[],True,False,0,,,3,CPU,KV,14.0,llama_kv_cache:        CPU KV buffer size =    14.00 MiB
threads-qwen2.5-coder-7b-t8,qwen2.5-coder-7b,threads,bench,,[],True,False,0,,,4,CPU,compute,77.75,sched_reserve:        CPU compute buffer size =    77.75 MiB
threads-qwen2.5-coder-7b-t8,qwen2.5-coder-7b,threads,bench,,[],True,False,0,,,5,CPU,output,0.58,llama_context:        CPU  output buffer size =     0.58 MiB
threads-qwen2.5-coder-7b-t8,qwen2.5-coder-7b,threads,bench,,[],True,False,0,,,6,CPU,KV,14.0,llama_kv_cache:        CPU KV buffer size =    14.00 MiB
threads-qwen2.5-coder-7b-t8,qwen2.5-coder-7b,threads,bench,,[],True,False,0,,,7,CPU,compute,19.44,sched_reserve:        CPU compute buffer size =    19.44 MiB
threads-qwen3-4b-instruct-t1,qwen3-4b-instruct,threads,bench,,[],True,False,0,,,0,CPU_Mapped,model,2362.55,load_tensors:   CPU_Mapped model buffer size =  2362.55 MiB
threads-qwen3-4b-instruct-t1,qwen3-4b-instruct,threads,bench,,[],True,False,0,,,1,CPU_REPACK,model,2375.16,load_tensors:   CPU_REPACK model buffer size =  2375.16 MiB
threads-qwen3-4b-instruct-t1,qwen3-4b-instruct,threads,bench,,[],True,False,0,,,2,CPU,output,0.58,llama_context:        CPU  output buffer size =     0.58 MiB
threads-qwen3-4b-instruct-t1,qwen3-4b-instruct,threads,bench,,[],True,False,0,,,3,CPU,KV,36.0,llama_kv_cache:        CPU KV buffer size =    36.00 MiB
threads-qwen3-4b-instruct-t1,qwen3-4b-instruct,threads,bench,,[],True,False,0,,,4,CPU,compute,76.69,sched_reserve:        CPU compute buffer size =    76.69 MiB
threads-qwen3-4b-instruct-t1,qwen3-4b-instruct,threads,bench,,[],True,False,0,,,5,CPU,output,0.58,llama_context:        CPU  output buffer size =     0.58 MiB
threads-qwen3-4b-instruct-t1,qwen3-4b-instruct,threads,bench,,[],True,False,0,,,6,CPU,KV,36.0,llama_kv_cache:        CPU KV buffer size =    36.00 MiB
threads-qwen3-4b-instruct-t1,qwen3-4b-instruct,threads,bench,,[],True,False,0,,,7,CPU,compute,19.17,sched_reserve:        CPU compute buffer size =    19.17 MiB
threads-qwen3-4b-instruct-t2,qwen3-4b-instruct,threads,bench,,[],True,False,0,,,0,CPU_Mapped,model,2362.55,load_tensors:   CPU_Mapped model buffer size =  2362.55 MiB
threads-qwen3-4b-instruct-t2,qwen3-4b-instruct,threads,bench,,[],True,False,0,,,1,CPU_REPACK,model,2375.16,load_tensors:   CPU_REPACK model buffer size =  2375.16 MiB
threads-qwen3-4b-instruct-t2,qwen3-4b-instruct,threads,bench,,[],True,False,0,,,2,CPU,output,0.58,llama_context:        CPU  output buffer size =     0.58 MiB
threads-qwen3-4b-instruct-t2,qwen3-4b-instruct,threads,bench,,[],True,False,0,,,3,CPU,KV,36.0,llama_kv_cache:        CPU KV buffer size =    36.00 MiB
threads-qwen3-4b-instruct-t2,qwen3-4b-instruct,threads,bench,,[],True,False,0,,,4,CPU,compute,76.69,sched_reserve:        CPU compute buffer size =    76.69 MiB
threads-qwen3-4b-instruct-t2,qwen3-4b-instruct,threads,bench,,[],True,False,0,,,5,CPU,output,0.58,llama_context:        CPU  output buffer size =     0.58 MiB
threads-qwen3-4b-instruct-t2,qwen3-4b-instruct,threads,bench,,[],True,False,0,,,6,CPU,KV,36.0,llama_kv_cache:        CPU KV buffer size =    36.00 MiB
threads-qwen3-4b-instruct-t2,qwen3-4b-instruct,threads,bench,,[],True,False,0,,,7,CPU,compute,19.17,sched_reserve:        CPU compute buffer size =    19.17 MiB
threads-qwen3-4b-instruct-t3,qwen3-4b-instruct,threads,bench,,[],True,False,0,,,0,CPU_Mapped,model,2362.55,load_tensors:   CPU_Mapped model buffer size =  2362.55 MiB
threads-qwen3-4b-instruct-t3,qwen3-4b-instruct,threads,bench,,[],True,False,0,,,1,CPU_REPACK,model,2375.16,load_tensors:   CPU_REPACK model buffer size =  2375.16 MiB
threads-qwen3-4b-instruct-t3,qwen3-4b-instruct,threads,bench,,[],True,False,0,,,2,CPU,output,0.58,llama_context:        CPU  output buffer size =     0.58 MiB
threads-qwen3-4b-instruct-t3,qwen3-4b-instruct,threads,bench,,[],True,False,0,,,3,CPU,KV,36.0,llama_kv_cache:        CPU KV buffer size =    36.00 MiB
threads-qwen3-4b-instruct-t3,qwen3-4b-instruct,threads,bench,,[],True,False,0,,,4,CPU,compute,76.69,sched_reserve:        CPU compute buffer size =    76.69 MiB
threads-qwen3-4b-instruct-t3,qwen3-4b-instruct,threads,bench,,[],True,False,0,,,5,CPU,output,0.58,llama_context:        CPU  output buffer size =     0.58 MiB
threads-qwen3-4b-instruct-t3,qwen3-4b-instruct,threads,bench,,[],True,False,0,,,6,CPU,KV,36.0,llama_kv_cache:        CPU KV buffer size =    36.00 MiB
threads-qwen3-4b-instruct-t3,qwen3-4b-instruct,threads,bench,,[],True,False,0,,,7,CPU,compute,19.17,sched_reserve:        CPU compute buffer size =    19.17 MiB
threads-qwen3-4b-instruct-t5,qwen3-4b-instruct,threads,bench,,[],True,False,0,,,0,CPU_Mapped,model,2362.55,load_tensors:   CPU_Mapped model buffer size =  2362.55 MiB
threads-qwen3-4b-instruct-t5,qwen3-4b-instruct,threads,bench,,[],True,False,0,,,1,CPU_REPACK,model,2375.16,load_tensors:   CPU_REPACK model buffer size =  2375.16 MiB
threads-qwen3-4b-instruct-t5,qwen3-4b-instruct,threads,bench,,[],True,False,0,,,2,CPU,output,0.58,llama_context:        CPU  output buffer size =     0.58 MiB
threads-qwen3-4b-instruct-t5,qwen3-4b-instruct,threads,bench,,[],True,False,0,,,3,CPU,KV,36.0,llama_kv_cache:        CPU KV buffer size =    36.00 MiB
threads-qwen3-4b-instruct-t5,qwen3-4b-instruct,threads,bench,,[],True,False,0,,,4,CPU,compute,76.69,sched_reserve:        CPU compute buffer size =    76.69 MiB
threads-qwen3-4b-instruct-t5,qwen3-4b-instruct,threads,bench,,[],True,False,0,,,5,CPU,output,0.58,llama_context:        CPU  output buffer size =     0.58 MiB
threads-qwen3-4b-instruct-t5,qwen3-4b-instruct,threads,bench,,[],True,False,0,,,6,CPU,KV,36.0,llama_kv_cache:        CPU KV buffer size =    36.00 MiB
threads-qwen3-4b-instruct-t5,qwen3-4b-instruct,threads,bench,,[],True,False,0,,,7,CPU,compute,19.17,sched_reserve:        CPU compute buffer size =    19.17 MiB
threads-qwen3-4b-instruct-t6,qwen3-4b-instruct,threads,bench,,[],True,False,0,,,0,CPU_Mapped,model,2362.55,load_tensors:   CPU_Mapped model buffer size =  2362.55 MiB
threads-qwen3-4b-instruct-t6,qwen3-4b-instruct,threads,bench,,[],True,False,0,,,1,CPU_REPACK,model,2375.16,load_tensors:   CPU_REPACK model buffer size =  2375.16 MiB
threads-qwen3-4b-instruct-t6,qwen3-4b-instruct,threads,bench,,[],True,False,0,,,2,CPU,output,0.58,llama_context:        CPU  output buffer size =     0.58 MiB
threads-qwen3-4b-instruct-t6,qwen3-4b-instruct,threads,bench,,[],True,False,0,,,3,CPU,KV,36.0,llama_kv_cache:        CPU KV buffer size =    36.00 MiB
threads-qwen3-4b-instruct-t6,qwen3-4b-instruct,threads,bench,,[],True,False,0,,,4,CPU,compute,76.69,sched_reserve:        CPU compute buffer size =    76.69 MiB
threads-qwen3-4b-instruct-t6,qwen3-4b-instruct,threads,bench,,[],True,False,0,,,5,CPU,output,0.58,llama_context:        CPU  output buffer size =     0.58 MiB
threads-qwen3-4b-instruct-t6,qwen3-4b-instruct,threads,bench,,[],True,False,0,,,6,CPU,KV,36.0,llama_kv_cache:        CPU KV buffer size =    36.00 MiB
threads-qwen3-4b-instruct-t6,qwen3-4b-instruct,threads,bench,,[],True,False,0,,,7,CPU,compute,19.17,sched_reserve:        CPU compute buffer size =    19.17 MiB
threads-qwen3-4b-instruct-t8,qwen3-4b-instruct,threads,bench,,[],True,False,0,,,0,CPU_Mapped,model,2362.55,load_tensors:   CPU_Mapped model buffer size =  2362.55 MiB
threads-qwen3-4b-instruct-t8,qwen3-4b-instruct,threads,bench,,[],True,False,0,,,1,CPU_REPACK,model,2375.16,load_tensors:   CPU_REPACK model buffer size =  2375.16 MiB
threads-qwen3-4b-instruct-t8,qwen3-4b-instruct,threads,bench,,[],True,False,0,,,2,CPU,output,0.58,llama_context:        CPU  output buffer size =     0.58 MiB
threads-qwen3-4b-instruct-t8,qwen3-4b-instruct,threads,bench,,[],True,False,0,,,3,CPU,KV,36.0,llama_kv_cache:        CPU KV buffer size =    36.00 MiB
threads-qwen3-4b-instruct-t8,qwen3-4b-instruct,threads,bench,,[],True,False,0,,,4,CPU,compute,76.69,sched_reserve:        CPU compute buffer size =    76.69 MiB
threads-qwen3-4b-instruct-t8,qwen3-4b-instruct,threads,bench,,[],True,False,0,,,5,CPU,output,0.58,llama_context:        CPU  output buffer size =     0.58 MiB
threads-qwen3-4b-instruct-t8,qwen3-4b-instruct,threads,bench,,[],True,False,0,,,6,CPU,KV,36.0,llama_kv_cache:        CPU KV buffer size =    36.00 MiB
threads-qwen3-4b-instruct-t8,qwen3-4b-instruct,threads,bench,,[],True,False,0,,,7,CPU,compute,19.17,sched_reserve:        CPU compute buffer size =    19.17 MiB
threads-qwen3.5-4b-instruct-t1,qwen3.5-4b-instruct,threads,bench,,[],True,False,0,,,0,CPU_Mapped,model,2603.5,load_tensors:   CPU_Mapped model buffer size =  2603.50 MiB
threads-qwen3.5-4b-instruct-t1,qwen3.5-4b-instruct,threads,bench,,[],True,False,0,,,1,CPU_REPACK,model,2599.83,load_tensors:   CPU_REPACK model buffer size =  2599.83 MiB
threads-qwen3.5-4b-instruct-t1,qwen3.5-4b-instruct,threads,bench,,[],True,False,0,,,2,CPU,output,0.95,llama_context:        CPU  output buffer size =     0.95 MiB
threads-qwen3.5-4b-instruct-t1,qwen3.5-4b-instruct,threads,bench,,[],True,False,0,,,3,CPU,KV,8.0,llama_kv_cache:        CPU KV buffer size =     8.00 MiB
threads-qwen3.5-4b-instruct-t1,qwen3.5-4b-instruct,threads,bench,,[],True,False,0,,,4,CPU,RS,50.25,llama_memory_recurrent:        CPU RS buffer size =    50.25 MiB
threads-qwen3.5-4b-instruct-t1,qwen3.5-4b-instruct,threads,bench,,[],True,False,0,,,5,CPU,compute,126.13,sched_reserve:        CPU compute buffer size =   126.13 MiB
threads-qwen3.5-4b-instruct-t1,qwen3.5-4b-instruct,threads,bench,,[],True,False,0,,,6,CPU,output,0.95,llama_context:        CPU  output buffer size =     0.95 MiB
threads-qwen3.5-4b-instruct-t1,qwen3.5-4b-instruct,threads,bench,,[],True,False,0,,,7,CPU,KV,8.0,llama_kv_cache:        CPU KV buffer size =     8.00 MiB
threads-qwen3.5-4b-instruct-t1,qwen3.5-4b-instruct,threads,bench,,[],True,False,0,,,8,CPU,RS,50.25,llama_memory_recurrent:        CPU RS buffer size =    50.25 MiB
threads-qwen3.5-4b-instruct-t1,qwen3.5-4b-instruct,threads,bench,,[],True,False,0,,,9,CPU,compute,31.53,sched_reserve:        CPU compute buffer size =    31.53 MiB
threads-qwen3.5-4b-instruct-t2,qwen3.5-4b-instruct,threads,bench,,[],True,False,0,,,0,CPU_Mapped,model,2603.5,load_tensors:   CPU_Mapped model buffer size =  2603.50 MiB
threads-qwen3.5-4b-instruct-t2,qwen3.5-4b-instruct,threads,bench,,[],True,False,0,,,1,CPU_REPACK,model,2599.83,load_tensors:   CPU_REPACK model buffer size =  2599.83 MiB
threads-qwen3.5-4b-instruct-t2,qwen3.5-4b-instruct,threads,bench,,[],True,False,0,,,2,CPU,output,0.95,llama_context:        CPU  output buffer size =     0.95 MiB
threads-qwen3.5-4b-instruct-t2,qwen3.5-4b-instruct,threads,bench,,[],True,False,0,,,3,CPU,KV,8.0,llama_kv_cache:        CPU KV buffer size =     8.00 MiB
threads-qwen3.5-4b-instruct-t2,qwen3.5-4b-instruct,threads,bench,,[],True,False,0,,,4,CPU,RS,50.25,llama_memory_recurrent:        CPU RS buffer size =    50.25 MiB
threads-qwen3.5-4b-instruct-t2,qwen3.5-4b-instruct,threads,bench,,[],True,False,0,,,5,CPU,compute,126.13,sched_reserve:        CPU compute buffer size =   126.13 MiB
threads-qwen3.5-4b-instruct-t2,qwen3.5-4b-instruct,threads,bench,,[],True,False,0,,,6,CPU,output,0.95,llama_context:        CPU  output buffer size =     0.95 MiB
threads-qwen3.5-4b-instruct-t2,qwen3.5-4b-instruct,threads,bench,,[],True,False,0,,,7,CPU,KV,8.0,llama_kv_cache:        CPU KV buffer size =     8.00 MiB
threads-qwen3.5-4b-instruct-t2,qwen3.5-4b-instruct,threads,bench,,[],True,False,0,,,8,CPU,RS,50.25,llama_memory_recurrent:        CPU RS buffer size =    50.25 MiB
threads-qwen3.5-4b-instruct-t2,qwen3.5-4b-instruct,threads,bench,,[],True,False,0,,,9,CPU,compute,31.53,sched_reserve:        CPU compute buffer size =    31.53 MiB
threads-qwen3.5-4b-instruct-t3,qwen3.5-4b-instruct,threads,bench,,[],True,False,0,,,0,CPU_Mapped,model,2603.5,load_tensors:   CPU_Mapped model buffer size =  2603.50 MiB
threads-qwen3.5-4b-instruct-t3,qwen3.5-4b-instruct,threads,bench,,[],True,False,0,,,1,CPU_REPACK,model,2599.83,load_tensors:   CPU_REPACK model buffer size =  2599.83 MiB
threads-qwen3.5-4b-instruct-t3,qwen3.5-4b-instruct,threads,bench,,[],True,False,0,,,2,CPU,output,0.95,llama_context:        CPU  output buffer size =     0.95 MiB
threads-qwen3.5-4b-instruct-t3,qwen3.5-4b-instruct,threads,bench,,[],True,False,0,,,3,CPU,KV,8.0,llama_kv_cache:        CPU KV buffer size =     8.00 MiB
threads-qwen3.5-4b-instruct-t3,qwen3.5-4b-instruct,threads,bench,,[],True,False,0,,,4,CPU,RS,50.25,llama_memory_recurrent:        CPU RS buffer size =    50.25 MiB
threads-qwen3.5-4b-instruct-t3,qwen3.5-4b-instruct,threads,bench,,[],True,False,0,,,5,CPU,compute,126.13,sched_reserve:        CPU compute buffer size =   126.13 MiB
threads-qwen3.5-4b-instruct-t3,qwen3.5-4b-instruct,threads,bench,,[],True,False,0,,,6,CPU,output,0.95,llama_context:        CPU  output buffer size =     0.95 MiB
threads-qwen3.5-4b-instruct-t3,qwen3.5-4b-instruct,threads,bench,,[],True,False,0,,,7,CPU,KV,8.0,llama_kv_cache:        CPU KV buffer size =     8.00 MiB
threads-qwen3.5-4b-instruct-t3,qwen3.5-4b-instruct,threads,bench,,[],True,False,0,,,8,CPU,RS,50.25,llama_memory_recurrent:        CPU RS buffer size =    50.25 MiB
threads-qwen3.5-4b-instruct-t3,qwen3.5-4b-instruct,threads,bench,,[],True,False,0,,,9,CPU,compute,31.53,sched_reserve:        CPU compute buffer size =    31.53 MiB
threads-qwen3.5-4b-instruct-t6,qwen3.5-4b-instruct,threads,bench,,[],True,False,0,,,0,CPU_Mapped,model,2603.5,load_tensors:   CPU_Mapped model buffer size =  2603.50 MiB
threads-qwen3.5-4b-instruct-t6,qwen3.5-4b-instruct,threads,bench,,[],True,False,0,,,1,CPU_REPACK,model,2599.83,load_tensors:   CPU_REPACK model buffer size =  2599.83 MiB
threads-qwen3.5-4b-instruct-t6,qwen3.5-4b-instruct,threads,bench,,[],True,False,0,,,2,CPU,output,0.95,llama_context:        CPU  output buffer size =     0.95 MiB
threads-qwen3.5-4b-instruct-t6,qwen3.5-4b-instruct,threads,bench,,[],True,False,0,,,3,CPU,KV,8.0,llama_kv_cache:        CPU KV buffer size =     8.00 MiB
threads-qwen3.5-4b-instruct-t6,qwen3.5-4b-instruct,threads,bench,,[],True,False,0,,,4,CPU,RS,50.25,llama_memory_recurrent:        CPU RS buffer size =    50.25 MiB
threads-qwen3.5-4b-instruct-t6,qwen3.5-4b-instruct,threads,bench,,[],True,False,0,,,5,CPU,compute,126.13,sched_reserve:        CPU compute buffer size =   126.13 MiB
threads-qwen3.5-4b-instruct-t6,qwen3.5-4b-instruct,threads,bench,,[],True,False,0,,,6,CPU,output,0.95,llama_context:        CPU  output buffer size =     0.95 MiB
threads-qwen3.5-4b-instruct-t6,qwen3.5-4b-instruct,threads,bench,,[],True,False,0,,,7,CPU,KV,8.0,llama_kv_cache:        CPU KV buffer size =     8.00 MiB
threads-qwen3.5-4b-instruct-t6,qwen3.5-4b-instruct,threads,bench,,[],True,False,0,,,8,CPU,RS,50.25,llama_memory_recurrent:        CPU RS buffer size =    50.25 MiB
threads-qwen3.5-4b-instruct-t6,qwen3.5-4b-instruct,threads,bench,,[],True,False,0,,,9,CPU,compute,31.53,sched_reserve:        CPU compute buffer size =    31.53 MiB
