id,model,group,mode,power_epoch,validation_issues,passes_current_run_checks,diagnostic_timing,exit_code,abort_reason,threads,batch,ubatch,ngl,device,attention,prompt,generation,depth,mean_tok_s,stddev_tok_s,samples_ns,samples_tok_s,max_RSS_MiB,min_MemAvailable_MiB
CPU-finalist-mistral-7b-uncensored-t5-maskbc,mistral-7b-uncensored,CPU-finalist,bench,charging-01,[],True,False,0,,5,128,128,0,none,0,128,0,0,18.470038,1.962708,"[6186004738,7212815935,7541809320]","[20.6919,17.7462,16.9721]",6871.8125,2929.890625
CPU-finalist-mistral-7b-uncensored-t5-maskbc,mistral-7b-uncensored,CPU-finalist,bench,charging-01,[],True,False,0,,5,128,128,0,none,0,0,32,0,6.161996,0.112769,"[5301534894,5164146300,5117191561]","[6.03599,6.19657,6.25343]",6871.8125,2929.890625
CPU-finalist-qwen2.5-coder-1.5b-t5-maskbc,qwen2.5-coder-1.5b,CPU-finalist,bench,charging-01,[],True,False,0,,5,128,128,0,none,0,128,0,0,151.743081,2.110183,"[831639740,844224219,855055104]","[153.913,151.618,149.698]",2067.546875,5731.80859375
CPU-finalist-qwen2.5-coder-1.5b-t5-maskbc,qwen2.5-coder-1.5b,CPU-finalist,bench,charging-01,[],True,False,0,,5,128,128,0,none,0,0,32,0,34.378694,0.553343,"[922123125,922355260,948435677]","[34.7025,34.6938,33.7398]",2067.546875,5731.80859375
CPU-finalist-qwen2.5-coder-7b-t5-maskbc,qwen2.5-coder-7b,CPU-finalist,bench,charging-01,[],True,False,0,,5,128,128,0,none,0,128,0,0,19.822974,1.086293,"[6457050050,6121734373,6831578018]","[19.8233,20.9091,18.7365]",6726.34375,2589.921875
CPU-finalist-qwen2.5-coder-7b-t5-maskbc,qwen2.5-coder-7b,CPU-finalist,bench,charging-01,[],True,False,0,,5,128,128,0,none,0,0,32,0,6.663528,0.259159,"[4734999425,4663328331,5023274061]","[6.75818,6.86205,6.37035]",6726.34375,2589.921875
CPU-finalist-qwen3-4b-instruct-t5-maskbc,qwen3-4b-instruct,CPU-finalist,bench,charging-01,[],True,False,0,,5,128,128,0,none,0,128,0,0,45.79577,5.25753,"[2482768802,2871375260,3102727551]","[51.5553,44.5779,41.254]",4859.04296875,4491.1640625
CPU-finalist-qwen3-4b-instruct-t5-maskbc,qwen3-4b-instruct,CPU-finalist,bench,charging-01,[],True,False,0,,5,128,128,0,none,0,0,32,0,10.793572,0.439935,"[2885314322,2908588332,3110368436]","[11.0906,11.0019,10.2882]",4859.04296875,4491.1640625
CPU-finalist-qwen3.5-4b-instruct-t5-maskbc,qwen3.5-4b-instruct,CPU-finalist,bench,charging-01,[],True,False,0,,5,128,128,0,none,0,128,0,0,38.744701,5.466427,"[2891003644,3314855468,3838682916]","[44.2753,38.6141,33.3448]",5379.953125,4329.00390625
CPU-finalist-qwen3.5-4b-instruct-t5-maskbc,qwen3.5-4b-instruct,CPU-finalist,bench,charging-01,[],True,False,0,,5,128,128,0,none,0,0,32,0,7.621832,0.021286,"[4203072811,4185179373,4207209582]","[7.61348,7.64603,7.60599]",5379.953125,4329.00390625
CPU-norepack-mistral-7b-uncensored-t4-mask9c,mistral-7b-uncensored,threads,bench,charging-01,[],True,False,0,,4,128,128,0,none,0,128,0,0,8.189606,0.699097,"[14227205932,16445859734,16433733692]","[8.99685,7.78311,7.78886]",4255.0625,7041.2578125
CPU-norepack-mistral-7b-uncensored-t4-mask9c,mistral-7b-uncensored,threads,bench,charging-01,[],True,False,0,,4,128,128,0,none,0,0,32,0,5.566838,0.001737,"[5746257341,5749436456,5749285779]","[5.56884,5.56576,5.56591]",4255.0625,7041.2578125
CPU-norepack-qwen2.5-coder-1.5b-t4-mask9c,qwen2.5-coder-1.5b,threads,bench,charging-01,[],True,False,0,,4,128,128,0,none,0,128,0,0,60.807466,1.121843,"[2062295364,2117774895,2136365624]","[62.0668,60.4408,59.9148]",1152.44140625,6903.22265625
CPU-norepack-qwen2.5-coder-1.5b-t4-mask9c,qwen2.5-coder-1.5b,threads,bench,charging-01,[],True,False,0,,4,128,128,0,none,0,0,32,0,27.655264,0.039233,"[1157502864,1155301874,1158510155]","[27.6457,27.6984,27.6217]",1152.44140625,6903.22265625
CPU-norepack-qwen2.5-coder-7b-t4-mask9c,qwen2.5-coder-7b,threads,bench,charging-01,[],True,False,0,,4,128,128,0,none,0,128,0,0,8.487775,0.222057,"[14641254994,15262711609,15357938744]","[8.74242,8.38645,8.33445]",4574.7734375,6983.1328125
CPU-norepack-qwen2.5-coder-7b-t4-mask9c,qwen2.5-coder-7b,threads,bench,charging-01,[],True,False,0,,4,128,128,0,none,0,0,32,0,5.243587,0.009379,"[6097512341,6115260936,6095344268]","[5.24804,5.23281,5.24991]",4574.7734375,6983.1328125
CPU-norepack-qwen3-4b-instruct-t4-mask9c,qwen3-4b-instruct,threads,bench,charging-01,[],True,False,0,,4,128,128,0,none,0,128,0,0,17.267668,2.620054,"[6349730414,7712955622,8505427080]","[20.1583,16.5955,15.0492]",2495.83984375,6821.32421875
CPU-norepack-qwen3-4b-instruct-t4-mask9c,qwen3-4b-instruct,threads,bench,charging-01,[],True,False,0,,4,128,128,0,none,0,0,32,0,8.753007,0.016078,"[3648418593,3657870468,3661395312]","[8.77092,8.74826,8.73984]",2495.83984375,6821.32421875
CPU-norepack-qwen3.5-4b-instruct-t4-mask9c,qwen3.5-4b-instruct,threads,bench,charging-01,[],True,False,0,,4,128,128,0,none,0,128,0,0,13.556849,1.517313,"[8379271976,9853031402,10319392496]","[15.2758,12.9909,12.4038]",2780.35546875,6585.8125
CPU-norepack-qwen3.5-4b-instruct-t4-mask9c,qwen3.5-4b-instruct,threads,bench,charging-01,[],True,False,0,,4,128,128,0,none,0,0,32,0,7.175428,0.023574,"[4470685675,4443092915,4465310780]","[7.15774,7.20219,7.16635]",2780.35546875,6585.8125
GPU-affinity-mistral-7b-uncensored-t4-mask9c,mistral-7b-uncensored,GPU-threads,bench,charging-01,[],True,False,0,,4,128,128,99,GPUOpenCL,0,128,0,0,15.993869,0.179807,"[7900510830,8054538122,8056160570]","[16.2015,15.8917,15.8885]",248.80859375,2343.921875
GPU-affinity-mistral-7b-uncensored-t4-mask9c,mistral-7b-uncensored,GPU-threads,bench,charging-01,[],True,False,0,,4,128,128,99,GPUOpenCL,0,0,32,0,3.753212,0.026527,"[8534036247,8462643434,8582259632]","[3.74969,3.78132,3.72862]",248.80859375,2343.921875
GPU-affinity-qwen2.5-coder-1.5b-t4-mask9c,qwen2.5-coder-1.5b,GPU-threads,bench,charging-01,[],True,False,0,,4,128,128,99,GPUOpenCL,0,128,0,0,82.409583,0.069449,"[1552763593,1554694323,1552196562]","[82.4337,82.3313,82.4638]",450.53125,5018.890625
GPU-affinity-qwen2.5-coder-1.5b-t4-mask9c,qwen2.5-coder-1.5b,GPU-threads,bench,charging-01,[],True,False,0,,4,128,128,99,GPUOpenCL,0,0,32,0,9.382912,1.002778,"[3111502655,3346767759,3854097811]","[10.2844,9.56146,8.30285]",450.53125,5018.890625
GPU-affinity-qwen2.5-coder-7b-t4-mask9c,qwen2.5-coder-7b,GPU-threads,bench,charging-01,"[""Requested CPU affinity was rejected by Android""]",False,False,0,,4,128,128,99,GPUOpenCL,0,128,0,0,16.993179,0.466999,"[7493503018,7352208799,7763061925]","[17.0815,17.4097,16.4883]",934.078125,1829.9296875
GPU-affinity-qwen2.5-coder-7b-t4-mask9c,qwen2.5-coder-7b,GPU-threads,bench,charging-01,"[""Requested CPU affinity was rejected by Android""]",False,False,0,,4,128,128,99,GPUOpenCL,0,0,32,0,2.928428,0.395122,"[9571995777,11088321298,12518196714]","[3.34309,2.88592,2.55628]",934.078125,1829.9296875
GPU-affinity-qwen3-4b-instruct-t4-mask9c,qwen3-4b-instruct,GPU-threads,bench,charging-01,[],True,False,0,,4,128,128,99,GPUOpenCL,0,128,0,0,29.478691,0.331856,"[4370431821,4370619686,4286400571]","[29.2877,29.2865,29.8619]",707.0234375,3864.89453125
GPU-affinity-qwen3-4b-instruct-t4-mask9c,qwen3-4b-instruct,GPU-threads,bench,charging-01,[],True,False,0,,4,128,128,99,GPUOpenCL,0,0,32,0,6.133279,0.264491,"[5052788592,5133679894,5485694112]","[6.33314,6.23335,5.83335]",707.0234375,3864.89453125
GPU-affinity-qwen3.5-4b-instruct-t4-mask9c,qwen3.5-4b-instruct,GPU-threads,bench,charging-01,[],True,False,0,,4,128,128,99,GPUOpenCL,0,128,0,0,28.247655,0.455027,"[4472730571,4509354060,4614331821]","[28.6179,28.3854,27.7397]",1127.12109375,3004.90234375
GPU-affinity-qwen3.5-4b-instruct-t4-mask9c,qwen3.5-4b-instruct,GPU-threads,bench,charging-01,[],True,False,0,,4,128,128,99,GPUOpenCL,0,0,32,0,5.491858,0.399099,"[5507417030,5692871664,6343965258]","[5.81035,5.62106,5.04416]",1127.12109375,3004.90234375
GPU-finalist-mistral-7b-uncensored-t1-mask80,mistral-7b-uncensored,GPU-threads,bench,charging-01,"[""OpenMP single-thread path does not apply the requested threadpool affinity; needs process-level affinity""]",False,False,0,,1,128,128,99,GPUOpenCL,0,128,0,0,15.764121,0.038095,"[8116875361,8101691247,8140640831]","[15.7696,15.7992,15.7236]",244.57421875,2457.484375
GPU-finalist-mistral-7b-uncensored-t1-mask80,mistral-7b-uncensored,GPU-threads,bench,charging-01,"[""OpenMP single-thread path does not apply the requested threadpool affinity; needs process-level affinity""]",False,False,0,,1,128,128,99,GPUOpenCL,0,0,32,0,3.700008,0.031265,"[8565721819,8700027705,8681367237]","[3.73582,3.67815,3.68606]",244.57421875,2457.484375
GPU-finalist-mistral-7b-uncensored-t2-mask84,mistral-7b-uncensored,GPU-threads,bench,charging-01,[],True,False,0,,2,128,128,99,GPUOpenCL,0,128,0,0,15.761335,0.021429,"[8130106612,8124520309,8108821872]","[15.744,15.7548,15.7853]",244.5,2437.29296875
GPU-finalist-mistral-7b-uncensored-t2-mask84,mistral-7b-uncensored,GPU-threads,bench,charging-01,[],True,False,0,,2,128,128,99,GPUOpenCL,0,0,32,0,3.768267,0.098299,"[8665522757,8248645778,8573155934]","[3.6928,3.87942,3.73258]",244.5,2437.29296875
GPU-finalist-mistral-7b-uncensored-t3-mask8c,mistral-7b-uncensored,GPU-threads,bench,charging-01,[],True,False,0,,3,128,128,99,GPUOpenCL,0,128,0,0,15.791257,0.01812,"[8115065518,8105745205,8096463695]","[15.7731,15.7913,15.8094]",245.9296875,2481.015625
GPU-finalist-mistral-7b-uncensored-t3-mask8c,mistral-7b-uncensored,GPU-threads,bench,charging-01,[],True,False,0,,3,128,128,99,GPUOpenCL,0,0,32,0,3.743545,0.020978,"[8603143903,8527578747,8513957705]","[3.71957,3.75253,3.75853]",245.9296875,2481.015625
GPU-finalist-qwen2.5-coder-1.5b-t3-mask8c,qwen2.5-coder-1.5b,GPU-threads,bench,charging-01,"[""Requested CPU affinity was rejected by Android""]",False,False,0,,3,128,128,99,GPUOpenCL,0,128,0,0,72.848506,0.49672,"[1751982343,1770865833,1748528905]","[73.0601,72.281,73.2044]",446.12109375,4785.5625
GPU-finalist-qwen2.5-coder-1.5b-t3-mask8c,qwen2.5-coder-1.5b,GPU-threads,bench,charging-01,"[""Requested CPU affinity was rejected by Android""]",False,False,0,,3,128,128,99,GPUOpenCL,0,0,32,0,6.143366,0.151876,"[5071594009,5238629530,5322709477]","[6.30965,6.10847,6.01198]",446.12109375,4785.5625
GPU-finalist-qwen2.5-coder-7b-t3-mask8c,qwen2.5-coder-7b,GPU-threads,bench,charging-01,[],True,False,0,,3,128,128,99,GPUOpenCL,0,128,0,0,17.413048,0.191589,"[7444701716,7314393851,7295123903]","[17.1934,17.4997,17.546]",934.16796875,2184.62109375
GPU-finalist-qwen2.5-coder-7b-t3-mask8c,qwen2.5-coder-7b,GPU-threads,bench,charging-01,[],True,False,0,,3,128,128,99,GPUOpenCL,0,0,32,0,4.036674,0.293765,"[7576392758,7640334320,8653143434]","[4.22365,4.1883,3.69808]",934.16796875,2184.62109375
GPU-finalist-qwen3-4b-instruct-t3-mask8c,qwen3-4b-instruct,GPU-threads,bench,charging-01,"[""Requested CPU affinity was rejected by Android""]",False,False,0,,3,128,128,99,GPUOpenCL,0,128,0,0,29.967017,0.053218,"[4268973331,4279872498,4265269426]","[29.9838,29.9074,30.0098]",700.9765625,3625.06640625
GPU-finalist-qwen3-4b-instruct-t3-mask8c,qwen3-4b-instruct,GPU-threads,bench,charging-01,"[""Requested CPU affinity was rejected by Android""]",False,False,0,,3,128,128,99,GPUOpenCL,0,0,32,0,5.732506,0.273409,"[5887148018,5528572550,5356690519]","[5.43557,5.78811,5.97384]",700.9765625,3625.06640625
GPU-finalist-qwen3.5-4b-instruct-t1-mask80,qwen3.5-4b-instruct,GPU-threads,bench,charging-01,"[""OpenMP single-thread path does not apply the requested threadpool affinity; needs process-level affinity""]",False,False,0,,1,128,128,99,GPUOpenCL,0,128,0,0,28.713989,0.060282,"[4460318956,4465583280,4447409321]","[28.6975,28.6637,28.7808]",1126.92578125,3334.19140625
GPU-finalist-qwen3.5-4b-instruct-t1-mask80,qwen3.5-4b-instruct,GPU-threads,bench,charging-01,"[""OpenMP single-thread path does not apply the requested threadpool affinity; needs process-level affinity""]",False,False,0,,1,128,128,99,GPUOpenCL,0,0,32,0,4.697453,0.02971,"[6767457706,6853268903,6816424789]","[4.72851,4.6693,4.69454]",1126.92578125,3334.19140625
GPU-finalist-qwen3.5-4b-instruct-t2-mask84,qwen3.5-4b-instruct,GPU-threads,bench,charging-01,[],True,False,0,,2,128,128,99,GPUOpenCL,0,128,0,0,28.990554,0.110256,"[4414295050,4432539165,4398987082]","[28.9967,28.8774,29.0976]",1127.19140625,3351.52734375
GPU-finalist-qwen3.5-4b-instruct-t2-mask84,qwen3.5-4b-instruct,GPU-threads,bench,charging-01,[],True,False,0,,2,128,128,99,GPUOpenCL,0,0,32,0,5.251368,0.03855,"[6047328800,6097832237,6136444841]","[5.29159,5.24777,5.21475]",1127.19140625,3351.52734375
GPU-finalist-qwen3.5-4b-instruct-t3-mask8c,qwen3.5-4b-instruct,GPU-threads,bench,charging-01,[],True,False,0,,3,128,128,99,GPUOpenCL,0,128,0,0,29.055299,0.097948,"[4394287081,4399671457,4422319582]","[29.1287,29.0931,28.9441]",1126.1484375,3315.51953125
GPU-finalist-qwen3.5-4b-instruct-t3-mask8c,qwen3.5-4b-instruct,GPU-threads,bench,charging-01,[],True,False,0,,3,128,128,99,GPUOpenCL,0,0,32,0,5.489344,0.101919,"[5762418643,5773044738,5957027967]","[5.55322,5.543,5.37181]",1126.1484375,3315.51953125
GPU-norepack-qwen2.5-coder-1.5b-t4-mask9c,qwen2.5-coder-1.5b,GPU-threads,bench,charging-01,[],True,False,0,,4,128,128,99,GPUOpenCL,0,128,0,0,44.389868,0.141097,"[2880879739,2876021822,2893779530]","[44.4309,44.5059,44.2328]",410.58984375,5644.48046875
GPU-norepack-qwen2.5-coder-1.5b-t4-mask9c,qwen2.5-coder-1.5b,GPU-threads,bench,charging-01,[],True,False,0,,4,128,128,99,GPUOpenCL,0,0,32,0,5.213833,0.221899,"[6429541508,6098147081,5907353019]","[4.97703,5.2475,5.41698]",410.58984375,5644.48046875
GPU-norepack-qwen2.5-coder-7b-t4-mask9c,qwen2.5-coder-7b,GPU-threads,bench,charging-01,"[""Requested CPU affinity was rejected by Android""]",False,False,0,,4,128,128,99,GPUOpenCL,0,128,0,0,9.43405,0.034568,"[13525837131,13555235412,13622913797]","[9.46337,9.44285,9.39593]",750.92578125,1679.40234375
GPU-norepack-qwen2.5-coder-7b-t4-mask9c,qwen2.5-coder-7b,GPU-threads,bench,charging-01,"[""Requested CPU affinity was rejected by Android""]",False,False,0,,4,128,128,99,GPUOpenCL,0,0,32,0,2.46095,0.289241,"[12105011297,12251844892,15041380203]","[2.64353,2.61185,2.12746]",750.92578125,1679.40234375
GPU-threads-qwen2.5-coder-1.5b-t1,qwen2.5-coder-1.5b,GPU-threads,bench,charging-01,[],True,False,0,,1,128,128,99,GPUOpenCL,0,128,0,0,74.055844,0.722375,"[1712178281,1745883750,1727543281]","[74.7586,73.3153,74.0937]",446.33984375,5546.09765625
GPU-threads-qwen2.5-coder-1.5b-t1,qwen2.5-coder-1.5b,GPU-threads,bench,charging-01,[],True,False,0,,1,128,128,99,GPUOpenCL,0,0,32,0,7.506665,0.07024,"[4305756561,4226491040,4257135675]","[7.43191,7.57129,7.51679]",446.33984375,5546.09765625
GPU-threads-qwen2.5-coder-1.5b-t2,qwen2.5-coder-1.5b,GPU-threads,bench,charging-01,[],True,False,0,,2,128,128,99,GPUOpenCL,0,128,0,0,80.953658,0.441822,"[1574143437,1578567707,1590837864]","[81.3141,81.0862,80.4607]",446.09375,5341.15234375
GPU-threads-qwen2.5-coder-1.5b-t2,qwen2.5-coder-1.5b,GPU-threads,bench,charging-01,[],True,False,0,,2,128,128,99,GPUOpenCL,0,0,32,0,9.063382,0.432154,"[3427354425,3445178176,3736068384]","[9.33665,9.28834,8.56515]",446.09375,5341.15234375
GPU-threads-qwen2.5-coder-1.5b-t6,qwen2.5-coder-1.5b,GPU-threads,bench,charging-01,[],True,False,0,,6,128,128,99,GPUOpenCL,0,128,0,0,77.665034,2.851127,"[1582380312,1695762760,1670537343]","[80.8908,75.4823,76.6221]",446.25390625,5739.69140625
GPU-threads-qwen2.5-coder-1.5b-t6,qwen2.5-coder-1.5b,GPU-threads,bench,charging-01,[],True,False,0,,6,128,128,99,GPUOpenCL,0,0,32,0,4.08049,0.185623,"[7451182080,8070139789,8036940413]","[4.29462,3.96523,3.98161]",446.25390625,5739.69140625
GPU-threads-qwen2.5-coder-7b-t1,qwen2.5-coder-7b,GPU-threads,bench,charging-01,[],True,False,0,,1,128,128,99,GPUOpenCL,0,128,0,0,17.501037,0.091785,"[7308683643,7278514736,7354761664]","[17.5134,17.586,17.4037]",903.046875,1009.921875
GPU-threads-qwen2.5-coder-7b-t1,qwen2.5-coder-7b,GPU-threads,bench,charging-01,[],True,False,0,,1,128,128,99,GPUOpenCL,0,0,32,0,2.772284,0.143612,"[11116003537,12265506975,11310707704]","[2.87873,2.60894,2.82918]",903.046875,1009.921875
GPU-threads-qwen2.5-coder-7b-t2,qwen2.5-coder-7b,GPU-threads,bench,charging-01,[],True,False,0,,2,128,128,99,GPUOpenCL,0,128,0,0,17.277355,0.554294,"[7693508174,7269933903,7277731508]","[16.6374,17.6068,17.5879]",928.1015625,1483.38671875
GPU-threads-qwen2.5-coder-7b-t2,qwen2.5-coder-7b,GPU-threads,bench,charging-01,[],True,False,0,,2,128,128,99,GPUOpenCL,0,0,32,0,3.683333,0.210141,"[8150829216,8981256351,8986132862]","[3.92598,3.56298,3.56104]",928.1015625,1483.38671875
GPU-threads-qwen2.5-coder-7b-t6,qwen2.5-coder-7b,GPU-threads,bench,charging-01,[],True,False,0,,6,128,128,99,GPUOpenCL,0,128,0,0,12.839963,0.174775,"[9814623486,10049350933,10046319319]","[13.0418,12.7371,12.741]",922.58203125,1504.02734375
GPU-threads-qwen2.5-coder-7b-t6,qwen2.5-coder-7b,GPU-threads,bench,charging-01,[],True,False,0,,6,128,128,99,GPUOpenCL,0,0,32,0,3.212915,0.581657,"[8265967132,10671179423,11557688485]","[3.8713,2.99873,2.76872]",922.58203125,1504.02734375
GPU-threads-qwen3-4b-instruct-t1,qwen3-4b-instruct,GPU-threads,bench,charging-01,[],True,False,0,,1,128,128,99,GPUOpenCL,0,128,0,0,29.10837,1.142276,"[4605269478,4314495779,4286178176]","[27.7942,29.6674,29.8634]",701.1875,4479.203125
GPU-threads-qwen3-4b-instruct-t1,qwen3-4b-instruct,GPU-threads,bench,charging-01,[],True,False,0,,1,128,128,99,GPUOpenCL,0,0,32,0,5.478761,0.119556,"[5963898591,5853483019,5710374894]","[5.36562,5.46683,5.60384]",701.1875,4479.203125
GPU-threads-qwen3-4b-instruct-t2,qwen3-4b-instruct,GPU-threads,bench,charging-01,[],True,False,0,,2,128,128,99,GPUOpenCL,0,128,0,0,30.130932,0.060309,"[4256566405,4248282499,4239563436]","[30.0712,30.1298,30.1918]",706.74609375,2974.57421875
GPU-threads-qwen3-4b-instruct-t2,qwen3-4b-instruct,GPU-threads,bench,charging-01,[],True,False,0,,2,128,128,99,GPUOpenCL,0,0,32,0,6.263554,0.019599,"[5122253123,5091246144,5113363540]","[6.24725,6.2853,6.25811]",706.74609375,2974.57421875
GPU-threads-qwen3-4b-instruct-t6,qwen3-4b-instruct,GPU-threads,bench,charging-01,[],True,False,0,,6,128,128,99,GPUOpenCL,0,128,0,0,30.102474,0.075466,"[4264431822,4245021197,4247026977]","[30.0157,30.153,30.1387]",706.8984375,3992.8828125
GPU-threads-qwen3-4b-instruct-t6,qwen3-4b-instruct,GPU-threads,bench,charging-01,[],True,False,0,,6,128,128,99,GPUOpenCL,0,0,32,0,6.029472,0.410094,"[4994666456,5255782029,5721386716]","[6.40683,6.08853,5.59305]",706.8984375,3992.8828125
affinity-mistral-7b-uncensored-t2-mask84,mistral-7b-uncensored,threads,bench,charging-01,[],True,False,0,,2,128,128,0,none,0,128,0,0,9.087346,0.027769,"[14036763953,14102429370,14117631714]","[9.11891,9.07645,9.06668]",7025.28125,2939.47265625
affinity-mistral-7b-uncensored-t2-mask84,mistral-7b-uncensored,threads,bench,charging-01,[],True,False,0,,2,128,128,0,none,0,0,32,0,3.847024,0.002789,"[8324659372,8312771715,8316929944]","[3.844,3.8495,3.84757]",7025.28125,2939.47265625
affinity-mistral-7b-uncensored-t3-mask8c,mistral-7b-uncensored,threads,bench,charging-01,"[""Requested CPU affinity was rejected by Android""]",False,False,0,,3,128,128,0,none,0,128,0,0,12.385624,0.019282,"[10352084580,10320416662,10331236298]","[12.3647,12.4026,12.3896]",6564.8203125,3030.71875
affinity-mistral-7b-uncensored-t3-mask8c,mistral-7b-uncensored,threads,bench,charging-01,"[""Requested CPU affinity was rejected by Android""]",False,False,0,,3,128,128,0,none,0,0,32,0,4.309615,0.32568,"[8067514945,7360043955,6934634008]","[3.96653,4.3478,4.61452]",6564.8203125,3030.71875
affinity-mistral-7b-uncensored-t4-mask9c,mistral-7b-uncensored,threads,bench,charging-01,[],True,False,0,,4,128,128,0,none,0,128,0,0,13.769615,0.274316,"[9191019319,9189236038,9514701246]","[13.9266,13.9293,13.4529]",6211.21875,2638.18359375
affinity-mistral-7b-uncensored-t4-mask9c,mistral-7b-uncensored,threads,bench,charging-01,[],True,False,0,,4,128,128,0,none,0,0,32,0,5.625463,0.036166,"[5730574217,5672473435,5662686769]","[5.58408,5.64128,5.65103]",6211.21875,2638.18359375
affinity-mistral-7b-uncensored-t6-maskfc,mistral-7b-uncensored,threads,bench,charging-01,[],True,False,0,,6,128,128,0,none,0,128,0,0,17.01927,3.722823,"[10048121559,6802148539,6563588696]","[12.7387,18.8176,19.5015]",6705.4765625,3170.8984375
affinity-mistral-7b-uncensored-t6-maskfc,mistral-7b-uncensored,threads,bench,charging-01,[],True,False,0,,6,128,128,0,none,0,0,32,0,5.612962,0.299048,"[5981784842,5764451508,5388977550]","[5.34957,5.55127,5.93805]",6705.4765625,3170.8984375
affinity-qwen2.5-coder-1.5b-t1-mask80,qwen2.5-coder-1.5b,threads,bench,,"[""OpenMP single-thread path does not apply the requested threadpool affinity; needs process-level affinity""]",False,False,0,,1,128,128,0,none,0,128,0,0,50.569003,0.29271,"[2517720884,2529192187,2546841353]","[50.8396,50.609,50.2583]",2072.20703125,5503.0546875
affinity-qwen2.5-coder-1.5b-t1-mask80,qwen2.5-coder-1.5b,threads,bench,,"[""OpenMP single-thread path does not apply the requested threadpool affinity; needs process-level affinity""]",False,False,0,,1,128,128,0,none,0,0,32,0,16.836367,0.095635,"[1889805780,1900866510,1911393020]","[16.933,16.8344,16.7417]",2072.20703125,5503.0546875
affinity-qwen2.5-coder-1.5b-t2-mask84,qwen2.5-coder-1.5b,threads,bench,,[],True,False,0,,2,128,128,0,none,0,128,0,0,66.219546,0.3033,"[1926316197,1929596457,1943060676]","[66.4481,66.3351,65.8755]",2067.45703125,5657.546875
affinity-qwen2.5-coder-1.5b-t2-mask84,qwen2.5-coder-1.5b,threads,bench,,[],True,False,0,,2,128,128,0,none,0,0,32,0,18.362355,0.092638,"[1752638957,1735783333,1739754218]","[18.2582,18.4355,18.3934]",2067.45703125,5657.546875
affinity-qwen2.5-coder-1.5b-t3-mask8c,qwen2.5-coder-1.5b,threads,bench,,[],True,False,0,,3,128,128,0,none,0,128,0,0,87.563175,0.66584,"[1463358124,1450085156,1472130676]","[87.47,88.2707,86.9488]",2068.1484375,5421.70703125
affinity-qwen2.5-coder-1.5b-t3-mask8c,qwen2.5-coder-1.5b,threads,bench,,[],True,False,0,,3,128,128,0,none,0,0,32,0,23.309078,0.023332,"[1374428593,1372263073,1371878177]","[23.2824,23.3191,23.3257]",2068.1484375,5421.70703125
affinity-qwen2.5-coder-1.5b-t4-mask9c,qwen2.5-coder-1.5b,threads,bench,,[],True,False,0,,4,128,128,0,none,0,128,0,0,119.648077,4.076654,"[1033240260,1072812551,1105835781]","[123.882,119.313,115.75]",2072.265625,5177.19140625
affinity-qwen2.5-coder-1.5b-t4-mask9c,qwen2.5-coder-1.5b,threads,bench,,[],True,False,0,,4,128,128,0,none,0,0,32,0,29.871956,0.010304,"[1071653072,1070942655,1071121145]","[29.8604,29.8802,29.8752]",2072.265625,5177.19140625
affinity-qwen2.5-coder-1.5b-t4-maskfc,qwen2.5-coder-1.5b,threads,bench,,[],True,False,0,,4,128,128,0,none,0,128,0,0,120.554502,1.200549,"[1052221093,1060071510,1073199791]","[121.647,120.747,119.269]",2072.671875,6247.5703125
affinity-qwen2.5-coder-1.5b-t4-maskfc,qwen2.5-coder-1.5b,threads,bench,,[],True,False,0,,4,128,128,0,none,0,0,32,0,33.189207,0.186352,"[967907969,966660676,957998541]","[33.061,33.1037,33.403]",2072.671875,6247.5703125
affinity-qwen2.5-coder-1.5b-t6-maskfc,qwen2.5-coder-1.5b,threads,bench,,[],True,False,0,,6,128,128,0,none,0,128,0,0,137.338428,31.453302,"[781972968,1248573072,877856353]","[163.689,102.517,145.81]",2071.83984375,5469.9609375
affinity-qwen2.5-coder-1.5b-t6-maskfc,qwen2.5-coder-1.5b,threads,bench,,[],True,False,0,,6,128,128,0,none,0,0,32,0,32.314185,1.773901,"[934487447,1040534218,1001698177]","[34.2434,30.7534,31.9458]",2071.83984375,5469.9609375
affinity-qwen2.5-coder-7b-t2-mask84,qwen2.5-coder-7b,threads,bench,charging-01,[],True,False,0,,2,128,128,0,none,0,128,0,0,12.059963,0.404769,"[10218067131,10805711037,10840595986]","[12.5268,11.8456,11.8075]",6746.0546875,3039.5625
affinity-qwen2.5-coder-7b-t2-mask84,qwen2.5-coder-7b,threads,bench,charging-01,[],True,False,0,,2,128,128,0,none,0,0,32,0,4.192785,0.015687,"[7631182809,7604205309,7661299111]","[4.19332,4.2082,4.17684]",6746.0546875,3039.5625
affinity-qwen2.5-coder-7b-t3-mask8c,qwen2.5-coder-7b,threads,bench,charging-01,[],True,False,0,,3,128,128,0,none,0,128,0,0,16.132159,2.71225,"[6789592237,7942348278,9532353174]","[18.8524,16.1161,13.428]",6561.96875,3106.69921875
affinity-qwen2.5-coder-7b-t3-mask8c,qwen2.5-coder-7b,threads,bench,charging-01,[],True,False,0,,3,128,128,0,none,0,0,32,0,4.520789,0.126202,"[6899985466,7052053226,7294295466]","[4.63769,4.53769,4.38699]",6561.96875,3106.69921875
affinity-qwen2.5-coder-7b-t4-mask9c,qwen2.5-coder-7b,threads,bench,charging-01,[],True,False,0,,4,128,128,0,none,0,128,0,0,14.975977,0.03266,"[8527469684,8549113434,8564563382]","[15.0103,14.9723,14.9453]",6654.15625,2637.94140625
affinity-qwen2.5-coder-7b-t4-mask9c,qwen2.5-coder-7b,threads,bench,charging-01,[],True,False,0,,4,128,128,0,none,0,0,32,0,5.549524,0.579351,"[5438815571,5438115362,6556642081]","[5.88363,5.88439,4.88055]",6654.15625,2637.94140625
affinity-qwen2.5-coder-7b-t6-maskfc,qwen2.5-coder-7b,threads,bench,charging-01,[],True,False,0,,6,128,128,0,none,0,128,0,0,19.089516,2.379532,"[6505605727,6060197863,7770863174]","[19.6753,21.1214,16.4718]",6506.10546875,2618.95703125
affinity-qwen2.5-coder-7b-t6-maskfc,qwen2.5-coder-7b,threads,bench,charging-01,[],True,False,0,,6,128,128,0,none,0,0,32,0,5.244185,0.398852,"[6672184268,5952011404,5755196873]","[4.79603,5.37633,5.56019]",6506.10546875,2618.95703125
affinity-qwen3-4b-instruct-t2-mask84,qwen3-4b-instruct,threads,bench,,[],True,False,0,,2,128,128,0,none,0,128,0,0,25.36962,3.027006,"[4442171352,5298433800,5532493956]","[28.8147,24.1581,23.136]",4858.30078125,4136.1875
affinity-qwen3-4b-instruct-t2-mask84,qwen3-4b-instruct,threads,bench,,[],True,False,0,,2,128,128,0,none,0,0,32,0,7.310414,0.349248,"[4169709999,4396328488,4585809998]","[7.67439,7.2788,6.97805]",4858.30078125,4136.1875
affinity-qwen3-4b-instruct-t3-mask8c,qwen3-4b-instruct,threads,bench,,[],True,False,0,,3,128,128,0,none,0,128,0,0,31.893517,3.603547,"[3740069686,3796682082,4613785936]","[34.224,33.7136,27.7429]",4858.18359375,4389.7109375
affinity-qwen3-4b-instruct-t3-mask8c,qwen3-4b-instruct,threads,bench,,[],True,False,0,,3,128,128,0,none,0,0,32,0,7.80292,0.547708,"[3830457811,4104709321,4408476196]","[8.35409,7.79592,7.25874]",4858.18359375,4389.7109375
affinity-qwen3-4b-instruct-t4-mask9c,qwen3-4b-instruct,threads,bench,,[],True,False,0,,4,128,128,0,none,0,128,0,0,31.365262,1.584676,"[3856045155,4198652134,4208424843]","[33.1946,30.486,30.4152]",4863.48828125,4246.25
affinity-qwen3-4b-instruct-t4-mask9c,qwen3-4b-instruct,threads,bench,,[],True,False,0,,4,128,128,0,none,0,0,32,0,9.928067,0.194033,"[3294978124,3204583957,3172476405]","[9.71175,9.9857,10.0868]",4863.48828125,4246.25
affinity-qwen3-4b-instruct-t6-maskfc,qwen3-4b-instruct,threads,bench,,[],True,False,0,,6,128,128,0,none,0,128,0,0,40.268177,11.028788,"[2442675208,3408689218,4148856301]","[52.4016,37.5511,30.8519]",4859.20703125,4544.24609375
affinity-qwen3-4b-instruct-t6-maskfc,qwen3-4b-instruct,threads,bench,,[],True,False,0,,6,128,128,0,none,0,0,32,0,8.332413,0.384951,"[3723179322,4055513801,3759424009]","[8.5948,7.89049,8.51194]",4859.20703125,4544.24609375
affinity-qwen3.5-4b-instruct-t2-mask84,qwen3.5-4b-instruct,threads,bench,charging-01,[],True,False,0,,2,128,128,0,none,0,128,0,0,15.392421,0.899069,"[7790361247,8608947445,8603045883]","[16.4306,14.8683,14.8785]",5386.54296875,4633.0625
affinity-qwen3.5-4b-instruct-t2-mask84,qwen3.5-4b-instruct,threads,bench,charging-01,[],True,False,0,,2,128,128,0,none,0,0,32,0,4.910695,0.00177,"[6515232342,6514843747,6519092341]","[4.91157,4.91186,4.90866]",5386.54296875,4633.0625
affinity-qwen3.5-4b-instruct-t3-mask8c,qwen3.5-4b-instruct,threads,bench,charging-01,[],True,False,0,,3,128,128,0,none,0,128,0,0,21.688257,2.013454,"[5340148331,6113643070,6349641560]","[23.9694,20.9368,20.1586]",5386.05078125,4327.80078125
affinity-qwen3.5-4b-instruct-t3-mask8c,qwen3.5-4b-instruct,threads,bench,charging-01,[],True,False,0,,3,128,128,0,none,0,0,32,0,5.92165,0.015703,"[5393354165,5420260310,5398160467]","[5.93323,5.90378,5.92795]",5386.05078125,4327.80078125
affinity-qwen3.5-4b-instruct-t4-mask9c,qwen3.5-4b-instruct,threads,bench,charging-01,[],True,False,0,,4,128,128,0,none,0,128,0,0,26.060319,2.669959,"[4641394633,4633383644,5570681820]","[27.5779,27.6256,22.9774]",5385.76171875,4327.984375
affinity-qwen3.5-4b-instruct-t4-mask9c,qwen3.5-4b-instruct,threads,bench,charging-01,[],True,False,0,,4,128,128,0,none,0,0,32,0,7.020147,0.027862,"[4545254790,4579046196,4550769634]","[7.04031,6.98835,7.03178]",5385.76171875,4327.984375
affinity-qwen3.5-4b-instruct-t6-maskfc,qwen3.5-4b-instruct,threads,bench,charging-01,[],True,False,0,,6,128,128,0,none,0,128,0,0,36.522932,2.985639,"[3224247967,3546130571,3789904999]","[39.6992,36.0957,33.7739]",5384.0859375,4287.47265625
affinity-qwen3.5-4b-instruct-t6-maskfc,qwen3.5-4b-instruct,threads,bench,charging-01,[],True,False,0,,6,128,128,0,none,0,0,32,0,6.882759,0.219,"[4631195259,4810909008,4515269113]","[6.90966,6.65155,7.08706]",5384.0859375,4287.47265625
baseline-mistral-7b-uncensored-r0-ngl0,mistral-7b-uncensored,baseline,bench,,[],True,False,0,,4,128,128,0,none,0,128,0,0,10.869049,4.075501,"[20723532335,9917134319,9464908278]","[6.17655,12.907,13.5236]",6684.45703125,2468.21484375
baseline-mistral-7b-uncensored-r0-ngl0,mistral-7b-uncensored,baseline,bench,,[],True,False,0,,4,128,128,0,none,0,0,32,0,4.672743,0.132835,"[6640067237,6898196924,7017378591]","[4.81923,4.63889,4.56011]",6684.45703125,2468.21484375
baseline-mistral-7b-uncensored-r0-ngl99,mistral-7b-uncensored,baseline,bench,,[],True,False,0,,4,128,128,99,GPUOpenCL,0,128,0,0,15.887354,0.016941,"[8066115049,8054821976,8049247601]","[15.8689,15.8911,15.9021]",119.1953125,2206.51171875
baseline-mistral-7b-uncensored-r0-ngl99,mistral-7b-uncensored,baseline,bench,,[],True,False,0,,4,128,128,99,GPUOpenCL,0,0,32,0,3.814208,0.084663,"[8607974007,8311084476,8258360361]","[3.71748,3.85028,3.87486]",119.1953125,2206.51171875
baseline-mistral-7b-uncensored-r1-ngl0,mistral-7b-uncensored,baseline,bench,,[],True,False,0,,4,128,128,0,none,0,128,0,0,11.34183,3.632071,"[8423559893,11799210880,16036423067]","[15.1955,10.8482,7.98183]",6574.140625,2671.4765625
baseline-mistral-7b-uncensored-r1-ngl0,mistral-7b-uncensored,baseline,bench,,[],True,False,0,,4,128,128,0,none,0,0,32,0,4.576389,0.383948,"[6876374216,6509550778,7692868695]","[4.65362,4.91585,4.1597]",6574.140625,2671.4765625
baseline-mistral-7b-uncensored-r1-ngl99,mistral-7b-uncensored,baseline,bench,,[],True,False,0,,4,128,128,99,GPUOpenCL,0,128,0,0,15.802174,0.171455,"[8202866976,8046916611,8052589529]","[15.6043,15.9067,15.8955]",136.99609375,2378.53515625
baseline-mistral-7b-uncensored-r1-ngl99,mistral-7b-uncensored,baseline,bench,,[],True,False,0,,4,128,128,99,GPUOpenCL,0,0,32,0,3.688565,0.045702,"[8801376872,8614686507,8613002445]","[3.63579,3.71459,3.71531]",136.99609375,2378.53515625
baseline-qwen2.5-coder-1.5b-r0-ngl0,qwen2.5-coder-1.5b,baseline,bench,,[],True,False,0,,4,128,128,0,none,0,128,0,0,117.449112,9.860233,"[1023719115,1057764270,1204104218]","[125.034,121.01,106.303]",1902.0234375,4229.48828125
baseline-qwen2.5-coder-1.5b-r0-ngl0,qwen2.5-coder-1.5b,baseline,bench,,[],True,False,0,,4,128,128,0,none,0,0,32,0,29.875586,2.774924,"[1198530676,1029012030,1005353228]","[26.6994,31.0978,31.8296]",1902.0234375,4229.48828125
baseline-qwen2.5-coder-1.5b-r0-ngl99,qwen2.5-coder-1.5b,baseline,bench,,[],True,False,0,,4,128,128,99,GPUOpenCL,0,128,0,0,80.340628,4.504808,"[1520606509,1698058333,1571232083]","[84.1769,75.3802,81.4647]",439.6875,4102.82421875
baseline-qwen2.5-coder-1.5b-r0-ngl99,qwen2.5-coder-1.5b,baseline,bench,,[],True,False,0,,4,128,128,99,GPUOpenCL,0,0,32,0,7.955105,1.737661,"[3464082759,3699355259,5353404946]","[9.23765,8.65016,5.9775]",439.6875,4102.82421875
baseline-qwen2.5-coder-1.5b-r1-ngl0,qwen2.5-coder-1.5b,baseline,bench,,[],True,False,0,,4,128,128,0,none,0,128,0,0,123.193349,1.217404,"[1032216458,1034080208,1050958802]","[124.005,123.782,121.794]",1903.70703125,5032.67578125
baseline-qwen2.5-coder-1.5b-r1-ngl0,qwen2.5-coder-1.5b,baseline,bench,,[],True,False,0,,4,128,128,0,none,0,0,32,0,31.639533,0.716134,"[986655156,1017647187,1030904426]","[32.4328,31.4451,31.0407]",1903.70703125,5032.67578125
baseline-qwen2.5-coder-1.5b-r1-ngl99,qwen2.5-coder-1.5b,baseline,bench,,[],True,False,0,,4,128,128,99,GPUOpenCL,0,128,0,0,83.230798,0.614129,"[1549789479,1536912604,1527142343]","[82.5919,83.2839,83.8167]",409.40625,4943.25390625
baseline-qwen2.5-coder-1.5b-r1-ngl99,qwen2.5-coder-1.5b,baseline,bench,,[],True,False,0,,4,128,128,99,GPUOpenCL,0,0,32,0,8.736182,2.022368,"[2893724114,4108814061,4346647133]","[11.0584,7.78814,7.362]",409.40625,4943.25390625
baseline-qwen2.5-coder-7b-r0-ngl0,qwen2.5-coder-7b,baseline,bench,,[],True,False,0,,4,128,128,0,none,0,128,0,0,18.707769,1.873683,"[6874146612,6206492393,7583276039]","[18.6205,20.6236,16.8792]",6414.015625,2771.0546875
baseline-qwen2.5-coder-7b-r0-ngl0,qwen2.5-coder-7b,baseline,bench,,[],True,False,0,,4,128,128,0,none,0,0,32,0,4.260111,0.339524,"[8269604737,7230969320,7134366612]","[3.86959,4.42541,4.48533]",6414.015625,2771.0546875
baseline-qwen2.5-coder-7b-r0-ngl99,qwen2.5-coder-7b,baseline,bench,,[],True,False,0,,4,128,128,99,GPUOpenCL,0,128,0,0,17.612445,0.088777,"[7239716300,7309290049,7254128643]","[17.6803,17.512,17.6451]",802.51953125,2538.35546875
baseline-qwen2.5-coder-7b-r0-ngl99,qwen2.5-coder-7b,baseline,bench,,[],True,False,0,,4,128,128,99,GPUOpenCL,0,0,32,0,4.230979,0.902762,"[6552919216,6943009216,9997921663]","[4.88332,4.60895,3.20067]",802.51953125,2538.35546875
baseline-qwen2.5-coder-7b-r1-ngl0,qwen2.5-coder-7b,baseline,bench,,[],True,False,0,,4,128,128,0,none,0,128,0,0,14.098937,0.92961,"[9718358955,9080780570,8516210309]","[13.1709,14.0957,15.0302]",6041.796875,2409.09765625
baseline-qwen2.5-coder-7b-r1-ngl0,qwen2.5-coder-7b,baseline,bench,,[],True,False,0,,4,128,128,0,none,0,0,32,0,4.621368,1.256747,"[5535585154,6670191769,9738694944]","[5.78078,4.79746,3.28586]",6041.796875,2409.09765625
baseline-qwen2.5-coder-7b-r1-ngl99,qwen2.5-coder-7b,baseline,bench,,[],True,False,0,,4,128,128,99,GPUOpenCL,0,128,0,0,17.555904,0.02012,"[7297474424,7281574008,7293953851]","[17.5403,17.5786,17.5488]",801.94921875,2219.6171875
baseline-qwen2.5-coder-7b-r1-ngl99,qwen2.5-coder-7b,baseline,bench,,[],True,False,0,,4,128,128,99,GPUOpenCL,0,0,32,0,3.839596,0.862507,"[7022270414,7844572757,11101069267]","[4.55693,4.07925,2.88261]",801.94921875,2219.6171875
baseline-qwen3-4b-instruct-r0-ngl0,qwen3-4b-instruct,baseline,bench,,[],True,False,0,,4,128,128,0,none,0,128,0,0,21.773282,2.993142,"[6736611247,5988970675,5130964790]","[19.0007,21.3726,24.9466]",4859.359375,3808.91015625
baseline-qwen3-4b-instruct-r0-ngl0,qwen3-4b-instruct,baseline,bench,,[],True,False,0,,4,128,128,0,none,0,0,32,0,9.177357,1.161792,"[3056331978,3619277551,3892725936]","[10.4701,8.84154,8.22046]",4859.359375,3808.91015625
baseline-qwen3-4b-instruct-r0-ngl99,qwen3-4b-instruct,baseline,bench,,[],True,False,0,,4,128,128,99,GPUOpenCL,0,128,0,0,28.069976,2.961033,"[5184405102,4366096718,4237892082]","[24.6894,29.3168,30.2037]",701.8203125,3906.0625
baseline-qwen3-4b-instruct-r0-ngl99,qwen3-4b-instruct,baseline,bench,,[],True,False,0,,4,128,128,99,GPUOpenCL,0,0,32,0,7.459316,0.369461,"[4157362134,4184604425,4549537811]","[7.69719,7.64708,7.03368]",701.8203125,3906.0625
baseline-qwen3-4b-instruct-r1-ngl0,qwen3-4b-instruct,baseline,bench,,[],True,False,0,,4,128,128,0,none,0,128,0,0,36.877354,1.712799,"[3663213593,3350974426,3414041561]","[34.942,38.1978,37.4922]",4855.953125,4388.58203125
baseline-qwen3-4b-instruct-r1-ngl0,qwen3-4b-instruct,baseline,bench,,[],True,False,0,,4,128,128,0,none,0,0,32,0,7.644075,0.873921,"[3705412707,4378362186,4579578748]","[8.63602,7.30867,6.98754]",4855.953125,4388.58203125
baseline-qwen3-4b-instruct-r1-ngl99,qwen3-4b-instruct,baseline,bench,,[],True,False,0,,4,128,128,99,GPUOpenCL,0,128,0,0,29.031015,1.871145,"[4763554529,4246608175,4255226978]","[26.8707,30.1417,30.0807]",704.39453125,3491.96875
baseline-qwen3-4b-instruct-r1-ngl99,qwen3-4b-instruct,baseline,bench,,[],True,False,0,,4,128,128,99,GPUOpenCL,0,0,32,0,6.14952,0.508832,"[4860074477,5100059581,5724648592]","[6.58426,6.27444,5.58986]",704.39453125,3491.96875
baseline-qwen3.5-4b-instruct-r0-ngl0,qwen3.5-4b-instruct,baseline,bench,,[],True,False,0,,4,128,128,0,none,0,128,0,0,32.008207,6.178843,"[3370270780,3950019686,4992087811]","[37.9791,32.4049,25.6406]",5384.68359375,4253.03125
baseline-qwen3.5-4b-instruct-r0-ngl0,qwen3.5-4b-instruct,baseline,bench,,[],True,False,0,,4,128,128,0,none,0,0,32,0,4.777831,2.221552,"[4687314529,6287141195,13240637912]","[6.82694,5.08975,2.4168]",5384.68359375,4253.03125
baseline-qwen3.5-4b-instruct-r0-ngl99,qwen3.5-4b-instruct,baseline,bench,,[],True,False,0,,4,128,128,99,GPUOpenCL,0,128,0,0,28.255622,0.615793,"[4646787237,4467966821,4479820050]","[27.5459,28.6484,28.5726]",1128.69921875,2721.75
baseline-qwen3.5-4b-instruct-r0-ngl99,qwen3.5-4b-instruct,baseline,bench,,[],True,False,0,,4,128,128,99,GPUOpenCL,0,0,32,0,4.645348,0.943723,"[5771347497,6767193800,8736686976]","[5.54463,4.7287,3.66272]",1128.69921875,2721.75
baseline-qwen3.5-4b-instruct-r1-ngl0,qwen3.5-4b-instruct,baseline,bench,,[],True,False,0,,4,128,128,0,none,0,128,0,0,37.663533,0.5427,"[3348919009,3401355728,3446673384]","[38.2213,37.6321,37.1373]",5376.7421875,4313.23046875
baseline-qwen3.5-4b-instruct-r1-ngl0,qwen3.5-4b-instruct,baseline,bench,,[],True,False,0,,4,128,128,0,none,0,0,32,0,9.395316,0.895813,"[3116025467,3390863593,3773882915]","[10.2695,9.43712,8.47933]",5376.7421875,4313.23046875
baseline-qwen3.5-4b-instruct-r1-ngl99,qwen3.5-4b-instruct,baseline,bench,,[],True,False,0,,4,128,128,99,GPUOpenCL,0,128,0,0,29.127172,0.162927,"[4387075728,4374624738,4422141561]","[29.1766,29.2597,28.9453]",1131.28125,3538.81640625
baseline-qwen3.5-4b-instruct-r1-ngl99,qwen3.5-4b-instruct,baseline,bench,,[],True,False,0,,4,128,128,99,GPUOpenCL,0,0,32,0,5.403622,0.354854,"[5621469008,5806679112,6390404633]","[5.69246,5.5109,5.00751]",1131.28125,3538.81640625
batch-qwen2.5-coder-1.5b-b1024-ub1024-ngl0-r0,qwen2.5-coder-1.5b,batches,bench,unplugged-04,[],True,False,0,,4,1024,1024,0,none,0,1024,0,0,73.305108,1.383289,"[13671196297,14116896453,14128789473]","[74.902,72.5372,72.4761]",2067.84765625,6183.1015625
batch-qwen2.5-coder-1.5b-b1024-ub1024-ngl99-r0,qwen2.5-coder-1.5b,batches,bench,unplugged-04,[],True,False,0,,4,1024,1024,99,GPUOpenCL,0,1024,0,0,54.136453,1.651386,"[18422014420,18794124681,19564918691]","[55.5857,54.4851,52.3386]",451.078125,6086.87890625
batch-qwen2.5-coder-1.5b-b128-ub128-ngl0-r0,qwen2.5-coder-1.5b,batches,bench,charging-03,[],True,False,0,,4,128,128,0,none,0,1024,0,0,87.489203,12.676836,"[10053720153,12374618537,13151010672]","[101.853,82.75,77.8647]",2072.828125,6569.40625
batch-qwen2.5-coder-1.5b-b128-ub128-ngl99-r0,qwen2.5-coder-1.5b,batches,bench,charging-03,[],True,False,0,,4,128,128,99,GPUOpenCL,0,1024,0,0,48.448548,2.561666,"[19990881399,21356228898,22177102596]","[51.2234,47.9485,46.1738]",451.00390625,6442.8125
batch-qwen2.5-coder-1.5b-b256-ub128-ngl0-r0,qwen2.5-coder-1.5b,batches,bench,charging-03,[],True,False,0,,4,256,128,0,none,0,1024,0,0,67.388998,5.276188,"[13935496453,15915101036,15914417494]","[73.4814,64.3414,64.3442]",2067.4453125,6488.9765625
batch-qwen2.5-coder-1.5b-b256-ub128-ngl99-r0,qwen2.5-coder-1.5b,batches,bench,charging-03,[],True,False,0,,4,256,128,99,GPUOpenCL,0,1024,0,0,44.486198,0.102518,"[23018754575,22965263637,23071351449]","[44.4855,44.5891,44.384]",446.58203125,6315.0078125
batch-qwen2.5-coder-1.5b-b256-ub256-ngl99-r0,qwen2.5-coder-1.5b,batches,bench,unplugged-04,[],True,False,0,,4,256,256,99,GPUOpenCL,0,1024,0,0,53.254585,0.754556,"[18920670305,19416199941,19355965669]","[54.1207,52.7395,52.9036]",445.99609375,5705.6171875
batch-qwen2.5-coder-1.5b-b512-ub512-ngl0-r0,qwen2.5-coder-1.5b,batches,bench,unplugged-04,[],True,False,0,,4,512,512,0,none,0,1024,0,0,79.250309,4.892904,"[12062796349,13344338797,13451531714]","[84.8891,76.7367,76.1252]",2071.09375,6136.3046875
batch-qwen2.5-coder-1.5b-b512-ub512-ngl99-r0,qwen2.5-coder-1.5b,batches,bench,unplugged-04,[],True,False,0,,4,512,512,99,GPUOpenCL,0,1024,0,0,46.306181,1.828879,"[21149174835,22633979783,22625401450]","[48.418,45.2417,45.2589]",448.9140625,5613.8359375
batch-qwen2.5-coder-7b-b128-ub128-ngl99-r0,qwen2.5-coder-7b,batches,bench,unplugged-04,[],True,False,0,,4,128,128,99,GPUOpenCL,0,1024,0,0,17.302296,0.026376,"[59096188987,59276302112,59176470498]","[17.3277,17.275,17.3042]",937.1875,2052.45703125
batch-qwen3-4b-instruct-b256-ub256-ngl0-r0,qwen3-4b-instruct,batches,bench,unplugged-04,[],True,False,0,,4,256,256,0,none,0,1024,0,0,24.892684,2.462866,"[37046652903,42397689567,44745524879]","[27.6408,24.1523,22.885]",5017.265625,4840.0703125
batch-qwen3-4b-instruct-b256-ub256-ngl99-r0,qwen3-4b-instruct,batches,bench,unplugged-04,[],True,False,0,,4,256,256,99,GPUOpenCL,0,1024,0,0,29.861047,0.026639,"[34325142591,34264675716,34286735664]","[29.8324,29.885,29.8658]",708.8359375,4043.984375
batch-qwen3-4b-instruct-b512-ub512-ngl0-r0,qwen3-4b-instruct,batches,bench,unplugged-04,[],True,False,0,,4,512,512,0,none,0,1024,0,0,26.677893,1.340711,"[36606694413,40480973109,38259179621]","[27.973,25.2958,26.7648]",5077.37890625,4547.703125
diagnostic-KMP0-host-qwen2.5-coder-1.5b,qwen2.5-coder-1.5b,diagnostics,bench,,[],True,False,0,,4,128,128,99,GPUOpenCL,0,0,32,0,6.253178,1.993906,"[6607100362,4175865206]","[4.84327,7.66308]",451.203125,4965.13671875
diagnostic-KMP0-host-qwen2.5-coder-7b,qwen2.5-coder-7b,diagnostics,bench,,[],True,False,0,,4,512,512,99,GPUOpenCL,0,0,32,0,2.877081,0.100199,"[10855065152,11403201089]","[2.94793,2.80623]",933.94140625,1888.09375
diagnostic-KMP0-original-qwen2.5-coder-1.5b,qwen2.5-coder-1.5b,diagnostics,bench,,[],True,False,0,,4,128,128,99,GPUOpenCL,0,0,32,0,7.747327,0.027581,"[4136810206,4113713124,4140951197]","[7.73543,7.77886,7.72769]",445.93359375,5505.875
diagnostic-KMP0-original-qwen2.5-coder-7b,qwen2.5-coder-7b,diagnostics,bench,,[],True,False,0,,4,512,512,99,GPUOpenCL,0,0,32,0,2.915347,0.093561,"[10673775516,10905620256,11372634892]","[2.998,2.93427,2.81377]",932.23046875,2527.140625
diagnostic-OMP-passive-host-qwen1.5,qwen2.5-coder-1.5b,diagnostics,bench,,[],True,False,0,,4,128,128,99,GPUOpenCL,0,0,32,0,7.791203,0.36505,"[3975484686,4247933957]","[8.04933,7.53307]",446.38671875,5886.02734375
diagnostic-host-qwen2.5-coder-1.5b-pp0-tg32,qwen2.5-coder-1.5b,diagnostics,bench,,[],True,False,0,,4,128,128,99,GPUOpenCL,0,0,32,0,9.722066,0.051943,"[3303963697,3279093280]","[9.68534,9.7588]",450.60546875,5636.0859375
diagnostic-host-qwen2.5-coder-1.5b-pp128-tg0,qwen2.5-coder-1.5b,diagnostics,bench,,[],True,False,0,,4,128,128,99,GPUOpenCL,0,128,0,0,82.989584,0.673593,"[1533560677,1551265416]","[83.4659,82.5133]",450.76171875,5211.1640625
diagnostic-host-qwen2.5-coder-7b-pp0-tg32,qwen2.5-coder-7b,diagnostics,bench,,[],True,False,0,,4,512,512,99,GPUOpenCL,0,0,32,0,4.251781,0.123085,"[7375284685,7683540153]","[4.33882,4.16475]",927.42578125,2396.80859375
diagnostic-host-qwen2.5-coder-7b-pp1024-tg0-safeub256,qwen2.5-coder-7b,diagnostics,bench,,[],True,False,0,,4,512,256,99,GPUOpenCL,0,1024,0,0,17.542001,0.404272,"[59341204352,57438173363]","[17.2561,17.8279]",938.44140625,2018.08203125
diagnostic-host-qwen3.5-4b-instruct-pp0-tg32,qwen3.5-4b-instruct,diagnostics,bench,,[],True,False,0,,4,128,128,99,GPUOpenCL,0,0,32,0,5.708928,0.002502,"[5606993227,5603519164]","[5.70716,5.7107]",1127.3984375,3425.15625
diagnostic-host-qwen3.5-4b-instruct-pp128-tg0,qwen3.5-4b-instruct,diagnostics,bench,,[],True,False,0,,4,128,128,99,GPUOpenCL,0,128,0,0,26.652165,3.310927,"[5265109269,4414806404]","[24.311,28.9933]",1131.6171875,3328.55859375
diagnostic-loader-control-host-qwen1.5,qwen2.5-coder-1.5b,probe,bench,charging-01,[],True,False,0,,4,128,128,99,GPUOpenCL,0,128,0,0,55.99697,1.019966,"[2256771405,2315663020]","[56.7182,55.2757]",446.3515625,3530.27734375
diagnostic-loader-control-host-qwen1.5,qwen2.5-coder-1.5b,probe,bench,charging-01,[],True,False,0,,4,128,128,99,GPUOpenCL,0,0,32,0,4.144076,0.056713,"[7797320049,7647858383]","[4.10397,4.18418]",446.3515625,3530.27734375
diagnostic-loader-control-original-qwen1.5,qwen2.5-coder-1.5b,probe,bench,charging-01,[],True,False,0,,4,128,128,99,GPUOpenCL,0,128,0,0,76.444692,0.940822,"[1691788853,1680076406,1651879218]","[75.6596,76.187,77.4875]",445.59765625,3735.19921875
diagnostic-loader-control-original-qwen1.5,qwen2.5-coder-1.5b,probe,bench,charging-01,[],True,False,0,,4,128,128,99,GPUOpenCL,0,0,32,0,5.651254,0.067982,"[5703494372,5700613488,5584899217]","[5.6106,5.61343,5.72974]",445.59765625,3735.19921875
diagnostic-loader-paired-r0-control-mask9c,qwen2.5-coder-1.5b,probe,bench,charging-01,[],True,False,0,,4,128,128,99,GPUOpenCL,0,128,0,0,56.262983,5.643619,"[2112873385,2194379479,2566307916]","[60.581,58.3308,49.8771]",450.359375,5481.16015625
diagnostic-loader-paired-r0-control-mask9c,qwen2.5-coder-1.5b,probe,bench,charging-01,[],True,False,0,,4,128,128,99,GPUOpenCL,0,0,32,0,5.236484,0.036951,"[6081084789,6160784477,6091653123]","[5.26222,5.19414,5.25309]",450.359375,5481.16015625
diagnostic-loader-paired-r0-probeN1-mask9c,qwen2.5-coder-1.5b,probe,bench,charging-01,[],True,False,0,,4,128,128,99,GPUOpenCL,0,128,0,0,83.867323,3.80372,"[1486163593,1488400312,1610553125]","[86.1278,85.9984,79.4758]",450.82421875,5027.95703125
diagnostic-loader-paired-r0-probeN1-mask9c,qwen2.5-coder-1.5b,probe,bench,charging-01,[],True,False,0,,4,128,128,99,GPUOpenCL,0,0,32,0,16.063156,0.214178,"[2019455312,1966318176,1991344947]","[15.8459,16.2741,16.0695]",450.82421875,5027.95703125
diagnostic-loader-paired-r1-control-mask9c,qwen2.5-coder-1.5b,probe,bench,charging-01,"[""Requested CPU affinity was rejected by Android""]",False,False,0,,4,128,128,99,GPUOpenCL,0,128,0,0,73.49179,0.291284,"[1749587499,1736630625,1738910155]","[73.1601,73.7059,73.6093]",451.203125,5058.15234375
diagnostic-loader-paired-r1-control-mask9c,qwen2.5-coder-1.5b,probe,bench,charging-01,"[""Requested CPU affinity was rejected by Android""]",False,False,0,,4,128,128,99,GPUOpenCL,0,0,32,0,5.571791,0.216344,"[5500603019,5914895102,5831162029]","[5.81754,5.41007,5.48776]",451.203125,5058.15234375
diagnostic-loader-paired-r1-probeN1-mask9c,qwen2.5-coder-1.5b,probe,bench,charging-01,[],True,False,0,,4,128,128,99,GPUOpenCL,0,128,0,0,85.827895,0.252103,"[1493974478,1493804687,1486316406]","[85.6775,85.6872,86.1189]",451.03515625,5077.28515625
diagnostic-loader-paired-r1-probeN1-mask9c,qwen2.5-coder-1.5b,probe,bench,charging-01,[],True,False,0,,4,128,128,99,GPUOpenCL,0,0,32,0,16.034597,0.103081,"[1985778333,1991172238,2010268853]","[16.1146,16.0709,15.9183]",451.03515625,5077.28515625
diagnostic-loader-probeN1-KMP0-host-qwen1.5,qwen2.5-coder-1.5b,probe,bench,charging-01,[],True,False,0,,4,128,128,99,GPUOpenCL,0,128,0,0,85.304679,0.040574,"[1499999374,1501008697]","[85.3334,85.276]",450.19921875,3987.82421875
diagnostic-loader-probeN1-KMP0-host-qwen1.5,qwen2.5-coder-1.5b,probe,bench,charging-01,[],True,False,0,,4,128,128,99,GPUOpenCL,0,0,32,0,12.871574,0.469108,"[2551861665,2423639635]","[12.5399,13.2033]",450.19921875,3987.82421875
diagnostic-loader-probeN1-KMP0-original-qwen1.5,qwen2.5-coder-1.5b,probe,bench,charging-01,[],True,False,0,,4,128,128,99,GPUOpenCL,0,128,0,0,83.499676,3.53203,"[1611606354,1498636666,1494206354]","[79.4239,85.411,85.6642]",447.15234375,3771.83984375
diagnostic-loader-probeN1-KMP0-original-qwen1.5,qwen2.5-coder-1.5b,probe,bench,charging-01,[],True,False,0,,4,128,128,99,GPUOpenCL,0,0,32,0,13.7111,0.765617,"[2229050155,2300091145,2487384895]","[14.3559,13.9125,12.8649]",447.15234375,3771.83984375
diagnostic-loader-probeN1-host-qwen1.5,qwen2.5-coder-1.5b,probe,bench,charging-01,[],True,False,0,,4,128,128,99,GPUOpenCL,0,128,0,0,85.226897,0.960505,"[1513937969,1489999375]","[84.5477,85.9061]",450.64453125,3478.55859375
diagnostic-loader-probeN1-host-qwen1.5,qwen2.5-coder-1.5b,probe,bench,charging-01,[],True,False,0,,4,128,128,99,GPUOpenCL,0,0,32,0,12.809731,0.300517,"[2540240312,2457336666]","[12.5972,13.0222]",450.64453125,3478.55859375
diagnostic-loader-probeN1-original-qwen1.5,qwen2.5-coder-1.5b,probe,bench,charging-01,[],True,False,0,,4,128,128,99,GPUOpenCL,0,128,0,0,85.417708,0.148019,"[1499898489,1495528958,1500136510]","[85.3391,85.5884,85.3256]",450.16796875,3375.921875
diagnostic-loader-probeN1-original-qwen1.5,qwen2.5-coder-1.5b,probe,bench,charging-01,[],True,False,0,,4,128,128,99,GPUOpenCL,0,0,32,0,13.765223,0.314144,"[2387381041,2299003072,2290166405]","[13.4038,13.9191,13.9728]",450.16796875,3375.921875
diagnostic-overhead-host-uninstrumented-qwen2.5-coder-1.5b,qwen2.5-coder-1.5b,diagnostics,bench,,[],True,False,0,,4,128,128,99,GPUOpenCL,0,128,0,0,72.145125,8.68245,"[1664203853,1653782655,2060415207]","[76.9137,77.3983,62.1234]",446.859375,5427.67578125
diagnostic-overhead-host-uninstrumented-qwen2.5-coder-1.5b,qwen2.5-coder-1.5b,diagnostics,bench,,[],True,False,0,,4,128,128,99,GPUOpenCL,0,0,32,0,8.263552,1.060096,"[3624111717,3587311561,4545082550]","[8.82975,8.92033,7.04058]",446.859375,5427.67578125
diagnostic-overhead-original-qwen2.5-coder-1.5b,qwen2.5-coder-1.5b,diagnostics,bench,,[],True,False,0,,4,128,128,99,GPUOpenCL,0,128,0,0,78.175533,9.484412,"[1543687916,1517432031,1903197187]","[82.9183,84.353,67.2552]",446.75390625,5525.125
diagnostic-overhead-original-qwen2.5-coder-1.5b,qwen2.5-coder-1.5b,diagnostics,bench,,[],True,False,0,,4,128,128,99,GPUOpenCL,0,0,32,0,8.728297,0.612102,"[3555624010,3494341301,3986345831]","[8.99983,9.15766,8.0274]",446.75390625,5525.125
diagnostic-poll0-host-qwen2.5-coder-1.5b,qwen2.5-coder-1.5b,diagnostics,bench,,[],True,False,0,,4,128,128,99,GPUOpenCL,0,0,32,0,7.709481,0.514479,"[3963696353,4356296561]","[8.07327,7.34569]",446.828125,5570.26171875
diagnostic-poll0-host-qwen2.5-coder-7b,qwen2.5-coder-7b,diagnostics,bench,,[],True,False,0,,4,512,512,99,GPUOpenCL,0,0,32,0,3.439175,0.408466,"[8583681976,10157616351]","[3.728,3.15035]",932.04296875,2272.12109375
diagnostic-poll0-original-qwen2.5-coder-1.5b,qwen2.5-coder-1.5b,diagnostics,bench,,[],True,False,0,,4,128,128,99,GPUOpenCL,0,0,32,0,10.530663,2.30415,"[2678354114,2718229583,4065048436]","[11.9476,11.7724,7.87198]",446.6171875,5538.125
diagnostic-poll0-original-qwen2.5-coder-7b,qwen2.5-coder-7b,diagnostics,bench,,[],True,False,0,,4,512,512,99,GPUOpenCL,0,0,32,0,3.641554,0.833375,"[7158079008,8766174215,11413109474]","[4.47047,3.6504,2.80379]",933.375,2159.95703125
diagnostic-profile-qwen2.5-coder-1.5b-pp0-tg32,qwen2.5-coder-1.5b,diagnostics,bench,,[],True,False,0,,4,128,128,99,GPUOpenCL,0,0,32,0,12.632302,0.133887,"[2514344582,2552316457]","[12.727,12.5376]",450.72265625,6112.02734375
diagnostic-profile-qwen2.5-coder-1.5b-pp128-tg0,qwen2.5-coder-1.5b,diagnostics,bench,,[],True,False,0,,4,128,128,99,GPUOpenCL,0,128,0,0,58.426043,3.947689,"[2300726301,2090906041]","[55.6346,61.2175]",450.64453125,5411.4296875
diagnostic-profile-qwen2.5-coder-7b-pp0-tg32,qwen2.5-coder-7b,diagnostics,bench,,[],True,False,0,,4,512,512,99,GPUOpenCL,0,0,32,0,3.426976,0.905365,"[7867886247,11482759422]","[4.06717,2.78679]",937.87109375,2375.28125
diagnostic-profile-qwen2.5-coder-7b-pp1024-tg0-safeub256,qwen2.5-coder-7b,diagnostics,bench,,[],True,False,0,,4,512,256,99,GPUOpenCL,0,1024,0,0,17.895478,0.012697,"[57249882374,57192467322]","[17.8865,17.9045]",907.19140625,2345.90625
diagnostic-profile-qwen3.5-4b-instruct-pp0-tg32,qwen3.5-4b-instruct,diagnostics,bench,,[],True,False,0,,4,128,128,99,GPUOpenCL,0,0,32,0,5.365378,0.409327,"[5658893227,6304250050]","[5.65482,5.07594]",1138.55078125,3622.6171875
diagnostic-profile-qwen3.5-4b-instruct-pp128-tg0,qwen3.5-4b-instruct,diagnostics,bench,,[],True,False,0,,4,128,128,99,GPUOpenCL,0,128,0,0,27.461659,1.417207,"[4837574269,4496943905]","[26.4595,28.4638]",1130.296875,3392.34765625
diagnostic-scheduler-qwen2.5-coder-1.5b,qwen2.5-coder-1.5b,diagnostics,bench,,[],True,False,0,,4,128,128,99,GPUOpenCL,0,0,2,0,9.421928,0.0,[212270781],[9.42193],447.01171875,5581.2265625
diagnostic-scheduler-qwen2.5-coder-7b,qwen2.5-coder-7b,diagnostics,bench,charging-01,[],True,False,0,,4,128,128,99,GPUOpenCL,0,0,2,0,3.641955,0.0,[549155677],[3.64195],931.91796875,2422.55859375
diagnostic-scheduler-qwen3.5-4b-instruct,qwen3.5-4b-instruct,diagnostics,bench,charging-01,[],True,False,0,,4,128,128,99,GPUOpenCL,0,0,2,0,5.450738,0.0,[366922760],[5.45074],1122.8203125,3318.06640625
npu-bestcpu-scale-v1-qwen2.5-coder-1.5b-t4-faoff,qwen2.5-coder-1.5b,cpu-best-scale,bench,api-20261003T210139Z-UNPLUGGED,[],True,False,0,,4,512,256,0,none,0,512,0,0,99.835548,16.482025,"[4456633332,4999991612,6227078487]","[114.885,102.4,82.2215]",2060.703125,5211.6953125
npu-bestcpu-scale-v1-qwen2.5-coder-1.5b-t4-faoff,qwen2.5-coder-1.5b,cpu-best-scale,bench,api-20261003T210139Z-UNPLUGGED,[],True,False,0,,4,512,256,0,none,0,0,64,0,21.043501,0.445095,"[3117401145,3002267186,3007044426]","[20.5299,21.3172,21.2834]",2060.703125,5211.6953125
npu-bestcpu-scale-v1-qwen2.5-coder-1.5b-t4-faon,qwen2.5-coder-1.5b,cpu-best-scale,bench,api-20261003T210139Z-UNPLUGGED,[],True,False,0,,4,512,256,0,none,1,512,0,0,109.391223,11.48626,"[4332304842,4507165727,5311485102]","[118.182,113.597,96.3949]",1963.94921875,4319.62109375
npu-bestcpu-scale-v1-qwen2.5-coder-1.5b-t4-faon,qwen2.5-coder-1.5b,cpu-best-scale,bench,api-20261003T210139Z-UNPLUGGED,[],True,False,0,,4,512,256,0,none,1,0,64,0,21.776506,0.203904,"[2969464895,2932407395,2915486145]","[21.5527,21.8251,21.9517]",1963.94921875,4319.62109375
npu-bestcpu-scale-v1-qwen2.5-coder-1.5b-t5-faoff,qwen2.5-coder-1.5b,cpu-best-scale,bench,api-20261003T210139Z-UNPLUGGED,[],True,False,0,,5,512,256,0,none,0,512,0,0,130.907771,10.448594,"[3663946145,3832058176,4289055311]","[139.74,133.61,119.374]",2060.46484375,4205.8671875
npu-bestcpu-scale-v1-qwen2.5-coder-1.5b-t5-faoff,qwen2.5-coder-1.5b,cpu-best-scale,bench,api-20261003T210139Z-UNPLUGGED,[],True,False,0,,5,512,256,0,none,0,0,64,0,22.718273,0.228007,"[2820462967,2843819321,2787631041]","[22.6913,22.5049,22.9586]",2060.46484375,4205.8671875
npu-bestcpu-scale-v1-qwen2.5-coder-1.5b-t5-faon,qwen2.5-coder-1.5b,cpu-best-scale,bench,api-20261003T210139Z-UNPLUGGED,[],True,False,0,,5,512,256,0,none,1,512,0,0,130.565729,7.828776,"[3732110363,3861704373,4199287499]","[137.188,132.584,121.925]",2060.3984375,4112.59765625
npu-bestcpu-scale-v1-qwen2.5-coder-1.5b-t5-faon,qwen2.5-coder-1.5b,cpu-best-scale,bench,api-20261003T210139Z-UNPLUGGED,[],True,False,0,,5,512,256,0,none,1,0,64,0,22.840975,3.481937,"[3369983332,2693404947,2483509061]","[18.9912,23.7617,25.77]",2060.3984375,4112.59765625
npu-first-unplugged-v1-1.5b-r0-ngl0,qwen2.5-coder-1.5b,npu-first-matched,bench,api-20261003T210139Z-UNPLUGGED,[],True,False,0,,6,512,128,0,none,0,512,0,0,121.552343,20.752509,"[3563781822,4321203176,4994931665]","[143.668,118.486,102.504]",2060.79296875,5771.265625
npu-first-unplugged-v1-1.5b-r0-ngl0,qwen2.5-coder-1.5b,npu-first-matched,bench,api-20261003T210139Z-UNPLUGGED,[],True,False,0,,6,512,128,0,none,0,0,64,0,23.753803,1.210753,"[2605411249,2629942968,2861995624]","[24.5643,24.3351,22.362]",2060.79296875,5771.265625
npu-first-unplugged-v1-1.5b-r0-ngl99,qwen2.5-coder-1.5b,npu-first-matched,bench,api-20261003T210139Z-UNPLUGGED,[],True,False,0,,6,512,128,99,HTP0,0,512,0,0,845.45703,1.434163,"[606739011,605277343,604755989]","[843.855,845.893,846.622]",244.9765625,5118.515625
npu-first-unplugged-v1-1.5b-r0-ngl99,qwen2.5-coder-1.5b,npu-first-matched,bench,api-20261003T210139Z-UNPLUGGED,[],True,False,0,,6,512,128,99,HTP0,0,0,64,0,32.982773,0.237594,"[1956509687,1930449895,1934463176]","[32.7113,33.1529,33.0841]",244.9765625,5118.515625
npu-first-unplugged-v1-1.5b-r1-ngl0,qwen2.5-coder-1.5b,npu-first-matched,bench,api-20261003T210139Z-UNPLUGGED,[],True,False,0,,6,512,128,0,none,0,512,0,0,124.184622,20.274582,"[3562022759,4077853071,4958403279]","[143.739,125.556,103.259]",2060.6953125,5031.87890625
npu-first-unplugged-v1-1.5b-r1-ngl0,qwen2.5-coder-1.5b,npu-first-matched,bench,api-20261003T210139Z-UNPLUGGED,[],True,False,0,,6,512,128,0,none,0,0,64,0,21.186028,1.394069,"[3266580988,2937602864,2885578228]","[19.5924,21.7865,22.1793]",2060.6953125,5031.87890625
npu-first-unplugged-v1-1.5b-r1-ngl99,qwen2.5-coder-1.5b,npu-first-matched,bench,api-20261003T210139Z-UNPLUGGED,[],True,False,0,,6,512,128,99,HTP0,0,512,0,0,837.394207,2.72563,"[609942396,613690937,610641197]","[839.424,834.296,838.463]",245.0703125,5051.9453125
npu-first-unplugged-v1-1.5b-r1-ngl99,qwen2.5-coder-1.5b,npu-first-matched,bench,api-20261003T210139Z-UNPLUGGED,[],True,False,0,,6,512,128,99,HTP0,0,0,64,0,32.867548,0.202492,"[1936696926,1944743176,1960336354]","[33.046,32.9092,32.6475]",245.0703125,5051.9453125
npu-first-unplugged-v1-1.5b-r2-ngl0,qwen2.5-coder-1.5b,npu-first-matched,bench,api-20261003T210139Z-UNPLUGGED,[],True,False,0,,6,512,128,0,none,0,512,0,0,106.881467,5.847372,"[4639182811,4648228384,5113319842]","[110.364,110.149,100.131]",2060.765625,5060.79296875
npu-first-unplugged-v1-1.5b-r2-ngl0,qwen2.5-coder-1.5b,npu-first-matched,bench,api-20261003T210139Z-UNPLUGGED,[],True,False,0,,6,512,128,0,none,0,0,64,0,22.296624,1.237976,"[2856879947,2725897134,3046269791]","[22.4021,23.4785,21.0093]",2060.765625,5060.79296875
npu-first-unplugged-v1-1.5b-r2-ngl99,qwen2.5-coder-1.5b,npu-first-matched,bench,api-20261003T210139Z-UNPLUGGED,[],True,False,0,,6,512,128,99,HTP0,0,512,0,0,834.695695,1.292553,"[613723177,612329166,614142188]","[834.252,836.152,833.683]",244.87890625,4728.5078125
npu-first-unplugged-v1-1.5b-r2-ngl99,qwen2.5-coder-1.5b,npu-first-matched,bench,api-20261003T210139Z-UNPLUGGED,[],True,False,0,,6,512,128,99,HTP0,0,0,64,0,33.047497,0.163867,"[1946967603,1927949374,1934998020]","[32.8716,33.1959,33.075]",244.87890625,4728.5078125
npu-fourb-matched-unplugged-v1-r0-ngl0,qwen3-4b-instruct,npu-first-matched,bench,api-20261003T210139Z-UNPLUGGED,[],True,False,0,,6,512,128,0,none,0,512,0,0,27.898357,1.47607,"[18401237077,17408984576,19349410305]","[27.8242,29.4101,26.4608]",4891.09375,4122.69140625
npu-fourb-matched-unplugged-v1-r0-ngl0,qwen3-4b-instruct,npu-first-matched,bench,api-20261003T210139Z-UNPLUGGED,[],True,False,0,,6,512,128,0,none,0,0,64,0,6.191407,0.680854,"[10880124579,9179597966,11188906871]","[5.88229,6.97198,5.71995]",4891.09375,4122.69140625
npu-fourb-matched-unplugged-v1-r0-ngl99,qwen3-4b-instruct,npu-first-matched,bench,api-20261003T210139Z-UNPLUGGED,[],True,False,0,,6,512,128,99,HTP0,0,512,0,0,236.437395,1.37692,"[2179580364,2155087083,2161914062]","[234.908,237.577,236.827]",376.578125,3361.59765625
npu-fourb-matched-unplugged-v1-r0-ngl99,qwen3-4b-instruct,npu-first-matched,bench,api-20261003T210139Z-UNPLUGGED,[],True,False,0,,6,512,128,99,HTP0,0,0,64,0,12.846471,0.292563,"[4860295623,5009504530,5081068592]","[13.1679,12.7757,12.5958]",376.578125,3361.59765625
npu-fourb-matched-unplugged-v1-r1-ngl0,qwen3-4b-instruct,npu-first-matched,bench,api-20261003T210139Z-UNPLUGGED,[],True,False,0,,6,512,128,0,none,0,512,0,0,31.677214,1.023361,"[15616649317,16265310462,16640619369]","[32.7855,31.478,30.7681]",4864.28125,4368.1484375
npu-fourb-matched-unplugged-v1-r1-ngl0,qwen3-4b-instruct,npu-first-matched,bench,api-20261003T210139Z-UNPLUGGED,[],True,False,0,,6,512,128,0,none,0,0,64,0,7.804503,1.197543,"[7847338070,7283295050,9890820204]","[8.15563,8.78723,6.47065]",4864.28125,4368.1484375
npu-fourb-matched-unplugged-v1-r1-ngl99,qwen3-4b-instruct,npu-first-matched,bench,api-20261003T210139Z-UNPLUGGED,[],True,False,0,,6,512,128,99,HTP0,0,512,0,0,232.830789,0.956017,"[2200568488,2207209061,2189362187]","[232.667,231.967,233.858]",376.1171875,3251.3515625
npu-fourb-matched-unplugged-v1-r1-ngl99,qwen3-4b-instruct,npu-first-matched,bench,api-20261003T210139Z-UNPLUGGED,[],True,False,0,,6,512,128,99,HTP0,0,0,64,0,12.970091,0.160464,"[4891682185,4907840363,5005287133]","[13.0834,13.0404,12.7865]",376.1171875,3251.3515625
npu-fourb-matched-unplugged-v1-r2-ngl0,qwen3-4b-instruct,npu-first-matched,bench,api-20261003T210139Z-UNPLUGGED,[],True,False,0,,6,512,128,0,none,0,512,0,0,30.716634,0.456678,"[16590248067,16950783952,16471864369]","[30.8615,30.2051,31.0833]",4890.9296875,4159.8515625
npu-fourb-matched-unplugged-v1-r2-ngl0,qwen3-4b-instruct,npu-first-matched,bench,api-20261003T210139Z-UNPLUGGED,[],True,False,0,,6,512,128,0,none,0,0,64,0,7.898464,0.728901,"[7878735518,7539538799,9034855674]","[8.12313,8.48858,7.08368]",4890.9296875,4159.8515625
npu-fourb-matched-unplugged-v1-r2-ngl99,qwen3-4b-instruct,npu-first-matched,bench,api-20261003T210139Z-UNPLUGGED,[],True,False,0,,6,512,128,99,HTP0,0,512,0,0,237.723906,0.650512,"[2150998072,2160547968,2149763229]","[238.029,236.977,238.166]",376.859375,3546.5390625
npu-fourb-matched-unplugged-v1-r2-ngl99,qwen3-4b-instruct,npu-first-matched,bench,api-20261003T210139Z-UNPLUGGED,[],True,False,0,,6,512,128,99,HTP0,0,0,64,0,12.993928,0.313404,"[4797228227,4957772862,5026812759]","[13.341,12.909,12.7317]",376.859375,3546.5390625
npu-matrix-v1-cpu-tuning-qwen2.5-coder-1.5b-100,qwen2.5-coder-1.5b,cpu-tuning,bench,api-20261003T210139Z-UNPLUGGED,[],True,False,0,,5,512,128,0,none,0,512,0,0,104.705875,18.036534,"[4492191196,4405341561,6101083331]","[113.976,116.223,83.9195]",2060.6171875,5590.1640625
npu-matrix-v1-cpu-tuning-qwen2.5-coder-1.5b-100,qwen2.5-coder-1.5b,cpu-tuning,bench,api-20261003T210139Z-UNPLUGGED,[],True,False,0,,5,512,128,0,none,0,0,64,0,16.320712,0.606664,"[4080740311,3788947447,3905422238]","[15.6834,16.8912,16.3875]",2060.6171875,5590.1640625
npu-matrix-v1-cpu-tuning-qwen2.5-coder-1.5b-100-topcore-maskBC,qwen2.5-coder-1.5b,cpu-tuning,bench,api-20261003T210139Z-UNPLUGGED,[],True,False,0,,5,512,128,0,none,0,512,0,0,121.391936,14.003859,"[3722184999,4500411821,4536801978]","[137.554,113.767,112.855]",2060.26171875,5356.578125
npu-matrix-v1-cpu-tuning-qwen2.5-coder-1.5b-100-topcore-maskBC,qwen2.5-coder-1.5b,cpu-tuning,bench,api-20261003T210139Z-UNPLUGGED,[],True,False,0,,5,512,128,0,none,0,0,64,0,25.581197,0.829829,"[2598088697,2444842186,2467941978]","[24.6335,26.1776,25.9325]",2060.26171875,5356.578125
npu-matrix-v1-cpu-tuning-qwen2.5-coder-1.5b-101,qwen2.5-coder-1.5b,cpu-tuning,bench,api-20261003T210139Z-UNPLUGGED,[],True,False,0,,5,512,128,0,none,1,512,0,0,99.561373,19.206032,"[4374532394,4988226300,6480902342]","[117.041,102.642,79.0013]",2059.8515625,5315.921875
npu-matrix-v1-cpu-tuning-qwen2.5-coder-1.5b-101,qwen2.5-coder-1.5b,cpu-tuning,bench,api-20261003T210139Z-UNPLUGGED,[],True,False,0,,5,512,128,0,none,1,0,64,0,17.428434,0.688098,"[3775664999,3738857655,3513179009]","[16.9507,17.1175,18.2171]",2059.8515625,5315.921875
npu-matrix-v1-cpu-tuning-qwen2.5-coder-1.5b-101-topcore-maskBC,qwen2.5-coder-1.5b,cpu-tuning,bench,api-20261003T210139Z-UNPLUGGED,[],True,False,0,,5,512,128,0,none,1,512,0,0,116.217261,18.190248,"[3743374999,4668575102,5009423123]","[136.775,109.669,102.207]",2060.2734375,5378.92578125
npu-matrix-v1-cpu-tuning-qwen2.5-coder-1.5b-101-topcore-maskBC,qwen2.5-coder-1.5b,cpu-tuning,bench,api-20261003T210139Z-UNPLUGGED,[],True,False,0,,5,512,128,0,none,1,0,64,0,26.249633,1.280992,"[2579468697,2399712760,2347096665]","[24.8113,26.6699,27.2677]",2060.2734375,5378.92578125
npu-matrix-v1-cpu-tuning-qwen2.5-coder-1.5b-102,qwen2.5-coder-1.5b,cpu-tuning,bench,api-20261003T210139Z-UNPLUGGED,[],True,False,0,,6,512,128,0,none,0,512,0,0,126.885846,29.336059,"[3480269165,3649275311,5491167134]","[147.115,140.302,93.2407]",2059.73828125,5202.41796875
npu-matrix-v1-cpu-tuning-qwen2.5-coder-1.5b-102,qwen2.5-coder-1.5b,cpu-tuning,bench,api-20261003T210139Z-UNPLUGGED,[],True,False,0,,6,512,128,0,none,0,0,64,0,20.441849,0.384534,"[3128251249,3192153645,3074310988]","[20.4587,20.0492,20.8177]",2059.73828125,5202.41796875
npu-matrix-v1-cpu-tuning-qwen2.5-coder-1.5b-103,qwen2.5-coder-1.5b,cpu-tuning,bench,api-20261003T210139Z-UNPLUGGED,"[""Auxiliary thermal capability compilation/probe overlapped measurement; exclude and repeat""]",False,False,0,,6,512,128,0,none,1,512,0,0,135.917666,24.080249,"[3454354947,3382601457,4733224321]","[148.219,151.363,108.172]",2059.734375,5390.23828125
npu-matrix-v1-cpu-tuning-qwen2.5-coder-1.5b-103,qwen2.5-coder-1.5b,cpu-tuning,bench,api-20261003T210139Z-UNPLUGGED,"[""Auxiliary thermal capability compilation/probe overlapped measurement; exclude and repeat""]",False,False,0,,6,512,128,0,none,1,0,64,0,20.822673,0.705843,"[3191295832,3051874687,2984691457]","[20.0545,20.9707,21.4428]",2059.734375,5390.23828125
npu-matrix-v1-cpu-tuning-qwen2.5-coder-1.5b-103-clean-repeat,qwen2.5-coder-1.5b,cpu-tuning,bench,api-20261003T210139Z-UNPLUGGED,[],True,False,0,,6,512,128,0,none,1,512,0,0,135.306683,21.111809,"[3246656510,3865559843,4422652029]","[157.701,132.452,115.768]",2060.01171875,5370.90234375
npu-matrix-v1-cpu-tuning-qwen2.5-coder-1.5b-103-clean-repeat,qwen2.5-coder-1.5b,cpu-tuning,bench,api-20261003T210139Z-UNPLUGGED,[],True,False,0,,6,512,128,0,none,1,0,64,0,20.421761,1.399956,"[2915335572,3183248488,3332091092]","[21.9529,20.1052,19.2072]",2060.01171875,5370.90234375
npu-matrix-v1-cpu-tuning-qwen2.5-coder-1.5b-98,qwen2.5-coder-1.5b,cpu-tuning,bench,api-20261003T210139Z-UNPLUGGED,[],True,False,0,,4,512,128,0,none,0,512,0,0,80.64362,4.603439,"[5956722238,6583355050,6546841351]","[85.9533,77.7719,78.2057]",2059.97265625,5759.7265625
npu-matrix-v1-cpu-tuning-qwen2.5-coder-1.5b-98,qwen2.5-coder-1.5b,cpu-tuning,bench,api-20261003T210139Z-UNPLUGGED,[],True,False,0,,4,512,128,0,none,0,0,64,0,22.508858,0.423597,"[2905041301,2824500520,2802465781]","[22.0307,22.6589,22.837]",2059.97265625,5759.7265625
npu-matrix-v1-cpu-tuning-qwen2.5-coder-1.5b-98-topcore-mask9C,qwen2.5-coder-1.5b,cpu-tuning,bench,api-20261003T210139Z-UNPLUGGED,[],True,False,0,,4,512,128,0,none,0,512,0,0,89.012727,19.052236,"[4627846926,6265505049,6855339737]","[110.635,81.7173,74.6863]",2058.5859375,5936.30859375
npu-matrix-v1-cpu-tuning-qwen2.5-coder-1.5b-98-topcore-mask9C,qwen2.5-coder-1.5b,cpu-tuning,bench,api-20261003T210139Z-UNPLUGGED,[],True,False,0,,4,512,128,0,none,0,0,64,0,21.08022,0.292882,"[3081858957,3029270259,2998111353]","[20.7667,21.1272,21.3468]",2058.5859375,5936.30859375
npu-matrix-v1-cpu-tuning-qwen2.5-coder-1.5b-99,qwen2.5-coder-1.5b,cpu-tuning,bench,api-20261003T210139Z-UNPLUGGED,[],True,False,0,,4,512,128,0,none,1,512,0,0,78.089107,0.16842,"[6572980935,6548601560,6548315571]","[77.8946,78.1846,78.188]",2059.82421875,5618.86328125
npu-matrix-v1-cpu-tuning-qwen2.5-coder-1.5b-99,qwen2.5-coder-1.5b,cpu-tuning,bench,api-20261003T210139Z-UNPLUGGED,[],True,False,0,,4,512,128,0,none,1,0,64,0,22.903897,0.384769,"[2841912342,2794507812,2748010155]","[22.52,22.9021,23.2896]",2059.82421875,5618.86328125
npu-matrix-v1-cpu-tuning-qwen2.5-coder-1.5b-99-topcore-mask9C,qwen2.5-coder-1.5b,cpu-tuning,bench,api-20261003T210139Z-UNPLUGGED,[],True,False,0,,4,512,128,0,none,1,512,0,0,73.053985,11.463294,"[5934078539,7756478174,7656496507]","[86.2813,66.0093,66.8713]",2060.1171875,5328.23828125
npu-matrix-v1-cpu-tuning-qwen2.5-coder-1.5b-99-topcore-mask9C,qwen2.5-coder-1.5b,cpu-tuning,bench,api-20261003T210139Z-UNPLUGGED,[],True,False,0,,4,512,128,0,none,1,0,64,0,21.88741,0.275608,"[2914427759,2965316405,2893353906]","[21.9597,21.5829,22.1197]",2060.1171875,5328.23828125
partial-qwen2.5-coder-1.5b-ngl0-r0,qwen2.5-coder-1.5b,partial,bench,charging-01,[],True,False,0,,4,128,128,0,none,0,128,0,0,122.021832,1.073737,"[1043032708,1044377187,1059731197]","[122.719,122.561,120.785]",2067.75,5637.00390625
partial-qwen2.5-coder-1.5b-ngl0-r0,qwen2.5-coder-1.5b,partial,bench,charging-01,[],True,False,0,,4,128,128,0,none,0,0,32,0,32.720593,0.473351,"[965027969,976116405,993198333]","[33.1597,32.783,32.2191]",2067.75,5637.00390625
partial-qwen2.5-coder-1.5b-ngl0-r1,qwen2.5-coder-1.5b,partial,bench,charging-01,[],True,False,0,,4,128,128,0,none,0,128,0,0,122.593752,1.951895,"[1030181823,1039893021,1062754322]","[124.25,123.09,120.442]",2070.9609375,5216.04296875
partial-qwen2.5-coder-1.5b-ngl0-r1,qwen2.5-coder-1.5b,partial,bench,charging-01,[],True,False,0,,4,128,128,0,none,0,0,32,0,32.563654,0.355371,"[988668906,970464791,989171042]","[32.3668,32.9739,32.3503]",2070.9609375,5216.04296875
partial-qwen2.5-coder-1.5b-ngl14-r0,qwen2.5-coder-1.5b,partial,bench,charging-01,[],True,False,0,,4,128,128,14,GPUOpenCL,0,128,0,0,100.269414,0.258185,"[1280364375,1274802708,1274532187]","[99.9715,100.408,100.429]",826.6484375,4988.203125
partial-qwen2.5-coder-1.5b-ngl14-r0,qwen2.5-coder-1.5b,partial,bench,charging-01,[],True,False,0,,4,128,128,14,GPUOpenCL,0,0,32,0,16.076648,0.710812,"[1921126146,1964485416,2093721093]","[16.6569,16.2893,15.2838]",826.6484375,4988.203125
partial-qwen2.5-coder-1.5b-ngl14-r1,qwen2.5-coder-1.5b,partial,bench,charging-01,[],True,False,0,,4,128,128,14,GPUOpenCL,0,128,0,0,100.84386,0.740097,"[1279846198,1261961458,1266196458]","[100.012,101.429,101.09]",830.25390625,5169.0
partial-qwen2.5-coder-1.5b-ngl14-r1,qwen2.5-coder-1.5b,partial,bench,charging-01,[],True,False,0,,4,128,128,14,GPUOpenCL,0,0,32,0,15.886649,0.521012,"[1955513906,2004371562,2087293385]","[16.364,15.9651,15.3309]",830.25390625,5169.0
partial-qwen2.5-coder-1.5b-ngl21-r0,qwen2.5-coder-1.5b,partial,bench,charging-01,[],True,False,0,,4,128,128,21,GPUOpenCL,0,128,0,0,90.951291,0.420963,"[1411611510,1399887343,1410601406]","[90.6765,91.4359,90.7414]",639.12890625,5020.45703125
partial-qwen2.5-coder-1.5b-ngl21-r0,qwen2.5-coder-1.5b,partial,bench,charging-01,[],True,False,0,,4,128,128,21,GPUOpenCL,0,0,32,0,9.094753,1.068896,"[3201009738,4043375519,3413976457]","[9.99685,7.91418,9.37323]",639.12890625,5020.45703125
partial-qwen2.5-coder-1.5b-ngl21-r1,qwen2.5-coder-1.5b,partial,bench,charging-01,[],True,False,0,,4,128,128,21,GPUOpenCL,0,128,0,0,92.973163,0.290705,"[1377253593,1380779010,1372218437]","[92.9386,92.7013,93.2796]",642.359375,5283.65234375
partial-qwen2.5-coder-1.5b-ngl21-r1,qwen2.5-coder-1.5b,partial,bench,charging-01,[],True,False,0,,4,128,128,21,GPUOpenCL,0,0,32,0,10.457252,1.054966,"[2870431197,2914209061,3462107290]","[11.1482,10.9807,9.24293]",642.359375,5283.65234375
partial-qwen2.5-coder-1.5b-ngl3-r0,qwen2.5-coder-1.5b,partial,bench,charging-01,[],True,False,0,,4,128,128,3,GPUOpenCL,0,128,0,0,120.247899,0.864182,"[1056929740,1064352395,1072230833]","[121.105,120.261,119.377]",1112.8515625,5458.265625
partial-qwen2.5-coder-1.5b-ngl3-r0,qwen2.5-coder-1.5b,partial,bench,charging-01,[],True,False,0,,4,128,128,3,GPUOpenCL,0,0,32,0,27.572716,0.554507,"[1154707500,1186871093,1141069948]","[27.7126,26.9616,28.0439]",1112.8515625,5458.265625
partial-qwen2.5-coder-1.5b-ngl3-r1,qwen2.5-coder-1.5b,partial,bench,charging-01,[],True,False,0,,4,128,128,3,GPUOpenCL,0,128,0,0,120.146977,1.510546,"[1056282604,1059182292,1080959687]","[121.18,120.848,118.413]",1116.3125,5103.19140625
partial-qwen2.5-coder-1.5b-ngl3-r1,qwen2.5-coder-1.5b,partial,bench,charging-01,[],True,False,0,,4,128,128,3,GPUOpenCL,0,0,32,0,28.566964,0.049685,"[1121937395,1118085208,1120509322]","[28.5221,28.6204,28.5584]",1116.3125,5103.19140625
partial-qwen2.5-coder-1.5b-ngl6-r0,qwen2.5-coder-1.5b,partial,bench,charging-01,[],True,False,0,,4,128,128,6,GPUOpenCL,0,128,0,0,113.051317,1.779758,"[1148128073,1113168490,1135949687]","[111.486,114.987,112.681]",1036.19140625,5281.87109375
partial-qwen2.5-coder-1.5b-ngl6-r0,qwen2.5-coder-1.5b,partial,bench,charging-01,[],True,False,0,,4,128,128,6,GPUOpenCL,0,0,32,0,23.930722,0.61351,"[1356461771,1358094427,1298756457]","[23.5908,23.5624,24.639]",1036.19140625,5281.87109375
partial-qwen2.5-coder-1.5b-ngl6-r1,qwen2.5-coder-1.5b,partial,bench,charging-01,[],True,False,0,,4,128,128,6,GPUOpenCL,0,128,0,0,114.181203,0.932465,"[1119387552,1112860990,1130976770]","[114.348,115.019,113.177]",1039.125,5167.6484375
partial-qwen2.5-coder-1.5b-ngl6-r1,qwen2.5-coder-1.5b,partial,bench,charging-01,[],True,False,0,,4,128,128,6,GPUOpenCL,0,0,32,0,21.758223,0.461805,"[1507083750,1458476718,1447904218]","[21.2331,21.9407,22.1009]",1039.125,5167.6484375
partial-qwen2.5-coder-1.5b-ngl7-r0,qwen2.5-coder-1.5b,partial,bench,charging-01,[],True,False,0,,4,128,128,7,GPUOpenCL,0,128,0,0,110.89413,0.71526,"[1146323177,1161042865,1155492031]","[111.661,110.246,110.775]",1011.4453125,5227.59375
partial-qwen2.5-coder-1.5b-ngl7-r0,qwen2.5-coder-1.5b,partial,bench,charging-01,[],True,False,0,,4,128,128,7,GPUOpenCL,0,0,32,0,22.188005,0.454585,"[1462989583,1455746093,1409124270]","[21.873,21.9819,22.7091]",1011.4453125,5227.59375
partial-qwen2.5-coder-1.5b-ngl7-r1,qwen2.5-coder-1.5b,partial,bench,charging-01,[],True,False,0,,4,128,128,7,GPUOpenCL,0,128,0,0,112.577865,0.933748,"[1130106041,1133190312,1147833229]","[113.264,112.955,111.514]",1014.6484375,5117.47265625
partial-qwen2.5-coder-1.5b-ngl7-r1,qwen2.5-coder-1.5b,partial,bench,charging-01,[],True,False,0,,4,128,128,7,GPUOpenCL,0,0,32,0,19.515967,0.374618,"[1613198385,1632032656,1675034739]","[19.8364,19.6075,19.1041]",1014.6484375,5117.47265625
partial-qwen2.5-coder-1.5b-ngl99-r0,qwen2.5-coder-1.5b,partial,bench,charging-01,[],True,False,0,,4,128,128,99,GPUOpenCL,0,128,0,0,82.980154,0.989725,"[1551209791,1555141979,1521696822]","[82.5162,82.3076,84.1166]",446.140625,4939.08984375
partial-qwen2.5-coder-1.5b-ngl99-r0,qwen2.5-coder-1.5b,partial,bench,charging-01,[],True,False,0,,4,128,128,99,GPUOpenCL,0,0,32,0,7.166095,0.299848,"[4368274477,4352244998,4691936925]","[7.32555,7.35253,6.82021]",446.140625,4939.08984375
partial-qwen2.5-coder-1.5b-ngl99-r1,qwen2.5-coder-1.5b,partial,bench,charging-01,[],True,False,0,,4,128,128,99,GPUOpenCL,0,128,0,0,84.773276,0.147356,"[1511202603,1506895729,1511640156]","[84.7008,84.9428,84.6762]",448.84375,5692.05859375
partial-qwen2.5-coder-1.5b-ngl99-r1,qwen2.5-coder-1.5b,partial,bench,charging-01,[],True,False,0,,4,128,128,99,GPUOpenCL,0,0,32,0,10.300947,0.413389,"[3112259165,2984094426,3233172186]","[10.2819,10.7235,9.8974]",448.84375,5692.05859375
partial-qwen2.5-coder-7b-ngl0-r0,qwen2.5-coder-7b,partial,bench,charging-01,[],True,False,0,,4,128,128,0,none,0,128,0,0,16.775978,1.834678,"[6896394164,7586253435,8593552705]","[18.5604,16.8726,14.8949]",6860.75390625,3189.55078125
partial-qwen2.5-coder-7b-ngl0-r0,qwen2.5-coder-7b,partial,bench,charging-01,[],True,False,0,,4,128,128,0,none,0,0,32,0,5.688148,0.330275,"[5341006717,5577994686,5996738018]","[5.99138,5.73683,5.33623]",6860.75390625,3189.55078125
partial-qwen2.5-coder-7b-ngl0-r1,qwen2.5-coder-7b,partial,bench,charging-03,[],True,False,0,,4,128,128,0,none,0,128,0,0,21.866738,2.553841,"[5320565779,5693756872,6714979737]","[24.0576,22.4808,19.0619]",6996.4765625,3438.03515625
partial-qwen2.5-coder-7b-ngl0-r1,qwen2.5-coder-7b,partial,bench,charging-03,[],True,False,0,,4,128,128,0,none,0,0,32,0,7.23776,0.230468,"[4517378488,4265121092,4490089060]","[7.08375,7.50272,7.12681]",6996.4765625,3438.03515625
partial-qwen2.5-coder-7b-ngl14-r0,qwen2.5-coder-7b,partial,bench,charging-01,[],True,False,0,,4,128,128,14,GPUOpenCL,0,128,0,0,19.51012,1.929523,"[6143754686,6274526352,7400449268]","[20.8342,20.3999,17.2962]",2844.80859375,2306.6875
partial-qwen2.5-coder-7b-ngl14-r0,qwen2.5-coder-7b,partial,bench,charging-01,[],True,False,0,,4,128,128,14,GPUOpenCL,0,0,32,0,3.496108,0.722376,"[7400318643,10096922392,10684819527]","[4.32414,3.16928,2.9949]",2844.80859375,2306.6875
partial-qwen2.5-coder-7b-ngl14-r1,qwen2.5-coder-7b,partial,bench,unplugged-02,[],True,False,0,,4,128,128,14,GPUOpenCL,0,128,0,0,19.379338,0.81005,"[6300880102,6772106924,6764494268]","[20.3146,18.9011,18.9223]",2844.9921875,2467.0703125
partial-qwen2.5-coder-7b-ngl14-r1,qwen2.5-coder-7b,partial,bench,unplugged-02,[],True,False,0,,4,128,128,14,GPUOpenCL,0,0,32,0,3.872328,0.256066,"[7779618487,8204685726,8880348018]","[4.11331,3.90021,3.60346]",2844.9921875,2467.0703125
partial-qwen2.5-coder-7b-ngl21-r0,qwen2.5-coder-7b,partial,bench,charging-01,[],True,False,0,,4,128,128,21,GPUOpenCL,0,128,0,0,19.231206,0.364252,"[6578503019,6589346821,6804525258]","[19.4573,19.4253,18.811]",1933.03125,2400.1953125
partial-qwen2.5-coder-7b-ngl21-r0,qwen2.5-coder-7b,partial,bench,charging-01,[],True,False,0,,4,128,128,21,GPUOpenCL,0,0,32,0,4.417572,1.021001,"[6186852862,6632635467,9828519736]","[5.17226,4.82463,3.25583]",1933.03125,2400.1953125
partial-qwen2.5-coder-7b-ngl21-r1,qwen2.5-coder-7b,partial,bench,unplugged-02,[],True,False,0,,4,128,128,21,GPUOpenCL,0,128,0,0,19.326601,0.099146,"[6647521195,6637391665,6584422966]","[19.2553,19.2847,19.4398]",1937.16015625,2414.86328125
partial-qwen2.5-coder-7b-ngl21-r1,qwen2.5-coder-7b,partial,bench,unplugged-02,[],True,False,0,,4,128,128,21,GPUOpenCL,0,0,32,0,4.135157,1.138169,"[6504423800,6872885049,11308366142]","[4.91973,4.65598,2.82976]",1937.16015625,2414.86328125
partial-qwen2.5-coder-7b-ngl3-r0,qwen2.5-coder-7b,partial,bench,charging-01,[],True,False,0,,4,128,128,3,GPUOpenCL,0,128,0,0,16.416368,3.040563,"[6424218331,8659432028,8801526819]","[19.9246,14.7816,14.5429]",4313.65625,2541.1484375
partial-qwen2.5-coder-7b-ngl3-r0,qwen2.5-coder-7b,partial,bench,charging-01,[],True,False,0,,4,128,128,3,GPUOpenCL,0,0,32,0,5.508627,0.333218,"[5856097185,5459116613,6154156352]","[5.46439,5.86175,5.19974]",4313.65625,2541.1484375
partial-qwen2.5-coder-7b-ngl3-r1,qwen2.5-coder-7b,partial,bench,charging-03,[],True,False,0,,4,128,128,3,GPUOpenCL,0,128,0,0,23.110951,1.195429,"[5318895988,5447347498,5879641820]","[24.0651,23.4977,21.77]",4308.18359375,3060.9609375
partial-qwen2.5-coder-7b-ngl3-r1,qwen2.5-coder-7b,partial,bench,charging-03,[],True,False,0,,4,128,128,3,GPUOpenCL,0,0,32,0,7.230206,0.226819,"[4499964529,4271358123,4514871301]","[7.11117,7.49176,7.08769]",4308.18359375,3060.9609375
partial-qwen2.5-coder-7b-ngl6-r0,qwen2.5-coder-7b,partial,bench,charging-01,[],True,False,0,,4,128,128,6,GPUOpenCL,0,128,0,0,19.063751,1.711234,"[7144153800,7016068122,6086349529]","[17.9167,18.2438,21.0307]",3881.8828125,2676.76953125
partial-qwen2.5-coder-7b-ngl6-r0,qwen2.5-coder-7b,partial,bench,charging-01,[],True,False,0,,4,128,128,6,GPUOpenCL,0,0,32,0,7.017628,0.354077,"[4349983488,4541220779,4812051144]","[7.35635,7.04656,6.64997]",3881.8828125,2676.76953125
partial-qwen2.5-coder-7b-ngl6-r1,qwen2.5-coder-7b,partial,bench,charging-03,[],True,False,0,,4,128,128,6,GPUOpenCL,0,128,0,0,23.09525,0.93491,"[5312947446,5575956144,5755924581]","[24.0921,22.9557,22.238]",3882.28125,3004.40625
partial-qwen2.5-coder-7b-ngl6-r1,qwen2.5-coder-7b,partial,bench,charging-03,[],True,False,0,,4,128,128,6,GPUOpenCL,0,0,32,0,7.125883,0.262211,"[4363649113,4436324946,4684416717]","[7.33331,7.21318,6.83116]",3882.28125,3004.40625
partial-qwen2.5-coder-7b-ngl7-r0,qwen2.5-coder-7b,partial,bench,charging-01,[],True,False,0,,4,128,128,7,GPUOpenCL,0,128,0,0,21.467324,2.814908,"[5423574113,5682725988,7003376977]","[23.6007,22.5244,18.2769]",3757.0234375,2598.578125
partial-qwen2.5-coder-7b-ngl7-r0,qwen2.5-coder-7b,partial,bench,charging-01,[],True,False,0,,4,128,128,7,GPUOpenCL,0,0,32,0,5.21833,0.444547,"[6130824685,5651435988,6704116560]","[5.21953,5.66228,4.77319]",3757.0234375,2598.578125
partial-qwen2.5-coder-7b-ngl7-r1,qwen2.5-coder-7b,partial,bench,unplugged-02,[],True,False,0,,4,128,128,7,GPUOpenCL,0,128,0,0,19.761265,1.1673,"[6144700623,6420341403,6912864373]","[20.831,19.9366,18.5162]",3748.53125,2397.19921875
partial-qwen2.5-coder-7b-ngl7-r1,qwen2.5-coder-7b,partial,bench,unplugged-02,[],True,False,0,,4,128,128,7,GPUOpenCL,0,0,32,0,5.179316,0.670236,"[5502863383,6102801143,7143973591]","[5.81515,5.24349,4.4793]",3748.53125,2397.19921875
partial-qwen2.5-coder-7b-ngl99-r0,qwen2.5-coder-7b,partial,bench,charging-01,[],True,False,0,,4,128,128,99,GPUOpenCL,0,128,0,0,17.467477,0.151623,"[7258483434,7382378591,7343951977]","[17.6345,17.3386,17.4293]",932.94140625,2378.67578125
partial-qwen2.5-coder-7b-ngl99-r0,qwen2.5-coder-7b,partial,bench,charging-01,[],True,False,0,,4,128,128,99,GPUOpenCL,0,0,32,0,3.719402,0.865006,"[7221866560,8059183851,11608536767]","[4.43099,3.97063,2.75659]",932.94140625,2378.67578125
partial-qwen2.5-coder-7b-ngl99-r1,qwen2.5-coder-7b,partial,bench,unplugged-02,[],True,False,0,,4,128,128,99,GPUOpenCL,0,128,0,0,17.420605,0.089465,"[7367896716,7371010154,7304341925]","[17.3727,17.3653,17.5238]",932.3828125,1921.3359375
partial-qwen2.5-coder-7b-ngl99-r1,qwen2.5-coder-7b,partial,bench,unplugged-02,[],True,False,0,,4,128,128,99,GPUOpenCL,0,0,32,0,4.130759,0.202908,"[7470470310,7604177966,8204008226]","[4.28353,4.20821,3.90053]",932.3828125,1921.3359375
partial-qwen3-4b-instruct-ngl0-r0,qwen3-4b-instruct,partial,bench,charging-01,[],True,False,0,,4,128,128,0,none,0,128,0,0,37.202431,0.638673,"[3374103905,3468711301,3481100467]","[37.936,36.9013,36.77]",4840.98046875,4148.1875
partial-qwen3-4b-instruct-ngl0-r0,qwen3-4b-instruct,partial,bench,charging-01,[],True,False,0,,4,128,128,0,none,0,0,32,0,9.733716,0.042265,"[3281949790,3303848384,3276951821]","[9.7503,9.68567,9.76517]",4840.98046875,4148.1875
partial-qwen3-4b-instruct-ngl0-r1,qwen3-4b-instruct,partial,bench,charging-01,[],True,False,0,,4,128,128,0,none,0,128,0,0,42.186141,1.50369,"[2932949738,3027615572,3149694895]","[43.6421,42.2775,40.6389]",4858.39453125,4085.86328125
partial-qwen3-4b-instruct-ngl0-r1,qwen3-4b-instruct,partial,bench,charging-01,[],True,False,0,,4,128,128,0,none,0,0,32,0,10.585129,0.056851,"[3035935832,3028619165,3004946770]","[10.5404,10.5659,10.6491]",4858.39453125,4085.86328125
partial-qwen3-4b-instruct-ngl18-r0,qwen3-4b-instruct,partial,bench,charging-01,[],True,False,0,,4,128,128,18,GPUOpenCL,0,128,0,0,20.103667,0.126143,"[6343160623,6413454320,6344881039]","[20.1792,19.958,20.1737]",1824.546875,3689.12890625
partial-qwen3-4b-instruct-ngl18-r0,qwen3-4b-instruct,partial,bench,charging-01,[],True,False,0,,4,128,128,18,GPUOpenCL,0,0,32,0,6.540604,0.629135,"[4677430936,4595779269,5500608228]","[6.84136,6.96291,5.81754]",1824.546875,3689.12890625
partial-qwen3-4b-instruct-ngl18-r1,qwen3-4b-instruct,partial,bench,charging-01,[],True,False,0,,4,128,128,18,GPUOpenCL,0,128,0,0,36.772079,0.101732,"[3488839166,3470214738,3483705103]","[36.6884,36.8853,36.7425]",1824.14453125,3551.83203125
partial-qwen3-4b-instruct-ngl18-r1,qwen3-4b-instruct,partial,bench,charging-01,[],True,False,0,,4,128,128,18,GPUOpenCL,0,0,32,0,9.147009,0.198557,"[3426869114,3492909947,3578761456]","[9.33797,9.16142,8.94164]",1824.14453125,3551.83203125
partial-qwen3-4b-instruct-ngl27-r0,qwen3-4b-instruct,partial,bench,charging-01,[],True,False,0,,4,128,128,27,GPUOpenCL,0,128,0,0,31.756583,1.677495,"[4283979060,3964813644,3866252290]","[29.8788,32.284,33.107]",1310.171875,3716.02734375
partial-qwen3-4b-instruct-ngl27-r0,qwen3-4b-instruct,partial,bench,charging-01,[],True,False,0,,4,128,128,27,GPUOpenCL,0,0,32,0,7.6195,0.025986,"[4194186978,4189077707,4216085571]","[7.62961,7.63891,7.58998]",1310.171875,3716.02734375
partial-qwen3-4b-instruct-ngl27-r1,qwen3-4b-instruct,partial,bench,charging-01,[],True,False,0,,4,128,128,27,GPUOpenCL,0,128,0,0,33.247442,0.104548,"[3840462707,3863605520,3845768645]","[33.3293,33.1297,33.2833]",1309.59375,3762.9453125
partial-qwen3-4b-instruct-ngl27-r1,qwen3-4b-instruct,partial,bench,charging-01,[],True,False,0,,4,128,128,27,GPUOpenCL,0,0,32,0,7.557566,0.14814,"[4165830363,4211830207,4328120520]","[7.68154,7.59765,7.39351]",1309.59375,3762.9453125
partial-qwen3-4b-instruct-ngl4-r0,qwen3-4b-instruct,partial,bench,charging-01,[],True,False,0,,4,128,128,4,GPUOpenCL,0,128,0,0,37.025028,1.046231,"[3348072082,3508338280,3520389166]","[38.231,36.4845,36.3596]",2635.56640625,3918.48828125
partial-qwen3-4b-instruct-ngl4-r0,qwen3-4b-instruct,partial,bench,charging-01,[],True,False,0,,4,128,128,4,GPUOpenCL,0,0,32,0,10.203741,0.259612,"[3103973853,3229724530,3078731301]","[10.3094,9.90797,10.3939]",2635.56640625,3918.48828125
partial-qwen3-4b-instruct-ngl4-r1,qwen3-4b-instruct,partial,bench,charging-01,[],True,False,0,,4,128,128,4,GPUOpenCL,0,128,0,0,41.649592,0.967403,"[2995931874,3093654270,3133479635]","[42.7246,41.375,40.8492]",2634.0546875,3783.61328125
partial-qwen3-4b-instruct-ngl4-r1,qwen3-4b-instruct,partial,bench,charging-01,[],True,False,0,,4,128,128,4,GPUOpenCL,0,0,32,0,12.70047,0.335449,"[2457349895,2514442759,2590511145]","[13.0222,12.7265,12.3528]",2634.0546875,3783.61328125
partial-qwen3-4b-instruct-ngl7-r0,qwen3-4b-instruct,partial,bench,charging-01,[],True,False,0,,4,128,128,7,GPUOpenCL,0,128,0,0,38.477332,5.691635,"[3054840571,3075138332,4011641457]","[41.9007,41.6241,31.9071]",2450.80078125,3695.8046875
partial-qwen3-4b-instruct-ngl7-r0,qwen3-4b-instruct,partial,bench,charging-01,[],True,False,0,,4,128,128,7,GPUOpenCL,0,0,32,0,9.701699,1.255606,"[3086710259,3052085780,3877170728]","[10.367,10.4846,8.25344]",2450.80078125,3695.8046875
partial-qwen3-4b-instruct-ngl7-r1,qwen3-4b-instruct,partial,bench,charging-01,[],True,False,0,,4,128,128,7,GPUOpenCL,0,128,0,0,40.920578,0.731431,"[3072014687,3130292394,3183721822]","[41.6665,40.8907,40.2045]",2448.63671875,3811.4609375
partial-qwen3-4b-instruct-ngl7-r1,qwen3-4b-instruct,partial,bench,charging-01,[],True,False,0,,4,128,128,7,GPUOpenCL,0,0,32,0,12.021641,0.216076,"[2610162812,2674005571,2703139895]","[12.2598,11.9671,11.8381]",2448.63671875,3811.4609375
partial-qwen3-4b-instruct-ngl9-r0,qwen3-4b-instruct,partial,bench,charging-01,[],True,False,0,,4,128,128,9,GPUOpenCL,0,128,0,0,34.304806,0.617788,"[3657267394,3753583280,3785317967]","[34.9988,34.1007,33.8149]",2340.828125,3489.0390625
partial-qwen3-4b-instruct-ngl9-r0,qwen3-4b-instruct,partial,bench,charging-01,[],True,False,0,,4,128,128,9,GPUOpenCL,0,0,32,0,8.912414,0.230174,"[3686934530,3501275155,3588080468]","[8.6793,9.13953,8.91842]",2340.828125,3489.0390625
partial-qwen3-4b-instruct-ngl9-r1,qwen3-4b-instruct,partial,bench,charging-01,[],True,False,0,,4,128,128,9,GPUOpenCL,0,128,0,0,40.360695,0.414432,"[3139239009,3171259217,3204377551]","[40.7742,40.3625,39.9454]",2339.3203125,3833.52734375
partial-qwen3-4b-instruct-ngl9-r1,qwen3-4b-instruct,partial,bench,charging-01,[],True,False,0,,4,128,128,9,GPUOpenCL,0,0,32,0,11.499079,0.187303,"[2743642239,2773249374,2833087707]","[11.6633,11.5388,11.2951]",2339.3203125,3833.52734375
partial-qwen3-4b-instruct-ngl99-r0,qwen3-4b-instruct,partial,bench,charging-01,[],True,False,0,,4,128,128,99,GPUOpenCL,0,128,0,0,30.194982,0.045602,"[4241791977,4243750727,4231821718]","[30.1759,30.162,30.247]",700.3515625,3834.46875
partial-qwen3-4b-instruct-ngl99-r0,qwen3-4b-instruct,partial,bench,charging-01,[],True,False,0,,4,128,128,99,GPUOpenCL,0,0,32,0,6.387328,0.213895,"[4917602811,4912216821,5211406196]","[6.50724,6.51437,6.14038]",700.3515625,3834.46875
partial-qwen3-4b-instruct-ngl99-r1,qwen3-4b-instruct,partial,bench,charging-01,[],True,False,0,,4,128,128,99,GPUOpenCL,0,128,0,0,30.194326,0.013156,"[4239952603,4240565415,4237104946]","[30.189,30.1847,30.2093]",700.8984375,3814.61328125
partial-qwen3-4b-instruct-ngl99-r1,qwen3-4b-instruct,partial,bench,charging-01,[],True,False,0,,4,128,128,99,GPUOpenCL,0,0,32,0,6.497296,0.059307,"[4875759165,4937596196,4962839217]","[6.56308,6.48089,6.44792]",700.8984375,3814.61328125
placement-build-control-comparison-original-ngl0,qwen2.5-coder-1.5b,build-control,bench,charging-01,"[""Requested CPU affinity was rejected by Android""]",False,False,0,,4,128,128,0,none,0,128,0,0,39.10081,1.427537,"[3216377655,3196220832,3417086301]","[39.7963,40.0473,37.4588]",2071.5703125,5345.70703125
placement-build-control-comparison-original-ngl0,qwen2.5-coder-1.5b,build-control,bench,charging-01,"[""Requested CPU affinity was rejected by Android""]",False,False,0,,4,128,128,0,none,0,0,32,0,12.159362,0.325145,"[2680876509,2553372603,2664613124]","[11.9364,12.5324,12.0092]",2071.5703125,5345.70703125
placement-build-control-comparison-original-ngl99,qwen2.5-coder-1.5b,build-control,bench,charging-01,"[""Requested CPU affinity was rejected by Android""]",False,False,0,,4,128,128,99,GPUOpenCL,0,128,0,0,72.955427,0.680428,"[1749821562,1772882187,1741090468]","[73.1503,72.1988,73.5171]",451.109375,5413.54296875
placement-build-control-comparison-original-ngl99,qwen2.5-coder-1.5b,build-control,bench,charging-01,"[""Requested CPU affinity was rejected by Android""]",False,False,0,,4,128,128,99,GPUOpenCL,0,0,32,0,8.19855,1.851847,"[5277487654,3415716874,3492039478]","[6.06349,9.36846,9.1637]",451.109375,5413.54296875
specialized-CPU-control-api-20261003T084838Z-PLUGGED_AC-t4-faoff,qwen2.5-coder-1.5b,specialized-best-CPU-control,bench,api-20261003T084838Z-PLUGGED_AC,[],True,False,0,,4,128,128,0,none,0,128,0,0,124.283567,0.250737,"[1027859166,1029844010,1032013750]","[124.531,124.291,124.029]",2072.14453125,6438.23828125
specialized-CPU-control-api-20261003T084838Z-PLUGGED_AC-t4-faoff,qwen2.5-coder-1.5b,specialized-best-CPU-control,bench,api-20261003T084838Z-PLUGGED_AC,[],True,False,0,,4,128,128,0,none,0,0,32,0,33.482487,0.173058,"[950417917,960158854,956644792]","[33.6694,33.3278,33.4502]",2072.14453125,6438.23828125
specialized-CPU-control-api-20261003T084838Z-PLUGGED_AC-t5-faon,qwen2.5-coder-1.5b,specialized-best-CPU-control,bench,api-20261003T084838Z-PLUGGED_AC,[],True,False,0,,5,128,128,0,none,1,128,0,0,136.779023,16.075309,"[1070281146,918924635,845168593]","[119.595,139.293,151.449]",2072.3125,6540.2734375
specialized-CPU-control-api-20261003T084838Z-PLUGGED_AC-t5-faon,qwen2.5-coder-1.5b,specialized-best-CPU-control,bench,api-20261003T084838Z-PLUGGED_AC,[],True,False,0,,5,128,128,0,none,1,0,32,0,37.172605,0.143104,"[857049322,862518906,863004218]","[37.3374,37.1006,37.0798]",2072.3125,6540.2734375
specialized-CPU-control-api-20261003T084838Z-PLUGGED_AC-t6-faoff,qwen2.5-coder-1.5b,specialized-best-CPU-control,bench,api-20261003T084838Z-PLUGGED_AC,[],True,False,0,,6,128,128,0,none,0,128,0,0,178.203426,2.443899,"[711037656,714416979,729658177]","[180.019,179.167,175.425]",2072.5625,6597.01953125
specialized-CPU-control-api-20261003T084838Z-PLUGGED_AC-t6-faoff,qwen2.5-coder-1.5b,specialized-best-CPU-control,bench,api-20261003T084838Z-PLUGGED_AC,[],True,False,0,,6,128,128,0,none,0,0,32,0,37.187921,0.319314,"[856410313,856091093,869109479]","[37.3653,37.3792,36.8193]",2072.5625,6597.01953125
specialized-CPU-control-api-20261003T084838Z-PLUGGED_AC-t6-faon,qwen2.5-coder-1.5b,specialized-best-CPU-control,bench,api-20261003T084838Z-PLUGGED_AC,[],True,False,0,,6,128,128,0,none,1,128,0,0,184.690579,3.082463,"[681868542,692659166,705011979]","[187.719,184.795,181.557]",2072.4375,6712.11328125
specialized-CPU-control-api-20261003T084838Z-PLUGGED_AC-t6-faon,qwen2.5-coder-1.5b,specialized-best-CPU-control,bench,api-20261003T084838Z-PLUGGED_AC,[],True,False,0,,6,128,128,0,none,1,0,32,0,36.051527,3.725338,"[844169792,1007467083,831499479]","[37.9071,31.7628,38.4847]",2072.4375,6712.11328125
specialized-CPU-control-api-20261003T193303Z-PLUGGED_AC-t4-faoff,qwen2.5-coder-1.5b,specialized-best-CPU-control,bench,api-20261003T193303Z-PLUGGED_AC,[],True,False,0,,4,128,128,0,none,0,128,0,0,95.564753,3.465176,"[1367548125,1368540624,1285581979]","[93.5982,93.5303,99.5658]",2072.6015625,3664.15625
specialized-CPU-control-api-20261003T193303Z-PLUGGED_AC-t4-faoff,qwen2.5-coder-1.5b,specialized-best-CPU-control,bench,api-20261003T193303Z-PLUGGED_AC,[],True,False,0,,4,128,128,0,none,0,0,32,0,27.546756,0.097634,"[1162276302,1165448958,1157287760]","[27.5322,27.4572,27.6509]",2072.6015625,3664.15625
specialized-CPU-control-api-20261003T193303Z-PLUGGED_AC-t5-faon,qwen2.5-coder-1.5b,specialized-best-CPU-control,bench,api-20261003T193303Z-PLUGGED_AC,[],True,False,0,,5,128,128,0,none,1,128,0,0,115.934943,1.342395,"[1089741718,1113739322,1109015781]","[117.459,114.928,115.418]",2072.2890625,3900.16796875
specialized-CPU-control-api-20261003T193303Z-PLUGGED_AC-t5-faon,qwen2.5-coder-1.5b,specialized-best-CPU-control,bench,api-20261003T193303Z-PLUGGED_AC,[],True,False,0,,5,128,128,0,none,1,0,32,0,30.74405,0.304504,"[1050132291,1029826979,1042799791]","[30.4724,31.0732,30.6866]",2072.2890625,3900.16796875
specialized-CPU-control-api-20261003T193303Z-PLUGGED_AC-t6-faoff,qwen2.5-coder-1.5b,specialized-best-CPU-control,bench,api-20261003T193303Z-PLUGGED_AC,[],True,False,0,,6,128,128,0,none,0,128,0,0,167.310777,3.676568,"[748973281,764277291,782619843]","[170.901,167.478,163.553]",2072.6875,4042.4921875
specialized-CPU-control-api-20261003T193303Z-PLUGGED_AC-t6-faoff,qwen2.5-coder-1.5b,specialized-best-CPU-control,bench,api-20261003T193303Z-PLUGGED_AC,[],True,False,0,,6,128,128,0,none,0,0,32,0,30.849304,0.953473,"[1034954999,1071567343,1007369688]","[30.9192,29.8628,31.7659]",2072.6875,4042.4921875
specialized-CPU-control-api-20261003T193303Z-PLUGGED_AC-t6-faon,qwen2.5-coder-1.5b,specialized-best-CPU-control,bench,api-20261003T193303Z-PLUGGED_AC,[],True,False,0,,6,128,128,0,none,1,128,0,0,169.913283,4.214743,"[775526406,743296562,742094218]","[165.049,172.206,172.485]",2072.47265625,4047.69140625
specialized-CPU-control-api-20261003T193303Z-PLUGGED_AC-t6-faon,qwen2.5-coder-1.5b,specialized-best-CPU-control,bench,api-20261003T193303Z-PLUGGED_AC,[],True,False,0,,6,128,128,0,none,1,0,32,0,35.177909,1.156987,"[899002187,944783229,887200625]","[35.595,33.8702,36.0685]",2072.47265625,4047.69140625
specialized-narrow-current-api-20261003T084838Z-PLUGGED_AC-cpu-r0,qwen2.5-coder-1.5b,specialized-narrow-screen,bench,api-20261003T084838Z-PLUGGED_AC,[],True,False,0,,5,128,128,0,none,0,128,0,0,153.73079,1.13192,"[825835521,834486354,837641198]","[154.995,153.388,152.81]",2072.35546875,5959.4921875
specialized-narrow-current-api-20261003T084838Z-PLUGGED_AC-cpu-r0,qwen2.5-coder-1.5b,specialized-narrow-screen,bench,api-20261003T084838Z-PLUGGED_AC,[],True,False,0,,5,128,128,0,none,0,0,32,0,35.863616,0.337246,"[894907083,882976510,899081197]","[35.7579,36.2411,35.5919]",2072.35546875,5959.4921875
specialized-narrow-current-api-20261003T084838Z-PLUGGED_AC-cpu-r1,qwen2.5-coder-1.5b,specialized-narrow-screen,bench,api-20261003T084838Z-PLUGGED_AC,[],True,False,0,,5,128,128,0,none,0,128,0,0,152.340149,2.769762,"[827382343,836476822,857374999]","[154.705,153.023,149.293]",2072.4453125,6110.0625
specialized-narrow-current-api-20261003T084838Z-PLUGGED_AC-cpu-r1,qwen2.5-coder-1.5b,specialized-narrow-screen,bench,api-20261003T084838Z-PLUGGED_AC,[],True,False,0,,5,128,128,0,none,0,0,32,0,33.944606,0.319238,"[952565155,935196511,940542760]","[33.5935,34.2174,34.0229]",2072.4453125,6110.0625
specialized-narrow-current-api-20261003T084838Z-PLUGGED_AC-cpu-r2,qwen2.5-coder-1.5b,specialized-narrow-screen,bench,api-20261003T084838Z-PLUGGED_AC,[],True,False,0,,5,128,128,0,none,0,128,0,0,108.679922,30.13597,"[1602378697,1205691042,914316145]","[79.8812,106.163,139.995]",2072.61328125,6204.26171875
specialized-narrow-current-api-20261003T084838Z-PLUGGED_AC-cpu-r2,qwen2.5-coder-1.5b,specialized-narrow-screen,bench,api-20261003T084838Z-PLUGGED_AC,[],True,False,0,,5,128,128,0,none,0,0,32,0,33.264268,0.453943,"[968235469,947146093,970953750]","[33.0498,33.7857,32.9573]",2072.61328125,6204.26171875
specialized-narrow-current-api-20261003T084838Z-PLUGGED_AC-generic-r0,qwen2.5-coder-1.5b,specialized-narrow-screen,bench,api-20261003T084838Z-PLUGGED_AC,[],True,False,0,,5,128,128,99,GPUOpenCL,0,128,0,0,84.375561,0.517623,"[1526757552,1516255208,1508182343]","[83.8378,84.4185,84.8704]",446.75,5885.86328125
specialized-narrow-current-api-20261003T084838Z-PLUGGED_AC-generic-r0,qwen2.5-coder-1.5b,specialized-narrow-screen,bench,api-20261003T084838Z-PLUGGED_AC,[],True,False,0,,5,128,128,99,GPUOpenCL,0,0,32,0,10.610084,0.839732,"[2769130416,3100218749,3215296249]","[11.556,10.3219,9.95243]",446.75,5885.86328125
specialized-narrow-current-api-20261003T084838Z-PLUGGED_AC-generic-r1,qwen2.5-coder-1.5b,specialized-narrow-screen,bench,api-20261003T084838Z-PLUGGED_AC,[],True,False,0,,5,128,128,99,GPUOpenCL,0,128,0,0,83.575963,0.891984,"[1523974114,1520463281,1550536093]","[83.9909,84.1849,82.5521]",446.5859375,6010.95703125
specialized-narrow-current-api-20261003T084838Z-PLUGGED_AC-generic-r1,qwen2.5-coder-1.5b,specialized-narrow-screen,bench,api-20261003T084838Z-PLUGGED_AC,[],True,False,0,,5,128,128,99,GPUOpenCL,0,0,32,0,10.496328,0.806044,"[2803621457,3231663176,3145533957]","[11.4138,9.90202,10.1732]",446.5859375,6010.95703125
specialized-narrow-current-api-20261003T084838Z-PLUGGED_AC-generic-r2,qwen2.5-coder-1.5b,specialized-narrow-screen,bench,api-20261003T084838Z-PLUGGED_AC,[],True,False,0,,5,128,128,99,GPUOpenCL,0,128,0,0,85.264165,0.159127,"[1502994999,1502671927,1497994010]","[85.1633,85.1816,85.4476]",450.78125,5514.3046875
specialized-narrow-current-api-20261003T084838Z-PLUGGED_AC-generic-r2,qwen2.5-coder-1.5b,specialized-narrow-screen,bench,api-20261003T084838Z-PLUGGED_AC,[],True,False,0,,5,128,128,99,GPUOpenCL,0,0,32,0,13.101679,1.607468,"[2266732239,2295647499,2844855259]","[14.1172,13.9394,11.2484]",450.78125,5514.3046875
specialized-narrow-current-api-20261003T084838Z-PLUGGED_AC-narrow-r0,qwen2.5-coder-1.5b,specialized-narrow-screen,bench,api-20261003T084838Z-PLUGGED_AC,[],True,False,0,,5,128,128,99,GPUOpenCL,0,128,0,0,216.6361,0.280672,"[590098125,590832812,591628802]","[216.913,216.643,216.352]",458.37109375,5333.25390625
specialized-narrow-current-api-20261003T084838Z-PLUGGED_AC-narrow-r0,qwen2.5-coder-1.5b,specialized-narrow-screen,bench,api-20261003T084838Z-PLUGGED_AC,[],True,False,0,,5,128,128,99,GPUOpenCL,0,0,32,0,13.809367,1.187639,"[2198454739,2217205729,2572379791]","[14.5557,14.4326,12.4398]",458.37109375,5333.25390625
specialized-narrow-current-api-20261003T084838Z-PLUGGED_AC-narrow-r1,qwen2.5-coder-1.5b,specialized-narrow-screen,bench,api-20261003T084838Z-PLUGGED_AC,[],True,False,0,,5,128,128,99,GPUOpenCL,0,128,0,0,216.979439,1.008387,"[593086719,588598021,588093750]","[215.82,217.466,217.652]",458.421875,5395.36328125
specialized-narrow-current-api-20261003T084838Z-PLUGGED_AC-narrow-r1,qwen2.5-coder-1.5b,specialized-narrow-screen,bench,api-20261003T084838Z-PLUGGED_AC,[],True,False,0,,5,128,128,99,GPUOpenCL,0,0,32,0,16.628294,0.656679,"[1970057343,1968604374,1840505259]","[16.2432,16.2552,17.3865]",458.421875,5395.36328125
specialized-narrow-current-api-20261003T084838Z-PLUGGED_AC-narrow-r2,qwen2.5-coder-1.5b,specialized-narrow-screen,bench,api-20261003T084838Z-PLUGGED_AC,[],True,False,0,,5,128,128,99,GPUOpenCL,0,128,0,0,219.559006,1.415003,"[582518906,579506562,586983386]","[219.735,220.878,218.064]",462.27734375,5850.4921875
specialized-narrow-current-api-20261003T084838Z-PLUGGED_AC-narrow-r2,qwen2.5-coder-1.5b,specialized-narrow-screen,bench,api-20261003T084838Z-PLUGGED_AC,[],True,False,0,,5,128,128,99,GPUOpenCL,0,0,32,0,17.21931,0.654205,"[1787117759,1866023228,1927335416]","[17.9059,17.1488,16.6032]",462.27734375,5850.4921875
threads-mistral-7b-uncensored-t1,mistral-7b-uncensored,threads,bench,,[],True,False,0,,1,128,128,0,none,0,128,0,0,7.98164,0.881152,"[14424809161,17998482858,16081194785]","[8.8736,7.11171,7.95961]",6248.78125,2625.17578125
threads-mistral-7b-uncensored-t1,mistral-7b-uncensored,threads,bench,,[],True,False,0,,1,128,128,0,none,0,0,32,0,3.907981,0.108714,"[7954368227,8217442028,8405918851]","[4.02295,3.89416,3.80684]",6248.78125,2625.17578125
threads-mistral-7b-uncensored-t2,mistral-7b-uncensored,threads,bench,,[],True,False,0,,2,128,128,0,none,0,128,0,0,11.066365,2.040308,"[9601711351,12194291349,13658546348]","[13.331,10.4967,9.37142]",6414.52734375,3028.94921875
threads-mistral-7b-uncensored-t2,mistral-7b-uncensored,threads,bench,,[],True,False,0,,2,128,128,0,none,0,0,32,0,3.88091,0.138942,"[7951841976,8265093122,8540623643]","[4.02422,3.8717,3.7468]",6414.52734375,3028.94921875
threads-mistral-7b-uncensored-t3,mistral-7b-uncensored,threads,bench,,[],True,False,0,,3,128,128,0,none,0,128,0,0,17.517795,0.388389,"[7486797549,7166018070,7274984268]","[17.0968,17.8621,17.5945]",6724.89453125,2634.2265625
threads-mistral-7b-uncensored-t3,mistral-7b-uncensored,threads,bench,,[],True,False,0,,3,128,128,0,none,0,0,32,0,6.001713,0.267182,"[5245152654,5157014790,5614893331]","[6.10087,6.20514,5.69913]",6724.89453125,2634.2265625
threads-mistral-7b-uncensored-t6,mistral-7b-uncensored,threads,bench,,[],True,False,0,,6,128,128,0,none,0,128,0,0,25.20627,2.480963,"[4745131352,4871825831,5721878696]","[26.975,26.2735,22.3703]",6585.2109375,3198.4296875
threads-mistral-7b-uncensored-t6,mistral-7b-uncensored,threads,bench,,[],True,False,0,,6,128,128,0,none,0,0,32,0,5.339517,0.887542,"[5045130831,6375502758,6871982289]","[6.34275,5.01921,4.65659]",6585.2109375,3198.4296875
threads-qwen2.5-coder-1.5b-t1,qwen2.5-coder-1.5b,threads,bench,,[],True,False,0,,1,128,128,0,none,0,128,0,0,45.155847,0.172626,"[2832953072,2846251405,2824760520]","[45.1825,44.9714,45.3136]",1900.19921875,5820.53515625
threads-qwen2.5-coder-1.5b-t1,qwen2.5-coder-1.5b,threads,bench,,[],True,False,0,,1,128,128,0,none,0,0,32,0,12.411089,0.065976,"[2586212551,2562609530,2586341353]","[12.3733,12.4873,12.3727]",1900.19921875,5820.53515625
threads-qwen2.5-coder-1.5b-t2,qwen2.5-coder-1.5b,threads,bench,,[],True,False,0,,2,128,128,0,none,0,128,0,0,56.756609,0.082867,"[2252030311,2258611510,2255099687]","[56.8376,56.672,56.7602]",1900.609375,5815.765625
threads-qwen2.5-coder-1.5b-t2,qwen2.5-coder-1.5b,threads,bench,,[],True,False,0,,2,128,128,0,none,0,0,32,0,16.929509,0.033748,"[1886332291,1890395625,1893859114]","[16.9641,16.9277,16.8967]",1900.609375,5815.765625
threads-qwen2.5-coder-1.5b-t3,qwen2.5-coder-1.5b,threads,bench,,[],True,False,0,,3,128,128,0,none,0,128,0,0,72.768145,0.231704,"[1765026978,1753927395,1758115677]","[72.5201,72.9791,72.8052]",1916.94921875,5801.1796875
threads-qwen2.5-coder-1.5b-t3,qwen2.5-coder-1.5b,threads,bench,,[],True,False,0,,3,128,128,0,none,0,0,32,0,20.336543,0.200221,"[1590294999,1559567239,1571009792]","[20.1221,20.5185,20.3691]",1916.94921875,5801.1796875
threads-qwen2.5-coder-1.5b-t5,qwen2.5-coder-1.5b,threads,bench,,[],True,False,0,,5,128,128,0,none,0,128,0,0,101.103536,1.325465,"[1263638645,1250940781,1283943802]","[101.295,102.323,99.6928]",1900.33203125,5398.11328125
threads-qwen2.5-coder-1.5b-t5,qwen2.5-coder-1.5b,threads,bench,,[],True,False,0,,5,128,128,0,none,0,0,32,0,25.084167,0.254317,"[1270139896,1290667135,1266571979]","[25.1941,24.7934,25.265]",1900.33203125,5398.11328125
threads-qwen2.5-coder-1.5b-t6,qwen2.5-coder-1.5b,threads,bench,,[],True,False,0,,6,128,128,0,none,0,128,0,0,97.22621,2.047815,"[1285433489,1335670832,1329603072]","[99.5773,95.832,96.2693]",1900.52734375,5346.65234375
threads-qwen2.5-coder-1.5b-t6,qwen2.5-coder-1.5b,threads,bench,,[],True,False,0,,6,128,128,0,none,0,0,32,0,20.884963,2.492084,"[1750404166,1514783854,1376446458]","[18.2815,21.1251,23.2483]",1900.52734375,5346.65234375
threads-qwen2.5-coder-1.5b-t8,qwen2.5-coder-1.5b,threads,bench,,[],True,False,0,,8,128,128,0,none,0,128,0,0,46.12761,2.879287,"[2638034738,2727497135,2981432030]","[48.521,46.9295,42.9324]",1899.97265625,5388.046875
threads-qwen2.5-coder-1.5b-t8,qwen2.5-coder-1.5b,threads,bench,,[],True,False,0,,8,128,128,0,none,0,0,32,0,10.441712,2.760736,"[4402940676,2604397238,2718694530]","[7.26787,12.2869,11.7704]",1899.97265625,5388.046875
threads-qwen2.5-coder-7b-t1,qwen2.5-coder-7b,threads,bench,,[],True,False,0,,1,128,128,0,none,0,128,0,0,6.429625,0.004434,"[19893636816,19908896972,19921032752]","[6.43422,6.42929,6.42537]",6764.7734375,2268.33984375
threads-qwen2.5-coder-7b-t1,qwen2.5-coder-7b,threads,bench,,[],True,False,0,,1,128,128,0,none,0,0,32,0,2.510031,0.043281,"[12500210777,12866867443,12886977443]","[2.55996,2.48701,2.48313]",6764.7734375,2268.33984375
threads-qwen2.5-coder-7b-t2,qwen2.5-coder-7b,threads,bench,,[],True,False,0,,2,128,128,0,none,0,128,0,0,10.861963,1.068364,"[10582756558,12458123120,12528973276]","[12.0951,10.2744,10.2163]",6542.4453125,2587.19921875
threads-qwen2.5-coder-7b-t2,qwen2.5-coder-7b,threads,bench,,[],True,False,0,,2,128,128,0,none,0,0,32,0,3.799506,0.152658,"[8048826872,8630225570,8613994320]","[3.97573,3.7079,3.71489]",6542.4453125,2587.19921875
threads-qwen2.5-coder-7b-t3,qwen2.5-coder-7b,threads,bench,,[],True,False,0,,3,128,128,0,none,0,128,0,0,14.428664,4.654597,"[6463573226,10884490934,10918843642]","[19.8033,11.7599,11.7229]",6843.265625,3008.765625
threads-qwen2.5-coder-7b-t3,qwen2.5-coder-7b,threads,bench,,[],True,False,0,,3,128,128,0,none,0,0,32,0,4.333634,0.283022,"[7067242706,7168371299,7982207341]","[4.52793,4.46405,4.00892]",6843.265625,3008.765625
threads-qwen2.5-coder-7b-t5,qwen2.5-coder-7b,threads,bench,,[],True,False,0,,5,128,128,0,none,0,128,0,0,21.395094,3.08317,"[5181395988,6130580779,6880766196]","[24.7038,20.8789,18.6026]",6590.86328125,2674.6875
threads-qwen2.5-coder-7b-t5,qwen2.5-coder-7b,threads,bench,,[],True,False,0,,5,128,128,0,none,0,0,32,0,5.128345,0.599095,"[7194516508,5969101404,5738610831]","[4.44783,5.36094,5.57626]",6590.86328125,2674.6875
threads-qwen2.5-coder-7b-t6,qwen2.5-coder-7b,threads,bench,,[],True,False,0,,6,128,128,0,none,0,128,0,0,15.74878,3.1296,"[10530968433,7162300830,7433061247]","[12.1546,17.8714,17.2204]",6309.75390625,2378.421875
threads-qwen2.5-coder-7b-t6,qwen2.5-coder-7b,threads,bench,,[],True,False,0,,6,128,128,0,none,0,0,32,0,4.661887,0.457613,"[7612461195,6251394581,6862286456]","[4.20363,5.11886,4.66317]",6309.75390625,2378.421875
threads-qwen2.5-coder-7b-t8,qwen2.5-coder-7b,threads,bench,,[],True,False,0,,8,128,128,0,none,0,128,0,0,15.034403,2.483376,"[7150941299,9478607131,9343493694]","[17.8997,13.5041,13.6994]",6728.97265625,3135.70703125
threads-qwen2.5-coder-7b-t8,qwen2.5-coder-7b,threads,bench,,[],True,False,0,,8,128,128,0,none,0,0,32,0,1.889413,0.526812,"[13041711713,17737124993,22687815043]","[2.45367,1.80413,1.41045]",6728.97265625,3135.70703125
threads-qwen3-4b-instruct-t1,qwen3-4b-instruct,threads,bench,,[],True,False,0,,1,128,128,0,none,0,128,0,0,16.543202,0.28045,"[7592194893,7783251611,7840918279]","[16.8594,16.4456,16.3246]",4836.4609375,4065.15234375
threads-qwen3-4b-instruct-t1,qwen3-4b-instruct,threads,bench,,[],True,False,0,,1,128,128,0,none,0,0,32,0,6.336614,0.176358,"[4899910519,5085130727,5172758332]","[6.53073,6.29286,6.18625]",4836.4609375,4065.15234375
threads-qwen3-4b-instruct-t2,qwen3-4b-instruct,threads,bench,,[],True,False,0,,2,128,128,0,none,0,128,0,0,28.055293,0.598156,"[4468836769,4559046040,4663528488]","[28.6428,28.076,27.447]",4859.01171875,4238.796875
threads-qwen3-4b-instruct-t2,qwen3-4b-instruct,threads,bench,,[],True,False,0,,2,128,128,0,none,0,0,32,0,8.639225,0.197766,"[3610488905,3735500884,3769959790]","[8.86307,8.56645,8.48815]",4859.01171875,4238.796875
threads-qwen3-4b-instruct-t3,qwen3-4b-instruct,threads,bench,,[],True,False,0,,3,128,128,0,none,0,128,0,0,34.178198,0.086688,"[3734210936,3749459008,3751610728]","[34.2777,34.1383,34.1187]",4860.30859375,4143.28125
threads-qwen3-4b-instruct-t3,qwen3-4b-instruct,threads,bench,,[],True,False,0,,3,128,128,0,none,0,0,32,0,8.331573,0.45712,"[4100111092,3734870989,3711369999]","[7.80467,8.5679,8.62215]",4860.30859375,4143.28125
threads-qwen3-4b-instruct-t5,qwen3-4b-instruct,threads,bench,,[],True,False,0,,5,128,128,0,none,0,128,0,0,46.485327,7.28011,"[2461913124,2599905572,3348038697]","[51.9921,49.2326,38.2313]",4860.12109375,4217.86328125
threads-qwen3-4b-instruct-t5,qwen3-4b-instruct,threads,bench,,[],True,False,0,,5,128,128,0,none,0,0,32,0,11.644682,1.046413,"[2558908957,2678086926,3053467499]","[12.5053,11.9488,10.4799]",4860.12109375,4217.86328125
threads-qwen3-4b-instruct-t6,qwen3-4b-instruct,threads,bench,,[],True,False,0,,6,128,128,0,none,0,128,0,0,49.029658,6.089128,"[2351616666,2548388385,3016697186]","[54.4306,50.2278,42.4305]",4860.0625,4152.72265625
threads-qwen3-4b-instruct-t6,qwen3-4b-instruct,threads,bench,,[],True,False,0,,6,128,128,0,none,0,0,32,0,8.738806,0.910725,"[3268827395,3877494269,3914745311]","[9.78944,8.25275,8.17422]",4860.0625,4152.72265625
threads-qwen3-4b-instruct-t8,qwen3-4b-instruct,threads,bench,,[],True,False,0,,8,128,128,0,none,0,128,0,0,27.975424,1.599535,"[4360027498,4515738123,4881146092]","[29.3576,28.3453,26.2233]",4859.703125,4163.609375
threads-qwen3-4b-instruct-t8,qwen3-4b-instruct,threads,bench,,[],True,False,0,,8,128,128,0,none,0,0,32,0,3.29069,0.950079,"[7403734477,10327300933,13054056974]","[4.32214,3.09858,2.45135]",4859.703125,4163.609375
threads-qwen3.5-4b-instruct-t1,qwen3.5-4b-instruct,threads,bench,,[],True,False,0,,1,128,128,0,none,0,128,0,0,15.738292,0.238992,"[8012930570,8129882757,8260029684]","[15.9742,15.7444,15.4963]",5383.24609375,4015.0703125
threads-qwen3.5-4b-instruct-t1,qwen3.5-4b-instruct,threads,bench,,[],True,False,0,,1,128,128,0,none,0,0,32,0,3.654493,0.610733,"[7369557132,9286326664,10077585726]","[4.34219,3.44593,3.17536]",5383.24609375,4015.0703125
threads-qwen3.5-4b-instruct-t2,qwen3.5-4b-instruct,threads,bench,,[],True,False,0,,2,128,128,0,none,0,128,0,0,18.747779,1.167364,"[6473390518,6739433070,7323749007]","[19.7733,18.9927,17.4774]",5347.6171875,4072.47265625
threads-qwen3.5-4b-instruct-t2,qwen3.5-4b-instruct,threads,bench,,[],True,False,0,,2,128,128,0,none,0,0,32,0,4.930156,0.024242,"[6511197133,6454099372,6507016300]","[4.91461,4.95809,4.91777]",5347.6171875,4072.47265625
threads-qwen3.5-4b-instruct-t3,qwen3.5-4b-instruct,threads,bench,,[],True,False,0,,3,128,128,0,none,0,128,0,0,22.438965,8.140667,"[4146770780,5863719269,8754917132]","[30.8674,21.8291,14.6204]",5379.84375,3904.76171875
threads-qwen3.5-4b-instruct-t3,qwen3.5-4b-instruct,threads,bench,,[],True,False,0,,3,128,128,0,none,0,0,32,0,5.730669,0.597864,"[5185179894,5359745883,6336459164]","[6.17143,5.97043,5.05014]",5379.84375,3904.76171875
threads-qwen3.5-4b-instruct-t6,qwen3.5-4b-instruct,threads,bench,,[],True,False,0,,6,128,128,0,none,0,128,0,0,34.731422,10.825064,"[3106427916,3140721301,5756841612]","[41.2049,40.755,22.2344]",5369.4140625,3953.32421875
threads-qwen3.5-4b-instruct-t6,qwen3.5-4b-instruct,threads,bench,,[],True,False,0,,6,128,128,0,none,0,0,32,0,5.273109,0.390513,"[6614124894,5939495050,5720892967]","[4.83813,5.38766,5.59353]",5369.4140625,3953.32421875
