id,model,group,mode,power_epoch,validation_issues,passes_current_run_checks,diagnostic_timing,exit_code,abort_reason,UTC,monotonic,battery_C,hottest_CPU_C,hottest_GPU_C,hottest_NPU_C,CPU7_ceiling_kHz,GPU,MemAvailable_MiB,RSS_MiB,process_cgroup
sustained-driver-gate-v1-cpu,qwen2.5-coder-1.5b,sustained-helper-gate,sustained,api-20261003T210139Z-UNPLUGGED,[],True,False,0,,2026-10-03T23:02:35.729342+00:00,432159.779085921,35.8,49.8,41.2,41.6,2745600,"{""clock_mhz"":""231"",""max_gpuclk"":""680000000"",""thermal_pwrlevel"":""6"",""gpu_busy_percentage"":""1 %"",""gpubusy"":""19173 1022260"",""temp"":""41200"",""reset_count"":""355965""}",6052.35546875,,"5:freezer:/
4:cpuset:/top-app
3:cpuacct:/top-app
2:cpu:/top-app
1:blkio:/top
0::/apps/uid_10247/pid_11813"
sustained-driver-gate-v1-cpu,qwen2.5-coder-1.5b,sustained-helper-gate,sustained,api-20261003T210139Z-UNPLUGGED,[],True,False,0,,2026-10-03T23:02:36.756685+00:00,432160.806449462,35.8,84.1,48.3,45.5,2745600,"{""clock_mhz"":""231"",""max_gpuclk"":""680000000"",""thermal_pwrlevel"":""6"",""gpu_busy_percentage"":""1 %"",""gpubusy"":""18181 1007431"",""temp"":""48700"",""reset_count"":""355965""}",5079.3046875,,"5:freezer:/
4:cpuset:/top-app
3:cpuacct:/top-app
2:cpu:/top-app
1:blkio:/top
0::/apps/uid_10247/pid_11813"
sustained-driver-gate-v1-cpu,qwen2.5-coder-1.5b,sustained-helper-gate,sustained,api-20261003T210139Z-UNPLUGGED,[],True,False,0,,2026-10-03T23:02:37.848359+00:00,432161.898107847,35.8,54.9,45.5,45.1,2745600,"{""clock_mhz"":""231"",""max_gpuclk"":""680000000"",""thermal_pwrlevel"":""6"",""gpu_busy_percentage"":""1 %"",""gpubusy"":""17103 1015182"",""temp"":""45100"",""reset_count"":""355965""}",5077.15625,,"5:freezer:/
4:cpuset:/top-app
3:cpuacct:/top-app
2:cpu:/top-app
1:blkio:/top
0::/apps/uid_10247/pid_11813"
sustained-driver-gate-v1-cpu,qwen2.5-coder-1.5b,sustained-helper-gate,sustained,api-20261003T210139Z-UNPLUGGED,[],True,False,0,,2026-10-03T23:02:38.921228+00:00,432162.970978211,35.8,59.2,46.3,45.1,2745600,"{""clock_mhz"":""231"",""max_gpuclk"":""680000000"",""thermal_pwrlevel"":""6"",""gpu_busy_percentage"":""1 %"",""gpubusy"":""19152 1027198"",""temp"":""46300"",""reset_count"":""355965""}",5042.85546875,,"5:freezer:/
4:cpuset:/top-app
3:cpuacct:/top-app
2:cpu:/top-app
1:blkio:/top
0::/apps/uid_10247/pid_11813"
sustained-driver-gate-v1-cpu,qwen2.5-coder-1.5b,sustained-helper-gate,sustained,api-20261003T210139Z-UNPLUGGED,[],True,False,0,,2026-10-03T23:02:39.991121+00:00,432164.040868836,35.8,51.8,44.0,44.0,2745600,"{""clock_mhz"":""231"",""max_gpuclk"":""680000000"",""thermal_pwrlevel"":""6"",""gpu_busy_percentage"":""1 %"",""gpubusy"":""15773 1013261"",""temp"":""44000"",""reset_count"":""355965""}",5047.29296875,,"5:freezer:/
4:cpuset:/top-app
3:cpuacct:/top-app
2:cpu:/top-app
1:blkio:/top
0::/apps/uid_10247/pid_11813"
sustained-driver-gate-v1-cpu,qwen2.5-coder-1.5b,sustained-helper-gate,sustained,api-20261003T210139Z-UNPLUGGED,[],True,False,0,,2026-10-03T23:02:41.064012+00:00,432165.113762377,35.8,52.2,45.1,44.0,2745600,"{""clock_mhz"":""231"",""max_gpuclk"":""680000000"",""thermal_pwrlevel"":""6"",""gpu_busy_percentage"":""5 %"",""gpubusy"":""58893 1037757"",""temp"":""44800"",""reset_count"":""355965""}",5042.796875,,"5:freezer:/
4:cpuset:/top-app
3:cpuacct:/top-app
2:cpu:/top-app
1:blkio:/top
0::/apps/uid_10247/pid_11813"
sustained-driver-gate-v1-cpu,qwen2.5-coder-1.5b,sustained-helper-gate,sustained,api-20261003T210139Z-UNPLUGGED,[],True,False,0,,2026-10-03T23:02:42.135455+00:00,432166.185214824,35.8,49.0,44.0,43.6,2745600,"{""clock_mhz"":""231"",""max_gpuclk"":""680000000"",""thermal_pwrlevel"":""6"",""gpu_busy_percentage"":""11 %"",""gpubusy"":""116037 1009729"",""temp"":""44000"",""reset_count"":""355965""}",5041.6875,,"5:freezer:/
4:cpuset:/top-app
3:cpuacct:/top-app
2:cpu:/top-app
1:blkio:/top
0::/apps/uid_10247/pid_11813"
sustained-driver-gate-v1-cpu,qwen2.5-coder-1.5b,sustained-helper-gate,sustained,api-20261003T210139Z-UNPLUGGED,[],True,False,0,,2026-10-03T23:02:43.203957+00:00,432167.253705084,35.8,57.6,44.0,44.0,2745600,"{""clock_mhz"":""231"",""max_gpuclk"":""680000000"",""thermal_pwrlevel"":""6"",""gpu_busy_percentage"":""3 %"",""gpubusy"":""36056 1026372"",""temp"":""44000"",""reset_count"":""355965""}",5037.11328125,,"5:freezer:/
4:cpuset:/top-app
3:cpuacct:/top-app
2:cpu:/top-app
1:blkio:/top
0::/apps/uid_10247/pid_11813"
sustained-driver-gate-v1-cpu,qwen2.5-coder-1.5b,sustained-helper-gate,sustained,api-20261003T210139Z-UNPLUGGED,[],True,False,0,,2026-10-03T23:02:44.276726+00:00,432168.326474094,35.8,60.0,44.0,44.0,2745600,"{""clock_mhz"":""231"",""max_gpuclk"":""680000000"",""thermal_pwrlevel"":""6"",""gpu_busy_percentage"":""3 %"",""gpubusy"":""37710 1012796"",""temp"":""44400"",""reset_count"":""355965""}",5036.84765625,,"5:freezer:/
4:cpuset:/top-app
3:cpuacct:/top-app
2:cpu:/top-app
1:blkio:/top
0::/apps/uid_10247/pid_11813"
sustained-driver-gate-v1-cpu,qwen2.5-coder-1.5b,sustained-helper-gate,sustained,api-20261003T210139Z-UNPLUGGED,[],True,False,0,,2026-10-03T23:02:45.350775+00:00,432169.40052774,35.8,52.2,44.0,44.0,2745600,"{""clock_mhz"":""231"",""max_gpuclk"":""680000000"",""thermal_pwrlevel"":""6"",""gpu_busy_percentage"":""4 %"",""gpubusy"":""42059 1030703"",""temp"":""44000"",""reset_count"":""355965""}",5050.40234375,,"5:freezer:/
4:cpuset:/top-app
3:cpuacct:/top-app
2:cpu:/top-app
1:blkio:/top
0::/apps/uid_10247/pid_11813"
sustained-driver-gate-v1-cpu,qwen2.5-coder-1.5b,sustained-helper-gate,sustained,api-20261003T210139Z-UNPLUGGED,[],True,False,0,,2026-10-03T23:02:46.424969+00:00,432170.474715552,35.8,56.1,43.6,43.6,2745600,"{""clock_mhz"":""231"",""max_gpuclk"":""680000000"",""thermal_pwrlevel"":""6"",""gpu_busy_percentage"":""3 %"",""gpubusy"":""33360 1023386"",""temp"":""44000"",""reset_count"":""355965""}",5049.41796875,,"5:freezer:/
4:cpuset:/top-app
3:cpuacct:/top-app
2:cpu:/top-app
1:blkio:/top
0::/apps/uid_10247/pid_11813"
sustained-driver-gate-v1-cpu,qwen2.5-coder-1.5b,sustained-helper-gate,sustained,api-20261003T210139Z-UNPLUGGED,[],True,False,0,,2026-10-03T23:02:47.530502+00:00,432171.580264406,35.8,80.6,51.1,47.9,2745600,"{""clock_mhz"":""231"",""max_gpuclk"":""680000000"",""thermal_pwrlevel"":""6"",""gpu_busy_percentage"":""3 %"",""gpubusy"":""37324 1007956"",""temp"":""51500"",""reset_count"":""355965""}",5047.44921875,,"5:freezer:/
4:cpuset:/top-app
3:cpuacct:/top-app
2:cpu:/top-app
1:blkio:/top
0::/apps/uid_10247/pid_11813"
sustained-driver-gate-v1-cpu,qwen2.5-coder-1.5b,sustained-helper-gate,sustained,api-20261003T210139Z-UNPLUGGED,[],True,False,0,,2026-10-03T23:02:48.644681+00:00,432172.694474093,35.8,87.6,56.6,52.9,2745600,"{""clock_mhz"":""231"",""max_gpuclk"":""680000000"",""thermal_pwrlevel"":""6"",""gpu_busy_percentage"":""2 %"",""gpubusy"":""23338 1012565"",""temp"":""56600"",""reset_count"":""355965""}",5046.95703125,,"5:freezer:/
4:cpuset:/top-app
3:cpuacct:/top-app
2:cpu:/top-app
1:blkio:/top
0::/apps/uid_10247/pid_11813"
sustained-driver-gate-v1-cpu,qwen2.5-coder-1.5b,sustained-helper-gate,sustained,api-20261003T210139Z-UNPLUGGED,[],True,False,0,,2026-10-03T23:02:49.764462+00:00,432173.814203259,35.8,90.7,59.4,55.3,2496000,"{""clock_mhz"":""231"",""max_gpuclk"":""680000000"",""thermal_pwrlevel"":""6"",""gpu_busy_percentage"":""1 %"",""gpubusy"":""18846 1011988"",""temp"":""59400"",""reset_count"":""355965""}",5060.03125,,"5:freezer:/
4:cpuset:/top-app
3:cpuacct:/top-app
2:cpu:/top-app
1:blkio:/top
0::/apps/uid_10247/pid_11813"
sustained-driver-gate-v1-cpu,qwen2.5-coder-1.5b,sustained-helper-gate,sustained,api-20261003T210139Z-UNPLUGGED,[],True,False,0,,2026-10-03T23:02:50.877356+00:00,432174.927116852,35.8,93.1,60.6,56.8,2496000,"{""clock_mhz"":""231"",""max_gpuclk"":""680000000"",""thermal_pwrlevel"":""6"",""gpu_busy_percentage"":""2 %"",""gpubusy"":""23133 1014943"",""temp"":""61000"",""reset_count"":""355965""}",5058.0625,,"5:freezer:/
4:cpuset:/top-app
3:cpuacct:/top-app
2:cpu:/top-app
1:blkio:/top
0::/apps/uid_10247/pid_11813"
sustained-driver-gate-v1-cpu,qwen2.5-coder-1.5b,sustained-helper-gate,sustained,api-20261003T210139Z-UNPLUGGED,[],True,False,0,,2026-10-03T23:02:52.069376+00:00,432176.119180758,35.7,90.0,61.4,59.2,2496000,"{""clock_mhz"":""231"",""max_gpuclk"":""680000000"",""thermal_pwrlevel"":""6"",""gpu_busy_percentage"":""2 %"",""gpubusy"":""22167 1010812"",""temp"":""61400"",""reset_count"":""355965""}",5056.5859375,,"5:freezer:/
4:cpuset:/top-app
3:cpuacct:/top-app
2:cpu:/top-app
1:blkio:/top
0::/apps/uid_10247/pid_11813"
sustained-driver-gate-v1-cpu,qwen2.5-coder-1.5b,sustained-helper-gate,sustained,api-20261003T210139Z-UNPLUGGED,[],True,False,0,,2026-10-03T23:02:53.191631+00:00,432177.241392581,35.7,93.5,62.6,59.6,2496000,"{""clock_mhz"":""231"",""max_gpuclk"":""680000000"",""thermal_pwrlevel"":""6"",""gpu_busy_percentage"":""2 %"",""gpubusy"":""22914 1017772"",""temp"":""63000"",""reset_count"":""355965""}",5055.6171875,,"5:freezer:/
4:cpuset:/top-app
3:cpuacct:/top-app
2:cpu:/top-app
1:blkio:/top
0::/apps/uid_10247/pid_11813"
sustained-driver-gate-v1-cpu,qwen2.5-coder-1.5b,sustained-helper-gate,sustained,api-20261003T210139Z-UNPLUGGED,[],True,False,0,,2026-10-03T23:02:54.281557+00:00,432178.331321695,35.7,93.9,63.8,60.3,2496000,"{""clock_mhz"":""231"",""max_gpuclk"":""680000000"",""thermal_pwrlevel"":""6"",""gpu_busy_percentage"":""1 %"",""gpubusy"":""20568 1032460"",""temp"":""63400"",""reset_count"":""355965""}",5045.52734375,,"5:freezer:/
4:cpuset:/top-app
3:cpuacct:/top-app
2:cpu:/top-app
1:blkio:/top
0::/apps/uid_10247/pid_11813"
sustained-driver-gate-v1-cpu,qwen2.5-coder-1.5b,sustained-helper-gate,sustained,api-20261003T210139Z-UNPLUGGED,[],True,False,0,,2026-10-03T23:02:55.378015+00:00,432179.42781159,35.7,93.1,64.6,61.1,2496000,"{""clock_mhz"":""231"",""max_gpuclk"":""680000000"",""thermal_pwrlevel"":""6"",""gpu_busy_percentage"":""1 %"",""gpubusy"":""19335 1004021"",""temp"":""64200"",""reset_count"":""355965""}",5041.828125,,"5:freezer:/
4:cpuset:/top-app
3:cpuacct:/top-app
2:cpu:/top-app
1:blkio:/top
0::/apps/uid_10247/pid_11813"
sustained-driver-gate-v1-cpu,qwen2.5-coder-1.5b,sustained-helper-gate,sustained,api-20261003T210139Z-UNPLUGGED,[],True,False,0,,2026-10-03T23:02:56.543601+00:00,432180.593399871,35.7,93.5,64.6,62.7,2496000,"{""clock_mhz"":""231"",""max_gpuclk"":""680000000"",""thermal_pwrlevel"":""6"",""gpu_busy_percentage"":""2 %"",""gpubusy"":""22403 1006620"",""temp"":""65400"",""reset_count"":""355965""}",5038.78515625,,"5:freezer:/
4:cpuset:/top-app
3:cpuacct:/top-app
2:cpu:/top-app
1:blkio:/top
0::/apps/uid_10247/pid_11813"
sustained-driver-gate-v1-gpu-adreno,qwen2.5-coder-1.5b,sustained-helper-gate,sustained,api-20261003T210139Z-UNPLUGGED,[],True,False,0,,2026-10-03T23:05:26.033923+00:00,432330.083668408,36.1,49.4,42.0,42.0,2630400,"{""clock_mhz"":""231"",""max_gpuclk"":""680000000"",""thermal_pwrlevel"":""6"",""gpu_busy_percentage"":""0 %"",""gpubusy"":""0       0"",""temp"":""42400"",""reset_count"":""356017""}",6055.0,,"5:freezer:/
4:cpuset:/top-app
3:cpuacct:/top-app
2:cpu:/top-app
1:blkio:/top
0::/apps/uid_10247/pid_11813"
sustained-driver-gate-v1-gpu-adreno,qwen2.5-coder-1.5b,sustained-helper-gate,sustained,api-20261003T210139Z-UNPLUGGED,[],True,False,0,,2026-10-03T23:05:27.065137+00:00,432331.114890334,36.1,47.9,45.1,44.4,2630400,"{""clock_mhz"":""680"",""max_gpuclk"":""680000000"",""thermal_pwrlevel"":""6"",""gpu_busy_percentage"":""0 %"",""gpubusy"":""0       0"",""temp"":""45100"",""reset_count"":""356018""}",4668.63671875,,"5:freezer:/
4:cpuset:/top-app
3:cpuacct:/top-app
2:cpu:/top-app
1:blkio:/top
0::/apps/uid_10247/pid_11813"
sustained-driver-gate-v1-gpu-adreno,qwen2.5-coder-1.5b,sustained-helper-gate,sustained,api-20261003T210139Z-UNPLUGGED,[],True,False,0,,2026-10-03T23:05:28.126385+00:00,432332.176134605,36.1,44.8,44.8,44.0,2630400,"{""clock_mhz"":""680"",""max_gpuclk"":""680000000"",""thermal_pwrlevel"":""6"",""gpu_busy_percentage"":""53 %"",""gpubusy"":""534321 1005736"",""temp"":""44800"",""reset_count"":""356018""}",4644.76953125,,"5:freezer:/
4:cpuset:/top-app
3:cpuacct:/top-app
2:cpu:/top-app
1:blkio:/top
0::/apps/uid_10247/pid_11813"
sustained-driver-gate-v1-gpu-adreno,qwen2.5-coder-1.5b,sustained-helper-gate,sustained,api-20261003T210139Z-UNPLUGGED,[],True,False,0,,2026-10-03T23:05:29.180026+00:00,432333.229794136,36.1,44.4,44.4,44.0,2630400,"{""clock_mhz"":""680"",""max_gpuclk"":""680000000"",""thermal_pwrlevel"":""6"",""gpu_busy_percentage"":""28 %"",""gpubusy"":""291138 1012279"",""temp"":""44400"",""reset_count"":""356018""}",4653.66015625,,"5:freezer:/
4:cpuset:/top-app
3:cpuacct:/top-app
2:cpu:/top-app
1:blkio:/top
0::/apps/uid_10247/pid_11813"
sustained-driver-gate-v1-gpu-adreno,qwen2.5-coder-1.5b,sustained-helper-gate,sustained,api-20261003T210139Z-UNPLUGGED,[],True,False,0,,2026-10-03T23:05:30.236105+00:00,432334.285867781,36.1,44.0,44.0,43.6,2745600,"{""clock_mhz"":""680"",""max_gpuclk"":""680000000"",""thermal_pwrlevel"":""6"",""gpu_busy_percentage"":""30 %"",""gpubusy"":""303711 1005003"",""temp"":""44400"",""reset_count"":""356018""}",4652.671875,,"5:freezer:/
4:cpuset:/top-app
3:cpuacct:/top-app
2:cpu:/top-app
1:blkio:/top
0::/apps/uid_10247/pid_11813"
sustained-driver-gate-v1-gpu-adreno,qwen2.5-coder-1.5b,sustained-helper-gate,sustained,api-20261003T210139Z-UNPLUGGED,[],True,False,0,,2026-10-03T23:05:31.286430+00:00,432335.336176635,36.1,76.7,51.1,47.1,2745600,"{""clock_mhz"":""680"",""max_gpuclk"":""680000000"",""thermal_pwrlevel"":""6"",""gpu_busy_percentage"":""41 %"",""gpubusy"":""424286 1014073"",""temp"":""51500"",""reset_count"":""356018""}",4517.1953125,,"5:freezer:/
4:cpuset:/top-app
3:cpuacct:/top-app
2:cpu:/top-app
1:blkio:/top
0::/apps/uid_10247/pid_11813"
sustained-driver-gate-v1-gpu-adreno,qwen2.5-coder-1.5b,sustained-helper-gate,sustained,api-20261003T210139Z-UNPLUGGED,[],True,False,0,,2026-10-03T23:05:32.342364+00:00,432336.392136947,36.1,46.3,45.1,45.5,2745600,"{""clock_mhz"":""231"",""max_gpuclk"":""680000000"",""thermal_pwrlevel"":""6"",""gpu_busy_percentage"":""0 %"",""gpubusy"":""0       0"",""temp"":""45100"",""reset_count"":""356020""}",4512.9453125,,"5:freezer:/
4:cpuset:/top-app
3:cpuacct:/top-app
2:cpu:/top-app
1:blkio:/top
0::/apps/uid_10247/pid_11813"
sustained-driver-gate-v1-gpu-adreno,qwen2.5-coder-1.5b,sustained-helper-gate,sustained,api-20261003T210139Z-UNPLUGGED,[],True,False,0,,2026-10-03T23:05:33.408623+00:00,432337.458388196,36.1,45.1,44.0,44.4,2745600,"{""clock_mhz"":""231"",""max_gpuclk"":""680000000"",""thermal_pwrlevel"":""6"",""gpu_busy_percentage"":""0 %"",""gpubusy"":""0       0"",""temp"":""44000"",""reset_count"":""356021""}",4496.72265625,,"5:freezer:/
4:cpuset:/top-app
3:cpuacct:/top-app
2:cpu:/top-app
1:blkio:/top
0::/apps/uid_10247/pid_11813"
sustained-driver-gate-v1-gpu-adreno,qwen2.5-coder-1.5b,sustained-helper-gate,sustained,api-20261003T210139Z-UNPLUGGED,[],True,False,0,,2026-10-03T23:05:34.470385+00:00,432338.520154134,36.1,43.6,43.2,44.0,2745600,"{""clock_mhz"":""231"",""max_gpuclk"":""680000000"",""thermal_pwrlevel"":""6"",""gpu_busy_percentage"":""0 %"",""gpubusy"":""0       0"",""temp"":""43200"",""reset_count"":""356022""}",4495.9921875,,"5:freezer:/
4:cpuset:/top-app
3:cpuacct:/top-app
2:cpu:/top-app
1:blkio:/top
0::/apps/uid_10247/pid_11813"
sustained-driver-gate-v1-gpu-adreno,qwen2.5-coder-1.5b,sustained-helper-gate,sustained,api-20261003T210139Z-UNPLUGGED,[],True,False,0,,2026-10-03T23:05:35.544176+00:00,432339.593935487,36.1,43.6,42.8,42.8,2745600,"{""clock_mhz"":""231"",""max_gpuclk"":""680000000"",""thermal_pwrlevel"":""6"",""gpu_busy_percentage"":""0 %"",""gpubusy"":""0       0"",""temp"":""42800"",""reset_count"":""356023""}",4493.17578125,,"5:freezer:/
4:cpuset:/top-app
3:cpuacct:/top-app
2:cpu:/top-app
1:blkio:/top
0::/apps/uid_10247/pid_11813"
sustained-driver-gate-v1-gpu-adreno,qwen2.5-coder-1.5b,sustained-helper-gate,sustained,api-20261003T210139Z-UNPLUGGED,[],True,False,0,,2026-10-03T23:05:36.608103+00:00,432340.657873456,36.1,42.8,42.8,42.8,2745600,"{""clock_mhz"":""231"",""max_gpuclk"":""680000000"",""thermal_pwrlevel"":""6"",""gpu_busy_percentage"":""0 %"",""gpubusy"":""0       0"",""temp"":""42400"",""reset_count"":""356025""}",4535.94921875,,"5:freezer:/
4:cpuset:/top-app
3:cpuacct:/top-app
2:cpu:/top-app
1:blkio:/top
0::/apps/uid_10247/pid_11813"
sustained-driver-gate-v1-gpu-adreno,qwen2.5-coder-1.5b,sustained-helper-gate,sustained,api-20261003T210139Z-UNPLUGGED,[],True,False,0,,2026-10-03T23:05:37.676817+00:00,432341.726586059,36.1,42.8,42.4,42.4,2745600,"{""clock_mhz"":""231"",""max_gpuclk"":""680000000"",""thermal_pwrlevel"":""6"",""gpu_busy_percentage"":""0 %"",""gpubusy"":""0       0"",""temp"":""42400"",""reset_count"":""356026""}",4565.14453125,,"5:freezer:/
4:cpuset:/top-app
3:cpuacct:/top-app
2:cpu:/top-app
1:blkio:/top
0::/apps/uid_10247/pid_11813"
sustained-driver-gate-v1-gpu-adreno,qwen2.5-coder-1.5b,sustained-helper-gate,sustained,api-20261003T210139Z-UNPLUGGED,[],True,False,0,,2026-10-03T23:05:38.778871+00:00,432342.828698299,36.1,42.8,42.0,42.0,2745600,"{""clock_mhz"":""231"",""max_gpuclk"":""680000000"",""thermal_pwrlevel"":""6"",""gpu_busy_percentage"":""0 %"",""gpubusy"":""0       0"",""temp"":""42000"",""reset_count"":""356027""}",4562.92578125,,"5:freezer:/
4:cpuset:/top-app
3:cpuacct:/top-app
2:cpu:/top-app
1:blkio:/top
0::/apps/uid_10247/pid_11813"
sustained-driver-gate-v1-gpu-adreno,qwen2.5-coder-1.5b,sustained-helper-gate,sustained,api-20261003T210139Z-UNPLUGGED,[],True,False,0,,2026-10-03T23:05:39.873360+00:00,432343.923180017,36.1,42.4,42.0,42.0,2745600,"{""clock_mhz"":""231"",""max_gpuclk"":""680000000"",""thermal_pwrlevel"":""6"",""gpu_busy_percentage"":""0 %"",""gpubusy"":""0       0"",""temp"":""42000"",""reset_count"":""356028""}",4562.19140625,,"5:freezer:/
4:cpuset:/top-app
3:cpuacct:/top-app
2:cpu:/top-app
1:blkio:/top
0::/apps/uid_10247/pid_11813"
sustained-driver-gate-v1-gpu-adreno,qwen2.5-coder-1.5b,sustained-helper-gate,sustained,api-20261003T210139Z-UNPLUGGED,[],True,False,0,,2026-10-03T23:05:40.959775+00:00,432345.009556996,36.1,42.8,42.4,42.4,2745600,"{""clock_mhz"":""231"",""max_gpuclk"":""680000000"",""thermal_pwrlevel"":""6"",""gpu_busy_percentage"":""0 %"",""gpubusy"":""0       0"",""temp"":""42400"",""reset_count"":""356029""}",4543.87890625,,"5:freezer:/
4:cpuset:/top-app
3:cpuacct:/top-app
2:cpu:/top-app
1:blkio:/top
0::/apps/uid_10247/pid_11813"
sustained-driver-gate-v1-gpu-adreno,qwen2.5-coder-1.5b,sustained-helper-gate,sustained,api-20261003T210139Z-UNPLUGGED,[],True,False,0,,2026-10-03T23:05:42.009753+00:00,432346.059496006,36.1,77.9,52.3,46.7,2745600,"{""clock_mhz"":""680"",""max_gpuclk"":""680000000"",""thermal_pwrlevel"":""6"",""gpu_busy_percentage"":""0 %"",""gpubusy"":""0       0"",""temp"":""53100"",""reset_count"":""356031""}",4531.3984375,,"5:freezer:/
4:cpuset:/top-app
3:cpuacct:/top-app
2:cpu:/top-app
1:blkio:/top
0::/apps/uid_10247/pid_11813"
sustained-driver-gate-v1-gpu-adreno,qwen2.5-coder-1.5b,sustained-helper-gate,sustained,api-20261003T210139Z-UNPLUGGED,[],True,False,0,,2026-10-03T23:05:43.061736+00:00,432347.111475641,36.1,82.2,57.0,51.0,2745600,"{""clock_mhz"":""680"",""max_gpuclk"":""680000000"",""thermal_pwrlevel"":""6"",""gpu_busy_percentage"":""62 %"",""gpubusy"":""631460 1002680"",""temp"":""56600"",""reset_count"":""356031""}",4492.40625,,"5:freezer:/
4:cpuset:/top-app
3:cpuacct:/top-app
2:cpu:/top-app
1:blkio:/top
0::/apps/uid_10247/pid_11813"
sustained-driver-gate-v1-gpu-adreno,qwen2.5-coder-1.5b,sustained-helper-gate,sustained,api-20261003T210139Z-UNPLUGGED,[],True,False,0,,2026-10-03T23:05:44.097970+00:00,432348.147711109,36.1,88.4,59.8,53.3,2745600,"{""clock_mhz"":""680"",""max_gpuclk"":""680000000"",""thermal_pwrlevel"":""6"",""gpu_busy_percentage"":""56 %"",""gpubusy"":""564595 1003448"",""temp"":""60200"",""reset_count"":""356031""}",4486.80859375,,"5:freezer:/
4:cpuset:/top-app
3:cpuacct:/top-app
2:cpu:/top-app
1:blkio:/top
0::/apps/uid_10247/pid_11813"
sustained-driver-gate-v1-gpu-adreno,qwen2.5-coder-1.5b,sustained-helper-gate,sustained,api-20261003T210139Z-UNPLUGGED,[],True,False,0,,2026-10-03T23:05:45.134023+00:00,432349.183766005,36.1,91.1,63.0,55.3,2745600,"{""clock_mhz"":""680"",""max_gpuclk"":""680000000"",""thermal_pwrlevel"":""6"",""gpu_busy_percentage"":""56 %"",""gpubusy"":""578700 1017090"",""temp"":""62600"",""reset_count"":""356031""}",4436.03515625,,"5:freezer:/
4:cpuset:/top-app
3:cpuacct:/top-app
2:cpu:/top-app
1:blkio:/top
0::/apps/uid_10247/pid_11813"
sustained-driver-gate-v1-gpu-adreno,qwen2.5-coder-1.5b,sustained-helper-gate,sustained,api-20261003T210139Z-UNPLUGGED,[],True,False,0,,2026-10-03T23:05:46.177701+00:00,432350.227442462,36.1,92.3,63.8,57.2,2745600,"{""clock_mhz"":""680"",""max_gpuclk"":""680000000"",""thermal_pwrlevel"":""6"",""gpu_busy_percentage"":""61 %"",""gpubusy"":""620805 1005741"",""temp"":""63000"",""reset_count"":""356031""}",4429.04296875,,"5:freezer:/
4:cpuset:/top-app
3:cpuacct:/top-app
2:cpu:/top-app
1:blkio:/top
0::/apps/uid_10247/pid_11813"
sustained-driver-gate-v1-gpu-adreno,qwen2.5-coder-1.5b,sustained-helper-gate,sustained,api-20261003T210139Z-UNPLUGGED,[],True,False,0,,2026-10-03T23:05:47.211324+00:00,432351.261071629,36.1,93.9,64.2,57.6,2745600,"{""clock_mhz"":""680"",""max_gpuclk"":""680000000"",""thermal_pwrlevel"":""6"",""gpu_busy_percentage"":""60 %"",""gpubusy"":""615308 1016853"",""temp"":""65000"",""reset_count"":""356031""}",4426.828125,,"5:freezer:/
4:cpuset:/top-app
3:cpuacct:/top-app
2:cpu:/top-app
1:blkio:/top
0::/apps/uid_10247/pid_11813"
sustained-driver-gate-v1-gpu-adreno,qwen2.5-coder-1.5b,sustained-helper-gate,sustained,api-20261003T210139Z-UNPLUGGED,[],True,False,0,,2026-10-03T23:05:48.247401+00:00,432352.297142774,36.1,94.2,66.2,59.2,2745600,"{""clock_mhz"":""680"",""max_gpuclk"":""680000000"",""thermal_pwrlevel"":""6"",""gpu_busy_percentage"":""65 %"",""gpubusy"":""657347 1009061"",""temp"":""65800"",""reset_count"":""356031""}",4423.16015625,,"5:freezer:/
4:cpuset:/top-app
3:cpuacct:/top-app
2:cpu:/top-app
1:blkio:/top
0::/apps/uid_10247/pid_11813"
sustained-driver-gate-v1-gpu-adreno,qwen2.5-coder-1.5b,sustained-helper-gate,sustained,api-20261003T210139Z-UNPLUGGED,[],True,False,0,,2026-10-03T23:05:49.289636+00:00,432353.339383815,36.1,95.0,67.4,59.2,2745600,"{""clock_mhz"":""680"",""max_gpuclk"":""680000000"",""thermal_pwrlevel"":""6"",""gpu_busy_percentage"":""59 %"",""gpubusy"":""594556 1003304"",""temp"":""67000"",""reset_count"":""356031""}",4422.29296875,,"5:freezer:/
4:cpuset:/top-app
3:cpuacct:/top-app
2:cpu:/top-app
1:blkio:/top
0::/apps/uid_10247/pid_11813"
sustained-driver-gate-v1-gpu-adreno,qwen2.5-coder-1.5b,sustained-helper-gate,sustained,api-20261003T210139Z-UNPLUGGED,[],True,False,0,,2026-10-03T23:05:50.331269+00:00,432354.381031836,36.1,75.5,62.2,58.4,1824000,"{""clock_mhz"":""366"",""max_gpuclk"":""366000000"",""thermal_pwrlevel"":""11"",""gpu_busy_percentage"":""66 %"",""gpubusy"":""671665 1003046"",""temp"":""62600"",""reset_count"":""356031""}",4414.953125,,"5:freezer:/
4:cpuset:/top-app
3:cpuacct:/top-app
2:cpu:/top-app
1:blkio:/top
0::/apps/uid_10247/pid_11813"
sustained-driver-gate-v1-gpu-adreno,qwen2.5-coder-1.5b,sustained-helper-gate,sustained,api-20261003T210139Z-UNPLUGGED,[],True,False,0,,2026-10-03T23:05:51.378846+00:00,432355.428732513,36.1,71.3,59.8,56.1,1824000,"{""clock_mhz"":""366"",""max_gpuclk"":""366000000"",""thermal_pwrlevel"":""11"",""gpu_busy_percentage"":""61 %"",""gpubusy"":""621096 1006946"",""temp"":""59400"",""reset_count"":""356031""}",4413.40625,,"5:freezer:/
4:cpuset:/top-app
3:cpuacct:/top-app
2:cpu:/top-app
1:blkio:/top
0::/apps/uid_10247/pid_11813"
sustained-driver-gate-v1-gpu-adreno,qwen2.5-coder-1.5b,sustained-helper-gate,sustained,api-20261003T210139Z-UNPLUGGED,[],True,False,0,,2026-10-03T23:05:52.423317+00:00,432356.47308022,36.1,69.7,58.6,55.3,1824000,"{""clock_mhz"":""366"",""max_gpuclk"":""366000000"",""thermal_pwrlevel"":""11"",""gpu_busy_percentage"":""70 %"",""gpubusy"":""711862 1003954"",""temp"":""58200"",""reset_count"":""356031""}",4411.27734375,,"5:freezer:/
4:cpuset:/top-app
3:cpuacct:/top-app
2:cpu:/top-app
1:blkio:/top
0::/apps/uid_10247/pid_11813"
sustained-driver-gate-v1-gpu-generic,qwen2.5-coder-1.5b,sustained-helper-gate,sustained,api-20261003T210139Z-UNPLUGGED,[],True,False,0,,2026-10-03T23:04:29.161379+00:00,432273.211129158,36.2,49.4,43.2,44.0,2112000,"{""clock_mhz"":""231"",""max_gpuclk"":""680000000"",""thermal_pwrlevel"":""6"",""gpu_busy_percentage"":""1 %"",""gpubusy"":""19604 1011402"",""temp"":""43600"",""reset_count"":""355965""}",6006.640625,,"5:freezer:/
4:cpuset:/top-app
3:cpuacct:/top-app
2:cpu:/top-app
1:blkio:/top
0::/apps/uid_10247/pid_11813"
sustained-driver-gate-v1-gpu-generic,qwen2.5-coder-1.5b,sustained-helper-gate,sustained,api-20261003T210139Z-UNPLUGGED,[],True,False,0,,2026-10-03T23:04:30.188859+00:00,432274.238604158,36.2,55.7,45.9,45.5,2246400,"{""clock_mhz"":""231"",""max_gpuclk"":""680000000"",""thermal_pwrlevel"":""6"",""gpu_busy_percentage"":""1 %"",""gpubusy"":""18689 1027953"",""temp"":""45900"",""reset_count"":""355965""}",5009.15234375,,"5:freezer:/
4:cpuset:/top-app
3:cpuacct:/top-app
2:cpu:/top-app
1:blkio:/top
0::/apps/uid_10247/pid_11813"
sustained-driver-gate-v1-gpu-generic,qwen2.5-coder-1.5b,sustained-helper-gate,sustained,api-20261003T210139Z-UNPLUGGED,[],True,False,0,,2026-10-03T23:04:31.238316+00:00,432275.288064418,36.2,55.7,46.7,46.7,2246400,"{""clock_mhz"":""680"",""max_gpuclk"":""680000000"",""thermal_pwrlevel"":""6"",""gpu_busy_percentage"":""1 %"",""gpubusy"":""15778 1013040"",""temp"":""46700"",""reset_count"":""355965""}",5038.44921875,,"5:freezer:/
4:cpuset:/top-app
3:cpuacct:/top-app
2:cpu:/top-app
1:blkio:/top
0::/apps/uid_10247/pid_11813"
sustained-driver-gate-v1-gpu-generic,qwen2.5-coder-1.5b,sustained-helper-gate,sustained,api-20261003T210139Z-UNPLUGGED,[],True,False,0,,2026-10-03T23:04:32.287616+00:00,432276.337365199,36.2,52.6,46.7,47.1,2246400,"{""clock_mhz"":""680"",""max_gpuclk"":""680000000"",""thermal_pwrlevel"":""6"",""gpu_busy_percentage"":""29 %"",""gpubusy"":""293973 1013403"",""temp"":""46700"",""reset_count"":""355965""}",5044.62890625,,"5:freezer:/
4:cpuset:/top-app
3:cpuacct:/top-app
2:cpu:/top-app
1:blkio:/top
0::/apps/uid_10247/pid_11813"
sustained-driver-gate-v1-gpu-generic,qwen2.5-coder-1.5b,sustained-helper-gate,sustained,api-20261003T210139Z-UNPLUGGED,[],True,False,0,,2026-10-03T23:04:33.336296+00:00,432277.386045146,36.2,67.4,52.7,48.7,2246400,"{""clock_mhz"":""680"",""max_gpuclk"":""680000000"",""thermal_pwrlevel"":""6"",""gpu_busy_percentage"":""77 %"",""gpubusy"":""773983 1000417"",""temp"":""53100"",""reset_count"":""355965""}",4936.19140625,,"5:freezer:/
4:cpuset:/top-app
3:cpuacct:/top-app
2:cpu:/top-app
1:blkio:/top
0::/apps/uid_10247/pid_11813"
sustained-driver-gate-v1-gpu-generic,qwen2.5-coder-1.5b,sustained-helper-gate,sustained,api-20261003T210139Z-UNPLUGGED,[],True,False,0,,2026-10-03T23:04:34.388706+00:00,432278.438461865,36.2,56.4,49.1,49.0,2246400,"{""clock_mhz"":""629"",""max_gpuclk"":""680000000"",""thermal_pwrlevel"":""6"",""gpu_busy_percentage"":""30 %"",""gpubusy"":""320710 1038721"",""temp"":""49500"",""reset_count"":""355965""}",4934.2265625,,"5:freezer:/
4:cpuset:/top-app
3:cpuacct:/top-app
2:cpu:/top-app
1:blkio:/top
0::/apps/uid_10247/pid_11813"
sustained-driver-gate-v1-gpu-generic,qwen2.5-coder-1.5b,sustained-helper-gate,sustained,api-20261003T210139Z-UNPLUGGED,[],True,False,0,,2026-10-03T23:04:35.443025+00:00,432279.492791552,36.2,49.8,47.1,47.5,2246400,"{""clock_mhz"":""500"",""max_gpuclk"":""680000000"",""thermal_pwrlevel"":""6"",""gpu_busy_percentage"":""0 %"",""gpubusy"":""9714 1021932"",""temp"":""46700"",""reset_count"":""355965""}",4933.4921875,,"5:freezer:/
4:cpuset:/top-app
3:cpuacct:/top-app
2:cpu:/top-app
1:blkio:/top
0::/apps/uid_10247/pid_11813"
sustained-driver-gate-v1-gpu-generic,qwen2.5-coder-1.5b,sustained-helper-gate,sustained,api-20261003T210139Z-UNPLUGGED,[],True,False,0,,2026-10-03T23:04:36.500826+00:00,432280.550594937,36.2,47.1,46.3,46.3,2246400,"{""clock_mhz"":""231"",""max_gpuclk"":""680000000"",""thermal_pwrlevel"":""6"",""gpu_busy_percentage"":""0 %"",""gpubusy"":""0       0"",""temp"":""45900"",""reset_count"":""355966""}",4914.66796875,,"5:freezer:/
4:cpuset:/top-app
3:cpuacct:/top-app
2:cpu:/top-app
1:blkio:/top
0::/apps/uid_10247/pid_11813"
sustained-driver-gate-v1-gpu-generic,qwen2.5-coder-1.5b,sustained-helper-gate,sustained,api-20261003T210139Z-UNPLUGGED,[],True,False,0,,2026-10-03T23:04:37.560270+00:00,432281.61004202,36.2,45.9,45.5,45.5,2246400,"{""clock_mhz"":""231"",""max_gpuclk"":""680000000"",""thermal_pwrlevel"":""6"",""gpu_busy_percentage"":""0 %"",""gpubusy"":""0       0"",""temp"":""45100"",""reset_count"":""355968""}",4914.4296875,,"5:freezer:/
4:cpuset:/top-app
3:cpuacct:/top-app
2:cpu:/top-app
1:blkio:/top
0::/apps/uid_10247/pid_11813"
sustained-driver-gate-v1-gpu-generic,qwen2.5-coder-1.5b,sustained-helper-gate,sustained,api-20261003T210139Z-UNPLUGGED,[],True,False,0,,2026-10-03T23:04:38.630380+00:00,432282.680168634,36.2,45.1,44.8,44.8,2246400,"{""clock_mhz"":""231"",""max_gpuclk"":""680000000"",""thermal_pwrlevel"":""6"",""gpu_busy_percentage"":""0 %"",""gpubusy"":""0       0"",""temp"":""44800"",""reset_count"":""355970""}",4912.70703125,,"5:freezer:/
4:cpuset:/top-app
3:cpuacct:/top-app
2:cpu:/top-app
1:blkio:/top
0::/apps/uid_10247/pid_11813"
sustained-driver-gate-v1-gpu-generic,qwen2.5-coder-1.5b,sustained-helper-gate,sustained,api-20261003T210139Z-UNPLUGGED,[],True,False,0,,2026-10-03T23:04:39.697486+00:00,432283.747245509,36.2,56.4,45.9,44.8,2246400,"{""clock_mhz"":""231"",""max_gpuclk"":""680000000"",""thermal_pwrlevel"":""6"",""gpu_busy_percentage"":""0 %"",""gpubusy"":""0       0"",""temp"":""45900"",""reset_count"":""355972""}",4878.96484375,,"5:freezer:/
4:cpuset:/top-app
3:cpuacct:/top-app
2:cpu:/top-app
1:blkio:/top
0::/apps/uid_10247/pid_11813"
sustained-driver-gate-v1-gpu-generic,qwen2.5-coder-1.5b,sustained-helper-gate,sustained,api-20261003T210139Z-UNPLUGGED,[],True,False,0,,2026-10-03T23:04:40.760865+00:00,432284.810785352,36.2,45.1,44.4,44.4,2169600,"{""clock_mhz"":""231"",""max_gpuclk"":""680000000"",""thermal_pwrlevel"":""6"",""gpu_busy_percentage"":""0 %"",""gpubusy"":""0       0"",""temp"":""44400"",""reset_count"":""355974""}",4891.7734375,,"5:freezer:/
4:cpuset:/top-app
3:cpuacct:/top-app
2:cpu:/top-app
1:blkio:/top
0::/apps/uid_10247/pid_11813"
sustained-driver-gate-v1-gpu-generic,qwen2.5-coder-1.5b,sustained-helper-gate,sustained,api-20261003T210139Z-UNPLUGGED,[],True,False,0,,2026-10-03T23:04:41.823878+00:00,432285.873632122,36.2,45.1,44.0,44.0,2169600,"{""clock_mhz"":""231"",""max_gpuclk"":""680000000"",""thermal_pwrlevel"":""6"",""gpu_busy_percentage"":""0 %"",""gpubusy"":""0       0"",""temp"":""44000"",""reset_count"":""355976""}",4882.6640625,,"5:freezer:/
4:cpuset:/top-app
3:cpuacct:/top-app
2:cpu:/top-app
1:blkio:/top
0::/apps/uid_10247/pid_11813"
sustained-driver-gate-v1-gpu-generic,qwen2.5-coder-1.5b,sustained-helper-gate,sustained,api-20261003T210139Z-UNPLUGGED,[],True,False,0,,2026-10-03T23:04:42.877223+00:00,432286.926987382,36.2,44.4,43.6,44.0,2169600,"{""clock_mhz"":""231"",""max_gpuclk"":""680000000"",""thermal_pwrlevel"":""6"",""gpu_busy_percentage"":""0 %"",""gpubusy"":""0       0"",""temp"":""44000"",""reset_count"":""355978""}",4878.95703125,,"5:freezer:/
4:cpuset:/top-app
3:cpuacct:/top-app
2:cpu:/top-app
1:blkio:/top
0::/apps/uid_10247/pid_11813"
sustained-driver-gate-v1-gpu-generic,qwen2.5-coder-1.5b,sustained-helper-gate,sustained,api-20261003T210139Z-UNPLUGGED,[],True,False,0,,2026-10-03T23:04:43.945257+00:00,432287.995000767,36.2,47.9,44.0,43.6,2169600,"{""clock_mhz"":""680"",""max_gpuclk"":""680000000"",""thermal_pwrlevel"":""6"",""gpu_busy_percentage"":""0 %"",""gpubusy"":""0       0"",""temp"":""44400"",""reset_count"":""355979""}",4877.75390625,,"5:freezer:/
4:cpuset:/top-app
3:cpuacct:/top-app
2:cpu:/top-app
1:blkio:/top
0::/apps/uid_10247/pid_11813"
sustained-driver-gate-v1-gpu-generic,qwen2.5-coder-1.5b,sustained-helper-gate,sustained,api-20261003T210139Z-UNPLUGGED,[],True,False,0,,2026-10-03T23:04:44.987502+00:00,432289.037260611,36.2,63.9,51.5,47.5,2169600,"{""clock_mhz"":""680"",""max_gpuclk"":""680000000"",""thermal_pwrlevel"":""6"",""gpu_busy_percentage"":""41 %"",""gpubusy"":""426201 1021067"",""temp"":""50700"",""reset_count"":""355979""}",4875.00390625,,"5:freezer:/
4:cpuset:/top-app
3:cpuacct:/top-app
2:cpu:/top-app
1:blkio:/top
0::/apps/uid_10247/pid_11813"
sustained-driver-gate-v1-gpu-generic,qwen2.5-coder-1.5b,sustained-helper-gate,sustained,api-20261003T210139Z-UNPLUGGED,[],True,False,0,,2026-10-03T23:04:46.026769+00:00,432290.076510506,36.2,65.8,53.9,48.7,2169600,"{""clock_mhz"":""680"",""max_gpuclk"":""680000000"",""thermal_pwrlevel"":""6"",""gpu_busy_percentage"":""69 %"",""gpubusy"":""710691 1026745"",""temp"":""53900"",""reset_count"":""355979""}",4871.61328125,,"5:freezer:/
4:cpuset:/top-app
3:cpuacct:/top-app
2:cpu:/top-app
1:blkio:/top
0::/apps/uid_10247/pid_11813"
sustained-driver-gate-v1-gpu-generic,qwen2.5-coder-1.5b,sustained-helper-gate,sustained,api-20261003T210139Z-UNPLUGGED,[],True,False,0,,2026-10-03T23:04:47.060841+00:00,432291.110583579,36.2,67.7,55.1,50.6,2169600,"{""clock_mhz"":""680"",""max_gpuclk"":""680000000"",""thermal_pwrlevel"":""6"",""gpu_busy_percentage"":""81 %"",""gpubusy"":""819803 1005007"",""temp"":""55100"",""reset_count"":""355979""}",4866.859375,,"5:freezer:/
4:cpuset:/top-app
3:cpuacct:/top-app
2:cpu:/top-app
1:blkio:/top
0::/apps/uid_10247/pid_11813"
sustained-driver-gate-v1-gpu-generic,qwen2.5-coder-1.5b,sustained-helper-gate,sustained,api-20261003T210139Z-UNPLUGGED,[],True,False,0,,2026-10-03T23:04:48.096433+00:00,432292.146183214,36.2,69.3,55.5,51.8,2169600,"{""clock_mhz"":""680"",""max_gpuclk"":""680000000"",""thermal_pwrlevel"":""6"",""gpu_busy_percentage"":""79 %"",""gpubusy"":""793401 1002120"",""temp"":""55900"",""reset_count"":""355979""}",4866.60546875,,"5:freezer:/
4:cpuset:/top-app
3:cpuacct:/top-app
2:cpu:/top-app
1:blkio:/top
0::/apps/uid_10247/pid_11813"
sustained-driver-gate-v1-gpu-generic,qwen2.5-coder-1.5b,sustained-helper-gate,sustained,api-20261003T210139Z-UNPLUGGED,[],True,False,0,,2026-10-03T23:04:49.150137+00:00,432293.199889568,36.2,70.5,56.6,52.2,2169600,"{""clock_mhz"":""680"",""max_gpuclk"":""680000000"",""thermal_pwrlevel"":""6"",""gpu_busy_percentage"":""70 %"",""gpubusy"":""711918 1015557"",""temp"":""57000"",""reset_count"":""355979""}",4864.8671875,,"5:freezer:/
4:cpuset:/top-app
3:cpuacct:/top-app
2:cpu:/top-app
1:blkio:/top
0::/apps/uid_10247/pid_11813"
sustained-driver-gate-v1-gpu-generic,qwen2.5-coder-1.5b,sustained-helper-gate,sustained,api-20261003T210139Z-UNPLUGGED,[],True,False,0,,2026-10-03T23:04:50.196704+00:00,432294.246447119,36.2,68.5,57.8,52.6,1939200,"{""clock_mhz"":""680"",""max_gpuclk"":""680000000"",""thermal_pwrlevel"":""6"",""gpu_busy_percentage"":""76 %"",""gpubusy"":""760792 1000881"",""temp"":""57400"",""reset_count"":""355979""}",4859.65625,,"5:freezer:/
4:cpuset:/top-app
3:cpuacct:/top-app
2:cpu:/top-app
1:blkio:/top
0::/apps/uid_10247/pid_11813"
sustained-driver-gate-v1-gpu-generic,qwen2.5-coder-1.5b,sustained-helper-gate,sustained,api-20261003T210139Z-UNPLUGGED,[],True,False,0,,2026-10-03T23:04:51.230918+00:00,432295.280661233,36.2,68.1,57.4,52.9,1939200,"{""clock_mhz"":""680"",""max_gpuclk"":""680000000"",""thermal_pwrlevel"":""6"",""gpu_busy_percentage"":""84 %"",""gpubusy"":""852724 1005737"",""temp"":""57400"",""reset_count"":""355979""}",4858.90234375,,"5:freezer:/
4:cpuset:/top-app
3:cpuacct:/top-app
2:cpu:/top-app
1:blkio:/top
0::/apps/uid_10247/pid_11813"
sustained-driver-gate-v1-gpu-generic,qwen2.5-coder-1.5b,sustained-helper-gate,sustained,api-20261003T210139Z-UNPLUGGED,[],True,False,0,,2026-10-03T23:04:52.268800+00:00,432296.318556181,36.1,68.5,57.4,53.3,1939200,"{""clock_mhz"":""680"",""max_gpuclk"":""680000000"",""thermal_pwrlevel"":""6"",""gpu_busy_percentage"":""72 %"",""gpubusy"":""727250 1008484"",""temp"":""57800"",""reset_count"":""355979""}",4884.05859375,,"5:freezer:/
4:cpuset:/top-app
3:cpuacct:/top-app
2:cpu:/top-app
1:blkio:/top
0::/apps/uid_10247/pid_11813"
sustained-driver-gate-v1-gpu-generic,qwen2.5-coder-1.5b,sustained-helper-gate,sustained,api-20261003T210139Z-UNPLUGGED,[],True,False,0,,2026-10-03T23:04:53.318832+00:00,432297.368580139,36.1,68.9,57.8,53.3,1939200,"{""clock_mhz"":""680"",""max_gpuclk"":""680000000"",""thermal_pwrlevel"":""6"",""gpu_busy_percentage"":""67 %"",""gpubusy"":""681379 1006703"",""temp"":""57800"",""reset_count"":""355979""}",4884.02734375,,"5:freezer:/
4:cpuset:/top-app
3:cpuacct:/top-app
2:cpu:/top-app
1:blkio:/top
0::/apps/uid_10247/pid_11813"
sustained-driver-gate-v1-npu,qwen2.5-coder-1.5b,sustained-helper-gate,sustained,api-20261003T210139Z-UNPLUGGED,[],True,False,0,,2026-10-03T23:03:28.773736+00:00,432212.823487984,36.3,49.4,44.4,44.8,2112000,"{""clock_mhz"":""231"",""max_gpuclk"":""680000000"",""thermal_pwrlevel"":""6"",""gpu_busy_percentage"":""1 %"",""gpubusy"":""17899 1015092"",""temp"":""44400"",""reset_count"":""355965""}",6012.60546875,,"5:freezer:/
4:cpuset:/top-app
3:cpuacct:/top-app
2:cpu:/top-app
1:blkio:/top
0::/apps/uid_10247/pid_11813"
sustained-driver-gate-v1-npu,qwen2.5-coder-1.5b,sustained-helper-gate,sustained,api-20261003T210139Z-UNPLUGGED,[],True,False,0,,2026-10-03T23:03:29.805552+00:00,432213.855297098,36.3,65.8,47.5,47.1,2246400,"{""clock_mhz"":""231"",""max_gpuclk"":""680000000"",""thermal_pwrlevel"":""6"",""gpu_busy_percentage"":""1 %"",""gpubusy"":""18842 1052687"",""temp"":""47500"",""reset_count"":""355965""}",4715.2890625,,"5:freezer:/
4:cpuset:/top-app
3:cpuacct:/top-app
2:cpu:/top-app
1:blkio:/top
0::/apps/uid_10247/pid_11813"
sustained-driver-gate-v1-npu,qwen2.5-coder-1.5b,sustained-helper-gate,sustained,api-20261003T210139Z-UNPLUGGED,[],True,False,0,,2026-10-03T23:03:30.841859+00:00,432214.891605691,36.3,64.2,49.1,48.3,2246400,"{""clock_mhz"":""231"",""max_gpuclk"":""680000000"",""thermal_pwrlevel"":""6"",""gpu_busy_percentage"":""1 %"",""gpubusy"":""16357 1014211"",""temp"":""48700"",""reset_count"":""355965""}",4885.04296875,,"5:freezer:/
4:cpuset:/top-app
3:cpuacct:/top-app
2:cpu:/top-app
1:blkio:/top
0::/apps/uid_10247/pid_11813"
sustained-driver-gate-v1-npu,qwen2.5-coder-1.5b,sustained-helper-gate,sustained,api-20261003T210139Z-UNPLUGGED,[],True,False,0,,2026-10-03T23:03:31.883110+00:00,432215.932865743,36.3,53.3,47.5,50.2,2246400,"{""clock_mhz"":""231"",""max_gpuclk"":""680000000"",""thermal_pwrlevel"":""6"",""gpu_busy_percentage"":""1 %"",""gpubusy"":""15583 1012535"",""temp"":""47500"",""reset_count"":""355965""}",4731.8125,,"5:freezer:/
4:cpuset:/top-app
3:cpuacct:/top-app
2:cpu:/top-app
1:blkio:/top
0::/apps/uid_10247/pid_11813"
sustained-driver-gate-v1-npu,qwen2.5-coder-1.5b,sustained-helper-gate,sustained,api-20261003T210139Z-UNPLUGGED,[],True,False,0,,2026-10-03T23:03:32.926691+00:00,432216.976438034,36.3,51.0,46.7,47.9,2246400,"{""clock_mhz"":""231"",""max_gpuclk"":""680000000"",""thermal_pwrlevel"":""6"",""gpu_busy_percentage"":""1 %"",""gpubusy"":""15479 1000655"",""temp"":""46700"",""reset_count"":""355965""}",4728.859375,,"5:freezer:/
4:cpuset:/top-app
3:cpuacct:/top-app
2:cpu:/top-app
1:blkio:/top
0::/apps/uid_10247/pid_11813"
sustained-driver-gate-v1-npu,qwen2.5-coder-1.5b,sustained-helper-gate,sustained,api-20261003T210139Z-UNPLUGGED,[],True,False,0,,2026-10-03T23:03:33.970253+00:00,432218.019999752,36.3,50.2,45.9,47.1,2246400,"{""clock_mhz"":""231"",""max_gpuclk"":""680000000"",""thermal_pwrlevel"":""6"",""gpu_busy_percentage"":""1 %"",""gpubusy"":""15298 1014618"",""temp"":""45900"",""reset_count"":""355965""}",4727.20703125,,"5:freezer:/
4:cpuset:/top-app
3:cpuacct:/top-app
2:cpu:/top-app
1:blkio:/top
0::/apps/uid_10247/pid_11813"
sustained-driver-gate-v1-npu,qwen2.5-coder-1.5b,sustained-helper-gate,sustained,api-20261003T210139Z-UNPLUGGED,[],True,False,0,,2026-10-03T23:03:35.016298+00:00,432219.066048137,36.3,47.5,45.9,47.5,2246400,"{""clock_mhz"":""231"",""max_gpuclk"":""680000000"",""thermal_pwrlevel"":""6"",""gpu_busy_percentage"":""1 %"",""gpubusy"":""17366 1009312"",""temp"":""45500"",""reset_count"":""355965""}",4708.03125,,"5:freezer:/
4:cpuset:/top-app
3:cpuacct:/top-app
2:cpu:/top-app
1:blkio:/top
0::/apps/uid_10247/pid_11813"
sustained-driver-gate-v1-npu,qwen2.5-coder-1.5b,sustained-helper-gate,sustained,api-20261003T210139Z-UNPLUGGED,[],True,False,0,,2026-10-03T23:03:36.067548+00:00,432220.117297043,36.3,50.6,45.1,46.3,2246400,"{""clock_mhz"":""231"",""max_gpuclk"":""680000000"",""thermal_pwrlevel"":""6"",""gpu_busy_percentage"":""1 %"",""gpubusy"":""15410 1036239"",""temp"":""45500"",""reset_count"":""355965""}",4711.6796875,,"5:freezer:/
4:cpuset:/top-app
3:cpuacct:/top-app
2:cpu:/top-app
1:blkio:/top
0::/apps/uid_10247/pid_11813"
sustained-driver-gate-v1-npu,qwen2.5-coder-1.5b,sustained-helper-gate,sustained,api-20261003T210139Z-UNPLUGGED,[],True,False,0,,2026-10-03T23:03:37.105473+00:00,432221.155221053,36.3,47.1,44.8,46.3,2246400,"{""clock_mhz"":""231"",""max_gpuclk"":""680000000"",""thermal_pwrlevel"":""6"",""gpu_busy_percentage"":""1 %"",""gpubusy"":""17411 1034216"",""temp"":""44800"",""reset_count"":""355965""}",4709.95703125,,"5:freezer:/
4:cpuset:/top-app
3:cpuacct:/top-app
2:cpu:/top-app
1:blkio:/top
0::/apps/uid_10247/pid_11813"
sustained-driver-gate-v1-npu,qwen2.5-coder-1.5b,sustained-helper-gate,sustained,api-20261003T210139Z-UNPLUGGED,[],True,False,0,,2026-10-03T23:03:38.149039+00:00,432222.198786001,36.3,48.7,45.1,45.9,2246400,"{""clock_mhz"":""231"",""max_gpuclk"":""680000000"",""thermal_pwrlevel"":""6"",""gpu_busy_percentage"":""1 %"",""gpubusy"":""15813 1013600"",""temp"":""44800"",""reset_count"":""355965""}",4703.55078125,,"5:freezer:/
4:cpuset:/top-app
3:cpuacct:/top-app
2:cpu:/top-app
1:blkio:/top
0::/apps/uid_10247/pid_11813"
sustained-driver-gate-v1-npu,qwen2.5-coder-1.5b,sustained-helper-gate,sustained,api-20261003T210139Z-UNPLUGGED,[],True,False,0,,2026-10-03T23:03:39.204049+00:00,432223.253800011,36.3,46.7,44.8,45.9,2246400,"{""clock_mhz"":""231"",""max_gpuclk"":""680000000"",""thermal_pwrlevel"":""6"",""gpu_busy_percentage"":""1 %"",""gpubusy"":""15806 1012240"",""temp"":""44800"",""reset_count"":""355965""}",4729.6328125,,"5:freezer:/
4:cpuset:/top-app
3:cpuacct:/top-app
2:cpu:/top-app
1:blkio:/top
0::/apps/uid_10247/pid_11813"
sustained-driver-gate-v1-npu,qwen2.5-coder-1.5b,sustained-helper-gate,sustained,api-20261003T210139Z-UNPLUGGED,[],True,False,0,,2026-10-03T23:03:40.247316+00:00,432224.297059802,36.3,53.3,44.4,45.9,2304000,"{""clock_mhz"":""231"",""max_gpuclk"":""680000000"",""thermal_pwrlevel"":""6"",""gpu_busy_percentage"":""1 %"",""gpubusy"":""15948 1037722"",""temp"":""44800"",""reset_count"":""355965""}",4769.18359375,,"5:freezer:/
4:cpuset:/top-app
3:cpuacct:/top-app
2:cpu:/top-app
1:blkio:/top
0::/apps/uid_10247/pid_11813"
sustained-driver-gate-v1-npu,qwen2.5-coder-1.5b,sustained-helper-gate,sustained,api-20261003T210139Z-UNPLUGGED,[],True,False,0,,2026-10-03T23:03:41.302122+00:00,432225.351876364,36.3,46.7,44.8,45.5,2304000,"{""clock_mhz"":""231"",""max_gpuclk"":""680000000"",""thermal_pwrlevel"":""6"",""gpu_busy_percentage"":""1 %"",""gpubusy"":""16279 1027896"",""temp"":""44800"",""reset_count"":""355965""}",4768.12890625,,"5:freezer:/
4:cpuset:/top-app
3:cpuacct:/top-app
2:cpu:/top-app
1:blkio:/top
0::/apps/uid_10247/pid_11813"
sustained-driver-gate-v1-npu,qwen2.5-coder-1.5b,sustained-helper-gate,sustained,api-20261003T210139Z-UNPLUGGED,[],True,False,0,,2026-10-03T23:03:42.354674+00:00,432226.404420218,36.3,47.9,46.7,64.2,2304000,"{""clock_mhz"":""231"",""max_gpuclk"":""680000000"",""thermal_pwrlevel"":""6"",""gpu_busy_percentage"":""1 %"",""gpubusy"":""16012 1003432"",""temp"":""46700"",""reset_count"":""355965""}",4760.54296875,,"5:freezer:/
4:cpuset:/top-app
3:cpuacct:/top-app
2:cpu:/top-app
1:blkio:/top
0::/apps/uid_10247/pid_11813"
sustained-driver-gate-v1-npu,qwen2.5-coder-1.5b,sustained-helper-gate,sustained,api-20261003T210139Z-UNPLUGGED,[],True,False,0,,2026-10-03T23:03:43.398588+00:00,432227.448340218,36.3,52.9,48.7,75.5,2304000,"{""clock_mhz"":""231"",""max_gpuclk"":""680000000"",""thermal_pwrlevel"":""6"",""gpu_busy_percentage"":""1 %"",""gpubusy"":""16954 1047643"",""temp"":""49100"",""reset_count"":""355965""}",4759.2265625,,"5:freezer:/
4:cpuset:/top-app
3:cpuacct:/top-app
2:cpu:/top-app
1:blkio:/top
0::/apps/uid_10247/pid_11813"
sustained-driver-gate-v1-npu,qwen2.5-coder-1.5b,sustained-helper-gate,sustained,api-20261003T210139Z-UNPLUGGED,[],True,False,0,,2026-10-03T23:03:44.447689+00:00,432228.497435998,36.3,52.2,50.7,68.9,2304000,"{""clock_mhz"":""231"",""max_gpuclk"":""680000000"",""thermal_pwrlevel"":""6"",""gpu_busy_percentage"":""1 %"",""gpubusy"":""17856 1029986"",""temp"":""50700"",""reset_count"":""355965""}",4757.7578125,,"5:freezer:/
4:cpuset:/top-app
3:cpuacct:/top-app
2:cpu:/top-app
1:blkio:/top
0::/apps/uid_10247/pid_11813"
sustained-driver-gate-v1-npu,qwen2.5-coder-1.5b,sustained-helper-gate,sustained,api-20261003T210139Z-UNPLUGGED,[],True,False,0,,2026-10-03T23:03:45.486912+00:00,432229.536665217,36.3,55.3,51.5,79.0,2304000,"{""clock_mhz"":""231"",""max_gpuclk"":""680000000"",""thermal_pwrlevel"":""6"",""gpu_busy_percentage"":""1 %"",""gpubusy"":""17260 1051875"",""temp"":""51500"",""reset_count"":""355965""}",4756.7734375,,"5:freezer:/
4:cpuset:/top-app
3:cpuacct:/top-app
2:cpu:/top-app
1:blkio:/top
0::/apps/uid_10247/pid_11813"
sustained-driver-gate-v1-npu,qwen2.5-coder-1.5b,sustained-helper-gate,sustained,api-20261003T210139Z-UNPLUGGED,[],True,False,0,,2026-10-03T23:03:46.543197+00:00,432230.592947404,36.3,53.3,52.7,71.3,2304000,"{""clock_mhz"":""231"",""max_gpuclk"":""680000000"",""thermal_pwrlevel"":""6"",""gpu_busy_percentage"":""1 %"",""gpubusy"":""17435 1026968"",""temp"":""52700"",""reset_count"":""355965""}",4755.7890625,,"5:freezer:/
4:cpuset:/top-app
3:cpuacct:/top-app
2:cpu:/top-app
1:blkio:/top
0::/apps/uid_10247/pid_11813"
sustained-driver-gate-v1-npu,qwen2.5-coder-1.5b,sustained-helper-gate,sustained,api-20261003T210139Z-UNPLUGGED,[],True,False,0,,2026-10-03T23:03:47.593119+00:00,432231.642872143,36.3,55.7,53.5,80.2,2304000,"{""clock_mhz"":""231"",""max_gpuclk"":""680000000"",""thermal_pwrlevel"":""6"",""gpu_busy_percentage"":""1 %"",""gpubusy"":""15903 1008521"",""temp"":""52700"",""reset_count"":""355965""}",4752.84375,,"5:freezer:/
4:cpuset:/top-app
3:cpuacct:/top-app
2:cpu:/top-app
1:blkio:/top
0::/apps/uid_10247/pid_11813"
sustained-driver-gate-v1-npu,qwen2.5-coder-1.5b,sustained-helper-gate,sustained,api-20261003T210139Z-UNPLUGGED,[],True,False,0,,2026-10-03T23:03:48.645609+00:00,432232.69536433,36.3,54.5,53.5,81.8,2304000,"{""clock_mhz"":""231"",""max_gpuclk"":""680000000"",""thermal_pwrlevel"":""6"",""gpu_busy_percentage"":""1 %"",""gpubusy"":""16446 1018739"",""temp"":""53900"",""reset_count"":""355965""}",4752.359375,,"5:freezer:/
4:cpuset:/top-app
3:cpuacct:/top-app
2:cpu:/top-app
1:blkio:/top
0::/apps/uid_10247/pid_11813"
sustained-driver-gate-v1-npu,qwen2.5-coder-1.5b,sustained-helper-gate,sustained,api-20261003T210139Z-UNPLUGGED,[],True,False,0,,2026-10-03T23:03:49.692140+00:00,432233.74190709,36.3,54.9,54.3,80.6,1824000,"{""clock_mhz"":""231"",""max_gpuclk"":""680000000"",""thermal_pwrlevel"":""6"",""gpu_busy_percentage"":""1 %"",""gpubusy"":""17386 1011977"",""temp"":""53900"",""reset_count"":""355965""}",4751.62109375,,"5:freezer:/
4:cpuset:/top-app
3:cpuacct:/top-app
2:cpu:/top-app
1:blkio:/top
0::/apps/uid_10247/pid_11813"
sustained-driver-gate-v1-npu,qwen2.5-coder-1.5b,sustained-helper-gate,sustained,api-20261003T210139Z-UNPLUGGED,[],True,False,0,,2026-10-03T23:03:50.745541+00:00,432234.795295006,36.3,55.7,54.3,82.2,1824000,"{""clock_mhz"":""231"",""max_gpuclk"":""680000000"",""thermal_pwrlevel"":""6"",""gpu_busy_percentage"":""1 %"",""gpubusy"":""17664 1011121"",""temp"":""54700"",""reset_count"":""355965""}",4749.8984375,,"5:freezer:/
4:cpuset:/top-app
3:cpuacct:/top-app
2:cpu:/top-app
1:blkio:/top
0::/apps/uid_10247/pid_11813"
sustained-driver-gate-v1-npu,qwen2.5-coder-1.5b,sustained-helper-gate,sustained,api-20261003T210139Z-UNPLUGGED,[],True,False,0,,2026-10-03T23:03:51.785586+00:00,432235.835332662,36.1,60.3,54.7,62.3,1824000,"{""clock_mhz"":""231"",""max_gpuclk"":""680000000"",""thermal_pwrlevel"":""6"",""gpu_busy_percentage"":""1 %"",""gpubusy"":""16305 1010596"",""temp"":""54700"",""reset_count"":""355965""}",4988.6171875,,"5:freezer:/
4:cpuset:/top-app
3:cpuacct:/top-app
2:cpu:/top-app
1:blkio:/top
0::/apps/uid_10247/pid_11813"
sustained-fixed-context-15min-cold-r1-v1-cpu,qwen2.5-coder-1.5b,sustained-matched-cold,sustained,api-20261003T210139Z-UNPLUGGED,"[""CPU availability or Android cgroup changed during measurement"",""Benchmark process Android cgroup changed during measurement"",""Benchmark process lost required cores despite process-level affinity"",""Run failed, was aborted, or did not parse""]",False,False,-15,Android benchmark cgroup changed during measurement; invalid controlled comparison,2026-10-03T23:52:03.698420+00:00,435127.748168695,34.8,48.3,39.2,39.7,2745600,"{""clock_mhz"":""231"",""max_gpuclk"":""680000000"",""thermal_pwrlevel"":""6"",""gpu_busy_percentage"":""1 %"",""gpubusy"":""17610 1024620"",""temp"":""39200"",""reset_count"":""356193""}",6067.671875,,"5:freezer:/
4:cpuset:/top-app
3:cpuacct:/top-app
2:cpu:/top-app
1:blkio:/top
0::/apps/uid_10247/pid_11813"
sustained-fixed-context-15min-cold-r1-v1-cpu,qwen2.5-coder-1.5b,sustained-matched-cold,sustained,api-20261003T210139Z-UNPLUGGED,"[""CPU availability or Android cgroup changed during measurement"",""Benchmark process Android cgroup changed during measurement"",""Benchmark process lost required cores despite process-level affinity"",""Run failed, was aborted, or did not parse""]",False,False,-15,Android benchmark cgroup changed during measurement; invalid controlled comparison,2026-10-03T23:52:04.750080+00:00,435128.799844684,34.8,82.2,45.5,42.8,2745600,"{""clock_mhz"":""231"",""max_gpuclk"":""680000000"",""thermal_pwrlevel"":""6"",""gpu_busy_percentage"":""1 %"",""gpubusy"":""18005 1007837"",""temp"":""45900"",""reset_count"":""356193""}",5048.50390625,,"5:freezer:/
4:cpuset:/top-app
3:cpuacct:/top-app
2:cpu:/top-app
1:blkio:/top
0::/apps/uid_10247/pid_11813"
sustained-fixed-context-15min-cold-r1-v1-cpu,qwen2.5-coder-1.5b,sustained-matched-cold,sustained,api-20261003T210139Z-UNPLUGGED,"[""CPU availability or Android cgroup changed during measurement"",""Benchmark process Android cgroup changed during measurement"",""Benchmark process lost required cores despite process-level affinity"",""Run failed, was aborted, or did not parse""]",False,False,-15,Android benchmark cgroup changed during measurement; invalid controlled comparison,2026-10-03T23:52:05.829068+00:00,435129.87882786,34.8,92.7,52.7,47.5,2745600,"{""clock_mhz"":""231"",""max_gpuclk"":""680000000"",""thermal_pwrlevel"":""6"",""gpu_busy_percentage"":""1 %"",""gpubusy"":""14524 1008556"",""temp"":""52700"",""reset_count"":""356193""}",5046.2265625,,"5:freezer:/
4:cpuset:/top-app
3:cpuacct:/top-app
2:cpu:/top-app
1:blkio:/top
0::/apps/uid_10247/pid_11813"
sustained-fixed-context-15min-cold-r1-v1-cpu,qwen2.5-coder-1.5b,sustained-matched-cold,sustained,api-20261003T210139Z-UNPLUGGED,"[""CPU availability or Android cgroup changed during measurement"",""Benchmark process Android cgroup changed during measurement"",""Benchmark process lost required cores despite process-level affinity"",""Run failed, was aborted, or did not parse""]",False,False,-15,Android benchmark cgroup changed during measurement; invalid controlled comparison,2026-10-03T23:52:06.898027+00:00,435130.947775204,34.8,93.5,55.5,50.2,2745600,"{""clock_mhz"":""231"",""max_gpuclk"":""680000000"",""thermal_pwrlevel"":""6"",""gpu_busy_percentage"":""1 %"",""gpubusy"":""14586 1018325"",""temp"":""55500"",""reset_count"":""356193""}",5069.6328125,,"5:freezer:/
4:cpuset:/top-app
3:cpuacct:/top-app
2:cpu:/top-app
1:blkio:/top
0::/apps/uid_10247/pid_11813"
sustained-fixed-context-15min-cold-r1-v1-cpu,qwen2.5-coder-1.5b,sustained-matched-cold,sustained,api-20261003T210139Z-UNPLUGGED,"[""CPU availability or Android cgroup changed during measurement"",""Benchmark process Android cgroup changed during measurement"",""Benchmark process lost required cores despite process-level affinity"",""Run failed, was aborted, or did not parse""]",False,False,-15,Android benchmark cgroup changed during measurement; invalid controlled comparison,2026-10-03T23:52:07.974825+00:00,435132.02456588,34.6,83.7,55.5,51.4,2304000,"{""clock_mhz"":""231"",""max_gpuclk"":""680000000"",""thermal_pwrlevel"":""6"",""gpu_busy_percentage"":""1 %"",""gpubusy"":""12704 1017438"",""temp"":""55100"",""reset_count"":""356193""}",5058.5390625,,"5:freezer:/
4:cpuset:/top-app
3:cpuacct:/top-app
2:cpu:/top-app
1:blkio:/top
0::/apps/uid_10247/pid_11813"
sustained-fixed-context-15min-cold-r1-v1-cpu,qwen2.5-coder-1.5b,sustained-matched-cold,sustained,api-20261003T210139Z-UNPLUGGED,"[""CPU availability or Android cgroup changed during measurement"",""Benchmark process Android cgroup changed during measurement"",""Benchmark process lost required cores despite process-level affinity"",""Run failed, was aborted, or did not parse""]",False,False,-15,Android benchmark cgroup changed during measurement; invalid controlled comparison,2026-10-03T23:52:09.062146+00:00,435133.111888328,34.6,79.0,56.3,53.3,2304000,"{""clock_mhz"":""231"",""max_gpuclk"":""680000000"",""thermal_pwrlevel"":""6"",""gpu_busy_percentage"":""1 %"",""gpubusy"":""15566 1006620"",""temp"":""56600"",""reset_count"":""356193""}",5065.3046875,,"5:freezer:/
4:cpuset:/top-app
3:cpuacct:/top-app
2:cpu:/top-app
1:blkio:/top
0::/apps/uid_10247/pid_11813"
sustained-fixed-context-15min-cold-r1-v1-cpu,qwen2.5-coder-1.5b,sustained-matched-cold,sustained,api-20261003T210139Z-UNPLUGGED,"[""CPU availability or Android cgroup changed during measurement"",""Benchmark process Android cgroup changed during measurement"",""Benchmark process lost required cores despite process-level affinity"",""Run failed, was aborted, or did not parse""]",False,False,-15,Android benchmark cgroup changed during measurement; invalid controlled comparison,2026-10-03T23:52:10.168896+00:00,435134.218648171,34.6,80.2,57.4,55.7,2304000,"{""clock_mhz"":""231"",""max_gpuclk"":""680000000"",""thermal_pwrlevel"":""6"",""gpu_busy_percentage"":""1 %"",""gpubusy"":""13754 1010924"",""temp"":""57400"",""reset_count"":""356193""}",5029.96875,,"5:freezer:/
4:cpuset:/top-app
3:cpuacct:/top-app
2:cpu:/top-app
1:blkio:/top
0::/apps/uid_10247/pid_11813"
sustained-fixed-context-15min-cold-r1-v1-cpu,qwen2.5-coder-1.5b,sustained-matched-cold,sustained,api-20261003T210139Z-UNPLUGGED,"[""CPU availability or Android cgroup changed during measurement"",""Benchmark process Android cgroup changed during measurement"",""Benchmark process lost required cores despite process-level affinity"",""Run failed, was aborted, or did not parse""]",False,False,-15,Android benchmark cgroup changed during measurement; invalid controlled comparison,2026-10-03T23:52:11.273039+00:00,435135.322798535,34.6,82.6,59.0,57.6,2304000,"{""clock_mhz"":""231"",""max_gpuclk"":""680000000"",""thermal_pwrlevel"":""6"",""gpu_busy_percentage"":""1 %"",""gpubusy"":""16051 1031758"",""temp"":""59000"",""reset_count"":""356193""}",5061.18359375,,"5:freezer:/
4:cpuset:/top-app
3:cpuacct:/top-app
2:cpu:/top-app
1:blkio:/top
0::/apps/uid_10247/pid_11813"
sustained-fixed-context-15min-cold-r1-v1-cpu,qwen2.5-coder-1.5b,sustained-matched-cold,sustained,api-20261003T210139Z-UNPLUGGED,"[""CPU availability or Android cgroup changed during measurement"",""Benchmark process Android cgroup changed during measurement"",""Benchmark process lost required cores despite process-level affinity"",""Run failed, was aborted, or did not parse""]",False,False,-15,Android benchmark cgroup changed during measurement; invalid controlled comparison,2026-10-03T23:52:12.415025+00:00,435136.464793483,34.6,82.6,59.8,58.0,2304000,"{""clock_mhz"":""231"",""max_gpuclk"":""680000000"",""thermal_pwrlevel"":""6"",""gpu_busy_percentage"":""1 %"",""gpubusy"":""14620 1016460"",""temp"":""59800"",""reset_count"":""356193""}",5054.8359375,,"5:freezer:/
4:cpuset:/top-app
3:cpuacct:/top-app
2:cpu:/top-app
1:blkio:/top
0::/apps/uid_10247/pid_11813"
sustained-fixed-context-15min-cold-r1-v1-cpu,qwen2.5-coder-1.5b,sustained-matched-cold,sustained,api-20261003T210139Z-UNPLUGGED,"[""CPU availability or Android cgroup changed during measurement"",""Benchmark process Android cgroup changed during measurement"",""Benchmark process lost required cores despite process-level affinity"",""Run failed, was aborted, or did not parse""]",False,False,-15,Android benchmark cgroup changed during measurement; invalid controlled comparison,2026-10-03T23:52:13.538219+00:00,435137.587967701,34.6,59.2,54.3,54.5,2304000,"{""clock_mhz"":""231"",""max_gpuclk"":""680000000"",""thermal_pwrlevel"":""6"",""gpu_busy_percentage"":""1 %"",""gpubusy"":""14841 1007334"",""temp"":""54300"",""reset_count"":""356193""}",5043.15234375,,"5:freezer:/
4:cpuset:/top-app
3:cpuacct:/top-app
2:cpu:/top-app
1:blkio:/top
0::/apps/uid_10247/pid_11813"
sustained-fixed-context-15min-cold-r1-v1-cpu,qwen2.5-coder-1.5b,sustained-matched-cold,sustained,api-20261003T210139Z-UNPLUGGED,"[""CPU availability or Android cgroup changed during measurement"",""Benchmark process Android cgroup changed during measurement"",""Benchmark process lost required cores despite process-level affinity"",""Run failed, was aborted, or did not parse""]",False,False,-15,Android benchmark cgroup changed during measurement; invalid controlled comparison,2026-10-03T23:52:14.619679+00:00,435138.669433899,34.6,54.1,50.3,51.0,2304000,"{""clock_mhz"":""231"",""max_gpuclk"":""680000000"",""thermal_pwrlevel"":""6"",""gpu_busy_percentage"":""1 %"",""gpubusy"":""18852 1008514"",""temp"":""50700"",""reset_count"":""356193""}",5031.859375,,"5:freezer:/
4:cpuset:/top-app
3:cpuacct:/top-app
2:cpu:/top-app
1:blkio:/top
0::/apps/uid_10247/pid_11813"
sustained-fixed-context-15min-cold-r1-v1-cpu,qwen2.5-coder-1.5b,sustained-matched-cold,sustained,api-20261003T210139Z-UNPLUGGED,"[""CPU availability or Android cgroup changed during measurement"",""Benchmark process Android cgroup changed during measurement"",""Benchmark process lost required cores despite process-level affinity"",""Run failed, was aborted, or did not parse""]",False,False,-15,Android benchmark cgroup changed during measurement; invalid controlled comparison,2026-10-03T23:52:15.696756+00:00,435139.746514315,34.6,54.5,49.9,49.8,2304000,"{""clock_mhz"":""231"",""max_gpuclk"":""680000000"",""thermal_pwrlevel"":""6"",""gpu_busy_percentage"":""1 %"",""gpubusy"":""17150 1009509"",""temp"":""49500"",""reset_count"":""356193""}",5033.5078125,,"5:freezer:/
4:cpuset:/top-app
3:cpuacct:/top-app
2:cpu:/top-app
1:blkio:/top
0::/apps/uid_10247/pid_11813"
sustained-fixed-context-15min-cold-r1-v1-cpu,qwen2.5-coder-1.5b,sustained-matched-cold,sustained,api-20261003T210139Z-UNPLUGGED,"[""CPU availability or Android cgroup changed during measurement"",""Benchmark process Android cgroup changed during measurement"",""Benchmark process lost required cores despite process-level affinity"",""Run failed, was aborted, or did not parse""]",False,False,-15,Android benchmark cgroup changed during measurement; invalid controlled comparison,2026-10-03T23:52:16.777725+00:00,435140.827484627,34.6,52.2,47.9,48.3,2304000,"{""clock_mhz"":""231"",""max_gpuclk"":""680000000"",""thermal_pwrlevel"":""6"",""gpu_busy_percentage"":""1 %"",""gpubusy"":""15887 1007086"",""temp"":""48300"",""reset_count"":""356193""}",5024.4296875,,"5:freezer:/
4:cpuset:/top-app
3:cpuacct:/top-app
2:cpu:/top-app
1:blkio:/top
0::/apps/uid_10247/pid_11813"
sustained-fixed-context-15min-cold-r1-v1-cpu,qwen2.5-coder-1.5b,sustained-matched-cold,sustained,api-20261003T210139Z-UNPLUGGED,"[""CPU availability or Android cgroup changed during measurement"",""Benchmark process Android cgroup changed during measurement"",""Benchmark process lost required cores despite process-level affinity"",""Run failed, was aborted, or did not parse""]",False,False,-15,Android benchmark cgroup changed during measurement; invalid controlled comparison,2026-10-03T23:52:17.850212+00:00,435141.899959054,34.6,54.1,47.1,47.5,2035200,"{""clock_mhz"":""231"",""max_gpuclk"":""680000000"",""thermal_pwrlevel"":""6"",""gpu_busy_percentage"":""1 %"",""gpubusy"":""16841 1002459"",""temp"":""47100"",""reset_count"":""356193""}",5016.5625,,"5:freezer:/
4:cpuset:/top-app
3:cpuacct:/top-app
2:cpu:/top-app
1:blkio:/top
0::/apps/uid_10247/pid_11813"
sustained-fixed-context-15min-cold-r1-v1-cpu,qwen2.5-coder-1.5b,sustained-matched-cold,sustained,api-20261003T210139Z-UNPLUGGED,"[""CPU availability or Android cgroup changed during measurement"",""Benchmark process Android cgroup changed during measurement"",""Benchmark process lost required cores despite process-level affinity"",""Run failed, was aborted, or did not parse""]",False,False,-15,Android benchmark cgroup changed during measurement; invalid controlled comparison,2026-10-03T23:52:18.939574+00:00,435142.98932921,34.6,49.0,46.7,46.7,2035200,"{""clock_mhz"":""231"",""max_gpuclk"":""680000000"",""thermal_pwrlevel"":""6"",""gpu_busy_percentage"":""1 %"",""gpubusy"":""18078 1004803"",""temp"":""45900"",""reset_count"":""356193""}",5056.96484375,,"5:freezer:/
4:cpuset:/top-app
3:cpuacct:/top-app
2:cpu:/top-app
1:blkio:/top
0::/apps/uid_10247/pid_11813"
sustained-fixed-context-15min-cold-r1-v1-cpu,qwen2.5-coder-1.5b,sustained-matched-cold,sustained,api-20261003T210139Z-UNPLUGGED,"[""CPU availability or Android cgroup changed during measurement"",""Benchmark process Android cgroup changed during measurement"",""Benchmark process lost required cores despite process-level affinity"",""Run failed, was aborted, or did not parse""]",False,False,-15,Android benchmark cgroup changed during measurement; invalid controlled comparison,2026-10-03T23:52:20.018688+00:00,435144.068440407,34.6,48.3,45.5,46.3,2035200,"{""clock_mhz"":""231"",""max_gpuclk"":""680000000"",""thermal_pwrlevel"":""6"",""gpu_busy_percentage"":""1 %"",""gpubusy"":""17504 1040441"",""temp"":""45900"",""reset_count"":""356193""}",5055.60546875,,"5:freezer:/
4:cpuset:/top-app
3:cpuacct:/top-app
2:cpu:/top-app
1:blkio:/top
0::/apps/uid_10247/pid_11813"
sustained-fixed-context-15min-cold-r1-v1-cpu,qwen2.5-coder-1.5b,sustained-matched-cold,sustained,api-20261003T210139Z-UNPLUGGED,"[""CPU availability or Android cgroup changed during measurement"",""Benchmark process Android cgroup changed during measurement"",""Benchmark process lost required cores despite process-level affinity"",""Run failed, was aborted, or did not parse""]",False,False,-15,Android benchmark cgroup changed during measurement; invalid controlled comparison,2026-10-03T23:52:21.092877+00:00,435145.142643844,34.6,47.5,45.5,45.9,2035200,"{""clock_mhz"":""231"",""max_gpuclk"":""680000000"",""thermal_pwrlevel"":""6"",""gpu_busy_percentage"":""1 %"",""gpubusy"":""17062 1034902"",""temp"":""45100"",""reset_count"":""356193""}",5052.65234375,,"5:freezer:/
4:cpuset:/top-app
3:cpuacct:/top-app
2:cpu:/top-app
1:blkio:/top
0::/apps/uid_10247/pid_11813"
sustained-fixed-context-15min-cold-r1-v1-cpu,qwen2.5-coder-1.5b,sustained-matched-cold,sustained,api-20261003T210139Z-UNPLUGGED,"[""CPU availability or Android cgroup changed during measurement"",""Benchmark process Android cgroup changed during measurement"",""Benchmark process lost required cores despite process-level affinity"",""Run failed, was aborted, or did not parse""]",False,False,-15,Android benchmark cgroup changed during measurement; invalid controlled comparison,2026-10-03T23:52:22.170441+00:00,435146.220198115,34.6,47.5,45.1,45.1,2035200,"{""clock_mhz"":""231"",""max_gpuclk"":""680000000"",""thermal_pwrlevel"":""6"",""gpu_busy_percentage"":""1 %"",""gpubusy"":""16434 1009823"",""temp"":""44800"",""reset_count"":""356193""}",5051.66796875,,"5:freezer:/
4:cpuset:/top-app
3:cpuacct:/top-app
2:cpu:/top-app
1:blkio:/top
0::/apps/uid_10247/pid_11813"
sustained-fixed-context-15min-cold-r1-v1-cpu,qwen2.5-coder-1.5b,sustained-matched-cold,sustained,api-20261003T210139Z-UNPLUGGED,"[""CPU availability or Android cgroup changed during measurement"",""Benchmark process Android cgroup changed during measurement"",""Benchmark process lost required cores despite process-level affinity"",""Run failed, was aborted, or did not parse""]",False,False,-15,Android benchmark cgroup changed during measurement; invalid controlled comparison,2026-10-03T23:52:23.260369+00:00,435147.310141916,34.6,65.4,47.5,45.9,2035200,"{""clock_mhz"":""231"",""max_gpuclk"":""680000000"",""thermal_pwrlevel"":""6"",""gpu_busy_percentage"":""1 %"",""gpubusy"":""18311 1019504"",""temp"":""47500"",""reset_count"":""356193""}",5049.9453125,,"5:freezer:/
4:cpuset:/top-app
3:cpuacct:/top-app
2:cpu:/top-app
1:blkio:/top
0::/apps/uid_10247/pid_11813"
sustained-fixed-context-15min-cold-r1-v1-cpu,qwen2.5-coder-1.5b,sustained-matched-cold,sustained,api-20261003T210139Z-UNPLUGGED,"[""CPU availability or Android cgroup changed during measurement"",""Benchmark process Android cgroup changed during measurement"",""Benchmark process lost required cores despite process-level affinity"",""Run failed, was aborted, or did not parse""]",False,False,-15,Android benchmark cgroup changed during measurement; invalid controlled comparison,2026-10-03T23:52:24.365478+00:00,435148.41524327,34.6,68.9,50.3,48.3,2035200,"{""clock_mhz"":""231"",""max_gpuclk"":""680000000"",""thermal_pwrlevel"":""6"",""gpu_busy_percentage"":""1 %"",""gpubusy"":""15483 1002007"",""temp"":""50700"",""reset_count"":""356193""}",5046.0078125,,"5:freezer:/
4:cpuset:/top-app
3:cpuacct:/top-app
2:cpu:/top-app
1:blkio:/top
0::/apps/uid_10247/pid_11813"
sustained-fixed-context-15min-cold-r1-v1-cpu,qwen2.5-coder-1.5b,sustained-matched-cold,sustained,api-20261003T210139Z-UNPLUGGED,"[""CPU availability or Android cgroup changed during measurement"",""Benchmark process Android cgroup changed during measurement"",""Benchmark process lost required cores despite process-level affinity"",""Run failed, was aborted, or did not parse""]",False,False,-15,Android benchmark cgroup changed during measurement; invalid controlled comparison,2026-10-03T23:52:25.468757+00:00,435149.518532384,34.6,70.5,51.9,50.2,2035200,"{""clock_mhz"":""231"",""max_gpuclk"":""680000000"",""thermal_pwrlevel"":""6"",""gpu_busy_percentage"":""1 %"",""gpubusy"":""13651 1002315"",""temp"":""51500"",""reset_count"":""356193""}",5045.79296875,,"5:freezer:/
4:cpuset:/top-app
3:cpuacct:/top-app
2:cpu:/top-app
1:blkio:/top
0::/apps/uid_10247/pid_11813"
sustained-fixed-context-15min-cold-r1-v1-cpu,qwen2.5-coder-1.5b,sustained-matched-cold,sustained,api-20261003T210139Z-UNPLUGGED,"[""CPU availability or Android cgroup changed during measurement"",""Benchmark process Android cgroup changed during measurement"",""Benchmark process lost required cores despite process-level affinity"",""Run failed, was aborted, or did not parse""]",False,False,-15,Android benchmark cgroup changed during measurement; invalid controlled comparison,2026-10-03T23:52:26.562462+00:00,435150.612210405,34.6,72.0,52.7,50.2,2035200,"{""clock_mhz"":""231"",""max_gpuclk"":""680000000"",""thermal_pwrlevel"":""6"",""gpu_busy_percentage"":""1 %"",""gpubusy"":""15387 1063468"",""temp"":""52700"",""reset_count"":""356193""}",5044.89453125,,"5:freezer:/
4:cpuset:/top-app
3:cpuacct:/top-app
2:cpu:/top-app
1:blkio:/top
0::/apps/uid_10247/pid_11813"
sustained-fixed-context-15min-cold-r1-v1-cpu,qwen2.5-coder-1.5b,sustained-matched-cold,sustained,api-20261003T210139Z-UNPLUGGED,"[""CPU availability or Android cgroup changed during measurement"",""Benchmark process Android cgroup changed during measurement"",""Benchmark process lost required cores despite process-level affinity"",""Run failed, was aborted, or did not parse""]",False,False,-15,Android benchmark cgroup changed during measurement; invalid controlled comparison,2026-10-03T23:52:27.655736+00:00,435151.705503894,34.6,70.1,53.9,52.6,2035200,"{""clock_mhz"":""231"",""max_gpuclk"":""680000000"",""thermal_pwrlevel"":""6"",""gpu_busy_percentage"":""1 %"",""gpubusy"":""15366 1026758"",""temp"":""53500"",""reset_count"":""356194""}",5043.34765625,,"5:freezer:/
4:cpuset:/top-app
3:cpuacct:/top-app
2:cpu:/top-app
1:blkio:/top
0::/apps/uid_10247/pid_11813"
sustained-fixed-context-15min-cold-r1-v1-cpu,qwen2.5-coder-1.5b,sustained-matched-cold,sustained,api-20261003T210139Z-UNPLUGGED,"[""CPU availability or Android cgroup changed during measurement"",""Benchmark process Android cgroup changed during measurement"",""Benchmark process lost required cores despite process-level affinity"",""Run failed, was aborted, or did not parse""]",False,False,-15,Android benchmark cgroup changed during measurement; invalid controlled comparison,2026-10-03T23:52:28.756198+00:00,435152.806176393,34.6,72.8,56.3,55.3,2035200,"{""clock_mhz"":""231"",""max_gpuclk"":""680000000"",""thermal_pwrlevel"":""6"",""gpu_busy_percentage"":""1 %"",""gpubusy"":""13336 1002397"",""temp"":""55500"",""reset_count"":""356194""}",5042.625,,"5:freezer:/
4:cpuset:/top-app
3:cpuacct:/top-app
2:cpu:/top-app
1:blkio:/top
0::/apps/uid_10247/pid_11813"
sustained-fixed-context-15min-cold-r1-v1-cpu,qwen2.5-coder-1.5b,sustained-matched-cold,sustained,api-20261003T210139Z-UNPLUGGED,"[""CPU availability or Android cgroup changed during measurement"",""Benchmark process Android cgroup changed during measurement"",""Benchmark process lost required cores despite process-level affinity"",""Run failed, was aborted, or did not parse""]",False,False,-15,Android benchmark cgroup changed during measurement; invalid controlled comparison,2026-10-03T23:52:29.878342+00:00,435153.928103633,34.6,74.0,56.6,56.1,2035200,"{""clock_mhz"":""231"",""max_gpuclk"":""680000000"",""thermal_pwrlevel"":""6"",""gpu_busy_percentage"":""1 %"",""gpubusy"":""13879 1015960"",""temp"":""57000"",""reset_count"":""356194""}",5050.90625,,"5:freezer:/
4:cpuset:/top-app
3:cpuacct:/top-app
2:cpu:/top-app
1:blkio:/top
0::/apps/uid_10247/pid_11813"
sustained-fixed-context-15min-cold-r1-v1-cpu,qwen2.5-coder-1.5b,sustained-matched-cold,sustained,api-20261003T210139Z-UNPLUGGED,"[""CPU availability or Android cgroup changed during measurement"",""Benchmark process Android cgroup changed during measurement"",""Benchmark process lost required cores despite process-level affinity"",""Run failed, was aborted, or did not parse""]",False,False,-15,Android benchmark cgroup changed during measurement; invalid controlled comparison,2026-10-03T23:52:30.993253+00:00,435155.043006392,34.6,74.8,57.8,57.6,2035200,"{""clock_mhz"":""231"",""max_gpuclk"":""680000000"",""thermal_pwrlevel"":""6"",""gpu_busy_percentage"":""1 %"",""gpubusy"":""14232 1009511"",""temp"":""57800"",""reset_count"":""356194""}",5051.76953125,,"5:freezer:/
4:cpuset:/top-app
3:cpuacct:/top-app
2:cpu:/top-app
1:blkio:/top
0::/apps/uid_10247/pid_11813"
sustained-fixed-context-15min-cold-r1-v1-cpu,qwen2.5-coder-1.5b,sustained-matched-cold,sustained,api-20261003T210139Z-UNPLUGGED,"[""CPU availability or Android cgroup changed during measurement"",""Benchmark process Android cgroup changed during measurement"",""Benchmark process lost required cores despite process-level affinity"",""Run failed, was aborted, or did not parse""]",False,False,-15,Android benchmark cgroup changed during measurement; invalid controlled comparison,2026-10-03T23:52:32.090029+00:00,435156.139776757,34.6,79.4,58.2,56.4,2035200,"{""clock_mhz"":""231"",""max_gpuclk"":""680000000"",""thermal_pwrlevel"":""6"",""gpu_busy_percentage"":""1 %"",""gpubusy"":""13768 1010011"",""temp"":""58600"",""reset_count"":""356194""}",5050.78515625,,"5:freezer:/
4:cpuset:/top-app
3:cpuacct:/top-app
2:cpu:/top-app
1:blkio:/top
0::/apps/uid_10247/pid_11813"
sustained-fixed-context-15min-cold-r1-v1-cpu,qwen2.5-coder-1.5b,sustained-matched-cold,sustained,api-20261003T210139Z-UNPLUGGED,"[""CPU availability or Android cgroup changed during measurement"",""Benchmark process Android cgroup changed during measurement"",""Benchmark process lost required cores despite process-level affinity"",""Run failed, was aborted, or did not parse""]",False,False,-15,Android benchmark cgroup changed during measurement; invalid controlled comparison,2026-10-03T23:52:33.186997+00:00,435157.236771704,34.6,78.3,57.8,55.7,2035200,"{""clock_mhz"":""231"",""max_gpuclk"":""680000000"",""thermal_pwrlevel"":""6"",""gpu_busy_percentage"":""1 %"",""gpubusy"":""14084 1001924"",""temp"":""57800"",""reset_count"":""356194""}",5048.234375,,"5:freezer:/
4:cpuset:/top-app
3:cpuacct:/top-app
2:cpu:/top-app
1:blkio:/top
0::/apps/uid_10247/pid_11813"
sustained-fixed-context-15min-cold-r1-v1-cpu,qwen2.5-coder-1.5b,sustained-matched-cold,sustained,api-20261003T210139Z-UNPLUGGED,"[""CPU availability or Android cgroup changed during measurement"",""Benchmark process Android cgroup changed during measurement"",""Benchmark process lost required cores despite process-level affinity"",""Run failed, was aborted, or did not parse""]",False,False,-15,Android benchmark cgroup changed during measurement; invalid controlled comparison,2026-10-03T23:52:34.278529+00:00,435158.328275402,34.6,78.3,57.8,55.7,2035200,"{""clock_mhz"":""231"",""max_gpuclk"":""680000000"",""thermal_pwrlevel"":""6"",""gpu_busy_percentage"":""1 %"",""gpubusy"":""14038 1000138"",""temp"":""57800"",""reset_count"":""356194""}",5047.7421875,,"5:freezer:/
4:cpuset:/top-app
3:cpuacct:/top-app
2:cpu:/top-app
1:blkio:/top
0::/apps/uid_10247/pid_11813"
sustained-fixed-context-15min-cold-r1-v1-cpu,qwen2.5-coder-1.5b,sustained-matched-cold,sustained,api-20261003T210139Z-UNPLUGGED,"[""CPU availability or Android cgroup changed during measurement"",""Benchmark process Android cgroup changed during measurement"",""Benchmark process lost required cores despite process-level affinity"",""Run failed, was aborted, or did not parse""]",False,False,-15,Android benchmark cgroup changed during measurement; invalid controlled comparison,2026-10-03T23:52:35.364307+00:00,435159.414055766,34.6,77.9,57.8,55.7,2035200,"{""clock_mhz"":""231"",""max_gpuclk"":""680000000"",""thermal_pwrlevel"":""6"",""gpu_busy_percentage"":""1 %"",""gpubusy"":""14290 1002203"",""temp"":""58200"",""reset_count"":""356194""}",5048.03125,,"5:freezer:/
4:cpuset:/top-app
3:cpuacct:/top-app
2:cpu:/top-app
1:blkio:/top
0::/apps/uid_10247/pid_11813"
sustained-fixed-context-15min-cold-r1-v1-cpu,qwen2.5-coder-1.5b,sustained-matched-cold,sustained,api-20261003T210139Z-UNPLUGGED,"[""CPU availability or Android cgroup changed during measurement"",""Benchmark process Android cgroup changed during measurement"",""Benchmark process lost required cores despite process-level affinity"",""Run failed, was aborted, or did not parse""]",False,False,-15,Android benchmark cgroup changed during measurement; invalid controlled comparison,2026-10-03T23:52:36.452392+00:00,435160.502161234,34.6,77.5,57.8,55.3,2035200,"{""clock_mhz"":""231"",""max_gpuclk"":""680000000"",""thermal_pwrlevel"":""6"",""gpu_busy_percentage"":""1 %"",""gpubusy"":""15718 1025845"",""temp"":""57800"",""reset_count"":""356194""}",5045.328125,,"5:freezer:/
4:cpuset:/top-app
3:cpuacct:/top-app
2:cpu:/top-app
1:blkio:/top
0::/apps/uid_10247/pid_11813"
sustained-fixed-context-15min-cold-r1-v1-cpu,qwen2.5-coder-1.5b,sustained-matched-cold,sustained,api-20261003T210139Z-UNPLUGGED,"[""CPU availability or Android cgroup changed during measurement"",""Benchmark process Android cgroup changed during measurement"",""Benchmark process lost required cores despite process-level affinity"",""Run failed, was aborted, or did not parse""]",False,False,-15,Android benchmark cgroup changed during measurement; invalid controlled comparison,2026-10-03T23:52:37.583586+00:00,435161.633360557,34.6,76.3,59.4,58.4,1824000,"{""clock_mhz"":""231"",""max_gpuclk"":""680000000"",""thermal_pwrlevel"":""6"",""gpu_busy_percentage"":""1 %"",""gpubusy"":""14015 1005063"",""temp"":""59400"",""reset_count"":""356194""}",5044.6328125,,"5:freezer:/
4:cpuset:/top-app
3:cpuacct:/top-app
2:cpu:/top-app
1:blkio:/top
0::/apps/uid_10247/pid_11813"
sustained-fixed-context-15min-cold-r1-v1-cpu,qwen2.5-coder-1.5b,sustained-matched-cold,sustained,api-20261003T210139Z-UNPLUGGED,"[""CPU availability or Android cgroup changed during measurement"",""Benchmark process Android cgroup changed during measurement"",""Benchmark process lost required cores despite process-level affinity"",""Run failed, was aborted, or did not parse""]",False,False,-15,Android benchmark cgroup changed during measurement; invalid controlled comparison,2026-10-03T23:52:38.725870+00:00,435162.775666858,35.4,74.8,59.4,58.8,1824000,"{""clock_mhz"":""231"",""max_gpuclk"":""680000000"",""thermal_pwrlevel"":""6"",""gpu_busy_percentage"":""1 %"",""gpubusy"":""14659 1008817"",""temp"":""59400"",""reset_count"":""356194""}",5041.0625,,"5:freezer:/
4:cpuset:/top-app
3:cpuacct:/top-app
2:cpu:/top-app
1:blkio:/top
0::/apps/uid_10247/pid_11813"
sustained-fixed-context-15min-cold-r1-v1-cpu,qwen2.5-coder-1.5b,sustained-matched-cold,sustained,api-20261003T210139Z-UNPLUGGED,"[""CPU availability or Android cgroup changed during measurement"",""Benchmark process Android cgroup changed during measurement"",""Benchmark process lost required cores despite process-level affinity"",""Run failed, was aborted, or did not parse""]",False,False,-15,Android benchmark cgroup changed during measurement; invalid controlled comparison,2026-10-03T23:52:39.848350+00:00,435163.898143316,35.4,75.2,59.4,59.2,1824000,"{""clock_mhz"":""231"",""max_gpuclk"":""680000000"",""thermal_pwrlevel"":""6"",""gpu_busy_percentage"":""1 %"",""gpubusy"":""15264 1009718"",""temp"":""59800"",""reset_count"":""356194""}",5038.625,,"5:freezer:/
4:cpuset:/top-app
3:cpuacct:/top-app
2:cpu:/top-app
1:blkio:/top
0::/apps/uid_10247/pid_11813"
sustained-fixed-context-15min-cold-r1-v1-cpu,qwen2.5-coder-1.5b,sustained-matched-cold,sustained,api-20261003T210139Z-UNPLUGGED,"[""CPU availability or Android cgroup changed during measurement"",""Benchmark process Android cgroup changed during measurement"",""Benchmark process lost required cores despite process-level affinity"",""Run failed, was aborted, or did not parse""]",False,False,-15,Android benchmark cgroup changed during measurement; invalid controlled comparison,2026-10-03T23:52:40.970643+00:00,435165.020413264,35.4,75.5,60.2,60.0,1824000,"{""clock_mhz"":""231"",""max_gpuclk"":""680000000"",""thermal_pwrlevel"":""6"",""gpu_busy_percentage"":""1 %"",""gpubusy"":""14429 1009493"",""temp"":""60600"",""reset_count"":""356194""}",5036.16796875,,"5:freezer:/
4:cpuset:/top-app
3:cpuacct:/top-app
2:cpu:/top-app
1:blkio:/top
0::/apps/uid_10247/pid_11813"
sustained-fixed-context-15min-cold-r1-v1-cpu,qwen2.5-coder-1.5b,sustained-matched-cold,sustained,api-20261003T210139Z-UNPLUGGED,"[""CPU availability or Android cgroup changed during measurement"",""Benchmark process Android cgroup changed during measurement"",""Benchmark process lost required cores despite process-level affinity"",""Run failed, was aborted, or did not parse""]",False,False,-15,Android benchmark cgroup changed during measurement; invalid controlled comparison,2026-10-03T23:52:42.111490+00:00,435166.161264357,35.4,77.9,59.8,58.0,1824000,"{""clock_mhz"":""231"",""max_gpuclk"":""680000000"",""thermal_pwrlevel"":""6"",""gpu_busy_percentage"":""1 %"",""gpubusy"":""15317 1023181"",""temp"":""59400"",""reset_count"":""356194""}",5034.44921875,,"5:freezer:/
4:cpuset:/top-app
3:cpuacct:/top-app
2:cpu:/top-app
1:blkio:/top
0::/apps/uid_10247/pid_11813"
sustained-fixed-context-15min-cold-r1-v1-cpu,qwen2.5-coder-1.5b,sustained-matched-cold,sustained,api-20261003T210139Z-UNPLUGGED,"[""CPU availability or Android cgroup changed during measurement"",""Benchmark process Android cgroup changed during measurement"",""Benchmark process lost required cores despite process-level affinity"",""Run failed, was aborted, or did not parse""]",False,False,-15,Android benchmark cgroup changed during measurement; invalid controlled comparison,2026-10-03T23:52:43.273652+00:00,435167.323417898,35.4,77.1,59.0,57.6,1824000,"{""clock_mhz"":""231"",""max_gpuclk"":""680000000"",""thermal_pwrlevel"":""6"",""gpu_busy_percentage"":""1 %"",""gpubusy"":""13786 1000191"",""temp"":""59000"",""reset_count"":""356194""}",5034.9296875,,"5:freezer:/
4:cpuset:/top-app
3:cpuacct:/top-app
2:cpu:/top-app
1:blkio:/top
0::/apps/uid_10247/pid_11813"
sustained-fixed-context-15min-cold-r1-v1-cpu,qwen2.5-coder-1.5b,sustained-matched-cold,sustained,api-20261003T210139Z-UNPLUGGED,"[""CPU availability or Android cgroup changed during measurement"",""Benchmark process Android cgroup changed during measurement"",""Benchmark process lost required cores despite process-level affinity"",""Run failed, was aborted, or did not parse""]",False,False,-15,Android benchmark cgroup changed during measurement; invalid controlled comparison,2026-10-03T23:52:44.374786+00:00,435168.424533054,35.4,76.3,58.6,56.8,1824000,"{""clock_mhz"":""231"",""max_gpuclk"":""680000000"",""thermal_pwrlevel"":""6"",""gpu_busy_percentage"":""1 %"",""gpubusy"":""15790 1029757"",""temp"":""58600"",""reset_count"":""356194""}",5034.9296875,,"5:freezer:/
4:cpuset:/top-app
3:cpuacct:/top-app
2:cpu:/top-app
1:blkio:/top
0::/apps/uid_10247/pid_11813"
sustained-fixed-context-15min-cold-r1-v1-cpu,qwen2.5-coder-1.5b,sustained-matched-cold,sustained,api-20261003T210139Z-UNPLUGGED,"[""CPU availability or Android cgroup changed during measurement"",""Benchmark process Android cgroup changed during measurement"",""Benchmark process lost required cores despite process-level affinity"",""Run failed, was aborted, or did not parse""]",False,False,-15,Android benchmark cgroup changed during measurement; invalid controlled comparison,2026-10-03T23:52:45.476905+00:00,435169.52665222,35.4,74.8,58.2,56.4,1824000,"{""clock_mhz"":""231"",""max_gpuclk"":""680000000"",""thermal_pwrlevel"":""6"",""gpu_busy_percentage"":""1 %"",""gpubusy"":""15110 1002566"",""temp"":""58200"",""reset_count"":""356194""}",5032.57421875,,"5:freezer:/
4:cpuset:/top-app
3:cpuacct:/top-app
2:cpu:/top-app
1:blkio:/top
0::/apps/uid_10247/pid_11813"
sustained-fixed-context-15min-cold-r1-v1-cpu,qwen2.5-coder-1.5b,sustained-matched-cold,sustained,api-20261003T210139Z-UNPLUGGED,"[""CPU availability or Android cgroup changed during measurement"",""Benchmark process Android cgroup changed during measurement"",""Benchmark process lost required cores despite process-level affinity"",""Run failed, was aborted, or did not parse""]",False,False,-15,Android benchmark cgroup changed during measurement; invalid controlled comparison,2026-10-03T23:52:46.586947+00:00,435170.636722324,35.4,75.2,58.6,56.1,1824000,"{""clock_mhz"":""231"",""max_gpuclk"":""680000000"",""thermal_pwrlevel"":""6"",""gpu_busy_percentage"":""1 %"",""gpubusy"":""13896 1008223"",""temp"":""58200"",""reset_count"":""356194""}",5027.15625,,"5:freezer:/
4:cpuset:/top-app
3:cpuacct:/top-app
2:cpu:/top-app
1:blkio:/top
0::/apps/uid_10247/pid_11813"
sustained-fixed-context-15min-cold-r1-v1-cpu,qwen2.5-coder-1.5b,sustained-matched-cold,sustained,api-20261003T210139Z-UNPLUGGED,"[""CPU availability or Android cgroup changed during measurement"",""Benchmark process Android cgroup changed during measurement"",""Benchmark process lost required cores despite process-level affinity"",""Run failed, was aborted, or did not parse""]",False,False,-15,Android benchmark cgroup changed during measurement; invalid controlled comparison,2026-10-03T23:52:47.708037+00:00,435171.757817115,35.4,74.0,59.4,58.8,1824000,"{""clock_mhz"":""231"",""max_gpuclk"":""680000000"",""thermal_pwrlevel"":""6"",""gpu_busy_percentage"":""1 %"",""gpubusy"":""14138 1001166"",""temp"":""59800"",""reset_count"":""356194""}",5026.4140625,,"5:freezer:/
4:cpuset:/top-app
3:cpuacct:/top-app
2:cpu:/top-app
1:blkio:/top
0::/apps/uid_10247/pid_11813"
sustained-fixed-context-15min-cold-r1-v1-cpu,qwen2.5-coder-1.5b,sustained-matched-cold,sustained,api-20261003T210139Z-UNPLUGGED,"[""CPU availability or Android cgroup changed during measurement"",""Benchmark process Android cgroup changed during measurement"",""Benchmark process lost required cores despite process-level affinity"",""Run failed, was aborted, or did not parse""]",False,False,-15,Android benchmark cgroup changed during measurement; invalid controlled comparison,2026-10-03T23:52:48.842193+00:00,435172.891945136,35.4,74.4,60.2,60.0,1824000,"{""clock_mhz"":""231"",""max_gpuclk"":""680000000"",""thermal_pwrlevel"":""6"",""gpu_busy_percentage"":""1 %"",""gpubusy"":""13757 1001143"",""temp"":""59800"",""reset_count"":""356194""}",5023.4609375,,"5:freezer:/
4:cpuset:/top-app
3:cpuacct:/top-app
2:cpu:/top-app
1:blkio:/top
0::/apps/uid_10247/pid_11813"
sustained-fixed-context-15min-cold-r1-v1-cpu,qwen2.5-coder-1.5b,sustained-matched-cold,sustained,api-20261003T210139Z-UNPLUGGED,"[""CPU availability or Android cgroup changed during measurement"",""Benchmark process Android cgroup changed during measurement"",""Benchmark process lost required cores despite process-level affinity"",""Run failed, was aborted, or did not parse""]",False,False,-15,Android benchmark cgroup changed during measurement; invalid controlled comparison,2026-10-03T23:52:49.949141+00:00,435173.998924354,35.4,76.3,61.0,60.3,1824000,"{""clock_mhz"":""231"",""max_gpuclk"":""680000000"",""thermal_pwrlevel"":""6"",""gpu_busy_percentage"":""1 %"",""gpubusy"":""15202 1022420"",""temp"":""60600"",""reset_count"":""356194""}",5053.21875,,"5:freezer:/
4:cpuset:/top-app
3:cpuacct:/top-app
2:cpu:/top-app
1:blkio:/top
0::/apps/uid_10247/pid_11813"
sustained-fixed-context-15min-cold-r1-v1-cpu,qwen2.5-coder-1.5b,sustained-matched-cold,sustained,api-20261003T210139Z-UNPLUGGED,"[""CPU availability or Android cgroup changed during measurement"",""Benchmark process Android cgroup changed during measurement"",""Benchmark process lost required cores despite process-level affinity"",""Run failed, was aborted, or did not parse""]",False,False,-15,Android benchmark cgroup changed during measurement; invalid controlled comparison,2026-10-03T23:52:51.112411+00:00,435175.162153833,35.4,76.7,61.8,61.1,1824000,"{""clock_mhz"":""231"",""max_gpuclk"":""680000000"",""thermal_pwrlevel"":""6"",""gpu_busy_percentage"":""1 %"",""gpubusy"":""14398 1024785"",""temp"":""61400"",""reset_count"":""356194""}",5051.98828125,,"5:freezer:/
4:cpuset:/top-app
3:cpuacct:/top-app
2:cpu:/top-app
1:blkio:/top
0::/apps/uid_10247/pid_11813"
sustained-fixed-context-15min-cold-r1-v1-cpu,qwen2.5-coder-1.5b,sustained-matched-cold,sustained,api-20261003T210139Z-UNPLUGGED,"[""CPU availability or Android cgroup changed during measurement"",""Benchmark process Android cgroup changed during measurement"",""Benchmark process lost required cores despite process-level affinity"",""Run failed, was aborted, or did not parse""]",False,False,-15,Android benchmark cgroup changed during measurement; invalid controlled comparison,2026-10-03T23:52:52.205196+00:00,435176.254945343,35.4,79.0,61.0,60.0,1824000,"{""clock_mhz"":""231"",""max_gpuclk"":""680000000"",""thermal_pwrlevel"":""6"",""gpu_busy_percentage"":""1 %"",""gpubusy"":""15443 1023054"",""temp"":""61400"",""reset_count"":""356194""}",5049.078125,,"5:freezer:/
4:cpuset:/top-app
3:cpuacct:/top-app
2:cpu:/top-app
1:blkio:/top
0::/apps/uid_10247/pid_11813"
sustained-fixed-context-15min-cold-r1-v1-cpu,qwen2.5-coder-1.5b,sustained-matched-cold,sustained,api-20261003T210139Z-UNPLUGGED,"[""CPU availability or Android cgroup changed during measurement"",""Benchmark process Android cgroup changed during measurement"",""Benchmark process lost required cores despite process-level affinity"",""Run failed, was aborted, or did not parse""]",False,False,-15,Android benchmark cgroup changed during measurement; invalid controlled comparison,2026-10-03T23:52:53.302777+00:00,435177.352545551,35.4,79.0,60.2,58.8,1824000,"{""clock_mhz"":""231"",""max_gpuclk"":""680000000"",""thermal_pwrlevel"":""6"",""gpu_busy_percentage"":""1 %"",""gpubusy"":""13807 1030609"",""temp"":""60200"",""reset_count"":""356194""}",5048.8359375,,"5:freezer:/
4:cpuset:/top-app
3:cpuacct:/top-app
2:cpu:/top-app
1:blkio:/top
0::/apps/uid_10247/pid_11813"
sustained-fixed-context-15min-cold-r1-v1-cpu,qwen2.5-coder-1.5b,sustained-matched-cold,sustained,api-20261003T210139Z-UNPLUGGED,"[""CPU availability or Android cgroup changed during measurement"",""Benchmark process Android cgroup changed during measurement"",""Benchmark process lost required cores despite process-level affinity"",""Run failed, was aborted, or did not parse""]",False,False,-15,Android benchmark cgroup changed during measurement; invalid controlled comparison,2026-10-03T23:52:54.398514+00:00,435178.448290394,35.4,75.5,59.8,58.0,1824000,"{""clock_mhz"":""231"",""max_gpuclk"":""680000000"",""thermal_pwrlevel"":""6"",""gpu_busy_percentage"":""1 %"",""gpubusy"":""13824 1000398"",""temp"":""60200"",""reset_count"":""356194""}",5045.8828125,,"5:freezer:/
4:cpuset:/top-app
3:cpuacct:/top-app
2:cpu:/top-app
1:blkio:/top
0::/apps/uid_10247/pid_11813"
sustained-fixed-context-15min-cold-r1-v1-cpu,qwen2.5-coder-1.5b,sustained-matched-cold,sustained,api-20261003T210139Z-UNPLUGGED,"[""CPU availability or Android cgroup changed during measurement"",""Benchmark process Android cgroup changed during measurement"",""Benchmark process lost required cores despite process-level affinity"",""Run failed, was aborted, or did not parse""]",False,False,-15,Android benchmark cgroup changed during measurement; invalid controlled comparison,2026-10-03T23:52:55.517458+00:00,435179.567209612,35.4,76.3,59.8,58.0,1824000,"{""clock_mhz"":""231"",""max_gpuclk"":""680000000"",""thermal_pwrlevel"":""6"",""gpu_busy_percentage"":""1 %"",""gpubusy"":""15209 1013927"",""temp"":""60200"",""reset_count"":""356194""}",5045.91796875,,"5:freezer:/
4:cpuset:/top-app
3:cpuacct:/top-app
2:cpu:/top-app
1:blkio:/top
0::/apps/uid_10247/pid_11813"
sustained-fixed-context-15min-cold-r1-v1-cpu,qwen2.5-coder-1.5b,sustained-matched-cold,sustained,api-20261003T210139Z-UNPLUGGED,"[""CPU availability or Android cgroup changed during measurement"",""Benchmark process Android cgroup changed during measurement"",""Benchmark process lost required cores despite process-level affinity"",""Run failed, was aborted, or did not parse""]",False,False,-15,Android benchmark cgroup changed during measurement; invalid controlled comparison,2026-10-03T23:52:56.623996+00:00,435180.67376482,35.4,77.1,59.4,57.6,1824000,"{""clock_mhz"":""231"",""max_gpuclk"":""680000000"",""thermal_pwrlevel"":""6"",""gpu_busy_percentage"":""1 %"",""gpubusy"":""14703 1001745"",""temp"":""59800"",""reset_count"":""356194""}",5045.91796875,,"5:freezer:/
4:cpuset:/top-app
3:cpuacct:/top-app
2:cpu:/top-app
1:blkio:/top
0::/apps/uid_10247/pid_11813"
sustained-fixed-context-15min-cold-r1-v1-cpu,qwen2.5-coder-1.5b,sustained-matched-cold,sustained,api-20261003T210139Z-UNPLUGGED,"[""CPU availability or Android cgroup changed during measurement"",""Benchmark process Android cgroup changed during measurement"",""Benchmark process lost required cores despite process-level affinity"",""Run failed, was aborted, or did not parse""]",False,False,-15,Android benchmark cgroup changed during measurement; invalid controlled comparison,2026-10-03T23:52:57.746527+00:00,435181.796275289,35.4,73.6,60.2,59.6,1593600,"{""clock_mhz"":""231"",""max_gpuclk"":""366000000"",""thermal_pwrlevel"":""11"",""gpu_busy_percentage"":""1 %"",""gpubusy"":""14590 1030478"",""temp"":""60200"",""reset_count"":""356194""}",5043.703125,,"5:freezer:/
4:cpuset:/top-app
3:cpuacct:/top-app
2:cpu:/top-app
1:blkio:/top
0::/apps/uid_10247/pid_11813"
sustained-fixed-context-15min-cold-r1-v1-cpu,qwen2.5-coder-1.5b,sustained-matched-cold,sustained,api-20261003T210139Z-UNPLUGGED,"[""CPU availability or Android cgroup changed during measurement"",""Benchmark process Android cgroup changed during measurement"",""Benchmark process lost required cores despite process-level affinity"",""Run failed, was aborted, or did not parse""]",False,False,-15,Android benchmark cgroup changed during measurement; invalid controlled comparison,2026-10-03T23:52:58.864910+00:00,435182.914695601,35.4,73.2,60.6,59.6,1593600,"{""clock_mhz"":""231"",""max_gpuclk"":""366000000"",""thermal_pwrlevel"":""11"",""gpu_busy_percentage"":""1 %"",""gpubusy"":""14059 1006551"",""temp"":""60600"",""reset_count"":""356194""}",5043.3125,,"5:freezer:/
4:cpuset:/top-app
3:cpuacct:/top-app
2:cpu:/top-app
1:blkio:/top
0::/apps/uid_10247/pid_11813"
sustained-fixed-context-15min-cold-r1-v1-cpu,qwen2.5-coder-1.5b,sustained-matched-cold,sustained,api-20261003T210139Z-UNPLUGGED,"[""CPU availability or Android cgroup changed during measurement"",""Benchmark process Android cgroup changed during measurement"",""Benchmark process lost required cores despite process-level affinity"",""Run failed, was aborted, or did not parse""]",False,False,-15,Android benchmark cgroup changed during measurement; invalid controlled comparison,2026-10-03T23:52:59.993246+00:00,435184.043002059,35.4,73.6,61.0,60.3,1593600,"{""clock_mhz"":""231"",""max_gpuclk"":""366000000"",""thermal_pwrlevel"":""11"",""gpu_busy_percentage"":""1 %"",""gpubusy"":""12665 1017892"",""temp"":""60200"",""reset_count"":""356194""}",5038.3828125,,"5:freezer:/
4:cpuset:/top-app
3:cpuacct:/top-app
2:cpu:/top-app
1:blkio:/top
0::/apps/uid_10247/pid_11813"
sustained-fixed-context-15min-cold-r1-v1-cpu,qwen2.5-coder-1.5b,sustained-matched-cold,sustained,api-20261003T210139Z-UNPLUGGED,"[""CPU availability or Android cgroup changed during measurement"",""Benchmark process Android cgroup changed during measurement"",""Benchmark process lost required cores despite process-level affinity"",""Run failed, was aborted, or did not parse""]",False,False,-15,Android benchmark cgroup changed during measurement; invalid controlled comparison,2026-10-03T23:53:01.117518+00:00,435185.167304298,35.4,74.4,60.6,60.7,1593600,"{""clock_mhz"":""231"",""max_gpuclk"":""366000000"",""thermal_pwrlevel"":""11"",""gpu_busy_percentage"":""1 %"",""gpubusy"":""12486 1021854"",""temp"":""61000"",""reset_count"":""356194""}",5020.3046875,,"5:freezer:/
4:cpuset:/top-app
3:cpuacct:/top-app
2:cpu:/top-app
1:blkio:/top
0::/apps/uid_10247/pid_11813"
sustained-fixed-context-15min-cold-r1-v1-cpu,qwen2.5-coder-1.5b,sustained-matched-cold,sustained,api-20261003T210139Z-UNPLUGGED,"[""CPU availability or Android cgroup changed during measurement"",""Benchmark process Android cgroup changed during measurement"",""Benchmark process lost required cores despite process-level affinity"",""Run failed, was aborted, or did not parse""]",False,False,-15,Android benchmark cgroup changed during measurement; invalid controlled comparison,2026-10-03T23:53:02.253861+00:00,435186.303622162,35.4,74.4,61.0,60.7,1593600,"{""clock_mhz"":""231"",""max_gpuclk"":""366000000"",""thermal_pwrlevel"":""11"",""gpu_busy_percentage"":""0 %"",""gpubusy"":""9998 1031938"",""temp"":""61000"",""reset_count"":""356194""}",5031.05859375,,"5:freezer:/
4:cpuset:/top-app
3:cpuacct:/top-app
2:cpu:/top-app
1:blkio:/top
0::/apps/uid_10247/pid_11813"
sustained-fixed-context-15min-cold-r1-v1-cpu,qwen2.5-coder-1.5b,sustained-matched-cold,sustained,api-20261003T210139Z-UNPLUGGED,"[""CPU availability or Android cgroup changed during measurement"",""Benchmark process Android cgroup changed during measurement"",""Benchmark process lost required cores despite process-level affinity"",""Run failed, was aborted, or did not parse""]",False,False,-15,Android benchmark cgroup changed during measurement; invalid controlled comparison,2026-10-03T23:53:03.349754+00:00,435187.399527734,35.4,74.0,60.2,59.6,1593600,"{""clock_mhz"":""231"",""max_gpuclk"":""366000000"",""thermal_pwrlevel"":""11"",""gpu_busy_percentage"":""1 %"",""gpubusy"":""12774 1009768"",""temp"":""60600"",""reset_count"":""356194""}",5029.83984375,,"5:freezer:/
4:cpuset:/top-app
3:cpuacct:/top-app
2:cpu:/top-app
1:blkio:/top
0::/apps/uid_10247/pid_11813"
sustained-fixed-context-15min-cold-r1-v1-cpu,qwen2.5-coder-1.5b,sustained-matched-cold,sustained,api-20261003T210139Z-UNPLUGGED,"[""CPU availability or Android cgroup changed during measurement"",""Benchmark process Android cgroup changed during measurement"",""Benchmark process lost required cores despite process-level affinity"",""Run failed, was aborted, or did not parse""]",False,False,-15,Android benchmark cgroup changed during measurement; invalid controlled comparison,2026-10-03T23:53:04.478327+00:00,435188.528155494,35.4,73.6,59.4,58.4,1593600,"{""clock_mhz"":""231"",""max_gpuclk"":""366000000"",""thermal_pwrlevel"":""11"",""gpu_busy_percentage"":""1 %"",""gpubusy"":""14855 1029322"",""temp"":""59400"",""reset_count"":""356194""}",5029.83984375,,"5:freezer:/
4:cpuset:/top-app
3:cpuacct:/top-app
2:cpu:/top-app
1:blkio:/top
0::/apps/uid_10247/pid_11813"
sustained-fixed-context-15min-cold-r1-v1-cpu,qwen2.5-coder-1.5b,sustained-matched-cold,sustained,api-20261003T210139Z-UNPLUGGED,"[""CPU availability or Android cgroup changed during measurement"",""Benchmark process Android cgroup changed during measurement"",""Benchmark process lost required cores despite process-level affinity"",""Run failed, was aborted, or did not parse""]",False,False,-15,Android benchmark cgroup changed during measurement; invalid controlled comparison,2026-10-03T23:53:05.579394+00:00,435189.629146275,35.4,72.8,59.0,57.2,1593600,"{""clock_mhz"":""231"",""max_gpuclk"":""366000000"",""thermal_pwrlevel"":""11"",""gpu_busy_percentage"":""1 %"",""gpubusy"":""13631 1019883"",""temp"":""59000"",""reset_count"":""356194""}",5029.7890625,,"5:freezer:/
4:cpuset:/top-app
3:cpuacct:/top-app
2:cpu:/top-app
1:blkio:/top
0::/apps/uid_10247/pid_11813"
sustained-fixed-context-15min-cold-r1-v1-cpu,qwen2.5-coder-1.5b,sustained-matched-cold,sustained,api-20261003T210139Z-UNPLUGGED,"[""CPU availability or Android cgroup changed during measurement"",""Benchmark process Android cgroup changed during measurement"",""Benchmark process lost required cores despite process-level affinity"",""Run failed, was aborted, or did not parse""]",False,False,-15,Android benchmark cgroup changed during measurement; invalid controlled comparison,2026-10-03T23:53:06.668979+00:00,435190.718727368,35.4,70.9,58.6,56.8,1593600,"{""clock_mhz"":""231"",""max_gpuclk"":""366000000"",""thermal_pwrlevel"":""11"",""gpu_busy_percentage"":""1 %"",""gpubusy"":""12880 1011697"",""temp"":""58600"",""reset_count"":""356194""}",5029.56640625,,"5:freezer:/
4:cpuset:/top-app
3:cpuacct:/top-app
2:cpu:/top-app
1:blkio:/top
0::/apps/uid_10247/pid_11813"
sustained-fixed-context-15min-cold-r1-v1-cpu,qwen2.5-coder-1.5b,sustained-matched-cold,sustained,api-20261003T210139Z-UNPLUGGED,"[""CPU availability or Android cgroup changed during measurement"",""Benchmark process Android cgroup changed during measurement"",""Benchmark process lost required cores despite process-level affinity"",""Run failed, was aborted, or did not parse""]",False,False,-15,Android benchmark cgroup changed during measurement; invalid controlled comparison,2026-10-03T23:53:07.764317+00:00,435191.814094764,35.4,72.0,58.2,56.8,1593600,"{""clock_mhz"":""231"",""max_gpuclk"":""366000000"",""thermal_pwrlevel"":""11"",""gpu_busy_percentage"":""1 %"",""gpubusy"":""13936 1002722"",""temp"":""57800"",""reset_count"":""356194""}",5028.33984375,,"5:freezer:/
4:cpuset:/top-app
3:cpuacct:/top-app
2:cpu:/top-app
1:blkio:/top
0::/apps/uid_10247/pid_11813"
sustained-fixed-context-15min-cold-r1-v1-cpu,qwen2.5-coder-1.5b,sustained-matched-cold,sustained,api-20261003T210139Z-UNPLUGGED,"[""CPU availability or Android cgroup changed during measurement"",""Benchmark process Android cgroup changed during measurement"",""Benchmark process lost required cores despite process-level affinity"",""Run failed, was aborted, or did not parse""]",False,False,-15,Android benchmark cgroup changed during measurement; invalid controlled comparison,2026-10-03T23:53:08.890299+00:00,435192.94008492,36.7,70.5,58.2,56.1,1593600,"{""clock_mhz"":""231"",""max_gpuclk"":""366000000"",""thermal_pwrlevel"":""11"",""gpu_busy_percentage"":""1 %"",""gpubusy"":""14690 1016988"",""temp"":""57800"",""reset_count"":""356194""}",5027.10546875,,"5:freezer:/
4:cpuset:/top-app
3:cpuacct:/top-app
2:cpu:/top-app
1:blkio:/top
0::/apps/uid_10247/pid_11813"
sustained-fixed-context-15min-cold-r1-v1-cpu,qwen2.5-coder-1.5b,sustained-matched-cold,sustained,api-20261003T210139Z-UNPLUGGED,"[""CPU availability or Android cgroup changed during measurement"",""Benchmark process Android cgroup changed during measurement"",""Benchmark process lost required cores despite process-level affinity"",""Run failed, was aborted, or did not parse""]",False,False,-15,Android benchmark cgroup changed during measurement; invalid controlled comparison,2026-10-03T23:53:09.985023+00:00,435194.034774346,36.7,70.9,59.0,58.8,1593600,"{""clock_mhz"":""231"",""max_gpuclk"":""366000000"",""thermal_pwrlevel"":""11"",""gpu_busy_percentage"":""1 %"",""gpubusy"":""14045 1020452"",""temp"":""59000"",""reset_count"":""356194""}",5025.6484375,,"5:freezer:/
4:cpuset:/top-app
3:cpuacct:/top-app
2:cpu:/top-app
1:blkio:/top
0::/apps/uid_10247/pid_11813"
sustained-fixed-context-15min-cold-r1-v1-cpu,qwen2.5-coder-1.5b,sustained-matched-cold,sustained,api-20261003T210139Z-UNPLUGGED,"[""CPU availability or Android cgroup changed during measurement"",""Benchmark process Android cgroup changed during measurement"",""Benchmark process lost required cores despite process-level affinity"",""Run failed, was aborted, or did not parse""]",False,False,-15,Android benchmark cgroup changed during measurement; invalid controlled comparison,2026-10-03T23:53:11.156201+00:00,435195.206049658,36.7,71.6,59.8,59.6,1593600,"{""clock_mhz"":""231"",""max_gpuclk"":""366000000"",""thermal_pwrlevel"":""11"",""gpu_busy_percentage"":""1 %"",""gpubusy"":""15360 1046805"",""temp"":""59400"",""reset_count"":""356194""}",5025.3828125,,"5:freezer:/
4:cpuset:/top-app
3:cpuacct:/top-app
2:cpu:/top-app
1:blkio:/top
0::/apps/uid_10247/pid_11813"
sustained-fixed-context-15min-cold-r1-v1-cpu,qwen2.5-coder-1.5b,sustained-matched-cold,sustained,api-20261003T210139Z-UNPLUGGED,"[""CPU availability or Android cgroup changed during measurement"",""Benchmark process Android cgroup changed during measurement"",""Benchmark process lost required cores despite process-level affinity"",""Run failed, was aborted, or did not parse""]",False,False,-15,Android benchmark cgroup changed during measurement; invalid controlled comparison,2026-10-03T23:53:12.258841+00:00,435196.310431116,36.7,72.8,60.2,60.0,1593600,"{""clock_mhz"":""231"",""max_gpuclk"":""366000000"",""thermal_pwrlevel"":""11"",""gpu_busy_percentage"":""1 %"",""gpubusy"":""12582 1007061"",""temp"":""59800"",""reset_count"":""356194""}",5024.890625,,"5:freezer:/
4:cpuset:/top-app
3:cpuacct:/top-app
2:cpu:/top-app
1:blkio:/top
0::/apps/uid_10247/pid_11813"
sustained-fixed-context-15min-cold-r1-v1-cpu,qwen2.5-coder-1.5b,sustained-matched-cold,sustained,api-20261003T210139Z-UNPLUGGED,"[""CPU availability or Android cgroup changed during measurement"",""Benchmark process Android cgroup changed during measurement"",""Benchmark process lost required cores despite process-level affinity"",""Run failed, was aborted, or did not parse""]",False,False,-15,Android benchmark cgroup changed during measurement; invalid controlled comparison,2026-10-03T23:53:13.391250+00:00,435197.441046637,36.7,73.6,60.6,60.7,1593600,"{""clock_mhz"":""231"",""max_gpuclk"":""366000000"",""thermal_pwrlevel"":""11"",""gpu_busy_percentage"":""1 %"",""gpubusy"":""13486 1030674"",""temp"":""60600"",""reset_count"":""356194""}",5024.15234375,,"5:freezer:/
4:cpuset:/top-app
3:cpuacct:/top-app
2:cpu:/top-app
1:blkio:/top
0::/apps/uid_10247/pid_11813"
sustained-fixed-context-15min-cold-r1-v1-cpu,qwen2.5-coder-1.5b,sustained-matched-cold,sustained,api-20261003T210139Z-UNPLUGGED,"[""CPU availability or Android cgroup changed during measurement"",""Benchmark process Android cgroup changed during measurement"",""Benchmark process lost required cores despite process-level affinity"",""Run failed, was aborted, or did not parse""]",False,False,-15,Android benchmark cgroup changed during measurement; invalid controlled comparison,2026-10-03T23:53:14.510541+00:00,435198.560299449,36.7,74.8,61.0,60.7,1593600,"{""clock_mhz"":""231"",""max_gpuclk"":""366000000"",""thermal_pwrlevel"":""11"",""gpu_busy_percentage"":""1 %"",""gpubusy"":""13489 1020095"",""temp"":""60600"",""reset_count"":""356194""}",5023.66015625,,"5:freezer:/
4:cpuset:/top-app
3:cpuacct:/top-app
2:cpu:/top-app
1:blkio:/top
0::/apps/uid_10247/pid_11813"
sustained-fixed-context-15min-cold-r1-v1-cpu,qwen2.5-coder-1.5b,sustained-matched-cold,sustained,api-20261003T210139Z-UNPLUGGED,"[""CPU availability or Android cgroup changed during measurement"",""Benchmark process Android cgroup changed during measurement"",""Benchmark process lost required cores despite process-level affinity"",""Run failed, was aborted, or did not parse""]",False,False,-15,Android benchmark cgroup changed during measurement; invalid controlled comparison,2026-10-03T23:53:15.617710+00:00,435199.667466219,36.7,73.6,59.8,59.2,1593600,"{""clock_mhz"":""231"",""max_gpuclk"":""366000000"",""thermal_pwrlevel"":""11"",""gpu_busy_percentage"":""1 %"",""gpubusy"":""12460 1004125"",""temp"":""60200"",""reset_count"":""356194""}",5022.98046875,,"5:freezer:/
4:cpuset:/top-app
3:cpuacct:/top-app
2:cpu:/top-app
1:blkio:/top
0::/apps/uid_10247/pid_11813"
sustained-fixed-context-15min-cold-r1-v1-cpu,qwen2.5-coder-1.5b,sustained-matched-cold,sustained,api-20261003T210139Z-UNPLUGGED,"[""CPU availability or Android cgroup changed during measurement"",""Benchmark process Android cgroup changed during measurement"",""Benchmark process lost required cores despite process-level affinity"",""Run failed, was aborted, or did not parse""]",False,False,-15,Android benchmark cgroup changed during measurement; invalid controlled comparison,2026-10-03T23:53:16.715952+00:00,435200.765705229,36.7,73.6,59.4,58.0,1593600,"{""clock_mhz"":""231"",""max_gpuclk"":""366000000"",""thermal_pwrlevel"":""11"",""gpu_busy_percentage"":""1 %"",""gpubusy"":""14763 1015297"",""temp"":""59400"",""reset_count"":""356194""}",5020.7734375,,"5:freezer:/
4:cpuset:/top-app
3:cpuacct:/top-app
2:cpu:/top-app
1:blkio:/top
0::/apps/uid_10247/pid_11813"
sustained-fixed-context-15min-cold-r1-v1-cpu,qwen2.5-coder-1.5b,sustained-matched-cold,sustained,api-20261003T210139Z-UNPLUGGED,"[""CPU availability or Android cgroup changed during measurement"",""Benchmark process Android cgroup changed during measurement"",""Benchmark process lost required cores despite process-level affinity"",""Run failed, was aborted, or did not parse""]",False,False,-15,Android benchmark cgroup changed during measurement; invalid controlled comparison,2026-10-03T23:53:17.804983+00:00,435201.854733041,36.7,73.2,59.0,57.6,1593600,"{""clock_mhz"":""231"",""max_gpuclk"":""366000000"",""thermal_pwrlevel"":""11"",""gpu_busy_percentage"":""1 %"",""gpubusy"":""14761 1020412"",""temp"":""59000"",""reset_count"":""356194""}",5020.52734375,,"5:freezer:/
4:cpuset:/top-app
3:cpuacct:/top-app
2:cpu:/top-app
1:blkio:/top
0::/apps/uid_10247/pid_11813"
sustained-fixed-context-15min-cold-r1-v1-cpu,qwen2.5-coder-1.5b,sustained-matched-cold,sustained,api-20261003T210139Z-UNPLUGGED,"[""CPU availability or Android cgroup changed during measurement"",""Benchmark process Android cgroup changed during measurement"",""Benchmark process lost required cores despite process-level affinity"",""Run failed, was aborted, or did not parse""]",False,False,-15,Android benchmark cgroup changed during measurement; invalid controlled comparison,2026-10-03T23:53:18.897237+00:00,435202.94700528,36.7,72.4,58.6,57.6,1593600,"{""clock_mhz"":""231"",""max_gpuclk"":""366000000"",""thermal_pwrlevel"":""11"",""gpu_busy_percentage"":""1 %"",""gpubusy"":""12333 1005750"",""temp"":""58600"",""reset_count"":""356194""}",5019.54296875,,"5:freezer:/
4:cpuset:/top-app
3:cpuacct:/top-app
2:cpu:/top-app
1:blkio:/top
0::/apps/uid_10247/pid_11813"
sustained-fixed-context-15min-cold-r1-v1-cpu,qwen2.5-coder-1.5b,sustained-matched-cold,sustained,api-20261003T210139Z-UNPLUGGED,"[""CPU availability or Android cgroup changed during measurement"",""Benchmark process Android cgroup changed during measurement"",""Benchmark process lost required cores despite process-level affinity"",""Run failed, was aborted, or did not parse""]",False,False,-15,Android benchmark cgroup changed during measurement; invalid controlled comparison,2026-10-03T23:53:19.993962+00:00,435204.043715749,36.7,71.6,58.6,56.8,1593600,"{""clock_mhz"":""231"",""max_gpuclk"":""366000000"",""thermal_pwrlevel"":""11"",""gpu_busy_percentage"":""1 %"",""gpubusy"":""13220 1024703"",""temp"":""58600"",""reset_count"":""356194""}",5019.55078125,,"5:freezer:/
4:cpuset:/top-app
3:cpuacct:/top-app
2:cpu:/top-app
1:blkio:/top
0::/apps/uid_10247/pid_11813"
sustained-fixed-context-15min-cold-r1-v1-cpu,qwen2.5-coder-1.5b,sustained-matched-cold,sustained,api-20261003T210139Z-UNPLUGGED,"[""CPU availability or Android cgroup changed during measurement"",""Benchmark process Android cgroup changed during measurement"",""Benchmark process lost required cores despite process-level affinity"",""Run failed, was aborted, or did not parse""]",False,False,-15,Android benchmark cgroup changed during measurement; invalid controlled comparison,2026-10-03T23:53:21.128011+00:00,435205.177774603,36.7,70.9,58.6,56.4,1593600,"{""clock_mhz"":""231"",""max_gpuclk"":""366000000"",""thermal_pwrlevel"":""11"",""gpu_busy_percentage"":""1 %"",""gpubusy"":""13920 1000425"",""temp"":""58200"",""reset_count"":""356194""}",5017.328125,,"5:freezer:/
4:cpuset:/top-app
3:cpuacct:/top-app
2:cpu:/top-app
1:blkio:/top
0::/apps/uid_10247/pid_11813"
sustained-fixed-context-15min-cold-r1-v1-cpu,qwen2.5-coder-1.5b,sustained-matched-cold,sustained,api-20261003T210139Z-UNPLUGGED,"[""CPU availability or Android cgroup changed during measurement"",""Benchmark process Android cgroup changed during measurement"",""Benchmark process lost required cores despite process-level affinity"",""Run failed, was aborted, or did not parse""]",False,False,-15,Android benchmark cgroup changed during measurement; invalid controlled comparison,2026-10-03T23:53:22.218428+00:00,435206.268189238,36.7,72.0,59.4,59.2,1593600,"{""clock_mhz"":""231"",""max_gpuclk"":""366000000"",""thermal_pwrlevel"":""11"",""gpu_busy_percentage"":""1 %"",""gpubusy"":""11416 1028906"",""temp"":""59000"",""reset_count"":""356194""}",5023.3046875,,"5:freezer:/
4:cpuset:/top-app
3:cpuacct:/top-app
2:cpu:/top-app
1:blkio:/top
0::/apps/uid_10247/pid_11813"
sustained-fixed-context-15min-cold-r1-v1-cpu,qwen2.5-coder-1.5b,sustained-matched-cold,sustained,api-20261003T210139Z-UNPLUGGED,"[""CPU availability or Android cgroup changed during measurement"",""Benchmark process Android cgroup changed during measurement"",""Benchmark process lost required cores despite process-level affinity"",""Run failed, was aborted, or did not parse""]",False,False,-15,Android benchmark cgroup changed during measurement; invalid controlled comparison,2026-10-03T23:53:23.319984+00:00,435207.369849289,36.7,72.8,60.2,60.0,1593600,"{""clock_mhz"":""231"",""max_gpuclk"":""366000000"",""thermal_pwrlevel"":""11"",""gpu_busy_percentage"":""1 %"",""gpubusy"":""14199 1023541"",""temp"":""60600"",""reset_count"":""356194""}",5021.90234375,,"5:freezer:/
4:cpuset:/top-app
3:cpuacct:/top-app
2:cpu:/top-app
1:blkio:/top
0::/apps/uid_10247/pid_11813"
sustained-fixed-context-15min-cold-r1-v1-cpu,qwen2.5-coder-1.5b,sustained-matched-cold,sustained,api-20261003T210139Z-UNPLUGGED,"[""CPU availability or Android cgroup changed during measurement"",""Benchmark process Android cgroup changed during measurement"",""Benchmark process lost required cores despite process-level affinity"",""Run failed, was aborted, or did not parse""]",False,False,-15,Android benchmark cgroup changed during measurement; invalid controlled comparison,2026-10-03T23:53:24.418222+00:00,435208.468278768,36.7,73.2,61.0,60.7,1593600,"{""clock_mhz"":""231"",""max_gpuclk"":""366000000"",""thermal_pwrlevel"":""11"",""gpu_busy_percentage"":""1 %"",""gpubusy"":""13687 1023549"",""temp"":""60600"",""reset_count"":""356194""}",5020.42578125,,"5:freezer:/
4:cpuset:/top-app
3:cpuacct:/top-app
2:cpu:/top-app
1:blkio:/top
0::/apps/uid_10247/pid_11813"
sustained-fixed-context-15min-cold-r1-v1-cpu,qwen2.5-coder-1.5b,sustained-matched-cold,sustained,api-20261003T210139Z-UNPLUGGED,"[""CPU availability or Android cgroup changed during measurement"",""Benchmark process Android cgroup changed during measurement"",""Benchmark process lost required cores despite process-level affinity"",""Run failed, was aborted, or did not parse""]",False,False,-15,Android benchmark cgroup changed during measurement; invalid controlled comparison,2026-10-03T23:53:25.535290+00:00,435209.585038195,36.7,74.4,61.4,61.1,1593600,"{""clock_mhz"":""231"",""max_gpuclk"":""366000000"",""thermal_pwrlevel"":""11"",""gpu_busy_percentage"":""1 %"",""gpubusy"":""12987 1011882"",""temp"":""61000"",""reset_count"":""356194""}",5002.74609375,,"5:freezer:/
4:cpuset:/top-app
3:cpuacct:/top-app
2:cpu:/top-app
1:blkio:/top
0::/apps/uid_10247/pid_11813"
sustained-fixed-context-15min-cold-r1-v1-cpu,qwen2.5-coder-1.5b,sustained-matched-cold,sustained,api-20261003T210139Z-UNPLUGGED,"[""CPU availability or Android cgroup changed during measurement"",""Benchmark process Android cgroup changed during measurement"",""Benchmark process lost required cores despite process-level affinity"",""Run failed, was aborted, or did not parse""]",False,False,-15,Android benchmark cgroup changed during measurement; invalid controlled comparison,2026-10-03T23:53:26.629555+00:00,435210.67930684,36.7,74.4,61.4,61.5,1593600,"{""clock_mhz"":""231"",""max_gpuclk"":""366000000"",""thermal_pwrlevel"":""11"",""gpu_busy_percentage"":""1 %"",""gpubusy"":""12003 1022983"",""temp"":""61400"",""reset_count"":""356194""}",5047.0625,,"5:freezer:/
4:cpuset:/top-app
3:cpuacct:/top-app
2:cpu:/top-app
1:blkio:/top
0::/apps/uid_10247/pid_11813"
sustained-fixed-context-15min-cold-r1-v1-cpu,qwen2.5-coder-1.5b,sustained-matched-cold,sustained,api-20261003T210139Z-UNPLUGGED,"[""CPU availability or Android cgroup changed during measurement"",""Benchmark process Android cgroup changed during measurement"",""Benchmark process lost required cores despite process-level affinity"",""Run failed, was aborted, or did not parse""]",False,False,-15,Android benchmark cgroup changed during measurement; invalid controlled comparison,2026-10-03T23:53:27.740122+00:00,435211.789871892,36.7,74.4,60.6,59.6,1593600,"{""clock_mhz"":""231"",""max_gpuclk"":""366000000"",""thermal_pwrlevel"":""11"",""gpu_busy_percentage"":""1 %"",""gpubusy"":""12659 1008384"",""temp"":""60600"",""reset_count"":""356194""}",5042.921875,,"5:freezer:/
4:cpuset:/top-app
3:cpuacct:/top-app
2:cpu:/top-app
1:blkio:/top
0::/apps/uid_10247/pid_11813"
sustained-fixed-context-15min-cold-r1-v1-cpu,qwen2.5-coder-1.5b,sustained-matched-cold,sustained,api-20261003T210139Z-UNPLUGGED,"[""CPU availability or Android cgroup changed during measurement"",""Benchmark process Android cgroup changed during measurement"",""Benchmark process lost required cores despite process-level affinity"",""Run failed, was aborted, or did not parse""]",False,False,-15,Android benchmark cgroup changed during measurement; invalid controlled comparison,2026-10-03T23:53:28.844800+00:00,435212.894552412,36.7,73.6,59.8,58.4,1593600,"{""clock_mhz"":""231"",""max_gpuclk"":""366000000"",""thermal_pwrlevel"":""11"",""gpu_busy_percentage"":""1 %"",""gpubusy"":""14548 1022271"",""temp"":""59800"",""reset_count"":""356194""}",5042.4296875,,"5:freezer:/
4:cpuset:/top-app
3:cpuacct:/top-app
2:cpu:/top-app
1:blkio:/top
0::/apps/uid_10247/pid_11813"
sustained-fixed-context-15min-cold-r1-v1-cpu,qwen2.5-coder-1.5b,sustained-matched-cold,sustained,api-20261003T210139Z-UNPLUGGED,"[""CPU availability or Android cgroup changed during measurement"",""Benchmark process Android cgroup changed during measurement"",""Benchmark process lost required cores despite process-level affinity"",""Run failed, was aborted, or did not parse""]",False,False,-15,Android benchmark cgroup changed during measurement; invalid controlled comparison,2026-10-03T23:53:29.965616+00:00,435214.015386683,36.7,73.6,59.4,58.4,1593600,"{""clock_mhz"":""231"",""max_gpuclk"":""366000000"",""thermal_pwrlevel"":""11"",""gpu_busy_percentage"":""1 %"",""gpubusy"":""13169 1011617"",""temp"":""59800"",""reset_count"":""356194""}",5039.96875,,"5:freezer:/
4:cpuset:/top-app
3:cpuacct:/top-app
2:cpu:/top-app
1:blkio:/top
0::/apps/uid_10247/pid_11813"
sustained-fixed-context-15min-cold-r1-v1-cpu,qwen2.5-coder-1.5b,sustained-matched-cold,sustained,api-20261003T210139Z-UNPLUGGED,"[""CPU availability or Android cgroup changed during measurement"",""Benchmark process Android cgroup changed during measurement"",""Benchmark process lost required cores despite process-level affinity"",""Run failed, was aborted, or did not parse""]",False,False,-15,Android benchmark cgroup changed during measurement; invalid controlled comparison,2026-10-03T23:53:31.069027+00:00,435215.118793401,36.7,73.2,59.0,58.0,1593600,"{""clock_mhz"":""231"",""max_gpuclk"":""366000000"",""thermal_pwrlevel"":""11"",""gpu_busy_percentage"":""1 %"",""gpubusy"":""13529 1001292"",""temp"":""59000"",""reset_count"":""356194""}",5039.36328125,,"5:freezer:/
4:cpuset:/top-app
3:cpuacct:/top-app
2:cpu:/top-app
1:blkio:/top
0::/apps/uid_10247/pid_11813"
sustained-fixed-context-15min-cold-r1-v1-cpu,qwen2.5-coder-1.5b,sustained-matched-cold,sustained,api-20261003T210139Z-UNPLUGGED,"[""CPU availability or Android cgroup changed during measurement"",""Benchmark process Android cgroup changed during measurement"",""Benchmark process lost required cores despite process-level affinity"",""Run failed, was aborted, or did not parse""]",False,False,-15,Android benchmark cgroup changed during measurement; invalid controlled comparison,2026-10-03T23:53:32.165744+00:00,435216.21549465,36.7,72.4,59.0,57.2,1593600,"{""clock_mhz"":""231"",""max_gpuclk"":""366000000"",""thermal_pwrlevel"":""11"",""gpu_busy_percentage"":""1 %"",""gpubusy"":""13560 1003473"",""temp"":""59000"",""reset_count"":""356194""}",5038.87109375,,"5:freezer:/
4:cpuset:/top-app
3:cpuacct:/top-app
2:cpu:/top-app
1:blkio:/top
0::/apps/uid_10247/pid_11813"
sustained-fixed-context-15min-cold-r1-v1-cpu,qwen2.5-coder-1.5b,sustained-matched-cold,sustained,api-20261003T210139Z-UNPLUGGED,"[""CPU availability or Android cgroup changed during measurement"",""Benchmark process Android cgroup changed during measurement"",""Benchmark process lost required cores despite process-level affinity"",""Run failed, was aborted, or did not parse""]",False,False,-15,Android benchmark cgroup changed during measurement; invalid controlled comparison,2026-10-03T23:53:33.265745+00:00,435217.315492619,36.7,70.5,59.0,58.0,1593600,"{""clock_mhz"":""231"",""max_gpuclk"":""366000000"",""thermal_pwrlevel"":""11"",""gpu_busy_percentage"":""1 %"",""gpubusy"":""14044 1026845"",""temp"":""59000"",""reset_count"":""356194""}",5038.87109375,,"5:freezer:/
4:cpuset:/top-app
3:cpuacct:/top-app
2:cpu:/top-app
1:blkio:/top
0::/apps/uid_10247/pid_11813"
sustained-fixed-context-15min-cold-r1-v1-cpu,qwen2.5-coder-1.5b,sustained-matched-cold,sustained,api-20261003T210139Z-UNPLUGGED,"[""CPU availability or Android cgroup changed during measurement"",""Benchmark process Android cgroup changed during measurement"",""Benchmark process lost required cores despite process-level affinity"",""Run failed, was aborted, or did not parse""]",False,False,-15,Android benchmark cgroup changed during measurement; invalid controlled comparison,2026-10-03T23:53:34.368553+00:00,435218.41831465,36.7,73.2,60.2,59.6,1593600,"{""clock_mhz"":""231"",""max_gpuclk"":""366000000"",""thermal_pwrlevel"":""11"",""gpu_busy_percentage"":""1 %"",""gpubusy"":""13167 1013441"",""temp"":""60200"",""reset_count"":""356194""}",5037.88671875,,"5:freezer:/
4:cpuset:/top-app
3:cpuacct:/top-app
2:cpu:/top-app
1:blkio:/top
0::/apps/uid_10247/pid_11813"
sustained-fixed-context-15min-cold-r1-v1-cpu,qwen2.5-coder-1.5b,sustained-matched-cold,sustained,api-20261003T210139Z-UNPLUGGED,"[""CPU availability or Android cgroup changed during measurement"",""Benchmark process Android cgroup changed during measurement"",""Benchmark process lost required cores despite process-level affinity"",""Run failed, was aborted, or did not parse""]",False,False,-15,Android benchmark cgroup changed during measurement; invalid controlled comparison,2026-10-03T23:53:35.484239+00:00,435219.53401418,36.7,73.6,60.6,60.7,1593600,"{""clock_mhz"":""231"",""max_gpuclk"":""366000000"",""thermal_pwrlevel"":""11"",""gpu_busy_percentage"":""1 %"",""gpubusy"":""13644 1026133"",""temp"":""61400"",""reset_count"":""356194""}",5037.22265625,,"5:freezer:/
4:cpuset:/top-app
3:cpuacct:/top-app
2:cpu:/top-app
1:blkio:/top
0::/apps/uid_10247/pid_11813"
sustained-fixed-context-15min-cold-r1-v1-cpu,qwen2.5-coder-1.5b,sustained-matched-cold,sustained,api-20261003T210139Z-UNPLUGGED,"[""CPU availability or Android cgroup changed during measurement"",""Benchmark process Android cgroup changed during measurement"",""Benchmark process lost required cores despite process-level affinity"",""Run failed, was aborted, or did not parse""]",False,False,-15,Android benchmark cgroup changed during measurement; invalid controlled comparison,2026-10-03T23:53:36.586001+00:00,435220.635863347,36.7,73.6,61.4,61.1,1593600,"{""clock_mhz"":""231"",""max_gpuclk"":""366000000"",""thermal_pwrlevel"":""11"",""gpu_busy_percentage"":""1 %"",""gpubusy"":""13905 1017845"",""temp"":""61400"",""reset_count"":""356194""}",5035.9921875,,"5:freezer:/
4:cpuset:/top-app
3:cpuacct:/top-app
2:cpu:/top-app
1:blkio:/top
0::/apps/uid_10247/pid_11813"
sustained-fixed-context-15min-cold-r1-v1-cpu,qwen2.5-coder-1.5b,sustained-matched-cold,sustained,api-20261003T210139Z-UNPLUGGED,"[""CPU availability or Android cgroup changed during measurement"",""Benchmark process Android cgroup changed during measurement"",""Benchmark process lost required cores despite process-level affinity"",""Run failed, was aborted, or did not parse""]",False,False,-15,Android benchmark cgroup changed during measurement; invalid controlled comparison,2026-10-03T23:53:37.714852+00:00,435221.764619336,36.7,75.2,61.4,61.5,1593600,"{""clock_mhz"":""231"",""max_gpuclk"":""366000000"",""thermal_pwrlevel"":""11"",""gpu_busy_percentage"":""1 %"",""gpubusy"":""13053 1010163"",""temp"":""61800"",""reset_count"":""356194""}",5035.5,,"5:freezer:/
4:cpuset:/top-app
3:cpuacct:/top-app
2:cpu:/top-app
1:blkio:/top
0::/apps/uid_10247/pid_11813"
sustained-fixed-context-15min-cold-r1-v1-cpu,qwen2.5-coder-1.5b,sustained-matched-cold,sustained,api-20261003T210139Z-UNPLUGGED,"[""CPU availability or Android cgroup changed during measurement"",""Benchmark process Android cgroup changed during measurement"",""Benchmark process lost required cores despite process-level affinity"",""Run failed, was aborted, or did not parse""]",False,False,-15,Android benchmark cgroup changed during measurement; invalid controlled comparison,2026-10-03T23:53:38.841125+00:00,435222.890875169,37.5,74.4,61.8,61.9,1593600,"{""clock_mhz"":""231"",""max_gpuclk"":""366000000"",""thermal_pwrlevel"":""11"",""gpu_busy_percentage"":""1 %"",""gpubusy"":""14212 1008062"",""temp"":""61800"",""reset_count"":""356194""}",5034.04296875,,"5:freezer:/
4:cpuset:/top-app
3:cpuacct:/top-app
2:cpu:/top-app
1:blkio:/top
0::/apps/uid_10247/pid_11813"
sustained-fixed-context-15min-cold-r1-v1-cpu,qwen2.5-coder-1.5b,sustained-matched-cold,sustained,api-20261003T210139Z-UNPLUGGED,"[""CPU availability or Android cgroup changed during measurement"",""Benchmark process Android cgroup changed during measurement"",""Benchmark process lost required cores despite process-level affinity"",""Run failed, was aborted, or did not parse""]",False,False,-15,Android benchmark cgroup changed during measurement; invalid controlled comparison,2026-10-03T23:53:40.021146+00:00,435224.07089496,37.5,74.8,61.0,60.0,1593600,"{""clock_mhz"":""231"",""max_gpuclk"":""366000000"",""thermal_pwrlevel"":""11"",""gpu_busy_percentage"":""1 %"",""gpubusy"":""12651 1020267"",""temp"":""60600"",""reset_count"":""356194""}",5033.3046875,,"5:freezer:/
4:cpuset:/top-app
3:cpuacct:/top-app
2:cpu:/top-app
1:blkio:/top
0::/apps/uid_10247/pid_11813"
sustained-fixed-context-15min-cold-r1-v1-cpu,qwen2.5-coder-1.5b,sustained-matched-cold,sustained,api-20261003T210139Z-UNPLUGGED,"[""CPU availability or Android cgroup changed during measurement"",""Benchmark process Android cgroup changed during measurement"",""Benchmark process lost required cores despite process-level affinity"",""Run failed, was aborted, or did not parse""]",False,False,-15,Android benchmark cgroup changed during measurement; invalid controlled comparison,2026-10-03T23:53:41.115205+00:00,435225.164955272,37.5,74.8,60.2,59.2,1593600,"{""clock_mhz"":""231"",""max_gpuclk"":""366000000"",""thermal_pwrlevel"":""11"",""gpu_busy_percentage"":""1 %"",""gpubusy"":""14087 1001287"",""temp"":""59800"",""reset_count"":""356194""}",5032.57421875,,"5:freezer:/
4:cpuset:/top-app
3:cpuacct:/top-app
2:cpu:/top-app
1:blkio:/top
0::/apps/uid_10247/pid_11813"
sustained-fixed-context-15min-cold-r1-v1-cpu,qwen2.5-coder-1.5b,sustained-matched-cold,sustained,api-20261003T210139Z-UNPLUGGED,"[""CPU availability or Android cgroup changed during measurement"",""Benchmark process Android cgroup changed during measurement"",""Benchmark process lost required cores despite process-level affinity"",""Run failed, was aborted, or did not parse""]",False,False,-15,Android benchmark cgroup changed during measurement; invalid controlled comparison,2026-10-03T23:53:42.209343+00:00,435226.259109334,37.5,74.0,60.2,59.2,1593600,"{""clock_mhz"":""231"",""max_gpuclk"":""366000000"",""thermal_pwrlevel"":""11"",""gpu_busy_percentage"":""1 %"",""gpubusy"":""15422 1000282"",""temp"":""60600"",""reset_count"":""356194""}",5033.98046875,,"5:freezer:/
4:cpuset:/top-app
3:cpuacct:/top-app
2:cpu:/top-app
1:blkio:/top
0::/apps/uid_10247/pid_11813"
sustained-fixed-context-15min-cold-r1-v1-cpu,qwen2.5-coder-1.5b,sustained-matched-cold,sustained,api-20261003T210139Z-UNPLUGGED,"[""CPU availability or Android cgroup changed during measurement"",""Benchmark process Android cgroup changed during measurement"",""Benchmark process lost required cores despite process-level affinity"",""Run failed, was aborted, or did not parse""]",False,False,-15,Android benchmark cgroup changed during measurement; invalid controlled comparison,2026-10-03T23:53:43.315853+00:00,435227.365602771,37.5,74.0,59.4,58.4,1593600,"{""clock_mhz"":""231"",""max_gpuclk"":""366000000"",""thermal_pwrlevel"":""11"",""gpu_busy_percentage"":""1 %"",""gpubusy"":""14156 1016768"",""temp"":""60200"",""reset_count"":""356194""}",5032.2578125,,"5:freezer:/
4:cpuset:/top-app
3:cpuacct:/top-app
2:cpu:/top-app
1:blkio:/top
0::/apps/uid_10247/pid_11813"
sustained-fixed-context-15min-cold-r1-v1-cpu,qwen2.5-coder-1.5b,sustained-matched-cold,sustained,api-20261003T210139Z-UNPLUGGED,"[""CPU availability or Android cgroup changed during measurement"",""Benchmark process Android cgroup changed during measurement"",""Benchmark process lost required cores despite process-level affinity"",""Run failed, was aborted, or did not parse""]",False,False,-15,Android benchmark cgroup changed during measurement; invalid controlled comparison,2026-10-03T23:53:44.434068+00:00,435228.483822458,37.5,74.4,59.8,58.0,1593600,"{""clock_mhz"":""231"",""max_gpuclk"":""366000000"",""thermal_pwrlevel"":""11"",""gpu_busy_percentage"":""1 %"",""gpubusy"":""14324 1016502"",""temp"":""59800"",""reset_count"":""356194""}",5031.8515625,,"5:freezer:/
4:cpuset:/top-app
3:cpuacct:/top-app
2:cpu:/top-app
1:blkio:/top
0::/apps/uid_10247/pid_11813"
sustained-fixed-context-15min-cold-r1-v1-cpu,qwen2.5-coder-1.5b,sustained-matched-cold,sustained,api-20261003T210139Z-UNPLUGGED,"[""CPU availability or Android cgroup changed during measurement"",""Benchmark process Android cgroup changed during measurement"",""Benchmark process lost required cores despite process-level affinity"",""Run failed, was aborted, or did not parse""]",False,False,-15,Android benchmark cgroup changed during measurement; invalid controlled comparison,2026-10-03T23:53:45.533526+00:00,435229.583279854,37.5,72.4,59.8,59.2,1593600,"{""clock_mhz"":""231"",""max_gpuclk"":""366000000"",""thermal_pwrlevel"":""11"",""gpu_busy_percentage"":""1 %"",""gpubusy"":""13074 1003425"",""temp"":""59800"",""reset_count"":""356194""}",5030.79296875,,"5:freezer:/
4:cpuset:/top-app
3:cpuacct:/top-app
2:cpu:/top-app
1:blkio:/top
0::/apps/uid_10247/pid_11813"
sustained-fixed-context-15min-cold-r1-v1-cpu,qwen2.5-coder-1.5b,sustained-matched-cold,sustained,api-20261003T210139Z-UNPLUGGED,"[""CPU availability or Android cgroup changed during measurement"",""Benchmark process Android cgroup changed during measurement"",""Benchmark process lost required cores despite process-level affinity"",""Run failed, was aborted, or did not parse""]",False,False,-15,Android benchmark cgroup changed during measurement; invalid controlled comparison,2026-10-03T23:53:46.645072+00:00,435230.69483178,37.5,74.0,61.0,60.3,1593600,"{""clock_mhz"":""231"",""max_gpuclk"":""366000000"",""thermal_pwrlevel"":""11"",""gpu_busy_percentage"":""1 %"",""gpubusy"":""12375 1008093"",""temp"":""61000"",""reset_count"":""356194""}",5029.82421875,,"5:freezer:/
4:cpuset:/top-app
3:cpuacct:/top-app
2:cpu:/top-app
1:blkio:/top
0::/apps/uid_10247/pid_11813"
sustained-fixed-context-15min-cold-r1-v1-cpu,qwen2.5-coder-1.5b,sustained-matched-cold,sustained,api-20261003T210139Z-UNPLUGGED,"[""CPU availability or Android cgroup changed during measurement"",""Benchmark process Android cgroup changed during measurement"",""Benchmark process lost required cores despite process-level affinity"",""Run failed, was aborted, or did not parse""]",False,False,-15,Android benchmark cgroup changed during measurement; invalid controlled comparison,2026-10-03T23:53:47.796345+00:00,435231.846122613,37.5,74.4,61.4,61.1,1593600,"{""clock_mhz"":""231"",""max_gpuclk"":""366000000"",""thermal_pwrlevel"":""11"",""gpu_busy_percentage"":""1 %"",""gpubusy"":""13516 1024005"",""temp"":""61800"",""reset_count"":""356194""}",5027.61328125,,"5:freezer:/
4:cpuset:/top-app
3:cpuacct:/top-app
2:cpu:/top-app
1:blkio:/top
0::/apps/uid_10247/pid_11813"
sustained-fixed-context-15min-cold-r1-v1-cpu,qwen2.5-coder-1.5b,sustained-matched-cold,sustained,api-20261003T210139Z-UNPLUGGED,"[""CPU availability or Android cgroup changed during measurement"",""Benchmark process Android cgroup changed during measurement"",""Benchmark process lost required cores despite process-level affinity"",""Run failed, was aborted, or did not parse""]",False,False,-15,Android benchmark cgroup changed during measurement; invalid controlled comparison,2026-10-03T23:53:48.908859+00:00,435232.958612613,37.5,74.8,61.8,61.9,1593600,"{""clock_mhz"":""231"",""max_gpuclk"":""366000000"",""thermal_pwrlevel"":""11"",""gpu_busy_percentage"":""1 %"",""gpubusy"":""12410 1000968"",""temp"":""62200"",""reset_count"":""356194""}",5007.703125,,"5:freezer:/
4:cpuset:/top-app
3:cpuacct:/top-app
2:cpu:/top-app
1:blkio:/top
0::/apps/uid_10247/pid_11813"
sustained-fixed-context-15min-cold-r1-v1-cpu,qwen2.5-coder-1.5b,sustained-matched-cold,sustained,api-20261003T210139Z-UNPLUGGED,"[""CPU availability or Android cgroup changed during measurement"",""Benchmark process Android cgroup changed during measurement"",""Benchmark process lost required cores despite process-level affinity"",""Run failed, was aborted, or did not parse""]",False,False,-15,Android benchmark cgroup changed during measurement; invalid controlled comparison,2026-10-03T23:53:50.014641+00:00,435234.064404227,37.5,75.2,62.2,62.7,1593600,"{""clock_mhz"":""231"",""max_gpuclk"":""366000000"",""thermal_pwrlevel"":""11"",""gpu_busy_percentage"":""1 %"",""gpubusy"":""13181 1018011"",""temp"":""62200"",""reset_count"":""356194""}",5007.46484375,,"5:freezer:/
4:cpuset:/top-app
3:cpuacct:/top-app
2:cpu:/top-app
1:blkio:/top
0::/apps/uid_10247/pid_11813"
sustained-fixed-context-15min-cold-r1-v1-cpu,qwen2.5-coder-1.5b,sustained-matched-cold,sustained,api-20261003T210139Z-UNPLUGGED,"[""CPU availability or Android cgroup changed during measurement"",""Benchmark process Android cgroup changed during measurement"",""Benchmark process lost required cores despite process-level affinity"",""Run failed, was aborted, or did not parse""]",False,False,-15,Android benchmark cgroup changed during measurement; invalid controlled comparison,2026-10-03T23:53:51.133326+00:00,435235.183091102,37.5,75.5,62.2,62.3,1593600,"{""clock_mhz"":""231"",""max_gpuclk"":""366000000"",""thermal_pwrlevel"":""11"",""gpu_busy_percentage"":""1 %"",""gpubusy"":""13375 1021555"",""temp"":""62600"",""reset_count"":""356194""}",5006.73046875,,"5:freezer:/
4:cpuset:/top-app
3:cpuacct:/top-app
2:cpu:/top-app
1:blkio:/top
0::/apps/uid_10247/pid_11813"
sustained-fixed-context-15min-cold-r1-v1-cpu,qwen2.5-coder-1.5b,sustained-matched-cold,sustained,api-20261003T210139Z-UNPLUGGED,"[""CPU availability or Android cgroup changed during measurement"",""Benchmark process Android cgroup changed during measurement"",""Benchmark process lost required cores despite process-level affinity"",""Run failed, was aborted, or did not parse""]",False,False,-15,Android benchmark cgroup changed during measurement; invalid controlled comparison,2026-10-03T23:53:52.251287+00:00,435236.301076153,37.5,76.3,61.4,60.3,1593600,"{""clock_mhz"":""231"",""max_gpuclk"":""366000000"",""thermal_pwrlevel"":""11"",""gpu_busy_percentage"":""1 %"",""gpubusy"":""14215 1015202"",""temp"":""61800"",""reset_count"":""356194""}",5005.74609375,,"5:freezer:/
4:cpuset:/top-app
3:cpuacct:/top-app
2:cpu:/top-app
1:blkio:/top
0::/apps/uid_10247/pid_11813"
sustained-fixed-context-15min-cold-r1-v1-cpu,qwen2.5-coder-1.5b,sustained-matched-cold,sustained,api-20261003T210139Z-UNPLUGGED,"[""CPU availability or Android cgroup changed during measurement"",""Benchmark process Android cgroup changed during measurement"",""Benchmark process lost required cores despite process-level affinity"",""Run failed, was aborted, or did not parse""]",False,False,-15,Android benchmark cgroup changed during measurement; invalid controlled comparison,2026-10-03T23:53:53.347246+00:00,435237.396995059,37.5,75.2,61.0,60.0,1593600,"{""clock_mhz"":""231"",""max_gpuclk"":""366000000"",""thermal_pwrlevel"":""11"",""gpu_busy_percentage"":""1 %"",""gpubusy"":""13686 1001899"",""temp"":""60600"",""reset_count"":""356194""}",5004.0234375,,"5:freezer:/
4:cpuset:/top-app
3:cpuacct:/top-app
2:cpu:/top-app
1:blkio:/top
0::/apps/uid_10247/pid_11813"
sustained-fixed-context-15min-cold-r1-v1-cpu,qwen2.5-coder-1.5b,sustained-matched-cold,sustained,api-20261003T210139Z-UNPLUGGED,"[""CPU availability or Android cgroup changed during measurement"",""Benchmark process Android cgroup changed during measurement"",""Benchmark process lost required cores despite process-level affinity"",""Run failed, was aborted, or did not parse""]",False,False,-15,Android benchmark cgroup changed during measurement; invalid controlled comparison,2026-10-03T23:53:54.441481+00:00,435238.491248236,37.5,74.4,60.6,59.2,1593600,"{""clock_mhz"":""231"",""max_gpuclk"":""366000000"",""thermal_pwrlevel"":""11"",""gpu_busy_percentage"":""1 %"",""gpubusy"":""13973 1032523"",""temp"":""60200"",""reset_count"":""356194""}",5003.2890625,,"5:freezer:/
4:cpuset:/top-app
3:cpuacct:/top-app
2:cpu:/top-app
1:blkio:/top
0::/apps/uid_10247/pid_11813"
sustained-fixed-context-15min-cold-r1-v1-cpu,qwen2.5-coder-1.5b,sustained-matched-cold,sustained,api-20261003T210139Z-UNPLUGGED,"[""CPU availability or Android cgroup changed during measurement"",""Benchmark process Android cgroup changed during measurement"",""Benchmark process lost required cores despite process-level affinity"",""Run failed, was aborted, or did not parse""]",False,False,-15,Android benchmark cgroup changed during measurement; invalid controlled comparison,2026-10-03T23:53:55.556035+00:00,435239.605803496,37.5,74.0,60.2,58.8,1593600,"{""clock_mhz"":""231"",""max_gpuclk"":""366000000"",""thermal_pwrlevel"":""11"",""gpu_busy_percentage"":""1 %"",""gpubusy"":""14358 1006253"",""temp"":""60200"",""reset_count"":""356194""}",5002.4140625,,"5:freezer:/
4:cpuset:/top-app
3:cpuacct:/top-app
2:cpu:/top-app
1:blkio:/top
0::/apps/uid_10247/pid_11813"
sustained-fixed-context-15min-cold-r1-v1-cpu,qwen2.5-coder-1.5b,sustained-matched-cold,sustained,api-20261003T210139Z-UNPLUGGED,"[""CPU availability or Android cgroup changed during measurement"",""Benchmark process Android cgroup changed during measurement"",""Benchmark process lost required cores despite process-level affinity"",""Run failed, was aborted, or did not parse""]",False,False,-15,Android benchmark cgroup changed during measurement; invalid controlled comparison,2026-10-03T23:53:56.659062+00:00,435240.708812401,37.5,74.4,60.2,58.8,1593600,"{""clock_mhz"":""231"",""max_gpuclk"":""366000000"",""thermal_pwrlevel"":""11"",""gpu_busy_percentage"":""1 %"",""gpubusy"":""14255 1004616"",""temp"":""59800"",""reset_count"":""356194""}",5001.69140625,,"5:freezer:/
4:cpuset:/top-app
3:cpuacct:/top-app
2:cpu:/top-app
1:blkio:/top
0::/apps/uid_10247/pid_11813"
sustained-fixed-context-15min-cold-r1-v1-cpu,qwen2.5-coder-1.5b,sustained-matched-cold,sustained,api-20261003T210139Z-UNPLUGGED,"[""CPU availability or Android cgroup changed during measurement"",""Benchmark process Android cgroup changed during measurement"",""Benchmark process lost required cores despite process-level affinity"",""Run failed, was aborted, or did not parse""]",False,False,-15,Android benchmark cgroup changed during measurement; invalid controlled comparison,2026-10-03T23:53:57.766411+00:00,435241.816618391,37.5,72.8,60.6,60.0,1593600,"{""clock_mhz"":""231"",""max_gpuclk"":""366000000"",""thermal_pwrlevel"":""11"",""gpu_busy_percentage"":""1 %"",""gpubusy"":""13524 1020630"",""temp"":""60600"",""reset_count"":""356194""}",4997.17578125,,"5:freezer:/
4:cpuset:/top-app
3:cpuacct:/top-app
2:cpu:/top-app
1:blkio:/top
0::/apps/uid_10247/pid_11813"
sustained-fixed-context-15min-cold-r1-v1-cpu,qwen2.5-coder-1.5b,sustained-matched-cold,sustained,api-20261003T210139Z-UNPLUGGED,"[""CPU availability or Android cgroup changed during measurement"",""Benchmark process Android cgroup changed during measurement"",""Benchmark process lost required cores despite process-level affinity"",""Run failed, was aborted, or did not parse""]",False,False,-15,Android benchmark cgroup changed during measurement; invalid controlled comparison,2026-10-03T23:53:58.938665+00:00,435242.988438234,37.5,75.2,61.8,61.9,1593600,"{""clock_mhz"":""231"",""max_gpuclk"":""366000000"",""thermal_pwrlevel"":""11"",""gpu_busy_percentage"":""1 %"",""gpubusy"":""13460 1034880"",""temp"":""62200"",""reset_count"":""356194""}",4996.9296875,,"5:freezer:/
4:cpuset:/top-app
3:cpuacct:/top-app
2:cpu:/top-app
1:blkio:/top
0::/apps/uid_10247/pid_11813"
sustained-fixed-context-15min-cold-r1-v1-cpu,qwen2.5-coder-1.5b,sustained-matched-cold,sustained,api-20261003T210139Z-UNPLUGGED,"[""CPU availability or Android cgroup changed during measurement"",""Benchmark process Android cgroup changed during measurement"",""Benchmark process lost required cores despite process-level affinity"",""Run failed, was aborted, or did not parse""]",False,False,-15,Android benchmark cgroup changed during measurement; invalid controlled comparison,2026-10-03T23:54:00.045818+00:00,435244.095576879,37.5,76.7,62.6,62.7,1593600,"{""clock_mhz"":""231"",""max_gpuclk"":""366000000"",""thermal_pwrlevel"":""11"",""gpu_busy_percentage"":""1 %"",""gpubusy"":""13563 1026261"",""temp"":""62600"",""reset_count"":""356194""}",4996.640625,,"5:freezer:/
4:cpuset:/top-app
3:cpuacct:/top-app
2:cpu:/top-app
1:blkio:/top
0::/apps/uid_10247/pid_11813"
sustained-fixed-context-15min-cold-r1-v1-cpu,qwen2.5-coder-1.5b,sustained-matched-cold,sustained,api-20261003T210139Z-UNPLUGGED,"[""CPU availability or Android cgroup changed during measurement"",""Benchmark process Android cgroup changed during measurement"",""Benchmark process lost required cores despite process-level affinity"",""Run failed, was aborted, or did not parse""]",False,False,-15,Android benchmark cgroup changed during measurement; invalid controlled comparison,2026-10-03T23:54:01.149577+00:00,435245.199355004,37.5,76.3,63.0,62.7,1593600,"{""clock_mhz"":""231"",""max_gpuclk"":""366000000"",""thermal_pwrlevel"":""11"",""gpu_busy_percentage"":""1 %"",""gpubusy"":""13338 1032047"",""temp"":""63000"",""reset_count"":""356194""}",4995.44921875,,"5:freezer:/
4:cpuset:/top-app
3:cpuacct:/top-app
2:cpu:/top-app
1:blkio:/top
0::/apps/uid_10247/pid_11813"
sustained-fixed-context-15min-cold-r1-v1-cpu,qwen2.5-coder-1.5b,sustained-matched-cold,sustained,api-20261003T210139Z-UNPLUGGED,"[""CPU availability or Android cgroup changed during measurement"",""Benchmark process Android cgroup changed during measurement"",""Benchmark process lost required cores despite process-level affinity"",""Run failed, was aborted, or did not parse""]",False,False,-15,Android benchmark cgroup changed during measurement; invalid controlled comparison,2026-10-03T23:54:02.264811+00:00,435246.314562868,37.5,76.7,63.0,63.1,1593600,"{""clock_mhz"":""231"",""max_gpuclk"":""366000000"",""thermal_pwrlevel"":""11"",""gpu_busy_percentage"":""1 %"",""gpubusy"":""13791 1030729"",""temp"":""63400"",""reset_count"":""356194""}",4995.46484375,,"5:freezer:/
4:cpuset:/top-app
3:cpuacct:/top-app
2:cpu:/top-app
1:blkio:/top
0::/apps/uid_10247/pid_11813"
sustained-fixed-context-15min-cold-r1-v1-cpu,qwen2.5-coder-1.5b,sustained-matched-cold,sustained,api-20261003T210139Z-UNPLUGGED,"[""CPU availability or Android cgroup changed during measurement"",""Benchmark process Android cgroup changed during measurement"",""Benchmark process lost required cores despite process-level affinity"",""Run failed, was aborted, or did not parse""]",False,False,-15,Android benchmark cgroup changed during measurement; invalid controlled comparison,2026-10-03T23:54:03.364850+00:00,435247.414600211,37.5,78.7,63.0,62.3,1593600,"{""clock_mhz"":""231"",""max_gpuclk"":""366000000"",""thermal_pwrlevel"":""11"",""gpu_busy_percentage"":""1 %"",""gpubusy"":""13841 1015592"",""temp"":""63000"",""reset_count"":""356194""}",4994.43359375,,"5:freezer:/
4:cpuset:/top-app
3:cpuacct:/top-app
2:cpu:/top-app
1:blkio:/top
0::/apps/uid_10247/pid_11813"
sustained-fixed-context-15min-cold-r1-v1-cpu,qwen2.5-coder-1.5b,sustained-matched-cold,sustained,api-20261003T210139Z-UNPLUGGED,"[""CPU availability or Android cgroup changed during measurement"",""Benchmark process Android cgroup changed during measurement"",""Benchmark process lost required cores despite process-level affinity"",""Run failed, was aborted, or did not parse""]",False,False,-15,Android benchmark cgroup changed during measurement; invalid controlled comparison,2026-10-03T23:54:04.459422+00:00,435248.509173336,37.5,75.5,62.2,61.1,1593600,"{""clock_mhz"":""231"",""max_gpuclk"":""366000000"",""thermal_pwrlevel"":""11"",""gpu_busy_percentage"":""1 %"",""gpubusy"":""13494 1002455"",""temp"":""61800"",""reset_count"":""356194""}",5000.3671875,,"5:freezer:/
4:cpuset:/top-app
3:cpuacct:/top-app
2:cpu:/top-app
1:blkio:/top
0::/apps/uid_10247/pid_11813"
sustained-fixed-context-15min-cold-r1-v1-cpu,qwen2.5-coder-1.5b,sustained-matched-cold,sustained,api-20261003T210139Z-UNPLUGGED,"[""CPU availability or Android cgroup changed during measurement"",""Benchmark process Android cgroup changed during measurement"",""Benchmark process lost required cores despite process-level affinity"",""Run failed, was aborted, or did not parse""]",False,False,-15,Android benchmark cgroup changed during measurement; invalid controlled comparison,2026-10-03T23:54:05.553553+00:00,435249.603325523,37.5,75.2,61.8,60.0,1593600,"{""clock_mhz"":""231"",""max_gpuclk"":""366000000"",""thermal_pwrlevel"":""11"",""gpu_busy_percentage"":""1 %"",""gpubusy"":""13999 1009150"",""temp"":""61400"",""reset_count"":""356194""}",4999.2265625,,"5:freezer:/
4:cpuset:/top-app
3:cpuacct:/top-app
2:cpu:/top-app
1:blkio:/top
0::/apps/uid_10247/pid_11813"
sustained-fixed-context-15min-cold-r1-v1-cpu,qwen2.5-coder-1.5b,sustained-matched-cold,sustained,api-20261003T210139Z-UNPLUGGED,"[""CPU availability or Android cgroup changed during measurement"",""Benchmark process Android cgroup changed during measurement"",""Benchmark process lost required cores despite process-level affinity"",""Run failed, was aborted, or did not parse""]",False,False,-15,Android benchmark cgroup changed during measurement; invalid controlled comparison,2026-10-03T23:54:06.657983+00:00,435250.707731721,37.5,75.5,61.4,59.6,1593600,"{""clock_mhz"":""231"",""max_gpuclk"":""366000000"",""thermal_pwrlevel"":""11"",""gpu_busy_percentage"":""1 %"",""gpubusy"":""13030 1017474"",""temp"":""61000"",""reset_count"":""356194""}",4991.71875,,"5:freezer:/
4:cpuset:/top-app
3:cpuacct:/top-app
2:cpu:/top-app
1:blkio:/top
0::/apps/uid_10247/pid_11813"
sustained-fixed-context-15min-cold-r1-v1-cpu,qwen2.5-coder-1.5b,sustained-matched-cold,sustained,api-20261003T210139Z-UNPLUGGED,"[""CPU availability or Android cgroup changed during measurement"",""Benchmark process Android cgroup changed during measurement"",""Benchmark process lost required cores despite process-level affinity"",""Run failed, was aborted, or did not parse""]",False,False,-15,Android benchmark cgroup changed during measurement; invalid controlled comparison,2026-10-03T23:54:07.750867+00:00,435251.800619585,37.5,74.8,60.6,59.6,1593600,"{""clock_mhz"":""231"",""max_gpuclk"":""366000000"",""thermal_pwrlevel"":""11"",""gpu_busy_percentage"":""1 %"",""gpubusy"":""13597 1022284"",""temp"":""60600"",""reset_count"":""356194""}",4989.99609375,,"5:freezer:/
4:cpuset:/top-app
3:cpuacct:/top-app
2:cpu:/top-app
1:blkio:/top
0::/apps/uid_10247/pid_11813"
sustained-fixed-context-15min-cold-r1-v1-cpu,qwen2.5-coder-1.5b,sustained-matched-cold,sustained,api-20261003T210139Z-UNPLUGGED,"[""CPU availability or Android cgroup changed during measurement"",""Benchmark process Android cgroup changed during measurement"",""Benchmark process lost required cores despite process-level affinity"",""Run failed, was aborted, or did not parse""]",False,False,-15,Android benchmark cgroup changed during measurement; invalid controlled comparison,2026-10-03T23:54:08.854220+00:00,435252.903970105,38.2,71.6,60.2,59.2,1363200,"{""clock_mhz"":""231"",""max_gpuclk"":""310000000"",""thermal_pwrlevel"":""12"",""gpu_busy_percentage"":""1 %"",""gpubusy"":""14369 1002635"",""temp"":""59800"",""reset_count"":""356194""}",4989.75,,"5:freezer:/
4:cpuset:/top-app
3:cpuacct:/top-app
2:cpu:/top-app
1:blkio:/top
0::/apps/uid_10247/pid_11813"
sustained-fixed-context-15min-cold-r1-v1-cpu,qwen2.5-coder-1.5b,sustained-matched-cold,sustained,api-20261003T210139Z-UNPLUGGED,"[""CPU availability or Android cgroup changed during measurement"",""Benchmark process Android cgroup changed during measurement"",""Benchmark process lost required cores despite process-level affinity"",""Run failed, was aborted, or did not parse""]",False,False,-15,Android benchmark cgroup changed during measurement; invalid controlled comparison,2026-10-03T23:54:09.967977+00:00,435254.017767188,38.2,70.5,60.2,60.0,1363200,"{""clock_mhz"":""231"",""max_gpuclk"":""310000000"",""thermal_pwrlevel"":""12"",""gpu_busy_percentage"":""1 %"",""gpubusy"":""13163 1016675"",""temp"":""60200"",""reset_count"":""356194""}",4985.3828125,,"5:freezer:/
4:cpuset:/top-app
3:cpuacct:/top-app
2:cpu:/top-app
1:blkio:/top
0::/apps/uid_10247/pid_11813"
sustained-fixed-context-15min-cold-r1-v1-cpu,qwen2.5-coder-1.5b,sustained-matched-cold,sustained,api-20261003T210139Z-UNPLUGGED,"[""CPU availability or Android cgroup changed during measurement"",""Benchmark process Android cgroup changed during measurement"",""Benchmark process lost required cores despite process-level affinity"",""Run failed, was aborted, or did not parse""]",False,False,-15,Android benchmark cgroup changed during measurement; invalid controlled comparison,2026-10-03T23:54:11.097284+00:00,435255.147061198,38.2,71.6,60.6,61.1,1363200,"{""clock_mhz"":""231"",""max_gpuclk"":""310000000"",""thermal_pwrlevel"":""12"",""gpu_busy_percentage"":""1 %"",""gpubusy"":""13068 1019689"",""temp"":""60600"",""reset_count"":""356194""}",5010.68359375,,"5:freezer:/
4:cpuset:/top-app
3:cpuacct:/top-app
2:cpu:/top-app
1:blkio:/top
0::/apps/uid_10247/pid_11813"
sustained-fixed-context-15min-cold-r1-v1-cpu,qwen2.5-coder-1.5b,sustained-matched-cold,sustained,api-20261003T210139Z-UNPLUGGED,"[""CPU availability or Android cgroup changed during measurement"",""Benchmark process Android cgroup changed during measurement"",""Benchmark process lost required cores despite process-level affinity"",""Run failed, was aborted, or did not parse""]",False,False,-15,Android benchmark cgroup changed during measurement; invalid controlled comparison,2026-10-03T23:54:12.258955+00:00,435256.308732656,38.2,72.0,61.4,61.5,1363200,"{""clock_mhz"":""231"",""max_gpuclk"":""310000000"",""thermal_pwrlevel"":""12"",""gpu_busy_percentage"":""1 %"",""gpubusy"":""14131 1013107"",""temp"":""61400"",""reset_count"":""356194""}",5009.203125,,"5:freezer:/
4:cpuset:/top-app
3:cpuacct:/top-app
2:cpu:/top-app
1:blkio:/top
0::/apps/uid_10247/pid_11813"
sustained-fixed-context-15min-cold-r1-v1-cpu,qwen2.5-coder-1.5b,sustained-matched-cold,sustained,api-20261003T210139Z-UNPLUGGED,"[""CPU availability or Android cgroup changed during measurement"",""Benchmark process Android cgroup changed during measurement"",""Benchmark process lost required cores despite process-level affinity"",""Run failed, was aborted, or did not parse""]",False,False,-15,Android benchmark cgroup changed during measurement; invalid controlled comparison,2026-10-03T23:54:13.370692+00:00,435257.420526666,38.2,72.4,61.8,61.9,1363200,"{""clock_mhz"":""231"",""max_gpuclk"":""310000000"",""thermal_pwrlevel"":""12"",""gpu_busy_percentage"":""1 %"",""gpubusy"":""11667 1021417"",""temp"":""61800"",""reset_count"":""356194""}",5038.05078125,,"5:freezer:/
4:cpuset:/top-app
3:cpuacct:/top-app
2:cpu:/top-app
1:blkio:/top
0::/apps/uid_10247/pid_11813"
sustained-fixed-context-15min-cold-r1-v1-cpu,qwen2.5-coder-1.5b,sustained-matched-cold,sustained,api-20261003T210139Z-UNPLUGGED,"[""CPU availability or Android cgroup changed during measurement"",""Benchmark process Android cgroup changed during measurement"",""Benchmark process lost required cores despite process-level affinity"",""Run failed, was aborted, or did not parse""]",False,False,-15,Android benchmark cgroup changed during measurement; invalid controlled comparison,2026-10-03T23:54:14.493754+00:00,435258.543517291,38.2,73.2,61.4,62.7,1363200,"{""clock_mhz"":""231"",""max_gpuclk"":""310000000"",""thermal_pwrlevel"":""12"",""gpu_busy_percentage"":""1 %"",""gpubusy"":""12783 1001436"",""temp"":""61800"",""reset_count"":""356194""}",5037.6953125,,"5:freezer:/
4:cpuset:/top-app
3:cpuacct:/top-app
2:cpu:/top-app
1:blkio:/top
0::/apps/uid_10247/pid_11813"
sustained-fixed-context-15min-cold-r1-v1-cpu,qwen2.5-coder-1.5b,sustained-matched-cold,sustained,api-20261003T210139Z-UNPLUGGED,"[""CPU availability or Android cgroup changed during measurement"",""Benchmark process Android cgroup changed during measurement"",""Benchmark process lost required cores despite process-level affinity"",""Run failed, was aborted, or did not parse""]",False,False,-15,Android benchmark cgroup changed during measurement; invalid controlled comparison,2026-10-03T23:54:15.611638+00:00,435259.661400936,38.2,73.2,61.8,62.7,1363200,"{""clock_mhz"":""231"",""max_gpuclk"":""310000000"",""thermal_pwrlevel"":""12"",""gpu_busy_percentage"":""1 %"",""gpubusy"":""11900 1006559"",""temp"":""61800"",""reset_count"":""356194""}",5037.32421875,,"5:freezer:/
4:cpuset:/top-app
3:cpuacct:/top-app
2:cpu:/top-app
1:blkio:/top
0::/apps/uid_10247/pid_11813"
sustained-fixed-context-15min-cold-r1-v1-cpu,qwen2.5-coder-1.5b,sustained-matched-cold,sustained,api-20261003T210139Z-UNPLUGGED,"[""CPU availability or Android cgroup changed during measurement"",""Benchmark process Android cgroup changed during measurement"",""Benchmark process lost required cores despite process-level affinity"",""Run failed, was aborted, or did not parse""]",False,False,-15,Android benchmark cgroup changed during measurement; invalid controlled comparison,2026-10-03T23:54:16.767724+00:00,435260.817473123,38.2,73.2,61.0,61.1,1363200,"{""clock_mhz"":""231"",""max_gpuclk"":""310000000"",""thermal_pwrlevel"":""12"",""gpu_busy_percentage"":""1 %"",""gpubusy"":""12655 1032656"",""temp"":""61400"",""reset_count"":""356194""}",5035.1171875,,"5:freezer:/
4:cpuset:/top-app
3:cpuacct:/top-app
2:cpu:/top-app
1:blkio:/top
0::/apps/uid_10247/pid_11813"
sustained-fixed-context-15min-cold-r1-v1-cpu,qwen2.5-coder-1.5b,sustained-matched-cold,sustained,api-20261003T210139Z-UNPLUGGED,"[""CPU availability or Android cgroup changed during measurement"",""Benchmark process Android cgroup changed during measurement"",""Benchmark process lost required cores despite process-level affinity"",""Run failed, was aborted, or did not parse""]",False,False,-15,Android benchmark cgroup changed during measurement; invalid controlled comparison,2026-10-03T23:54:17.865762+00:00,435261.915533227,38.2,72.0,60.6,60.0,1363200,"{""clock_mhz"":""231"",""max_gpuclk"":""231000000"",""thermal_pwrlevel"":""13"",""gpu_busy_percentage"":""1 %"",""gpubusy"":""12865 1008982"",""temp"":""60200"",""reset_count"":""356194""}",5034.87109375,,"5:freezer:/
4:cpuset:/top-app
3:cpuacct:/top-app
2:cpu:/top-app
1:blkio:/top
0::/apps/uid_10247/pid_11813"
sustained-fixed-context-15min-cold-r1-v1-cpu,qwen2.5-coder-1.5b,sustained-matched-cold,sustained,api-20261003T210139Z-UNPLUGGED,"[""CPU availability or Android cgroup changed during measurement"",""Benchmark process Android cgroup changed during measurement"",""Benchmark process lost required cores despite process-level affinity"",""Run failed, was aborted, or did not parse""]",False,False,-15,Android benchmark cgroup changed during measurement; invalid controlled comparison,2026-10-03T23:54:18.975680+00:00,435263.025432914,38.2,71.3,59.8,59.2,1363200,"{""clock_mhz"":""231"",""max_gpuclk"":""231000000"",""thermal_pwrlevel"":""13"",""gpu_busy_percentage"":""1 %"",""gpubusy"":""13349 1001368"",""temp"":""59800"",""reset_count"":""356194""}",5032.44140625,,"5:freezer:/
4:cpuset:/top-app
3:cpuacct:/top-app
2:cpu:/top-app
1:blkio:/top
0::/apps/uid_10247/pid_11813"
sustained-fixed-context-15min-cold-r1-v1-cpu,qwen2.5-coder-1.5b,sustained-matched-cold,sustained,api-20261003T210139Z-UNPLUGGED,"[""CPU availability or Android cgroup changed during measurement"",""Benchmark process Android cgroup changed during measurement"",""Benchmark process lost required cores despite process-level affinity"",""Run failed, was aborted, or did not parse""]",False,False,-15,Android benchmark cgroup changed during measurement; invalid controlled comparison,2026-10-03T23:54:20.078472+00:00,435264.128258122,38.2,70.1,59.4,58.4,1363200,"{""clock_mhz"":""231"",""max_gpuclk"":""231000000"",""thermal_pwrlevel"":""13"",""gpu_busy_percentage"":""1 %"",""gpubusy"":""12935 1018206"",""temp"":""59400"",""reset_count"":""356194""}",5032.1953125,,"5:freezer:/
4:cpuset:/top-app
3:cpuacct:/top-app
2:cpu:/top-app
1:blkio:/top
0::/apps/uid_10247/pid_11813"
sustained-fixed-context-15min-cold-r1-v1-cpu,qwen2.5-coder-1.5b,sustained-matched-cold,sustained,api-20261003T210139Z-UNPLUGGED,"[""CPU availability or Android cgroup changed during measurement"",""Benchmark process Android cgroup changed during measurement"",""Benchmark process lost required cores despite process-level affinity"",""Run failed, was aborted, or did not parse""]",False,False,-15,Android benchmark cgroup changed during measurement; invalid controlled comparison,2026-10-03T23:54:21.210467+00:00,435265.260220413,38.2,70.1,59.0,58.4,1363200,"{""clock_mhz"":""231"",""max_gpuclk"":""231000000"",""thermal_pwrlevel"":""13"",""gpu_busy_percentage"":""1 %"",""gpubusy"":""13045 1008037"",""temp"":""59400"",""reset_count"":""356194""}",5031.71875,,"5:freezer:/
4:cpuset:/top-app
3:cpuacct:/top-app
2:cpu:/top-app
1:blkio:/top
0::/apps/uid_10247/pid_11813"
sustained-fixed-context-15min-cold-r1-v1-cpu,qwen2.5-coder-1.5b,sustained-matched-cold,sustained,api-20261003T210139Z-UNPLUGGED,"[""CPU availability or Android cgroup changed during measurement"",""Benchmark process Android cgroup changed during measurement"",""Benchmark process lost required cores despite process-level affinity"",""Run failed, was aborted, or did not parse""]",False,False,-15,Android benchmark cgroup changed during measurement; invalid controlled comparison,2026-10-03T23:54:22.326887+00:00,435266.376642235,38.2,69.3,59.0,58.4,1363200,"{""clock_mhz"":""231"",""max_gpuclk"":""231000000"",""thermal_pwrlevel"":""13"",""gpu_busy_percentage"":""1 %"",""gpubusy"":""13521 1009868"",""temp"":""58600"",""reset_count"":""356194""}",5030.48828125,,"5:freezer:/
4:cpuset:/top-app
3:cpuacct:/top-app
2:cpu:/top-app
1:blkio:/top
0::/apps/uid_10247/pid_11813"
sustained-fixed-context-15min-cold-r1-v1-cpu,qwen2.5-coder-1.5b,sustained-matched-cold,sustained,api-20261003T210139Z-UNPLUGGED,"[""CPU availability or Android cgroup changed during measurement"",""Benchmark process Android cgroup changed during measurement"",""Benchmark process lost required cores despite process-level affinity"",""Run failed, was aborted, or did not parse""]",False,False,-15,Android benchmark cgroup changed during measurement; invalid controlled comparison,2026-10-03T23:54:23.453922+00:00,435267.503675933,38.2,69.7,58.6,58.4,1363200,"{""clock_mhz"":""231"",""max_gpuclk"":""231000000"",""thermal_pwrlevel"":""13"",""gpu_busy_percentage"":""1 %"",""gpubusy"":""14804 1011925"",""temp"":""59000"",""reset_count"":""356194""}",5047.83984375,,"5:freezer:/
4:cpuset:/top-app
3:cpuacct:/top-app
2:cpu:/top-app
1:blkio:/top
0::/apps/uid_10247/pid_11813"
sustained-fixed-context-15min-cold-r1-v1-cpu,qwen2.5-coder-1.5b,sustained-matched-cold,sustained,api-20261003T210139Z-UNPLUGGED,"[""CPU availability or Android cgroup changed during measurement"",""Benchmark process Android cgroup changed during measurement"",""Benchmark process lost required cores despite process-level affinity"",""Run failed, was aborted, or did not parse""]",False,False,-15,Android benchmark cgroup changed during measurement; invalid controlled comparison,2026-10-03T23:54:24.586537+00:00,435268.636315151,38.2,70.5,60.6,59.6,1363200,"{""clock_mhz"":""231"",""max_gpuclk"":""231000000"",""thermal_pwrlevel"":""13"",""gpu_busy_percentage"":""1 %"",""gpubusy"":""12725 1000369"",""temp"":""59800"",""reset_count"":""356194""}",5053.0,,"5:freezer:/
4:cpuset:/top-app
3:cpuacct:/top-app
2:cpu:/top-app
1:blkio:/top
0::/apps/uid_10247/pid_11813"
sustained-fixed-context-15min-cold-r1-v1-cpu,qwen2.5-coder-1.5b,sustained-matched-cold,sustained,api-20261003T210139Z-UNPLUGGED,"[""CPU availability or Android cgroup changed during measurement"",""Benchmark process Android cgroup changed during measurement"",""Benchmark process lost required cores despite process-level affinity"",""Run failed, was aborted, or did not parse""]",False,False,-15,Android benchmark cgroup changed during measurement; invalid controlled comparison,2026-10-03T23:54:25.731547+00:00,435269.781301505,38.2,70.9,60.2,60.3,1363200,"{""clock_mhz"":""231"",""max_gpuclk"":""231000000"",""thermal_pwrlevel"":""13"",""gpu_busy_percentage"":""1 %"",""gpubusy"":""13372 1012945"",""temp"":""60600"",""reset_count"":""356195""}",5049.984375,,"5:freezer:/
4:cpuset:/top-app
3:cpuacct:/top-app
2:cpu:/top-app
1:blkio:/top
0::/apps/uid_10247/pid_11813"
sustained-fixed-context-15min-cold-r1-v1-cpu,qwen2.5-coder-1.5b,sustained-matched-cold,sustained,api-20261003T210139Z-UNPLUGGED,"[""CPU availability or Android cgroup changed during measurement"",""Benchmark process Android cgroup changed during measurement"",""Benchmark process lost required cores despite process-level affinity"",""Run failed, was aborted, or did not parse""]",False,False,-15,Android benchmark cgroup changed during measurement; invalid controlled comparison,2026-10-03T23:54:26.831528+00:00,435270.881303432,38.2,71.3,60.6,61.1,1363200,"{""clock_mhz"":""231"",""max_gpuclk"":""231000000"",""thermal_pwrlevel"":""13"",""gpu_busy_percentage"":""1 %"",""gpubusy"":""13179 1013985"",""temp"":""60600"",""reset_count"":""356195""}",5048.26171875,,"5:freezer:/
4:cpuset:/top-app
3:cpuacct:/top-app
2:cpu:/top-app
1:blkio:/top
0::/apps/uid_10247/pid_11813"
sustained-fixed-context-15min-cold-r1-v1-cpu,qwen2.5-coder-1.5b,sustained-matched-cold,sustained,api-20261003T210139Z-UNPLUGGED,"[""CPU availability or Android cgroup changed during measurement"",""Benchmark process Android cgroup changed during measurement"",""Benchmark process lost required cores despite process-level affinity"",""Run failed, was aborted, or did not parse""]",False,False,-15,Android benchmark cgroup changed during measurement; invalid controlled comparison,2026-10-03T23:54:27.974115+00:00,435272.023872806,38.2,71.6,60.6,61.5,1363200,"{""clock_mhz"":""231"",""max_gpuclk"":""231000000"",""thermal_pwrlevel"":""13"",""gpu_busy_percentage"":""1 %"",""gpubusy"":""12209 1015307"",""temp"":""61000"",""reset_count"":""356195""}",5044.81640625,,"5:freezer:/
4:cpuset:/top-app
3:cpuacct:/top-app
2:cpu:/top-app
1:blkio:/top
0::/apps/uid_10247/pid_11813"
sustained-fixed-context-15min-cold-r1-v1-cpu,qwen2.5-coder-1.5b,sustained-matched-cold,sustained,api-20261003T210139Z-UNPLUGGED,"[""CPU availability or Android cgroup changed during measurement"",""Benchmark process Android cgroup changed during measurement"",""Benchmark process lost required cores despite process-level affinity"",""Run failed, was aborted, or did not parse""]",False,False,-15,Android benchmark cgroup changed during measurement; invalid controlled comparison,2026-10-03T23:54:29.084000+00:00,435273.133752441,38.2,72.0,61.0,61.5,1363200,"{""clock_mhz"":""231"",""max_gpuclk"":""231000000"",""thermal_pwrlevel"":""13"",""gpu_busy_percentage"":""1 %"",""gpubusy"":""12306 1002722"",""temp"":""61000"",""reset_count"":""356195""}",5044.078125,,"5:freezer:/
4:cpuset:/top-app
3:cpuacct:/top-app
2:cpu:/top-app
1:blkio:/top
0::/apps/uid_10247/pid_11813"
sustained-fixed-context-15min-cold-r1-v1-cpu,qwen2.5-coder-1.5b,sustained-matched-cold,sustained,api-20261003T210139Z-UNPLUGGED,"[""CPU availability or Android cgroup changed during measurement"",""Benchmark process Android cgroup changed during measurement"",""Benchmark process lost required cores despite process-level affinity"",""Run failed, was aborted, or did not parse""]",False,False,-15,Android benchmark cgroup changed during measurement; invalid controlled comparison,2026-10-03T23:54:30.249006+00:00,435274.298759576,38.2,71.6,61.0,61.5,1363200,"{""clock_mhz"":""231"",""max_gpuclk"":""231000000"",""thermal_pwrlevel"":""13"",""gpu_busy_percentage"":""1 %"",""gpubusy"":""12007 1004303"",""temp"":""61000"",""reset_count"":""356195""}",5042.34765625,,"5:freezer:/
4:cpuset:/top-app
3:cpuacct:/top-app
2:cpu:/top-app
1:blkio:/top
0::/apps/uid_10247/pid_11813"
sustained-fixed-context-15min-cold-r1-v1-cpu,qwen2.5-coder-1.5b,sustained-matched-cold,sustained,api-20261003T210139Z-UNPLUGGED,"[""CPU availability or Android cgroup changed during measurement"",""Benchmark process Android cgroup changed during measurement"",""Benchmark process lost required cores despite process-level affinity"",""Run failed, was aborted, or did not parse""]",False,False,-15,Android benchmark cgroup changed during measurement; invalid controlled comparison,2026-10-03T23:54:31.388911+00:00,435275.438685722,38.2,71.6,60.2,59.2,1363200,"{""clock_mhz"":""231"",""max_gpuclk"":""231000000"",""thermal_pwrlevel"":""13"",""gpu_busy_percentage"":""1 %"",""gpubusy"":""13477 1020135"",""temp"":""60200"",""reset_count"":""356195""}",5039.88671875,,"5:freezer:/
4:cpuset:/top-app
3:cpuacct:/top-app
2:cpu:/top-app
1:blkio:/top
0::/apps/uid_10247/pid_11813"
sustained-fixed-context-15min-cold-r1-v1-cpu,qwen2.5-coder-1.5b,sustained-matched-cold,sustained,api-20261003T210139Z-UNPLUGGED,"[""CPU availability or Android cgroup changed during measurement"",""Benchmark process Android cgroup changed during measurement"",""Benchmark process lost required cores despite process-level affinity"",""Run failed, was aborted, or did not parse""]",False,False,-15,Android benchmark cgroup changed during measurement; invalid controlled comparison,2026-10-03T23:54:32.520984+00:00,435276.57075119,38.2,70.9,59.4,58.4,1363200,"{""clock_mhz"":""231"",""max_gpuclk"":""231000000"",""thermal_pwrlevel"":""13"",""gpu_busy_percentage"":""1 %"",""gpubusy"":""13604 1005508"",""temp"":""59400"",""reset_count"":""356195""}",5039.39453125,,"5:freezer:/
4:cpuset:/top-app
3:cpuacct:/top-app
2:cpu:/top-app
1:blkio:/top
0::/apps/uid_10247/pid_11813"
sustained-fixed-context-15min-cold-r1-v1-cpu,qwen2.5-coder-1.5b,sustained-matched-cold,sustained,api-20261003T210139Z-UNPLUGGED,"[""CPU availability or Android cgroup changed during measurement"",""Benchmark process Android cgroup changed during measurement"",""Benchmark process lost required cores despite process-level affinity"",""Run failed, was aborted, or did not parse""]",False,False,-15,Android benchmark cgroup changed during measurement; invalid controlled comparison,2026-10-03T23:54:33.621356+00:00,435277.671109679,38.2,69.7,58.6,57.6,1363200,"{""clock_mhz"":""231"",""max_gpuclk"":""231000000"",""thermal_pwrlevel"":""13"",""gpu_busy_percentage"":""1 %"",""gpubusy"":""13664 1006692"",""temp"":""59000"",""reset_count"":""356195""}",5038.41015625,,"5:freezer:/
4:cpuset:/top-app
3:cpuacct:/top-app
2:cpu:/top-app
1:blkio:/top
0::/apps/uid_10247/pid_11813"
sustained-fixed-context-15min-cold-r1-v1-cpu,qwen2.5-coder-1.5b,sustained-matched-cold,sustained,api-20261003T210139Z-UNPLUGGED,"[""CPU availability or Android cgroup changed during measurement"",""Benchmark process Android cgroup changed during measurement"",""Benchmark process lost required cores despite process-level affinity"",""Run failed, was aborted, or did not parse""]",False,False,-15,Android benchmark cgroup changed during measurement; invalid controlled comparison,2026-10-03T23:54:34.768002+00:00,435278.817757491,38.2,69.3,58.6,57.2,1363200,"{""clock_mhz"":""231"",""max_gpuclk"":""231000000"",""thermal_pwrlevel"":""13"",""gpu_busy_percentage"":""1 %"",""gpubusy"":""14428 1011740"",""temp"":""58600"",""reset_count"":""356195""}",5037.1875,,"5:freezer:/
4:cpuset:/top-app
3:cpuacct:/top-app
2:cpu:/top-app
1:blkio:/top
0::/apps/uid_10247/pid_11813"
sustained-fixed-context-15min-cold-r1-v1-cpu,qwen2.5-coder-1.5b,sustained-matched-cold,sustained,api-20261003T210139Z-UNPLUGGED,"[""CPU availability or Android cgroup changed during measurement"",""Benchmark process Android cgroup changed during measurement"",""Benchmark process lost required cores despite process-level affinity"",""Run failed, was aborted, or did not parse""]",False,False,-15,Android benchmark cgroup changed during measurement; invalid controlled comparison,2026-10-03T23:54:35.889663+00:00,435279.939416709,38.2,68.5,58.2,56.8,1363200,"{""clock_mhz"":""231"",""max_gpuclk"":""231000000"",""thermal_pwrlevel"":""13"",""gpu_busy_percentage"":""1 %"",""gpubusy"":""14422 1034997"",""temp"":""58600"",""reset_count"":""356195""}",5036.44921875,,"5:freezer:/
4:cpuset:/top-app
3:cpuacct:/top-app
2:cpu:/top-app
1:blkio:/top
0::/apps/uid_10247/pid_11813"
sustained-fixed-context-15min-cold-r1-v1-cpu,qwen2.5-coder-1.5b,sustained-matched-cold,sustained,api-20261003T210139Z-UNPLUGGED,"[""CPU availability or Android cgroup changed during measurement"",""Benchmark process Android cgroup changed during measurement"",""Benchmark process lost required cores despite process-level affinity"",""Run failed, was aborted, or did not parse""]",False,False,-15,Android benchmark cgroup changed during measurement; invalid controlled comparison,2026-10-03T23:54:37.025266+00:00,435281.07503499,38.2,69.7,58.2,57.2,1363200,"{""clock_mhz"":""231"",""max_gpuclk"":""231000000"",""thermal_pwrlevel"":""13"",""gpu_busy_percentage"":""1 %"",""gpubusy"":""13900 1004273"",""temp"":""58200"",""reset_count"":""356195""}",5031.03515625,,"5:freezer:/
4:cpuset:/top-app
3:cpuacct:/top-app
2:cpu:/top-app
1:blkio:/top
0::/apps/uid_10247/pid_11813"
sustained-fixed-context-15min-cold-r1-v1-cpu,qwen2.5-coder-1.5b,sustained-matched-cold,sustained,api-20261003T210139Z-UNPLUGGED,"[""CPU availability or Android cgroup changed during measurement"",""Benchmark process Android cgroup changed during measurement"",""Benchmark process lost required cores despite process-level affinity"",""Run failed, was aborted, or did not parse""]",False,False,-15,Android benchmark cgroup changed during measurement; invalid controlled comparison,2026-10-03T23:54:38.222807+00:00,435282.272590615,38.2,68.5,58.6,58.0,1478400,"{""clock_mhz"":""231"",""max_gpuclk"":""310000000"",""thermal_pwrlevel"":""12"",""gpu_busy_percentage"":""1 %"",""gpubusy"":""13544 1024941"",""temp"":""58600"",""reset_count"":""356195""}",5030.96484375,,"5:freezer:/
4:cpuset:/top-app
3:cpuacct:/top-app
2:cpu:/top-app
1:blkio:/top
0::/apps/uid_10247/pid_11813"
sustained-fixed-context-15min-cold-r1-v1-cpu,qwen2.5-coder-1.5b,sustained-matched-cold,sustained,api-20261003T210139Z-UNPLUGGED,"[""CPU availability or Android cgroup changed during measurement"",""Benchmark process Android cgroup changed during measurement"",""Benchmark process lost required cores despite process-level affinity"",""Run failed, was aborted, or did not parse""]",False,False,-15,Android benchmark cgroup changed during measurement; invalid controlled comparison,2026-10-03T23:54:39.372828+00:00,435283.422598948,38.7,71.3,59.4,59.6,1478400,"{""clock_mhz"":""231"",""max_gpuclk"":""310000000"",""thermal_pwrlevel"":""12"",""gpu_busy_percentage"":""1 %"",""gpubusy"":""12583 1013146"",""temp"":""59400"",""reset_count"":""356195""}",5031.16015625,,"5:freezer:/
4:cpuset:/top-app
3:cpuacct:/top-app
2:cpu:/top-app
1:blkio:/top
0::/apps/uid_10247/pid_11813"
sustained-fixed-context-15min-cold-r1-v1-cpu,qwen2.5-coder-1.5b,sustained-matched-cold,sustained,api-20261003T210139Z-UNPLUGGED,"[""CPU availability or Android cgroup changed during measurement"",""Benchmark process Android cgroup changed during measurement"",""Benchmark process lost required cores despite process-level affinity"",""Run failed, was aborted, or did not parse""]",False,False,-15,Android benchmark cgroup changed during measurement; invalid controlled comparison,2026-10-03T23:54:40.533245+00:00,435284.583043947,38.7,72.0,60.2,60.0,1478400,"{""clock_mhz"":""231"",""max_gpuclk"":""310000000"",""thermal_pwrlevel"":""12"",""gpu_busy_percentage"":""1 %"",""gpubusy"":""12292 1010276"",""temp"":""60200"",""reset_count"":""356195""}",5024.26953125,,"5:freezer:/
4:cpuset:/top-app
3:cpuacct:/top-app
2:cpu:/top-app
1:blkio:/top
0::/apps/uid_10247/pid_11813"
sustained-fixed-context-15min-cold-r1-v1-cpu,qwen2.5-coder-1.5b,sustained-matched-cold,sustained,api-20261003T210139Z-UNPLUGGED,"[""CPU availability or Android cgroup changed during measurement"",""Benchmark process Android cgroup changed during measurement"",""Benchmark process lost required cores despite process-level affinity"",""Run failed, was aborted, or did not parse""]",False,False,-15,Android benchmark cgroup changed during measurement; invalid controlled comparison,2026-10-03T23:54:41.714925+00:00,435285.764692593,38.7,72.4,61.0,60.7,1478400,"{""clock_mhz"":""231"",""max_gpuclk"":""310000000"",""thermal_pwrlevel"":""12"",""gpu_busy_percentage"":""1 %"",""gpubusy"":""14131 1005305"",""temp"":""60600"",""reset_count"":""356195""}",5018.8125,,"5:freezer:/
4:cpuset:/top-app
3:cpuacct:/top-app
2:cpu:/top-app
1:blkio:/top
0::/apps/uid_10247/pid_11813"
sustained-fixed-context-15min-cold-r1-v1-cpu,qwen2.5-coder-1.5b,sustained-matched-cold,sustained,api-20261003T210139Z-UNPLUGGED,"[""CPU availability or Android cgroup changed during measurement"",""Benchmark process Android cgroup changed during measurement"",""Benchmark process lost required cores despite process-level affinity"",""Run failed, was aborted, or did not parse""]",False,False,-15,Android benchmark cgroup changed during measurement; invalid controlled comparison,2026-10-03T23:54:42.836196+00:00,435286.885964884,38.7,72.8,61.0,61.1,1478400,"{""clock_mhz"":""231"",""max_gpuclk"":""310000000"",""thermal_pwrlevel"":""12"",""gpu_busy_percentage"":""1 %"",""gpubusy"":""13053 1032103"",""temp"":""61000"",""reset_count"":""356195""}",5015.1796875,,"5:freezer:/
4:cpuset:/top-app
3:cpuacct:/top-app
2:cpu:/top-app
1:blkio:/top
0::/apps/uid_10247/pid_11813"
sustained-fixed-context-15min-cold-r1-v1-cpu,qwen2.5-coder-1.5b,sustained-matched-cold,sustained,api-20261003T210139Z-UNPLUGGED,"[""CPU availability or Android cgroup changed during measurement"",""Benchmark process Android cgroup changed during measurement"",""Benchmark process lost required cores despite process-level affinity"",""Run failed, was aborted, or did not parse""]",False,False,-15,Android benchmark cgroup changed during measurement; invalid controlled comparison,2026-10-03T23:54:43.971774+00:00,435288.021571394,38.7,73.2,60.6,61.1,1478400,"{""clock_mhz"":""231"",""max_gpuclk"":""310000000"",""thermal_pwrlevel"":""12"",""gpu_busy_percentage"":""1 %"",""gpubusy"":""11799 1006968"",""temp"":""61000"",""reset_count"":""356195""}",5013.21875,,"5:freezer:/
4:cpuset:/top-app
3:cpuacct:/top-app
2:cpu:/top-app
1:blkio:/top
0::/apps/uid_10247/pid_11813"
sustained-fixed-context-15min-cold-r1-v1-cpu,qwen2.5-coder-1.5b,sustained-matched-cold,sustained,api-20261003T210139Z-UNPLUGGED,"[""CPU availability or Android cgroup changed during measurement"",""Benchmark process Android cgroup changed during measurement"",""Benchmark process lost required cores despite process-level affinity"",""Run failed, was aborted, or did not parse""]",False,False,-15,Android benchmark cgroup changed during measurement; invalid controlled comparison,2026-10-03T23:54:45.079774+00:00,435289.129547852,38.7,72.8,60.2,59.6,1478400,"{""clock_mhz"":""231"",""max_gpuclk"":""310000000"",""thermal_pwrlevel"":""12"",""gpu_busy_percentage"":""1 %"",""gpubusy"":""14454 1007549"",""temp"":""59800"",""reset_count"":""356195""}",5012.62890625,,"5:freezer:/
4:cpuset:/top-app
3:cpuacct:/top-app
2:cpu:/top-app
1:blkio:/top
0::/apps/uid_10247/pid_11813"
sustained-fixed-context-15min-cold-r1-v1-cpu,qwen2.5-coder-1.5b,sustained-matched-cold,sustained,api-20261003T210139Z-UNPLUGGED,"[""CPU availability or Android cgroup changed during measurement"",""Benchmark process Android cgroup changed during measurement"",""Benchmark process lost required cores despite process-level affinity"",""Run failed, was aborted, or did not parse""]",False,False,-15,Android benchmark cgroup changed during measurement; invalid controlled comparison,2026-10-03T23:54:46.212293+00:00,435290.262067018,38.7,72.8,59.0,58.4,1478400,"{""clock_mhz"":""231"",""max_gpuclk"":""310000000"",""thermal_pwrlevel"":""12"",""gpu_busy_percentage"":""1 %"",""gpubusy"":""12318 1047004"",""temp"":""59400"",""reset_count"":""356195""}",5015.11328125,,"5:freezer:/
4:cpuset:/top-app
3:cpuacct:/top-app
2:cpu:/top-app
1:blkio:/top
0::/apps/uid_10247/pid_11813"
sustained-fixed-context-15min-cold-r1-v1-cpu,qwen2.5-coder-1.5b,sustained-matched-cold,sustained,api-20261003T210139Z-UNPLUGGED,"[""CPU availability or Android cgroup changed during measurement"",""Benchmark process Android cgroup changed during measurement"",""Benchmark process lost required cores despite process-level affinity"",""Run failed, was aborted, or did not parse""]",False,False,-15,Android benchmark cgroup changed during measurement; invalid controlled comparison,2026-10-03T23:54:47.343786+00:00,435291.393556497,38.7,71.3,59.4,58.0,1478400,"{""clock_mhz"":""231"",""max_gpuclk"":""310000000"",""thermal_pwrlevel"":""12"",""gpu_busy_percentage"":""1 %"",""gpubusy"":""14020 1015233"",""temp"":""59000"",""reset_count"":""356195""}",5020.03515625,,"5:freezer:/
4:cpuset:/top-app
3:cpuacct:/top-app
2:cpu:/top-app
1:blkio:/top
0::/apps/uid_10247/pid_11813"
sustained-fixed-context-15min-cold-r1-v1-cpu,qwen2.5-coder-1.5b,sustained-matched-cold,sustained,api-20261003T210139Z-UNPLUGGED,"[""CPU availability or Android cgroup changed during measurement"",""Benchmark process Android cgroup changed during measurement"",""Benchmark process lost required cores despite process-level affinity"",""Run failed, was aborted, or did not parse""]",False,False,-15,Android benchmark cgroup changed during measurement; invalid controlled comparison,2026-10-03T23:54:48.462104+00:00,435292.511858736,38.7,69.7,58.6,57.2,1363200,"{""clock_mhz"":""231"",""max_gpuclk"":""231000000"",""thermal_pwrlevel"":""13"",""gpu_busy_percentage"":""1 %"",""gpubusy"":""14809 1027827"",""temp"":""58600"",""reset_count"":""356195""}",5019.3046875,,"5:freezer:/
4:cpuset:/top-app
3:cpuacct:/top-app
2:cpu:/top-app
1:blkio:/top
0::/apps/uid_10247/pid_11813"
sustained-fixed-context-15min-cold-r1-v1-cpu,qwen2.5-coder-1.5b,sustained-matched-cold,sustained,api-20261003T210139Z-UNPLUGGED,"[""CPU availability or Android cgroup changed during measurement"",""Benchmark process Android cgroup changed during measurement"",""Benchmark process lost required cores despite process-level affinity"",""Run failed, was aborted, or did not parse""]",False,False,-15,Android benchmark cgroup changed during measurement; invalid controlled comparison,2026-10-03T23:54:49.617796+00:00,435293.667576288,38.7,68.1,58.2,56.8,1363200,"{""clock_mhz"":""231"",""max_gpuclk"":""231000000"",""thermal_pwrlevel"":""13"",""gpu_busy_percentage"":""1 %"",""gpubusy"":""14234 1016064"",""temp"":""58200"",""reset_count"":""356195""}",5018.8125,,"5:freezer:/
4:cpuset:/top-app
3:cpuacct:/top-app
2:cpu:/top-app
1:blkio:/top
0::/apps/uid_10247/pid_11813"
sustained-fixed-context-15min-cold-r1-v1-cpu,qwen2.5-coder-1.5b,sustained-matched-cold,sustained,api-20261003T210139Z-UNPLUGGED,"[""CPU availability or Android cgroup changed during measurement"",""Benchmark process Android cgroup changed during measurement"",""Benchmark process lost required cores despite process-level affinity"",""Run failed, was aborted, or did not parse""]",False,False,-15,Android benchmark cgroup changed during measurement; invalid controlled comparison,2026-10-03T23:54:50.758539+00:00,435294.808293995,38.7,68.9,57.8,56.4,1363200,"{""clock_mhz"":""231"",""max_gpuclk"":""231000000"",""thermal_pwrlevel"":""13"",""gpu_busy_percentage"":""1 %"",""gpubusy"":""13607 1018962"",""temp"":""57400"",""reset_count"":""356195""}",5018.328125,,"5:freezer:/
4:cpuset:/top-app
3:cpuacct:/top-app
2:cpu:/top-app
1:blkio:/top
0::/apps/uid_10247/pid_11813"
sustained-fixed-context-15min-cold-r1-v1-cpu,qwen2.5-coder-1.5b,sustained-matched-cold,sustained,api-20261003T210139Z-UNPLUGGED,"[""CPU availability or Android cgroup changed during measurement"",""Benchmark process Android cgroup changed during measurement"",""Benchmark process lost required cores despite process-level affinity"",""Run failed, was aborted, or did not parse""]",False,False,-15,Android benchmark cgroup changed during measurement; invalid controlled comparison,2026-10-03T23:54:51.866778+00:00,435295.916548058,38.7,68.9,59.0,58.8,1363200,"{""clock_mhz"":""231"",""max_gpuclk"":""231000000"",""thermal_pwrlevel"":""13"",""gpu_busy_percentage"":""1 %"",""gpubusy"":""12385 1011280"",""temp"":""59000"",""reset_count"":""356195""}",5014.8828125,,"5:freezer:/
4:cpuset:/top-app
3:cpuacct:/top-app
2:cpu:/top-app
1:blkio:/top
0::/apps/uid_10247/pid_11813"
sustained-fixed-context-15min-cold-r1-v1-cpu,qwen2.5-coder-1.5b,sustained-matched-cold,sustained,api-20261003T210139Z-UNPLUGGED,"[""CPU availability or Android cgroup changed during measurement"",""Benchmark process Android cgroup changed during measurement"",""Benchmark process lost required cores despite process-level affinity"",""Run failed, was aborted, or did not parse""]",False,False,-15,Android benchmark cgroup changed during measurement; invalid controlled comparison,2026-10-03T23:54:53.022044+00:00,435297.071797224,38.7,70.1,59.4,59.2,1363200,"{""clock_mhz"":""231"",""max_gpuclk"":""231000000"",""thermal_pwrlevel"":""13"",""gpu_busy_percentage"":""1 %"",""gpubusy"":""11711 1012679"",""temp"":""59000"",""reset_count"":""356195""}",5013.65625,,"5:freezer:/
4:cpuset:/top-app
3:cpuacct:/top-app
2:cpu:/top-app
1:blkio:/top
0::/apps/uid_10247/pid_11813"
sustained-fixed-context-15min-cold-r1-v1-cpu,qwen2.5-coder-1.5b,sustained-matched-cold,sustained,api-20261003T210139Z-UNPLUGGED,"[""CPU availability or Android cgroup changed during measurement"",""Benchmark process Android cgroup changed during measurement"",""Benchmark process lost required cores despite process-level affinity"",""Run failed, was aborted, or did not parse""]",False,False,-15,Android benchmark cgroup changed during measurement; invalid controlled comparison,2026-10-03T23:54:54.136051+00:00,435298.185804671,38.7,70.5,59.8,59.6,1363200,"{""clock_mhz"":""231"",""max_gpuclk"":""231000000"",""thermal_pwrlevel"":""13"",""gpu_busy_percentage"":""1 %"",""gpubusy"":""13681 1016882"",""temp"":""59400"",""reset_count"":""356195""}",5013.171875,,"5:freezer:/
4:cpuset:/top-app
3:cpuacct:/top-app
2:cpu:/top-app
1:blkio:/top
0::/apps/uid_10247/pid_11813"
sustained-fixed-context-15min-cold-r1-v1-cpu,qwen2.5-coder-1.5b,sustained-matched-cold,sustained,api-20261003T210139Z-UNPLUGGED,"[""CPU availability or Android cgroup changed during measurement"",""Benchmark process Android cgroup changed during measurement"",""Benchmark process lost required cores despite process-level affinity"",""Run failed, was aborted, or did not parse""]",False,False,-15,Android benchmark cgroup changed during measurement; invalid controlled comparison,2026-10-03T23:54:55.291296+00:00,435299.341135921,38.7,70.5,60.2,60.3,1363200,"{""clock_mhz"":""231"",""max_gpuclk"":""231000000"",""thermal_pwrlevel"":""13"",""gpu_busy_percentage"":""1 %"",""gpubusy"":""12555 1009677"",""temp"":""59400"",""reset_count"":""356195""}",5035.1328125,,"5:freezer:/
4:cpuset:/top-app
3:cpuacct:/top-app
2:cpu:/top-app
1:blkio:/top
0::/apps/uid_10247/pid_11813"
sustained-fixed-context-15min-cold-r1-v1-cpu,qwen2.5-coder-1.5b,sustained-matched-cold,sustained,api-20261003T210139Z-UNPLUGGED,"[""CPU availability or Android cgroup changed during measurement"",""Benchmark process Android cgroup changed during measurement"",""Benchmark process lost required cores despite process-level affinity"",""Run failed, was aborted, or did not parse""]",False,False,-15,Android benchmark cgroup changed during measurement; invalid controlled comparison,2026-10-03T23:54:56.466088+00:00,435300.515873941,38.7,70.1,60.2,60.0,1363200,"{""clock_mhz"":""231"",""max_gpuclk"":""231000000"",""thermal_pwrlevel"":""13"",""gpu_busy_percentage"":""1 %"",""gpubusy"":""10597 1014230"",""temp"":""59800"",""reset_count"":""356195""}",5053.48046875,,"5:freezer:/
4:cpuset:/top-app
3:cpuacct:/top-app
2:cpu:/top-app
1:blkio:/top
0::/apps/uid_10247/pid_11813"
sustained-fixed-context-15min-cold-r1-v1-cpu,qwen2.5-coder-1.5b,sustained-matched-cold,sustained,api-20261003T210139Z-UNPLUGGED,"[""CPU availability or Android cgroup changed during measurement"",""Benchmark process Android cgroup changed during measurement"",""Benchmark process lost required cores despite process-level affinity"",""Run failed, was aborted, or did not parse""]",False,False,-15,Android benchmark cgroup changed during measurement; invalid controlled comparison,2026-10-03T23:54:57.647039+00:00,435301.696834097,38.7,71.6,60.2,60.3,1363200,"{""clock_mhz"":""231"",""max_gpuclk"":""231000000"",""thermal_pwrlevel"":""13"",""gpu_busy_percentage"":""1 %"",""gpubusy"":""10667 1002855"",""temp"":""59800"",""reset_count"":""356195""}",5057.40625,,"5:freezer:/
4:cpuset:/top-app
3:cpuacct:/top-app
2:cpu:/top-app
1:blkio:/top
0::/apps/uid_10247/pid_11813"
sustained-fixed-context-15min-cold-r1-v1-cpu,qwen2.5-coder-1.5b,sustained-matched-cold,sustained,api-20261003T210139Z-UNPLUGGED,"[""CPU availability or Android cgroup changed during measurement"",""Benchmark process Android cgroup changed during measurement"",""Benchmark process lost required cores despite process-level affinity"",""Run failed, was aborted, or did not parse""]",False,False,-15,Android benchmark cgroup changed during measurement; invalid controlled comparison,2026-10-03T23:54:58.784075+00:00,435302.833828211,38.7,70.5,59.4,58.8,1363200,"{""clock_mhz"":""231"",""max_gpuclk"":""231000000"",""thermal_pwrlevel"":""13"",""gpu_busy_percentage"":""1 %"",""gpubusy"":""13057 1012497"",""temp"":""59800"",""reset_count"":""356195""}",5057.16015625,,"5:freezer:/
4:cpuset:/top-app
3:cpuacct:/top-app
2:cpu:/top-app
1:blkio:/top
0::/apps/uid_10247/pid_11813"
sustained-fixed-context-15min-cold-r1-v1-cpu,qwen2.5-coder-1.5b,sustained-matched-cold,sustained,api-20261003T210139Z-UNPLUGGED,"[""CPU availability or Android cgroup changed during measurement"",""Benchmark process Android cgroup changed during measurement"",""Benchmark process lost required cores despite process-level affinity"",""Run failed, was aborted, or did not parse""]",False,False,-15,Android benchmark cgroup changed during measurement; invalid controlled comparison,2026-10-03T23:54:59.906811+00:00,435303.956583732,38.7,68.5,59.0,58.0,1363200,"{""clock_mhz"":""231"",""max_gpuclk"":""231000000"",""thermal_pwrlevel"":""13"",""gpu_busy_percentage"":""1 %"",""gpubusy"":""14416 1006386"",""temp"":""58600"",""reset_count"":""356195""}",5047.453125,,"5:freezer:/
4:cpuset:/top-app
3:cpuacct:/top-app
2:cpu:/top-app
1:blkio:/top
0::/apps/uid_10247/pid_11813"
sustained-fixed-context-15min-cold-r1-v1-cpu,qwen2.5-coder-1.5b,sustained-matched-cold,sustained,api-20261003T210139Z-UNPLUGGED,"[""CPU availability or Android cgroup changed during measurement"",""Benchmark process Android cgroup changed during measurement"",""Benchmark process lost required cores despite process-level affinity"",""Run failed, was aborted, or did not parse""]",False,False,-15,Android benchmark cgroup changed during measurement; invalid controlled comparison,2026-10-03T23:55:01.037987+00:00,435305.087742429,38.7,68.9,58.2,57.2,1363200,"{""clock_mhz"":""231"",""max_gpuclk"":""231000000"",""thermal_pwrlevel"":""13"",""gpu_busy_percentage"":""1 %"",""gpubusy"":""14700 1002332"",""temp"":""58200"",""reset_count"":""356195""}",5044.9921875,,"5:freezer:/
4:cpuset:/top-app
3:cpuacct:/top-app
2:cpu:/top-app
1:blkio:/top
0::/apps/uid_10247/pid_11813"
sustained-fixed-context-15min-cold-r1-v1-cpu,qwen2.5-coder-1.5b,sustained-matched-cold,sustained,api-20261003T210139Z-UNPLUGGED,"[""CPU availability or Android cgroup changed during measurement"",""Benchmark process Android cgroup changed during measurement"",""Benchmark process lost required cores despite process-level affinity"",""Run failed, was aborted, or did not parse""]",False,False,-15,Android benchmark cgroup changed during measurement; invalid controlled comparison,2026-10-03T23:55:02.195669+00:00,435306.245443314,38.7,68.9,57.8,56.4,1363200,"{""clock_mhz"":""231"",""max_gpuclk"":""231000000"",""thermal_pwrlevel"":""13"",""gpu_busy_percentage"":""1 %"",""gpubusy"":""12953 1030880"",""temp"":""58200"",""reset_count"":""356195""}",5034.171875,,"5:freezer:/
4:cpuset:/top-app
3:cpuacct:/top-app
2:cpu:/top-app
1:blkio:/top
0::/apps/uid_10247/pid_11813"
sustained-fixed-context-15min-cold-r1-v1-cpu,qwen2.5-coder-1.5b,sustained-matched-cold,sustained,api-20261003T210139Z-UNPLUGGED,"[""CPU availability or Android cgroup changed during measurement"",""Benchmark process Android cgroup changed during measurement"",""Benchmark process lost required cores despite process-level affinity"",""Run failed, was aborted, or did not parse""]",False,False,-15,Android benchmark cgroup changed during measurement; invalid controlled comparison,2026-10-03T23:55:03.381150+00:00,435307.430930814,38.7,69.3,58.2,56.8,1363200,"{""clock_mhz"":""231"",""max_gpuclk"":""231000000"",""thermal_pwrlevel"":""13"",""gpu_busy_percentage"":""1 %"",""gpubusy"":""12917 1016314"",""temp"":""58200"",""reset_count"":""356195""}",5016.1015625,,"5:freezer:/
4:cpuset:/top-app
3:cpuacct:/top-app
2:cpu:/top-app
1:blkio:/top
0::/apps/uid_10247/pid_11813"
sustained-fixed-context-15min-cold-r1-v1-cpu,qwen2.5-coder-1.5b,sustained-matched-cold,sustained,api-20261003T210139Z-UNPLUGGED,"[""CPU availability or Android cgroup changed during measurement"",""Benchmark process Android cgroup changed during measurement"",""Benchmark process lost required cores despite process-level affinity"",""Run failed, was aborted, or did not parse""]",False,False,-15,Android benchmark cgroup changed during measurement; invalid controlled comparison,2026-10-03T23:55:04.543739+00:00,435308.593491074,38.7,68.5,57.8,56.4,1363200,"{""clock_mhz"":""231"",""max_gpuclk"":""231000000"",""thermal_pwrlevel"":""13"",""gpu_busy_percentage"":""1 %"",""gpubusy"":""12968 1012487"",""temp"":""57800"",""reset_count"":""356195""}",5030.484375,,"5:freezer:/
4:cpuset:/top-app
3:cpuacct:/top-app
2:cpu:/top-app
1:blkio:/top
0::/apps/uid_10247/pid_11813"
sustained-fixed-context-15min-cold-r1-v1-cpu,qwen2.5-coder-1.5b,sustained-matched-cold,sustained,api-20261003T210139Z-UNPLUGGED,"[""CPU availability or Android cgroup changed during measurement"",""Benchmark process Android cgroup changed during measurement"",""Benchmark process lost required cores despite process-level affinity"",""Run failed, was aborted, or did not parse""]",False,False,-15,Android benchmark cgroup changed during measurement; invalid controlled comparison,2026-10-03T23:55:05.668721+00:00,435309.719072688,38.7,68.5,57.8,57.6,1363200,"{""clock_mhz"":""231"",""max_gpuclk"":""231000000"",""thermal_pwrlevel"":""13"",""gpu_busy_percentage"":""1 %"",""gpubusy"":""13849 1005310"",""temp"":""57400"",""reset_count"":""356195""}",5030.484375,,"5:freezer:/
4:cpuset:/top-app
3:cpuacct:/top-app
2:cpu:/top-app
1:blkio:/top
0::/apps/uid_10247/pid_11813"
sustained-fixed-context-15min-cold-r1-v1-cpu,qwen2.5-coder-1.5b,sustained-matched-cold,sustained,api-20261003T210139Z-UNPLUGGED,"[""CPU availability or Android cgroup changed during measurement"",""Benchmark process Android cgroup changed during measurement"",""Benchmark process lost required cores despite process-level affinity"",""Run failed, was aborted, or did not parse""]",False,False,-15,Android benchmark cgroup changed during measurement; invalid controlled comparison,2026-10-03T23:55:06.807890+00:00,435310.85764451,38.7,68.9,59.0,58.8,1363200,"{""clock_mhz"":""231"",""max_gpuclk"":""231000000"",""thermal_pwrlevel"":""13"",""gpu_busy_percentage"":""1 %"",""gpubusy"":""12306 1014822"",""temp"":""59000"",""reset_count"":""356195""}",5029.81640625,,"5:freezer:/
4:cpuset:/top-app
3:cpuacct:/top-app
2:cpu:/top-app
1:blkio:/top
0::/apps/uid_10247/pid_11813"
sustained-fixed-context-15min-cold-r1-v1-cpu,qwen2.5-coder-1.5b,sustained-matched-cold,sustained,api-20261003T210139Z-UNPLUGGED,"[""CPU availability or Android cgroup changed during measurement"",""Benchmark process Android cgroup changed during measurement"",""Benchmark process lost required cores despite process-level affinity"",""Run failed, was aborted, or did not parse""]",False,False,-15,Android benchmark cgroup changed during measurement; invalid controlled comparison,2026-10-03T23:55:07.995362+00:00,435312.045115343,38.7,69.3,59.0,59.6,1363200,"{""clock_mhz"":""231"",""max_gpuclk"":""231000000"",""thermal_pwrlevel"":""13"",""gpu_busy_percentage"":""1 %"",""gpubusy"":""11315 1027685"",""temp"":""59400"",""reset_count"":""356195""}",5029.83984375,,"5:freezer:/
4:cpuset:/top-app
3:cpuacct:/top-app
2:cpu:/top-app
1:blkio:/top
0::/apps/uid_10247/pid_11813"
sustained-fixed-context-15min-cold-r1-v1-cpu,qwen2.5-coder-1.5b,sustained-matched-cold,sustained,api-20261003T210139Z-UNPLUGGED,"[""CPU availability or Android cgroup changed during measurement"",""Benchmark process Android cgroup changed during measurement"",""Benchmark process lost required cores despite process-level affinity"",""Run failed, was aborted, or did not parse""]",False,False,-15,Android benchmark cgroup changed during measurement; invalid controlled comparison,2026-10-03T23:55:09.119046+00:00,435313.168800968,38.9,69.7,59.4,59.6,1363200,"{""clock_mhz"":""231"",""max_gpuclk"":""231000000"",""thermal_pwrlevel"":""13"",""gpu_busy_percentage"":""1 %"",""gpubusy"":""12941 1018097"",""temp"":""59800"",""reset_count"":""356195""}",5029.1015625,,"5:freezer:/
4:cpuset:/top-app
3:cpuacct:/top-app
2:cpu:/top-app
1:blkio:/top
0::/apps/uid_10247/pid_11813"
sustained-fixed-context-15min-cold-r1-v1-cpu,qwen2.5-coder-1.5b,sustained-matched-cold,sustained,api-20261003T210139Z-UNPLUGGED,"[""CPU availability or Android cgroup changed during measurement"",""Benchmark process Android cgroup changed during measurement"",""Benchmark process lost required cores despite process-level affinity"",""Run failed, was aborted, or did not parse""]",False,False,-15,Android benchmark cgroup changed during measurement; invalid controlled comparison,2026-10-03T23:55:10.251924+00:00,435314.301680394,38.9,70.9,59.8,60.0,1363200,"{""clock_mhz"":""231"",""max_gpuclk"":""231000000"",""thermal_pwrlevel"":""13"",""gpu_busy_percentage"":""1 %"",""gpubusy"":""11796 1001013"",""temp"":""59800"",""reset_count"":""356195""}",5028.1015625,,"5:freezer:/
4:cpuset:/top-app
3:cpuacct:/top-app
2:cpu:/top-app
1:blkio:/top
0::/apps/uid_10247/pid_11813"
sustained-fixed-context-15min-cold-r1-v1-cpu,qwen2.5-coder-1.5b,sustained-matched-cold,sustained,api-20261003T210139Z-UNPLUGGED,"[""CPU availability or Android cgroup changed during measurement"",""Benchmark process Android cgroup changed during measurement"",""Benchmark process lost required cores despite process-level affinity"",""Run failed, was aborted, or did not parse""]",False,False,-15,Android benchmark cgroup changed during measurement; invalid controlled comparison,2026-10-03T23:55:11.399392+00:00,435315.449142998,38.9,70.9,60.2,60.3,1363200,"{""clock_mhz"":""231"",""max_gpuclk"":""231000000"",""thermal_pwrlevel"":""13"",""gpu_busy_percentage"":""1 %"",""gpubusy"":""12155 1010607"",""temp"":""59800"",""reset_count"":""356195""}",5026.83984375,,"5:freezer:/
4:cpuset:/top-app
3:cpuacct:/top-app
2:cpu:/top-app
1:blkio:/top
0::/apps/uid_10247/pid_11813"
sustained-fixed-context-15min-cold-r1-v1-cpu,qwen2.5-coder-1.5b,sustained-matched-cold,sustained,api-20261003T210139Z-UNPLUGGED,"[""CPU availability or Android cgroup changed during measurement"",""Benchmark process Android cgroup changed during measurement"",""Benchmark process lost required cores despite process-level affinity"",""Run failed, was aborted, or did not parse""]",False,False,-15,Android benchmark cgroup changed during measurement; invalid controlled comparison,2026-10-03T23:55:12.508144+00:00,435316.557896279,38.9,72.0,59.4,59.6,1363200,"{""clock_mhz"":""231"",""max_gpuclk"":""231000000"",""thermal_pwrlevel"":""13"",""gpu_busy_percentage"":""1 %"",""gpubusy"":""13315 1023241"",""temp"":""59800"",""reset_count"":""356195""}",5026.59375,,"5:freezer:/
4:cpuset:/top-app
3:cpuacct:/top-app
2:cpu:/top-app
1:blkio:/top
0::/apps/uid_10247/pid_11813"
sustained-fixed-context-15min-cold-r1-v1-cpu,qwen2.5-coder-1.5b,sustained-matched-cold,sustained,api-20261003T210139Z-UNPLUGGED,"[""CPU availability or Android cgroup changed during measurement"",""Benchmark process Android cgroup changed during measurement"",""Benchmark process lost required cores despite process-level affinity"",""Run failed, was aborted, or did not parse""]",False,False,-15,Android benchmark cgroup changed during measurement; invalid controlled comparison,2026-10-03T23:55:13.615296+00:00,435317.665046903,38.9,70.5,59.0,58.0,1363200,"{""clock_mhz"":""231"",""max_gpuclk"":""231000000"",""thermal_pwrlevel"":""13"",""gpu_busy_percentage"":""1 %"",""gpubusy"":""13528 1020031"",""temp"":""58600"",""reset_count"":""356195""}",5016.00390625,,"5:freezer:/
4:cpuset:/top-app
3:cpuacct:/top-app
2:cpu:/top-app
1:blkio:/top
0::/apps/uid_10247/pid_11813"
sustained-fixed-context-15min-cold-r1-v1-cpu,qwen2.5-coder-1.5b,sustained-matched-cold,sustained,api-20261003T210139Z-UNPLUGGED,"[""CPU availability or Android cgroup changed during measurement"",""Benchmark process Android cgroup changed during measurement"",""Benchmark process lost required cores despite process-level affinity"",""Run failed, was aborted, or did not parse""]",False,False,-15,Android benchmark cgroup changed during measurement; invalid controlled comparison,2026-10-03T23:55:14.747042+00:00,435318.796794299,38.9,69.3,58.2,57.6,1363200,"{""clock_mhz"":""231"",""max_gpuclk"":""231000000"",""thermal_pwrlevel"":""13"",""gpu_busy_percentage"":""1 %"",""gpubusy"":""15053 1022804"",""temp"":""58200"",""reset_count"":""356195""}",5009.8671875,,"5:freezer:/
4:cpuset:/top-app
3:cpuacct:/top-app
2:cpu:/top-app
1:blkio:/top
0::/apps/uid_10247/pid_11813"
sustained-fixed-context-15min-cold-r1-v1-cpu,qwen2.5-coder-1.5b,sustained-matched-cold,sustained,api-20261003T210139Z-UNPLUGGED,"[""CPU availability or Android cgroup changed during measurement"",""Benchmark process Android cgroup changed during measurement"",""Benchmark process lost required cores despite process-level affinity"",""Run failed, was aborted, or did not parse""]",False,False,-15,Android benchmark cgroup changed during measurement; invalid controlled comparison,2026-10-03T23:55:15.876076+00:00,435319.925857788,38.9,68.5,57.8,56.8,1363200,"{""clock_mhz"":""231"",""max_gpuclk"":""231000000"",""thermal_pwrlevel"":""13"",""gpu_busy_percentage"":""1 %"",""gpubusy"":""14891 1015499"",""temp"":""57800"",""reset_count"":""356195""}",5007.91796875,,"5:freezer:/
4:cpuset:/top-app
3:cpuacct:/top-app
2:cpu:/top-app
1:blkio:/top
0::/apps/uid_10247/pid_11813"
sustained-fixed-context-15min-cold-r1-v1-cpu,qwen2.5-coder-1.5b,sustained-matched-cold,sustained,api-20261003T210139Z-UNPLUGGED,"[""CPU availability or Android cgroup changed during measurement"",""Benchmark process Android cgroup changed during measurement"",""Benchmark process lost required cores despite process-level affinity"",""Run failed, was aborted, or did not parse""]",False,False,-15,Android benchmark cgroup changed during measurement; invalid controlled comparison,2026-10-03T23:55:16.993846+00:00,435321.0436006,38.9,68.5,57.4,56.8,1363200,"{""clock_mhz"":""231"",""max_gpuclk"":""231000000"",""thermal_pwrlevel"":""13"",""gpu_busy_percentage"":""1 %"",""gpubusy"":""13540 1015636"",""temp"":""57800"",""reset_count"":""356195""}",5006.44921875,,"5:freezer:/
4:cpuset:/top-app
3:cpuacct:/top-app
2:cpu:/top-app
1:blkio:/top
0::/apps/uid_10247/pid_11813"
sustained-fixed-context-15min-cold-r1-v1-cpu,qwen2.5-coder-1.5b,sustained-matched-cold,sustained,api-20261003T210139Z-UNPLUGGED,"[""CPU availability or Android cgroup changed during measurement"",""Benchmark process Android cgroup changed during measurement"",""Benchmark process lost required cores despite process-level affinity"",""Run failed, was aborted, or did not parse""]",False,False,-15,Android benchmark cgroup changed during measurement; invalid controlled comparison,2026-10-03T23:55:18.130400+00:00,435322.180177422,38.9,68.1,57.4,56.4,1363200,"{""clock_mhz"":""231"",""max_gpuclk"":""231000000"",""thermal_pwrlevel"":""13"",""gpu_busy_percentage"":""1 %"",""gpubusy"":""13532 1001514"",""temp"":""57000"",""reset_count"":""356195""}",5006.984375,,"5:freezer:/
4:cpuset:/top-app
3:cpuacct:/top-app
2:cpu:/top-app
1:blkio:/top
0::/apps/uid_10247/pid_11813"
sustained-fixed-context-15min-cold-r1-v1-cpu,qwen2.5-coder-1.5b,sustained-matched-cold,sustained,api-20261003T210139Z-UNPLUGGED,"[""CPU availability or Android cgroup changed during measurement"",""Benchmark process Android cgroup changed during measurement"",""Benchmark process lost required cores despite process-level affinity"",""Run failed, was aborted, or did not parse""]",False,False,-15,Android benchmark cgroup changed during measurement; invalid controlled comparison,2026-10-03T23:55:19.245795+00:00,435323.295546745,38.9,67.7,57.4,56.4,1363200,"{""clock_mhz"":""231"",""max_gpuclk"":""231000000"",""thermal_pwrlevel"":""13"",""gpu_busy_percentage"":""1 %"",""gpubusy"":""13632 1019438"",""temp"":""57400"",""reset_count"":""356195""}",5005.0,,"5:freezer:/
4:cpuset:/top-app
3:cpuacct:/top-app
2:cpu:/top-app
1:blkio:/top
0::/apps/uid_10247/pid_11813"
sustained-fixed-context-15min-cold-r1-v1-cpu,qwen2.5-coder-1.5b,sustained-matched-cold,sustained,api-20261003T210139Z-UNPLUGGED,"[""CPU availability or Android cgroup changed during measurement"",""Benchmark process Android cgroup changed during measurement"",""Benchmark process lost required cores despite process-level affinity"",""Run failed, was aborted, or did not parse""]",False,False,-15,Android benchmark cgroup changed during measurement; invalid controlled comparison,2026-10-03T23:55:20.368836+00:00,435324.418610651,38.9,68.9,58.2,58.4,1363200,"{""clock_mhz"":""231"",""max_gpuclk"":""231000000"",""thermal_pwrlevel"":""13"",""gpu_busy_percentage"":""1 %"",""gpubusy"":""13251 1024187"",""temp"":""58200"",""reset_count"":""356195""}",5004.26171875,,"5:freezer:/
4:cpuset:/top-app
3:cpuacct:/top-app
2:cpu:/top-app
1:blkio:/top
0::/apps/uid_10247/pid_11813"
sustained-fixed-context-15min-cold-r1-v1-cpu,qwen2.5-coder-1.5b,sustained-matched-cold,sustained,api-20261003T210139Z-UNPLUGGED,"[""CPU availability or Android cgroup changed during measurement"",""Benchmark process Android cgroup changed during measurement"",""Benchmark process lost required cores despite process-level affinity"",""Run failed, was aborted, or did not parse""]",False,False,-15,Android benchmark cgroup changed during measurement; invalid controlled comparison,2026-10-03T23:55:21.492693+00:00,435325.542473463,38.9,68.5,58.6,59.2,1363200,"{""clock_mhz"":""231"",""max_gpuclk"":""231000000"",""thermal_pwrlevel"":""13"",""gpu_busy_percentage"":""1 %"",""gpubusy"":""11420 1022156"",""temp"":""58600"",""reset_count"":""356195""}",5003.28515625,,"5:freezer:/
4:cpuset:/top-app
3:cpuacct:/top-app
2:cpu:/top-app
1:blkio:/top
0::/apps/uid_10247/pid_11813"
sustained-fixed-context-15min-cold-r1-v1-cpu,qwen2.5-coder-1.5b,sustained-matched-cold,sustained,api-20261003T210139Z-UNPLUGGED,"[""CPU availability or Android cgroup changed during measurement"",""Benchmark process Android cgroup changed during measurement"",""Benchmark process lost required cores despite process-level affinity"",""Run failed, was aborted, or did not parse""]",False,False,-15,Android benchmark cgroup changed during measurement; invalid controlled comparison,2026-10-03T23:55:22.661420+00:00,435326.711174556,38.9,70.1,59.0,59.6,1363200,"{""clock_mhz"":""231"",""max_gpuclk"":""231000000"",""thermal_pwrlevel"":""13"",""gpu_busy_percentage"":""1 %"",""gpubusy"":""12247 1055128"",""temp"":""59800"",""reset_count"":""356195""}",5001.52734375,,"5:freezer:/
4:cpuset:/top-app
3:cpuacct:/top-app
2:cpu:/top-app
1:blkio:/top
0::/apps/uid_10247/pid_11813"
sustained-fixed-context-15min-cold-r1-v1-cpu,qwen2.5-coder-1.5b,sustained-matched-cold,sustained,api-20261003T210139Z-UNPLUGGED,"[""CPU availability or Android cgroup changed during measurement"",""Benchmark process Android cgroup changed during measurement"",""Benchmark process lost required cores despite process-level affinity"",""Run failed, was aborted, or did not parse""]",False,False,-15,Android benchmark cgroup changed during measurement; invalid controlled comparison,2026-10-03T23:55:23.794890+00:00,435327.844690077,38.9,70.5,59.4,60.0,1363200,"{""clock_mhz"":""231"",""max_gpuclk"":""231000000"",""thermal_pwrlevel"":""13"",""gpu_busy_percentage"":""1 %"",""gpubusy"":""12498 1004699"",""temp"":""59400"",""reset_count"":""356195""}",5001.28125,,"5:freezer:/
4:cpuset:/top-app
3:cpuacct:/top-app
2:cpu:/top-app
1:blkio:/top
0::/apps/uid_10247/pid_11813"
sustained-fixed-context-15min-cold-r1-v1-cpu,qwen2.5-coder-1.5b,sustained-matched-cold,sustained,api-20261003T210139Z-UNPLUGGED,"[""CPU availability or Android cgroup changed during measurement"",""Benchmark process Android cgroup changed during measurement"",""Benchmark process lost required cores despite process-level affinity"",""Run failed, was aborted, or did not parse""]",False,False,-15,Android benchmark cgroup changed during measurement; invalid controlled comparison,2026-10-03T23:55:24.947357+00:00,435328.99717242,38.9,70.5,60.2,60.3,1363200,"{""clock_mhz"":""231"",""max_gpuclk"":""231000000"",""thermal_pwrlevel"":""13"",""gpu_busy_percentage"":""1 %"",""gpubusy"":""10635 1020164"",""temp"":""59400"",""reset_count"":""356195""}",4989.95703125,,"5:freezer:/
4:cpuset:/top-app
3:cpuacct:/top-app
2:cpu:/top-app
1:blkio:/top
0::/apps/uid_10247/pid_11813"
sustained-fixed-context-15min-cold-r1-v1-cpu,qwen2.5-coder-1.5b,sustained-matched-cold,sustained,api-20261003T210139Z-UNPLUGGED,"[""CPU availability or Android cgroup changed during measurement"",""Benchmark process Android cgroup changed during measurement"",""Benchmark process lost required cores despite process-level affinity"",""Run failed, was aborted, or did not parse""]",False,False,-15,Android benchmark cgroup changed during measurement; invalid controlled comparison,2026-10-03T23:55:26.071052+00:00,435330.120805701,38.9,70.5,60.2,60.3,1363200,"{""clock_mhz"":""231"",""max_gpuclk"":""231000000"",""thermal_pwrlevel"":""13"",""gpu_busy_percentage"":""1 %"",""gpubusy"":""12210 1020132"",""temp"":""59800"",""reset_count"":""356195""}",4989.95703125,,"5:freezer:/
4:cpuset:/top-app
3:cpuacct:/top-app
2:cpu:/top-app
1:blkio:/top
0::/apps/uid_10247/pid_11813"
sustained-fixed-context-15min-cold-r1-v1-cpu,qwen2.5-coder-1.5b,sustained-matched-cold,sustained,api-20261003T210139Z-UNPLUGGED,"[""CPU availability or Android cgroup changed during measurement"",""Benchmark process Android cgroup changed during measurement"",""Benchmark process lost required cores despite process-level affinity"",""Run failed, was aborted, or did not parse""]",False,False,-15,Android benchmark cgroup changed during measurement; invalid controlled comparison,2026-10-03T23:55:27.184512+00:00,435331.23426419,38.9,70.5,59.0,58.4,1363200,"{""clock_mhz"":""231"",""max_gpuclk"":""231000000"",""thermal_pwrlevel"":""13"",""gpu_busy_percentage"":""1 %"",""gpubusy"":""13324 1005743"",""temp"":""59000"",""reset_count"":""356195""}",4987.55078125,,"5:freezer:/
4:cpuset:/top-app
3:cpuacct:/top-app
2:cpu:/top-app
1:blkio:/top
0::/apps/uid_10247/pid_11813"
sustained-fixed-context-15min-cold-r1-v1-cpu,qwen2.5-coder-1.5b,sustained-matched-cold,sustained,api-20261003T210139Z-UNPLUGGED,"[""CPU availability or Android cgroup changed during measurement"",""Benchmark process Android cgroup changed during measurement"",""Benchmark process lost required cores despite process-level affinity"",""Run failed, was aborted, or did not parse""]",False,False,-15,Android benchmark cgroup changed during measurement; invalid controlled comparison,2026-10-03T23:55:28.300647+00:00,435332.350425648,38.9,69.3,58.2,57.2,1363200,"{""clock_mhz"":""231"",""max_gpuclk"":""231000000"",""thermal_pwrlevel"":""13"",""gpu_busy_percentage"":""1 %"",""gpubusy"":""12994 1022175"",""temp"":""58200"",""reset_count"":""356195""}",4986.8203125,,"5:freezer:/
4:cpuset:/top-app
3:cpuacct:/top-app
2:cpu:/top-app
1:blkio:/top
0::/apps/uid_10247/pid_11813"
sustained-fixed-context-15min-cold-r1-v1-cpu,qwen2.5-coder-1.5b,sustained-matched-cold,sustained,api-20261003T210139Z-UNPLUGGED,"[""CPU availability or Android cgroup changed during measurement"",""Benchmark process Android cgroup changed during measurement"",""Benchmark process lost required cores despite process-level affinity"",""Run failed, was aborted, or did not parse""]",False,False,-15,Android benchmark cgroup changed during measurement; invalid controlled comparison,2026-10-03T23:55:29.488079+00:00,435333.537843356,38.9,69.3,57.8,57.2,1363200,"{""clock_mhz"":""231"",""max_gpuclk"":""231000000"",""thermal_pwrlevel"":""13"",""gpu_busy_percentage"":""1 %"",""gpubusy"":""15392 1023808"",""temp"":""58200"",""reset_count"":""356195""}",4998.98046875,,"5:freezer:/
4:cpuset:/top-app
3:cpuacct:/top-app
2:cpu:/top-app
1:blkio:/top
0::/apps/uid_10247/pid_11813"
sustained-fixed-context-15min-cold-r1-v1-cpu,qwen2.5-coder-1.5b,sustained-matched-cold,sustained,api-20261003T210139Z-UNPLUGGED,"[""CPU availability or Android cgroup changed during measurement"",""Benchmark process Android cgroup changed during measurement"",""Benchmark process lost required cores despite process-level affinity"",""Run failed, was aborted, or did not parse""]",False,False,-15,Android benchmark cgroup changed during measurement; invalid controlled comparison,2026-10-03T23:55:30.603318+00:00,435334.653070647,38.9,68.5,57.8,56.8,1363200,"{""clock_mhz"":""231"",""max_gpuclk"":""231000000"",""thermal_pwrlevel"":""13"",""gpu_busy_percentage"":""1 %"",""gpubusy"":""13595 1016514"",""temp"":""57800"",""reset_count"":""356195""}",5009.5703125,,"5:freezer:/
4:cpuset:/top-app
3:cpuacct:/top-app
2:cpu:/top-app
1:blkio:/top
0::/apps/uid_10247/pid_11813"
sustained-fixed-context-15min-cold-r1-v1-cpu,qwen2.5-coder-1.5b,sustained-matched-cold,sustained,api-20261003T210139Z-UNPLUGGED,"[""CPU availability or Android cgroup changed during measurement"",""Benchmark process Android cgroup changed during measurement"",""Benchmark process lost required cores despite process-level affinity"",""Run failed, was aborted, or did not parse""]",False,False,-15,Android benchmark cgroup changed during measurement; invalid controlled comparison,2026-10-03T23:55:31.706163+00:00,435335.755937886,38.9,68.1,57.4,56.4,1363200,"{""clock_mhz"":""231"",""max_gpuclk"":""231000000"",""thermal_pwrlevel"":""13"",""gpu_busy_percentage"":""1 %"",""gpubusy"":""13514 1007045"",""temp"":""57000"",""reset_count"":""356195""}",5008.83984375,,"5:freezer:/
4:cpuset:/top-app
3:cpuacct:/top-app
2:cpu:/top-app
1:blkio:/top
0::/apps/uid_10247/pid_11813"
sustained-fixed-context-15min-cold-r1-v1-cpu,qwen2.5-coder-1.5b,sustained-matched-cold,sustained,api-20261003T210139Z-UNPLUGGED,"[""CPU availability or Android cgroup changed during measurement"",""Benchmark process Android cgroup changed during measurement"",""Benchmark process lost required cores despite process-level affinity"",""Run failed, was aborted, or did not parse""]",False,False,-15,Android benchmark cgroup changed during measurement; invalid controlled comparison,2026-10-03T23:55:32.848358+00:00,435336.898131063,38.9,68.5,57.0,56.4,1363200,"{""clock_mhz"":""231"",""max_gpuclk"":""231000000"",""thermal_pwrlevel"":""13"",""gpu_busy_percentage"":""1 %"",""gpubusy"":""12921 1030046"",""temp"":""57400"",""reset_count"":""356195""}",5008.5703125,,"5:freezer:/
4:cpuset:/top-app
3:cpuacct:/top-app
2:cpu:/top-app
1:blkio:/top
0::/apps/uid_10247/pid_11813"
sustained-fixed-context-15min-cold-r1-v1-cpu,qwen2.5-coder-1.5b,sustained-matched-cold,sustained,api-20261003T210139Z-UNPLUGGED,"[""CPU availability or Android cgroup changed during measurement"",""Benchmark process Android cgroup changed during measurement"",""Benchmark process lost required cores despite process-level affinity"",""Run failed, was aborted, or did not parse""]",False,False,-15,Android benchmark cgroup changed during measurement; invalid controlled comparison,2026-10-03T23:55:33.992673+00:00,435338.042435854,38.9,68.1,57.4,57.6,1363200,"{""clock_mhz"":""231"",""max_gpuclk"":""231000000"",""thermal_pwrlevel"":""13"",""gpu_busy_percentage"":""1 %"",""gpubusy"":""12818 1021563"",""temp"":""57800"",""reset_count"":""356195""}",5038.50390625,,"5:freezer:/
4:cpuset:/top-app
3:cpuacct:/top-app
2:cpu:/top-app
1:blkio:/top
0::/apps/uid_10247/pid_11813"
sustained-fixed-context-15min-cold-r1-v1-cpu,qwen2.5-coder-1.5b,sustained-matched-cold,sustained,api-20261003T210139Z-UNPLUGGED,"[""CPU availability or Android cgroup changed during measurement"",""Benchmark process Android cgroup changed during measurement"",""Benchmark process lost required cores despite process-level affinity"",""Run failed, was aborted, or did not parse""]",False,False,-15,Android benchmark cgroup changed during measurement; invalid controlled comparison,2026-10-03T23:55:35.122740+00:00,435339.172494083,38.9,69.3,59.0,58.8,1363200,"{""clock_mhz"":""231"",""max_gpuclk"":""231000000"",""thermal_pwrlevel"":""13"",""gpu_busy_percentage"":""1 %"",""gpubusy"":""12259 1012324"",""temp"":""59000"",""reset_count"":""356195""}",5038.5078125,,"5:freezer:/
4:cpuset:/top-app
3:cpuacct:/top-app
2:cpu:/top-app
1:blkio:/top
0::/apps/uid_10247/pid_11813"
sustained-fixed-context-15min-cold-r1-v1-cpu,qwen2.5-coder-1.5b,sustained-matched-cold,sustained,api-20261003T210139Z-UNPLUGGED,"[""CPU availability or Android cgroup changed during measurement"",""Benchmark process Android cgroup changed during measurement"",""Benchmark process lost required cores despite process-level affinity"",""Run failed, was aborted, or did not parse""]",False,False,-15,Android benchmark cgroup changed during measurement; invalid controlled comparison,2026-10-03T23:55:36.243563+00:00,435340.293350488,38.9,70.1,59.0,59.2,1363200,"{""clock_mhz"":""231"",""max_gpuclk"":""231000000"",""thermal_pwrlevel"":""13"",""gpu_busy_percentage"":""1 %"",""gpubusy"":""12243 1041555"",""temp"":""59000"",""reset_count"":""356195""}",5035.80078125,,"5:freezer:/
4:cpuset:/top-app
3:cpuacct:/top-app
2:cpu:/top-app
1:blkio:/top
0::/apps/uid_10247/pid_11813"
sustained-fixed-context-15min-cold-r1-v1-cpu,qwen2.5-coder-1.5b,sustained-matched-cold,sustained,api-20261003T210139Z-UNPLUGGED,"[""CPU availability or Android cgroup changed during measurement"",""Benchmark process Android cgroup changed during measurement"",""Benchmark process lost required cores despite process-level affinity"",""Run failed, was aborted, or did not parse""]",False,False,-15,Android benchmark cgroup changed during measurement; invalid controlled comparison,2026-10-03T23:55:37.378199+00:00,435341.427977988,38.9,70.1,59.4,60.0,1363200,"{""clock_mhz"":""231"",""max_gpuclk"":""231000000"",""thermal_pwrlevel"":""13"",""gpu_busy_percentage"":""1 %"",""gpubusy"":""11742 1029786"",""temp"":""59400"",""reset_count"":""356195""}",5034.828125,,"5:freezer:/
4:cpuset:/top-app
3:cpuacct:/top-app
2:cpu:/top-app
1:blkio:/top
0::/apps/uid_10247/pid_11813"
sustained-fixed-context-15min-cold-r1-v1-cpu,qwen2.5-coder-1.5b,sustained-matched-cold,sustained,api-20261003T210139Z-UNPLUGGED,"[""CPU availability or Android cgroup changed during measurement"",""Benchmark process Android cgroup changed during measurement"",""Benchmark process lost required cores despite process-level affinity"",""Run failed, was aborted, or did not parse""]",False,False,-15,Android benchmark cgroup changed during measurement; invalid controlled comparison,2026-10-03T23:55:38.512096+00:00,435342.561873717,38.9,69.7,59.8,60.0,1363200,"{""clock_mhz"":""231"",""max_gpuclk"":""231000000"",""thermal_pwrlevel"":""13"",""gpu_busy_percentage"":""1 %"",""gpubusy"":""12942 1022536"",""temp"":""59400"",""reset_count"":""356195""}",5033.85546875,,"5:freezer:/
4:cpuset:/top-app
3:cpuacct:/top-app
2:cpu:/top-app
1:blkio:/top
0::/apps/uid_10247/pid_11813"
sustained-fixed-context-15min-cold-r1-v1-cpu,qwen2.5-coder-1.5b,sustained-matched-cold,sustained,api-20261003T210139Z-UNPLUGGED,"[""CPU availability or Android cgroup changed during measurement"",""Benchmark process Android cgroup changed during measurement"",""Benchmark process lost required cores despite process-level affinity"",""Run failed, was aborted, or did not parse""]",False,False,-15,Android benchmark cgroup changed during measurement; invalid controlled comparison,2026-10-03T23:55:39.663223+00:00,435343.713003456,39.1,71.3,59.8,60.3,1363200,"{""clock_mhz"":""231"",""max_gpuclk"":""231000000"",""thermal_pwrlevel"":""13"",""gpu_busy_percentage"":""1 %"",""gpubusy"":""11393 1011292"",""temp"":""59800"",""reset_count"":""356195""}",5033.36328125,,"5:freezer:/
4:cpuset:/top-app
3:cpuacct:/top-app
2:cpu:/top-app
1:blkio:/top
0::/apps/uid_10247/pid_11813"
sustained-fixed-context-15min-cold-r1-v1-cpu,qwen2.5-coder-1.5b,sustained-matched-cold,sustained,api-20261003T210139Z-UNPLUGGED,"[""CPU availability or Android cgroup changed during measurement"",""Benchmark process Android cgroup changed during measurement"",""Benchmark process lost required cores despite process-level affinity"",""Run failed, was aborted, or did not parse""]",False,False,-15,Android benchmark cgroup changed during measurement; invalid controlled comparison,2026-10-03T23:55:40.792121+00:00,435344.841871737,39.1,70.9,59.0,58.4,1363200,"{""clock_mhz"":""231"",""max_gpuclk"":""231000000"",""thermal_pwrlevel"":""13"",""gpu_busy_percentage"":""1 %"",""gpubusy"":""11725 1006010"",""temp"":""59000"",""reset_count"":""356195""}",5029.34375,,"5:freezer:/
4:cpuset:/top-app
3:cpuacct:/top-app
2:cpu:/top-app
1:blkio:/top
0::/apps/uid_10247/pid_11813"
sustained-fixed-context-15min-cold-r1-v1-cpu,qwen2.5-coder-1.5b,sustained-matched-cold,sustained,api-20261003T210139Z-UNPLUGGED,"[""CPU availability or Android cgroup changed during measurement"",""Benchmark process Android cgroup changed during measurement"",""Benchmark process lost required cores despite process-level affinity"",""Run failed, was aborted, or did not parse""]",False,False,-15,Android benchmark cgroup changed during measurement; invalid controlled comparison,2026-10-03T23:55:41.918543+00:00,435345.968314705,39.1,70.1,58.2,57.6,1363200,"{""clock_mhz"":""231"",""max_gpuclk"":""231000000"",""thermal_pwrlevel"":""13"",""gpu_busy_percentage"":""1 %"",""gpubusy"":""15458 1005506"",""temp"":""58600"",""reset_count"":""356195""}",5027.9140625,,"5:freezer:/
4:cpuset:/top-app
3:cpuacct:/top-app
2:cpu:/top-app
1:blkio:/top
0::/apps/uid_10247/pid_11813"
sustained-fixed-context-15min-cold-r1-v1-cpu,qwen2.5-coder-1.5b,sustained-matched-cold,sustained,api-20261003T210139Z-UNPLUGGED,"[""CPU availability or Android cgroup changed during measurement"",""Benchmark process Android cgroup changed during measurement"",""Benchmark process lost required cores despite process-level affinity"",""Run failed, was aborted, or did not parse""]",False,False,-15,Android benchmark cgroup changed during measurement; invalid controlled comparison,2026-10-03T23:55:43.059943+00:00,435347.109701111,39.1,68.9,57.8,56.4,1363200,"{""clock_mhz"":""231"",""max_gpuclk"":""231000000"",""thermal_pwrlevel"":""13"",""gpu_busy_percentage"":""1 %"",""gpubusy"":""14101 1001645"",""temp"":""57800"",""reset_count"":""356195""}",5027.6640625,,"5:freezer:/
4:cpuset:/top-app
3:cpuacct:/top-app
2:cpu:/top-app
1:blkio:/top
0::/apps/uid_10247/pid_11813"
sustained-fixed-context-15min-cold-r1-v1-cpu,qwen2.5-coder-1.5b,sustained-matched-cold,sustained,api-20261003T210139Z-UNPLUGGED,"[""CPU availability or Android cgroup changed during measurement"",""Benchmark process Android cgroup changed during measurement"",""Benchmark process lost required cores despite process-level affinity"",""Run failed, was aborted, or did not parse""]",False,False,-15,Android benchmark cgroup changed during measurement; invalid controlled comparison,2026-10-03T23:55:44.173152+00:00,435348.222911527,39.1,67.4,57.4,56.4,1363200,"{""clock_mhz"":""231"",""max_gpuclk"":""231000000"",""thermal_pwrlevel"":""13"",""gpu_busy_percentage"":""1 %"",""gpubusy"":""12663 1010699"",""temp"":""57800"",""reset_count"":""356195""}",5026.1953125,,"5:freezer:/
4:cpuset:/top-app
3:cpuacct:/top-app
2:cpu:/top-app
1:blkio:/top
0::/apps/uid_10247/pid_11813"
sustained-fixed-context-15min-cold-r1-v1-cpu,qwen2.5-coder-1.5b,sustained-matched-cold,sustained,api-20261003T210139Z-UNPLUGGED,"[""CPU availability or Android cgroup changed during measurement"",""Benchmark process Android cgroup changed during measurement"",""Benchmark process lost required cores despite process-level affinity"",""Run failed, was aborted, or did not parse""]",False,False,-15,Android benchmark cgroup changed during measurement; invalid controlled comparison,2026-10-03T23:55:45.297683+00:00,435349.347455433,39.1,68.1,57.4,56.1,1363200,"{""clock_mhz"":""231"",""max_gpuclk"":""231000000"",""thermal_pwrlevel"":""13"",""gpu_busy_percentage"":""1 %"",""gpubusy"":""12496 1017175"",""temp"":""57800"",""reset_count"":""356195""}",5025.703125,,"5:freezer:/
4:cpuset:/top-app
3:cpuacct:/top-app
2:cpu:/top-app
1:blkio:/top
0::/apps/uid_10247/pid_11813"
sustained-fixed-context-15min-cold-r1-v1-cpu,qwen2.5-coder-1.5b,sustained-matched-cold,sustained,api-20261003T210139Z-UNPLUGGED,"[""CPU availability or Android cgroup changed during measurement"",""Benchmark process Android cgroup changed during measurement"",""Benchmark process lost required cores despite process-level affinity"",""Run failed, was aborted, or did not parse""]",False,False,-15,Android benchmark cgroup changed during measurement; invalid controlled comparison,2026-10-03T23:55:46.434860+00:00,435350.484613714,39.1,67.7,57.0,56.1,1363200,"{""clock_mhz"":""231"",""max_gpuclk"":""231000000"",""thermal_pwrlevel"":""13"",""gpu_busy_percentage"":""1 %"",""gpubusy"":""12933 1001338"",""temp"":""57000"",""reset_count"":""356195""}",5026.4453125,,"5:freezer:/
4:cpuset:/top-app
3:cpuacct:/top-app
2:cpu:/top-app
1:blkio:/top
0::/apps/uid_10247/pid_11813"
sustained-fixed-context-15min-cold-r1-v1-cpu,qwen2.5-coder-1.5b,sustained-matched-cold,sustained,api-20261003T210139Z-UNPLUGGED,"[""CPU availability or Android cgroup changed during measurement"",""Benchmark process Android cgroup changed during measurement"",""Benchmark process lost required cores despite process-level affinity"",""Run failed, was aborted, or did not parse""]",False,False,-15,Android benchmark cgroup changed during measurement; invalid controlled comparison,2026-10-03T23:55:47.557504+00:00,435351.607278609,39.1,67.4,57.4,56.8,1363200,"{""clock_mhz"":""231"",""max_gpuclk"":""231000000"",""thermal_pwrlevel"":""13"",""gpu_busy_percentage"":""1 %"",""gpubusy"":""12380 1020088"",""temp"":""57400"",""reset_count"":""356195""}",5024.75,,"5:freezer:/
4:cpuset:/top-app
3:cpuacct:/top-app
2:cpu:/top-app
1:blkio:/top
0::/apps/uid_10247/pid_11813"
sustained-fixed-context-15min-cold-r1-v1-cpu,qwen2.5-coder-1.5b,sustained-matched-cold,sustained,api-20261003T210139Z-UNPLUGGED,"[""CPU availability or Android cgroup changed during measurement"",""Benchmark process Android cgroup changed during measurement"",""Benchmark process lost required cores despite process-level affinity"",""Run failed, was aborted, or did not parse""]",False,False,-15,Android benchmark cgroup changed during measurement; invalid controlled comparison,2026-10-03T23:55:48.701761+00:00,435352.751549077,39.1,69.3,58.6,58.4,1363200,"{""clock_mhz"":""231"",""max_gpuclk"":""231000000"",""thermal_pwrlevel"":""13"",""gpu_busy_percentage"":""1 %"",""gpubusy"":""11452 1003228"",""temp"":""58200"",""reset_count"":""356195""}",5024.265625,,"5:freezer:/
4:cpuset:/top-app
3:cpuacct:/top-app
2:cpu:/top-app
1:blkio:/top
0::/apps/uid_10247/pid_11813"
sustained-fixed-context-15min-cold-r1-v1-cpu,qwen2.5-coder-1.5b,sustained-matched-cold,sustained,api-20261003T210139Z-UNPLUGGED,"[""CPU availability or Android cgroup changed during measurement"",""Benchmark process Android cgroup changed during measurement"",""Benchmark process lost required cores despite process-level affinity"",""Run failed, was aborted, or did not parse""]",False,False,-15,Android benchmark cgroup changed during measurement; invalid controlled comparison,2026-10-03T23:55:49.825613+00:00,435353.875361733,39.1,68.9,59.0,58.8,1363200,"{""clock_mhz"":""231"",""max_gpuclk"":""231000000"",""thermal_pwrlevel"":""13"",""gpu_busy_percentage"":""1 %"",""gpubusy"":""11373 1012907"",""temp"":""58600"",""reset_count"":""356195""}",5022.7890625,,"5:freezer:/
4:cpuset:/top-app
3:cpuacct:/top-app
2:cpu:/top-app
1:blkio:/top
0::/apps/uid_10247/pid_11813"
sustained-fixed-context-15min-cold-r1-v1-cpu,qwen2.5-coder-1.5b,sustained-matched-cold,sustained,api-20261003T210139Z-UNPLUGGED,"[""CPU availability or Android cgroup changed during measurement"",""Benchmark process Android cgroup changed during measurement"",""Benchmark process lost required cores despite process-level affinity"",""Run failed, was aborted, or did not parse""]",False,False,-15,Android benchmark cgroup changed during measurement; invalid controlled comparison,2026-10-03T23:55:50.923353+00:00,435354.973105639,39.1,70.1,59.4,59.6,1363200,"{""clock_mhz"":""231"",""max_gpuclk"":""231000000"",""thermal_pwrlevel"":""13"",""gpu_busy_percentage"":""1 %"",""gpubusy"":""12455 1002842"",""temp"":""59400"",""reset_count"":""356195""}",5022.55078125,,"5:freezer:/
4:cpuset:/top-app
3:cpuacct:/top-app
2:cpu:/top-app
1:blkio:/top
0::/apps/uid_10247/pid_11813"
sustained-fixed-context-15min-cold-r1-v1-cpu,qwen2.5-coder-1.5b,sustained-matched-cold,sustained,api-20261003T210139Z-UNPLUGGED,"[""CPU availability or Android cgroup changed during measurement"",""Benchmark process Android cgroup changed during measurement"",""Benchmark process lost required cores despite process-level affinity"",""Run failed, was aborted, or did not parse""]",False,False,-15,Android benchmark cgroup changed during measurement; invalid controlled comparison,2026-10-03T23:55:52.061946+00:00,435356.111721732,39.1,70.1,59.4,60.0,1363200,"{""clock_mhz"":""231"",""max_gpuclk"":""231000000"",""thermal_pwrlevel"":""13"",""gpu_busy_percentage"":""1 %"",""gpubusy"":""12231 1005328"",""temp"":""59800"",""reset_count"":""356195""}",5020.3359375,,"5:freezer:/
4:cpuset:/top-app
3:cpuacct:/top-app
2:cpu:/top-app
1:blkio:/top
0::/apps/uid_10247/pid_11813"
sustained-fixed-context-15min-cold-r1-v1-cpu,qwen2.5-coder-1.5b,sustained-matched-cold,sustained,api-20261003T210139Z-UNPLUGGED,"[""CPU availability or Android cgroup changed during measurement"",""Benchmark process Android cgroup changed during measurement"",""Benchmark process lost required cores despite process-level affinity"",""Run failed, was aborted, or did not parse""]",False,False,-15,Android benchmark cgroup changed during measurement; invalid controlled comparison,2026-10-03T23:55:53.227017+00:00,435357.276806159,39.1,70.5,59.8,60.0,1363200,"{""clock_mhz"":""231"",""max_gpuclk"":""231000000"",""thermal_pwrlevel"":""13"",""gpu_busy_percentage"":""1 %"",""gpubusy"":""12117 1003760"",""temp"":""59800"",""reset_count"":""356195""}",5019.84375,,"5:freezer:/
4:cpuset:/top-app
3:cpuacct:/top-app
2:cpu:/top-app
1:blkio:/top
0::/apps/uid_10247/pid_11813"
sustained-fixed-context-15min-cold-r1-v1-cpu,qwen2.5-coder-1.5b,sustained-matched-cold,sustained,api-20261003T210139Z-UNPLUGGED,"[""CPU availability or Android cgroup changed during measurement"",""Benchmark process Android cgroup changed during measurement"",""Benchmark process lost required cores despite process-level affinity"",""Run failed, was aborted, or did not parse""]",False,False,-15,Android benchmark cgroup changed during measurement; invalid controlled comparison,2026-10-03T23:55:54.356766+00:00,435358.406520117,39.1,70.9,59.4,58.8,1363200,"{""clock_mhz"":""231"",""max_gpuclk"":""231000000"",""thermal_pwrlevel"":""13"",""gpu_busy_percentage"":""1 %"",""gpubusy"":""11666 1002675"",""temp"":""59400"",""reset_count"":""356195""}",5018.859375,,"5:freezer:/
4:cpuset:/top-app
3:cpuacct:/top-app
2:cpu:/top-app
1:blkio:/top
0::/apps/uid_10247/pid_11813"
sustained-fixed-context-15min-cold-r1-v1-cpu,qwen2.5-coder-1.5b,sustained-matched-cold,sustained,api-20261003T210139Z-UNPLUGGED,"[""CPU availability or Android cgroup changed during measurement"",""Benchmark process Android cgroup changed during measurement"",""Benchmark process lost required cores despite process-level affinity"",""Run failed, was aborted, or did not parse""]",False,False,-15,Android benchmark cgroup changed during measurement; invalid controlled comparison,2026-10-03T23:55:55.488508+00:00,435359.538261731,39.1,69.3,58.6,57.6,1363200,"{""clock_mhz"":""231"",""max_gpuclk"":""231000000"",""thermal_pwrlevel"":""13"",""gpu_busy_percentage"":""1 %"",""gpubusy"":""13800 1024225"",""temp"":""58200"",""reset_count"":""356195""}",5018.12109375,,"5:freezer:/
4:cpuset:/top-app
3:cpuacct:/top-app
2:cpu:/top-app
1:blkio:/top
0::/apps/uid_10247/pid_11813"
sustained-fixed-context-15min-cold-r1-v1-cpu,qwen2.5-coder-1.5b,sustained-matched-cold,sustained,api-20261003T210139Z-UNPLUGGED,"[""CPU availability or Android cgroup changed during measurement"",""Benchmark process Android cgroup changed during measurement"",""Benchmark process lost required cores despite process-level affinity"",""Run failed, was aborted, or did not parse""]",False,False,-15,Android benchmark cgroup changed during measurement; invalid controlled comparison,2026-10-03T23:55:56.617504+00:00,435360.667257929,39.1,68.5,57.8,56.8,1363200,"{""clock_mhz"":""231"",""max_gpuclk"":""231000000"",""thermal_pwrlevel"":""13"",""gpu_busy_percentage"":""1 %"",""gpubusy"":""12145 1031907"",""temp"":""57800"",""reset_count"":""356195""}",5016.2265625,,"5:freezer:/
4:cpuset:/top-app
3:cpuacct:/top-app
2:cpu:/top-app
1:blkio:/top
0::/apps/uid_10247/pid_11813"
sustained-fixed-context-15min-cold-r1-v1-cpu,qwen2.5-coder-1.5b,sustained-matched-cold,sustained,api-20261003T210139Z-UNPLUGGED,"[""CPU availability or Android cgroup changed during measurement"",""Benchmark process Android cgroup changed during measurement"",""Benchmark process lost required cores despite process-level affinity"",""Run failed, was aborted, or did not parse""]",False,False,-15,Android benchmark cgroup changed during measurement; invalid controlled comparison,2026-10-03T23:55:57.776321+00:00,435361.826091314,39.1,68.5,57.8,56.1,1363200,"{""clock_mhz"":""231"",""max_gpuclk"":""231000000"",""thermal_pwrlevel"":""13"",""gpu_busy_percentage"":""1 %"",""gpubusy"":""14512 1006200"",""temp"":""57400"",""reset_count"":""356195""}",5016.015625,,"5:freezer:/
4:cpuset:/top-app
3:cpuacct:/top-app
2:cpu:/top-app
1:blkio:/top
0::/apps/uid_10247/pid_11813"
sustained-fixed-context-15min-cold-r1-v1-cpu,qwen2.5-coder-1.5b,sustained-matched-cold,sustained,api-20261003T210139Z-UNPLUGGED,"[""CPU availability or Android cgroup changed during measurement"",""Benchmark process Android cgroup changed during measurement"",""Benchmark process lost required cores despite process-level affinity"",""Run failed, was aborted, or did not parse""]",False,False,-15,Android benchmark cgroup changed during measurement; invalid controlled comparison,2026-10-03T23:55:58.916841+00:00,435362.96660048,39.1,68.1,57.0,55.7,1363200,"{""clock_mhz"":""231"",""max_gpuclk"":""231000000"",""thermal_pwrlevel"":""13"",""gpu_busy_percentage"":""1 %"",""gpubusy"":""13493 1008928"",""temp"":""57400"",""reset_count"":""356195""}",5014.7890625,,"5:freezer:/
4:cpuset:/top-app
3:cpuacct:/top-app
2:cpu:/top-app
1:blkio:/top
0::/apps/uid_10247/pid_11813"
sustained-fixed-context-15min-cold-r1-v1-cpu,qwen2.5-coder-1.5b,sustained-matched-cold,sustained,api-20261003T210139Z-UNPLUGGED,"[""CPU availability or Android cgroup changed during measurement"",""Benchmark process Android cgroup changed during measurement"",""Benchmark process lost required cores despite process-level affinity"",""Run failed, was aborted, or did not parse""]",False,False,-15,Android benchmark cgroup changed during measurement; invalid controlled comparison,2026-10-03T23:56:00.022152+00:00,435364.071905427,39.1,67.7,57.0,55.7,1363200,"{""clock_mhz"":""231"",""max_gpuclk"":""231000000"",""thermal_pwrlevel"":""13"",""gpu_busy_percentage"":""1 %"",""gpubusy"":""13028 1026760"",""temp"":""57400"",""reset_count"":""356195""}",5014.05078125,,"5:freezer:/
4:cpuset:/top-app
3:cpuacct:/top-app
2:cpu:/top-app
1:blkio:/top
0::/apps/uid_10247/pid_11813"
sustained-fixed-context-15min-cold-r1-v1-cpu,qwen2.5-coder-1.5b,sustained-matched-cold,sustained,api-20261003T210139Z-UNPLUGGED,"[""CPU availability or Android cgroup changed during measurement"",""Benchmark process Android cgroup changed during measurement"",""Benchmark process lost required cores despite process-level affinity"",""Run failed, was aborted, or did not parse""]",False,False,-15,Android benchmark cgroup changed during measurement; invalid controlled comparison,2026-10-03T23:56:01.156812+00:00,435365.206575896,39.1,66.2,57.4,56.1,1363200,"{""clock_mhz"":""231"",""max_gpuclk"":""231000000"",""thermal_pwrlevel"":""13"",""gpu_busy_percentage"":""1 %"",""gpubusy"":""13150 1016967"",""temp"":""57000"",""reset_count"":""356195""}",5012.57421875,,"5:freezer:/
4:cpuset:/top-app
3:cpuacct:/top-app
2:cpu:/top-app
1:blkio:/top
0::/apps/uid_10247/pid_11813"
sustained-fixed-context-15min-cold-r1-v1-cpu,qwen2.5-coder-1.5b,sustained-matched-cold,sustained,api-20261003T210139Z-UNPLUGGED,"[""CPU availability or Android cgroup changed during measurement"",""Benchmark process Android cgroup changed during measurement"",""Benchmark process lost required cores despite process-level affinity"",""Run failed, was aborted, or did not parse""]",False,False,-15,Android benchmark cgroup changed during measurement; invalid controlled comparison,2026-10-03T23:56:02.299708+00:00,435366.349486676,39.1,68.1,57.8,58.0,1363200,"{""clock_mhz"":""231"",""max_gpuclk"":""231000000"",""thermal_pwrlevel"":""13"",""gpu_busy_percentage"":""1 %"",""gpubusy"":""12899 1035503"",""temp"":""57800"",""reset_count"":""356195""}",5010.60546875,,"5:freezer:/
4:cpuset:/top-app
3:cpuacct:/top-app
2:cpu:/top-app
1:blkio:/top
0::/apps/uid_10247/pid_11813"
sustained-fixed-context-15min-cold-r1-v1-cpu,qwen2.5-coder-1.5b,sustained-matched-cold,sustained,api-20261003T210139Z-UNPLUGGED,"[""CPU availability or Android cgroup changed during measurement"",""Benchmark process Android cgroup changed during measurement"",""Benchmark process lost required cores despite process-level affinity"",""Run failed, was aborted, or did not parse""]",False,False,-15,Android benchmark cgroup changed during measurement; invalid controlled comparison,2026-10-03T23:56:03.473389+00:00,435367.523171572,39.1,69.3,59.0,58.8,1363200,"{""clock_mhz"":""231"",""max_gpuclk"":""231000000"",""thermal_pwrlevel"":""13"",""gpu_busy_percentage"":""1 %"",""gpubusy"":""11315 1017470"",""temp"":""59000"",""reset_count"":""356195""}",5010.359375,,"5:freezer:/
4:cpuset:/top-app
3:cpuacct:/top-app
2:cpu:/top-app
1:blkio:/top
0::/apps/uid_10247/pid_11813"
sustained-fixed-context-15min-cold-r1-v1-cpu,qwen2.5-coder-1.5b,sustained-matched-cold,sustained,api-20261003T210139Z-UNPLUGGED,"[""CPU availability or Android cgroup changed during measurement"",""Benchmark process Android cgroup changed during measurement"",""Benchmark process lost required cores despite process-level affinity"",""Run failed, was aborted, or did not parse""]",False,False,-15,Android benchmark cgroup changed during measurement; invalid controlled comparison,2026-10-03T23:56:04.608353+00:00,435368.658153863,39.1,69.7,59.4,59.6,1363200,"{""clock_mhz"":""231"",""max_gpuclk"":""231000000"",""thermal_pwrlevel"":""13"",""gpu_busy_percentage"":""1 %"",""gpubusy"":""12078 1022110"",""temp"":""59000"",""reset_count"":""356195""}",5006.66796875,,"5:freezer:/
4:cpuset:/top-app
3:cpuacct:/top-app
2:cpu:/top-app
1:blkio:/top
0::/apps/uid_10247/pid_11813"
sustained-fixed-context-15min-cold-r1-v1-cpu,qwen2.5-coder-1.5b,sustained-matched-cold,sustained,api-20261003T210139Z-UNPLUGGED,"[""CPU availability or Android cgroup changed during measurement"",""Benchmark process Android cgroup changed during measurement"",""Benchmark process lost required cores despite process-level affinity"",""Run failed, was aborted, or did not parse""]",False,False,-15,Android benchmark cgroup changed during measurement; invalid controlled comparison,2026-10-03T23:56:05.763335+00:00,435369.813091311,39.1,70.1,59.4,59.6,1363200,"{""clock_mhz"":""231"",""max_gpuclk"":""231000000"",""thermal_pwrlevel"":""13"",""gpu_busy_percentage"":""1 %"",""gpubusy"":""12815 1024306"",""temp"":""59000"",""reset_count"":""356195""}",5006.17578125,,"5:freezer:/
4:cpuset:/top-app
3:cpuacct:/top-app
2:cpu:/top-app
1:blkio:/top
0::/apps/uid_10247/pid_11813"
sustained-fixed-context-15min-cold-r1-v1-cpu,qwen2.5-coder-1.5b,sustained-matched-cold,sustained,api-20261003T210139Z-UNPLUGGED,"[""CPU availability or Android cgroup changed during measurement"",""Benchmark process Android cgroup changed during measurement"",""Benchmark process lost required cores despite process-level affinity"",""Run failed, was aborted, or did not parse""]",False,False,-15,Android benchmark cgroup changed during measurement; invalid controlled comparison,2026-10-03T23:56:06.891071+00:00,435370.940851727,39.1,70.1,59.8,60.0,1363200,"{""clock_mhz"":""231"",""max_gpuclk"":""231000000"",""thermal_pwrlevel"":""13"",""gpu_busy_percentage"":""1 %"",""gpubusy"":""12224 1026720"",""temp"":""59800"",""reset_count"":""356195""}",5005.9375,,"5:freezer:/
4:cpuset:/top-app
3:cpuacct:/top-app
2:cpu:/top-app
1:blkio:/top
0::/apps/uid_10247/pid_11813"
sustained-fixed-context-15min-cold-r1-v1-cpu,qwen2.5-coder-1.5b,sustained-matched-cold,sustained,api-20261003T210139Z-UNPLUGGED,"[""CPU availability or Android cgroup changed during measurement"",""Benchmark process Android cgroup changed during measurement"",""Benchmark process lost required cores despite process-level affinity"",""Run failed, was aborted, or did not parse""]",False,False,-15,Android benchmark cgroup changed during measurement; invalid controlled comparison,2026-10-03T23:56:08.001651+00:00,435372.051426101,39.1,70.5,59.4,59.6,1363200,"{""clock_mhz"":""231"",""max_gpuclk"":""231000000"",""thermal_pwrlevel"":""13"",""gpu_busy_percentage"":""1 %"",""gpubusy"":""12513 1018798"",""temp"":""59800"",""reset_count"":""356195""}",5044.28125,,"5:freezer:/
4:cpuset:/top-app
3:cpuacct:/top-app
2:cpu:/top-app
1:blkio:/top
0::/apps/uid_10247/pid_11813"
sustained-fixed-context-15min-cold-r1-v1-cpu,qwen2.5-coder-1.5b,sustained-matched-cold,sustained,api-20261003T210139Z-UNPLUGGED,"[""CPU availability or Android cgroup changed during measurement"",""Benchmark process Android cgroup changed during measurement"",""Benchmark process lost required cores despite process-level affinity"",""Run failed, was aborted, or did not parse""]",False,False,-15,Android benchmark cgroup changed during measurement; invalid controlled comparison,2026-10-03T23:56:09.128490+00:00,435373.178265424,39.3,69.7,58.6,58.0,1363200,"{""clock_mhz"":""231"",""max_gpuclk"":""231000000"",""thermal_pwrlevel"":""13"",""gpu_busy_percentage"":""1 %"",""gpubusy"":""13410 1002559"",""temp"":""58600"",""reset_count"":""356195""}",5044.03515625,,"5:freezer:/
4:cpuset:/top-app
3:cpuacct:/top-app
2:cpu:/top-app
1:blkio:/top
0::/apps/uid_10247/pid_11813"
sustained-fixed-context-15min-cold-r1-v1-cpu,qwen2.5-coder-1.5b,sustained-matched-cold,sustained,api-20261003T210139Z-UNPLUGGED,"[""CPU availability or Android cgroup changed during measurement"",""Benchmark process Android cgroup changed during measurement"",""Benchmark process lost required cores despite process-level affinity"",""Run failed, was aborted, or did not parse""]",False,False,-15,Android benchmark cgroup changed during measurement; invalid controlled comparison,2026-10-03T23:56:10.265908+00:00,435374.315659851,39.3,69.3,57.8,56.8,1363200,"{""clock_mhz"":""231"",""max_gpuclk"":""231000000"",""thermal_pwrlevel"":""13"",""gpu_busy_percentage"":""1 %"",""gpubusy"":""12858 1031411"",""temp"":""57400"",""reset_count"":""356195""}",5042.08203125,,"5:freezer:/
4:cpuset:/top-app
3:cpuacct:/top-app
2:cpu:/top-app
1:blkio:/top
0::/apps/uid_10247/pid_11813"
sustained-fixed-context-15min-cold-r1-v1-cpu,qwen2.5-coder-1.5b,sustained-matched-cold,sustained,api-20261003T210139Z-UNPLUGGED,"[""CPU availability or Android cgroup changed during measurement"",""Benchmark process Android cgroup changed during measurement"",""Benchmark process lost required cores despite process-level affinity"",""Run failed, was aborted, or did not parse""]",False,False,-15,Android benchmark cgroup changed during measurement; invalid controlled comparison,2026-10-03T23:56:11.360579+00:00,435375.410330319,39.3,67.7,57.4,56.8,1363200,"{""clock_mhz"":""231"",""max_gpuclk"":""231000000"",""thermal_pwrlevel"":""13"",""gpu_busy_percentage"":""1 %"",""gpubusy"":""12570 1022261"",""temp"":""57800"",""reset_count"":""356195""}",5040.61328125,,"5:freezer:/
4:cpuset:/top-app
3:cpuacct:/top-app
2:cpu:/top-app
1:blkio:/top
0::/apps/uid_10247/pid_11813"
sustained-fixed-context-15min-cold-r1-v1-cpu,qwen2.5-coder-1.5b,sustained-matched-cold,sustained,api-20261003T210139Z-UNPLUGGED,"[""CPU availability or Android cgroup changed during measurement"",""Benchmark process Android cgroup changed during measurement"",""Benchmark process lost required cores despite process-level affinity"",""Run failed, was aborted, or did not parse""]",False,False,-15,Android benchmark cgroup changed during measurement; invalid controlled comparison,2026-10-03T23:56:12.478684+00:00,435376.528464746,39.3,68.5,57.8,56.4,1363200,"{""clock_mhz"":""231"",""max_gpuclk"":""231000000"",""thermal_pwrlevel"":""13"",""gpu_busy_percentage"":""1 %"",""gpubusy"":""15131 1011776"",""temp"":""57000"",""reset_count"":""356195""}",5039.046875,,"5:freezer:/
4:cpuset:/top-app
3:cpuacct:/top-app
2:cpu:/top-app
1:blkio:/top
0::/apps/uid_10247/pid_11813"
sustained-fixed-context-15min-cold-r1-v1-cpu,qwen2.5-coder-1.5b,sustained-matched-cold,sustained,api-20261003T210139Z-UNPLUGGED,"[""CPU availability or Android cgroup changed during measurement"",""Benchmark process Android cgroup changed during measurement"",""Benchmark process lost required cores despite process-level affinity"",""Run failed, was aborted, or did not parse""]",False,False,-15,Android benchmark cgroup changed during measurement; invalid controlled comparison,2026-10-03T23:56:13.618183+00:00,435377.667952453,39.3,68.1,57.4,56.1,1363200,"{""clock_mhz"":""231"",""max_gpuclk"":""231000000"",""thermal_pwrlevel"":""13"",""gpu_busy_percentage"":""1 %"",""gpubusy"":""12680 1002656"",""temp"":""57400"",""reset_count"":""356195""}",5038.5546875,,"5:freezer:/
4:cpuset:/top-app
3:cpuacct:/top-app
2:cpu:/top-app
1:blkio:/top
0::/apps/uid_10247/pid_11813"
sustained-fixed-context-15min-cold-r1-v1-cpu,qwen2.5-coder-1.5b,sustained-matched-cold,sustained,api-20261003T210139Z-UNPLUGGED,"[""CPU availability or Android cgroup changed during measurement"",""Benchmark process Android cgroup changed during measurement"",""Benchmark process lost required cores despite process-level affinity"",""Run failed, was aborted, or did not parse""]",False,False,-15,Android benchmark cgroup changed during measurement; invalid controlled comparison,2026-10-03T23:56:14.775549+00:00,435378.825301984,39.3,68.5,57.4,56.1,1363200,"{""clock_mhz"":""231"",""max_gpuclk"":""231000000"",""thermal_pwrlevel"":""13"",""gpu_busy_percentage"":""1 %"",""gpubusy"":""12226 1008322"",""temp"":""57000"",""reset_count"":""356195""}",5042.13671875,,"5:freezer:/
4:cpuset:/top-app
3:cpuacct:/top-app
2:cpu:/top-app
1:blkio:/top
0::/apps/uid_10247/pid_11813"
sustained-fixed-context-15min-cold-r1-v1-cpu,qwen2.5-coder-1.5b,sustained-matched-cold,sustained,api-20261003T210139Z-UNPLUGGED,"[""CPU availability or Android cgroup changed during measurement"",""Benchmark process Android cgroup changed during measurement"",""Benchmark process lost required cores despite process-level affinity"",""Run failed, was aborted, or did not parse""]",False,False,-15,Android benchmark cgroup changed during measurement; invalid controlled comparison,2026-10-03T23:56:15.911006+00:00,435379.960795473,39.3,68.9,58.2,58.0,1363200,"{""clock_mhz"":""231"",""max_gpuclk"":""231000000"",""thermal_pwrlevel"":""13"",""gpu_busy_percentage"":""1 %"",""gpubusy"":""13022 1001279"",""temp"":""58200"",""reset_count"":""356195""}",5038.9453125,,"5:freezer:/
4:cpuset:/top-app
3:cpuacct:/top-app
2:cpu:/top-app
1:blkio:/top
0::/apps/uid_10247/pid_11813"
sustained-fixed-context-15min-cold-r1-v1-cpu,qwen2.5-coder-1.5b,sustained-matched-cold,sustained,api-20261003T210139Z-UNPLUGGED,"[""CPU availability or Android cgroup changed during measurement"",""Benchmark process Android cgroup changed during measurement"",""Benchmark process lost required cores despite process-level affinity"",""Run failed, was aborted, or did not parse""]",False,False,-15,Android benchmark cgroup changed during measurement; invalid controlled comparison,2026-10-03T23:56:17.085487+00:00,435381.135268129,39.3,69.7,58.6,58.8,1363200,"{""clock_mhz"":""231"",""max_gpuclk"":""231000000"",""thermal_pwrlevel"":""13"",""gpu_busy_percentage"":""1 %"",""gpubusy"":""12936 1000791"",""temp"":""58600"",""reset_count"":""356195""}",5037.02734375,,"5:freezer:/
4:cpuset:/top-app
3:cpuacct:/top-app
2:cpu:/top-app
1:blkio:/top
0::/apps/uid_10247/pid_11813"
sustained-fixed-context-15min-cold-r1-v1-cpu,qwen2.5-coder-1.5b,sustained-matched-cold,sustained,api-20261003T210139Z-UNPLUGGED,"[""CPU availability or Android cgroup changed during measurement"",""Benchmark process Android cgroup changed during measurement"",""Benchmark process lost required cores despite process-level affinity"",""Run failed, was aborted, or did not parse""]",False,False,-15,Android benchmark cgroup changed during measurement; invalid controlled comparison,2026-10-03T23:56:18.231398+00:00,435382.281153077,39.3,69.3,59.8,59.6,1363200,"{""clock_mhz"":""231"",""max_gpuclk"":""231000000"",""thermal_pwrlevel"":""13"",""gpu_busy_percentage"":""1 %"",""gpubusy"":""13559 1012875"",""temp"":""59400"",""reset_count"":""356195""}",5026.6953125,,"5:freezer:/
4:cpuset:/top-app
3:cpuacct:/top-app
2:cpu:/top-app
1:blkio:/top
0::/apps/uid_10247/pid_11813"
sustained-fixed-context-15min-cold-r1-v1-cpu,qwen2.5-coder-1.5b,sustained-matched-cold,sustained,api-20261003T210139Z-UNPLUGGED,"[""CPU availability or Android cgroup changed during measurement"",""Benchmark process Android cgroup changed during measurement"",""Benchmark process lost required cores despite process-level affinity"",""Run failed, was aborted, or did not parse""]",False,False,-15,Android benchmark cgroup changed during measurement; invalid controlled comparison,2026-10-03T23:56:19.348700+00:00,435383.398469535,39.3,70.1,59.4,59.6,1363200,"{""clock_mhz"":""231"",""max_gpuclk"":""231000000"",""thermal_pwrlevel"":""13"",""gpu_busy_percentage"":""1 %"",""gpubusy"":""11737 1023971"",""temp"":""59000"",""reset_count"":""356195""}",5023.7421875,,"5:freezer:/
4:cpuset:/top-app
3:cpuacct:/top-app
2:cpu:/top-app
1:blkio:/top
0::/apps/uid_10247/pid_11813"
sustained-fixed-context-15min-cold-r1-v1-cpu,qwen2.5-coder-1.5b,sustained-matched-cold,sustained,api-20261003T210139Z-UNPLUGGED,"[""CPU availability or Android cgroup changed during measurement"",""Benchmark process Android cgroup changed during measurement"",""Benchmark process lost required cores despite process-level affinity"",""Run failed, was aborted, or did not parse""]",False,False,-15,Android benchmark cgroup changed during measurement; invalid controlled comparison,2026-10-03T23:56:20.484234+00:00,435384.533987503,39.3,70.1,59.8,59.6,1363200,"{""clock_mhz"":""231"",""max_gpuclk"":""231000000"",""thermal_pwrlevel"":""13"",""gpu_busy_percentage"":""1 %"",""gpubusy"":""12467 1023150"",""temp"":""59800"",""reset_count"":""356195""}",5023.00390625,,"5:freezer:/
4:cpuset:/top-app
3:cpuacct:/top-app
2:cpu:/top-app
1:blkio:/top
0::/apps/uid_10247/pid_11813"
sustained-fixed-context-15min-cold-r1-v1-cpu,qwen2.5-coder-1.5b,sustained-matched-cold,sustained,api-20261003T210139Z-UNPLUGGED,"[""CPU availability or Android cgroup changed during measurement"",""Benchmark process Android cgroup changed during measurement"",""Benchmark process lost required cores despite process-level affinity"",""Run failed, was aborted, or did not parse""]",False,False,-15,Android benchmark cgroup changed during measurement; invalid controlled comparison,2026-10-03T23:56:21.639444+00:00,435385.689196461,39.3,70.9,59.8,60.3,1363200,"{""clock_mhz"":""231"",""max_gpuclk"":""231000000"",""thermal_pwrlevel"":""13"",""gpu_busy_percentage"":""1 %"",""gpubusy"":""11301 1030939"",""temp"":""59800"",""reset_count"":""356195""}",5021.7734375,,"5:freezer:/
4:cpuset:/top-app
3:cpuacct:/top-app
2:cpu:/top-app
1:blkio:/top
0::/apps/uid_10247/pid_11813"
sustained-fixed-context-15min-cold-r1-v1-cpu,qwen2.5-coder-1.5b,sustained-matched-cold,sustained,api-20261003T210139Z-UNPLUGGED,"[""CPU availability or Android cgroup changed during measurement"",""Benchmark process Android cgroup changed during measurement"",""Benchmark process lost required cores despite process-level affinity"",""Run failed, was aborted, or did not parse""]",False,False,-15,Android benchmark cgroup changed during measurement; invalid controlled comparison,2026-10-03T23:56:22.759134+00:00,435386.80888719,39.3,69.7,59.0,58.4,1363200,"{""clock_mhz"":""231"",""max_gpuclk"":""231000000"",""thermal_pwrlevel"":""13"",""gpu_busy_percentage"":""1 %"",""gpubusy"":""12506 1008233"",""temp"":""59000"",""reset_count"":""356195""}",5021.03515625,,"5:freezer:/
4:cpuset:/top-app
3:cpuacct:/top-app
2:cpu:/top-app
1:blkio:/top
0::/apps/uid_10247/pid_11813"
sustained-fixed-context-15min-cold-r1-v1-cpu,qwen2.5-coder-1.5b,sustained-matched-cold,sustained,api-20261003T210139Z-UNPLUGGED,"[""CPU availability or Android cgroup changed during measurement"",""Benchmark process Android cgroup changed during measurement"",""Benchmark process lost required cores despite process-level affinity"",""Run failed, was aborted, or did not parse""]",False,False,-15,Android benchmark cgroup changed during measurement; invalid controlled comparison,2026-10-03T23:56:23.874703+00:00,435387.924456772,39.3,69.3,58.2,56.8,1363200,"{""clock_mhz"":""231"",""max_gpuclk"":""231000000"",""thermal_pwrlevel"":""13"",""gpu_busy_percentage"":""1 %"",""gpubusy"":""13493 1013057"",""temp"":""58200"",""reset_count"":""356195""}",5020.296875,,"5:freezer:/
4:cpuset:/top-app
3:cpuacct:/top-app
2:cpu:/top-app
1:blkio:/top
0::/apps/uid_10247/pid_11813"
sustained-fixed-context-15min-cold-r1-v1-cpu,qwen2.5-coder-1.5b,sustained-matched-cold,sustained,api-20261003T210139Z-UNPLUGGED,"[""CPU availability or Android cgroup changed during measurement"",""Benchmark process Android cgroup changed during measurement"",""Benchmark process lost required cores despite process-level affinity"",""Run failed, was aborted, or did not parse""]",False,False,-15,Android benchmark cgroup changed during measurement; invalid controlled comparison,2026-10-03T23:56:24.973724+00:00,435389.023495418,39.3,68.1,57.8,56.8,1363200,"{""clock_mhz"":""231"",""max_gpuclk"":""231000000"",""thermal_pwrlevel"":""13"",""gpu_busy_percentage"":""1 %"",""gpubusy"":""13073 1034792"",""temp"":""57800"",""reset_count"":""356195""}",5020.05078125,,"5:freezer:/
4:cpuset:/top-app
3:cpuacct:/top-app
2:cpu:/top-app
1:blkio:/top
0::/apps/uid_10247/pid_11813"
sustained-fixed-context-15min-cold-r1-v1-cpu,qwen2.5-coder-1.5b,sustained-matched-cold,sustained,api-20261003T210139Z-UNPLUGGED,"[""CPU availability or Android cgroup changed during measurement"",""Benchmark process Android cgroup changed during measurement"",""Benchmark process lost required cores despite process-level affinity"",""Run failed, was aborted, or did not parse""]",False,False,-15,Android benchmark cgroup changed during measurement; invalid controlled comparison,2026-10-03T23:56:26.093155+00:00,435390.142943438,39.3,68.5,57.4,56.4,1363200,"{""clock_mhz"":""231"",""max_gpuclk"":""231000000"",""thermal_pwrlevel"":""13"",""gpu_busy_percentage"":""1 %"",""gpubusy"":""13707 1023135"",""temp"":""57400"",""reset_count"":""356195""}",5019.55859375,,"5:freezer:/
4:cpuset:/top-app
3:cpuacct:/top-app
2:cpu:/top-app
1:blkio:/top
0::/apps/uid_10247/pid_11813"
sustained-fixed-context-15min-cold-r1-v1-cpu,qwen2.5-coder-1.5b,sustained-matched-cold,sustained,api-20261003T210139Z-UNPLUGGED,"[""CPU availability or Android cgroup changed during measurement"",""Benchmark process Android cgroup changed during measurement"",""Benchmark process lost required cores despite process-level affinity"",""Run failed, was aborted, or did not parse""]",False,False,-15,Android benchmark cgroup changed during measurement; invalid controlled comparison,2026-10-03T23:56:27.210559+00:00,435391.26033125,39.3,68.1,57.4,56.4,1363200,"{""clock_mhz"":""231"",""max_gpuclk"":""231000000"",""thermal_pwrlevel"":""13"",""gpu_busy_percentage"":""1 %"",""gpubusy"":""14138 1005076"",""temp"":""57800"",""reset_count"":""356195""}",5018.59375,,"5:freezer:/
4:cpuset:/top-app
3:cpuacct:/top-app
2:cpu:/top-app
1:blkio:/top
0::/apps/uid_10247/pid_11813"
sustained-fixed-context-15min-cold-r1-v1-cpu,qwen2.5-coder-1.5b,sustained-matched-cold,sustained,api-20261003T210139Z-UNPLUGGED,"[""CPU availability or Android cgroup changed during measurement"",""Benchmark process Android cgroup changed during measurement"",""Benchmark process lost required cores despite process-level affinity"",""Run failed, was aborted, or did not parse""]",False,False,-15,Android benchmark cgroup changed during measurement; invalid controlled comparison,2026-10-03T23:56:28.339864+00:00,435392.3896175,39.3,68.5,57.8,56.1,1363200,"{""clock_mhz"":""231"",""max_gpuclk"":""231000000"",""thermal_pwrlevel"":""13"",""gpu_busy_percentage"":""1 %"",""gpubusy"":""12906 1005353"",""temp"":""57000"",""reset_count"":""356195""}",5018.59375,,"5:freezer:/
4:cpuset:/top-app
3:cpuacct:/top-app
2:cpu:/top-app
1:blkio:/top
0::/apps/uid_10247/pid_11813"
sustained-fixed-context-15min-cold-r1-v1-cpu,qwen2.5-coder-1.5b,sustained-matched-cold,sustained,api-20261003T210139Z-UNPLUGGED,"[""CPU availability or Android cgroup changed during measurement"",""Benchmark process Android cgroup changed during measurement"",""Benchmark process lost required cores despite process-level affinity"",""Run failed, was aborted, or did not parse""]",False,False,-15,Android benchmark cgroup changed during measurement; invalid controlled comparison,2026-10-03T23:56:29.461202+00:00,435393.510957447,39.3,68.1,57.8,57.2,1363200,"{""clock_mhz"":""231"",""max_gpuclk"":""231000000"",""thermal_pwrlevel"":""13"",""gpu_busy_percentage"":""1 %"",""gpubusy"":""12410 1001331"",""temp"":""57400"",""reset_count"":""356195""}",5017.0703125,,"5:freezer:/
4:cpuset:/top-app
3:cpuacct:/top-app
2:cpu:/top-app
1:blkio:/top
0::/apps/uid_10247/pid_11813"
sustained-fixed-context-15min-cold-r1-v1-cpu,qwen2.5-coder-1.5b,sustained-matched-cold,sustained,api-20261003T210139Z-UNPLUGGED,"[""CPU availability or Android cgroup changed during measurement"",""Benchmark process Android cgroup changed during measurement"",""Benchmark process lost required cores despite process-level affinity"",""Run failed, was aborted, or did not parse""]",False,False,-15,Android benchmark cgroup changed during measurement; invalid controlled comparison,2026-10-03T23:56:30.581086+00:00,435394.630852291,39.3,69.7,59.0,58.8,1363200,"{""clock_mhz"":""231"",""max_gpuclk"":""231000000"",""thermal_pwrlevel"":""13"",""gpu_busy_percentage"":""1 %"",""gpubusy"":""13227 1005964"",""temp"":""58600"",""reset_count"":""356195""}",5006.7421875,,"5:freezer:/
4:cpuset:/top-app
3:cpuacct:/top-app
2:cpu:/top-app
1:blkio:/top
0::/apps/uid_10247/pid_11813"
sustained-fixed-context-15min-cold-r1-v1-cpu,qwen2.5-coder-1.5b,sustained-matched-cold,sustained,api-20261003T210139Z-UNPLUGGED,"[""CPU availability or Android cgroup changed during measurement"",""Benchmark process Android cgroup changed during measurement"",""Benchmark process lost required cores despite process-level affinity"",""Run failed, was aborted, or did not parse""]",False,False,-15,Android benchmark cgroup changed during measurement; invalid controlled comparison,2026-10-03T23:56:31.709519+00:00,435395.759290884,39.3,69.7,59.4,59.6,1363200,"{""clock_mhz"":""231"",""max_gpuclk"":""231000000"",""thermal_pwrlevel"":""13"",""gpu_busy_percentage"":""1 %"",""gpubusy"":""11893 1015335"",""temp"":""59000"",""reset_count"":""356195""}",5005.51171875,,"5:freezer:/
4:cpuset:/top-app
3:cpuacct:/top-app
2:cpu:/top-app
1:blkio:/top
0::/apps/uid_10247/pid_11813"
sustained-fixed-context-15min-cold-r1-v1-cpu,qwen2.5-coder-1.5b,sustained-matched-cold,sustained,api-20261003T210139Z-UNPLUGGED,"[""CPU availability or Android cgroup changed during measurement"",""Benchmark process Android cgroup changed during measurement"",""Benchmark process lost required cores despite process-level affinity"",""Run failed, was aborted, or did not parse""]",False,False,-15,Android benchmark cgroup changed during measurement; invalid controlled comparison,2026-10-03T23:56:32.823515+00:00,435396.873277238,39.3,70.5,59.4,59.6,1363200,"{""clock_mhz"":""231"",""max_gpuclk"":""231000000"",""thermal_pwrlevel"":""13"",""gpu_busy_percentage"":""1 %"",""gpubusy"":""12439 1026285"",""temp"":""59400"",""reset_count"":""356195""}",5004.52734375,,"5:freezer:/
4:cpuset:/top-app
3:cpuacct:/top-app
2:cpu:/top-app
1:blkio:/top
0::/apps/uid_10247/pid_11813"
sustained-fixed-context-15min-cold-r1-v1-cpu,qwen2.5-coder-1.5b,sustained-matched-cold,sustained,api-20261003T210139Z-UNPLUGGED,"[""CPU availability or Android cgroup changed during measurement"",""Benchmark process Android cgroup changed during measurement"",""Benchmark process lost required cores despite process-level affinity"",""Run failed, was aborted, or did not parse""]",False,False,-15,Android benchmark cgroup changed during measurement; invalid controlled comparison,2026-10-03T23:56:33.956431+00:00,435398.006225831,39.3,70.5,59.8,60.0,1363200,"{""clock_mhz"":""231"",""max_gpuclk"":""231000000"",""thermal_pwrlevel"":""13"",""gpu_busy_percentage"":""1 %"",""gpubusy"":""12158 1005980"",""temp"":""59800"",""reset_count"":""356195""}",5004.03515625,,"5:freezer:/
4:cpuset:/top-app
3:cpuacct:/top-app
2:cpu:/top-app
1:blkio:/top
0::/apps/uid_10247/pid_11813"
sustained-fixed-context-15min-cold-r1-v1-cpu,qwen2.5-coder-1.5b,sustained-matched-cold,sustained,api-20261003T210139Z-UNPLUGGED,"[""CPU availability or Android cgroup changed during measurement"",""Benchmark process Android cgroup changed during measurement"",""Benchmark process lost required cores despite process-level affinity"",""Run failed, was aborted, or did not parse""]",False,False,-15,Android benchmark cgroup changed during measurement; invalid controlled comparison,2026-10-03T23:56:35.107553+00:00,435399.157307341,39.3,70.9,59.8,60.3,1363200,"{""clock_mhz"":""231"",""max_gpuclk"":""231000000"",""thermal_pwrlevel"":""13"",""gpu_busy_percentage"":""1 %"",""gpubusy"":""13065 1024165"",""temp"":""59800"",""reset_count"":""356195""}",5002.3125,,"5:freezer:/
4:cpuset:/top-app
3:cpuacct:/top-app
2:cpu:/top-app
1:blkio:/top
0::/apps/uid_10247/pid_11813"
sustained-fixed-context-15min-cold-r1-v1-cpu,qwen2.5-coder-1.5b,sustained-matched-cold,sustained,api-20261003T210139Z-UNPLUGGED,"[""CPU availability or Android cgroup changed during measurement"",""Benchmark process Android cgroup changed during measurement"",""Benchmark process lost required cores despite process-level affinity"",""Run failed, was aborted, or did not parse""]",False,False,-15,Android benchmark cgroup changed during measurement; invalid controlled comparison,2026-10-03T23:56:36.226234+00:00,435400.276114372,39.3,71.3,59.4,59.2,1363200,"{""clock_mhz"":""231"",""max_gpuclk"":""231000000"",""thermal_pwrlevel"":""13"",""gpu_busy_percentage"":""1 %"",""gpubusy"":""12110 1026334"",""temp"":""59400"",""reset_count"":""356195""}",4988.69921875,,"5:freezer:/
4:cpuset:/top-app
3:cpuacct:/top-app
2:cpu:/top-app
1:blkio:/top
0::/apps/uid_10247/pid_11813"
sustained-fixed-context-15min-cold-r1-v1-cpu,qwen2.5-coder-1.5b,sustained-matched-cold,sustained,api-20261003T210139Z-UNPLUGGED,"[""CPU availability or Android cgroup changed during measurement"",""Benchmark process Android cgroup changed during measurement"",""Benchmark process lost required cores despite process-level affinity"",""Run failed, was aborted, or did not parse""]",False,False,-15,Android benchmark cgroup changed during measurement; invalid controlled comparison,2026-10-03T23:56:37.348814+00:00,435401.398589736,39.3,70.1,58.6,58.0,1363200,"{""clock_mhz"":""231"",""max_gpuclk"":""231000000"",""thermal_pwrlevel"":""13"",""gpu_busy_percentage"":""1 %"",""gpubusy"":""14375 1019217"",""temp"":""58600"",""reset_count"":""356195""}",4985.54296875,,"5:freezer:/
4:cpuset:/top-app
3:cpuacct:/top-app
2:cpu:/top-app
1:blkio:/top
0::/apps/uid_10247/pid_11813"
sustained-fixed-context-15min-cold-r1-v1-cpu,qwen2.5-coder-1.5b,sustained-matched-cold,sustained,api-20261003T210139Z-UNPLUGGED,"[""CPU availability or Android cgroup changed during measurement"",""Benchmark process Android cgroup changed during measurement"",""Benchmark process lost required cores despite process-level affinity"",""Run failed, was aborted, or did not parse""]",False,False,-15,Android benchmark cgroup changed during measurement; invalid controlled comparison,2026-10-03T23:56:38.463958+00:00,435402.513712131,39.3,68.9,57.8,57.2,1363200,"{""clock_mhz"":""231"",""max_gpuclk"":""231000000"",""thermal_pwrlevel"":""13"",""gpu_busy_percentage"":""1 %"",""gpubusy"":""12107 1011733"",""temp"":""58200"",""reset_count"":""356195""}",4985.05078125,,"5:freezer:/
4:cpuset:/top-app
3:cpuacct:/top-app
2:cpu:/top-app
1:blkio:/top
0::/apps/uid_10247/pid_11813"
sustained-fixed-context-15min-cold-r1-v1-cpu,qwen2.5-coder-1.5b,sustained-matched-cold,sustained,api-20261003T210139Z-UNPLUGGED,"[""CPU availability or Android cgroup changed during measurement"",""Benchmark process Android cgroup changed during measurement"",""Benchmark process lost required cores despite process-level affinity"",""Run failed, was aborted, or did not parse""]",False,False,-15,Android benchmark cgroup changed during measurement; invalid controlled comparison,2026-10-03T23:56:39.573904+00:00,435403.623657704,39.5,68.9,57.8,56.8,1363200,"{""clock_mhz"":""231"",""max_gpuclk"":""231000000"",""thermal_pwrlevel"":""13"",""gpu_busy_percentage"":""1 %"",""gpubusy"":""13347 1018940"",""temp"":""57400"",""reset_count"":""356195""}",4985.05078125,,"5:freezer:/
4:cpuset:/top-app
3:cpuacct:/top-app
2:cpu:/top-app
1:blkio:/top
0::/apps/uid_10247/pid_11813"
sustained-fixed-context-15min-cold-r1-v1-cpu,qwen2.5-coder-1.5b,sustained-matched-cold,sustained,api-20261003T210139Z-UNPLUGGED,"[""CPU availability or Android cgroup changed during measurement"",""Benchmark process Android cgroup changed during measurement"",""Benchmark process lost required cores despite process-level affinity"",""Run failed, was aborted, or did not parse""]",False,False,-15,Android benchmark cgroup changed during measurement; invalid controlled comparison,2026-10-03T23:56:40.682268+00:00,435404.732041037,39.5,68.9,57.4,56.1,1363200,"{""clock_mhz"":""231"",""max_gpuclk"":""231000000"",""thermal_pwrlevel"":""13"",""gpu_busy_percentage"":""1 %"",""gpubusy"":""13481 1026250"",""temp"":""57400"",""reset_count"":""356195""}",4979.6796875,,"5:freezer:/
4:cpuset:/top-app
3:cpuacct:/top-app
2:cpu:/top-app
1:blkio:/top
0::/apps/uid_10247/pid_11813"
sustained-fixed-context-15min-cold-r1-v1-cpu,qwen2.5-coder-1.5b,sustained-matched-cold,sustained,api-20261003T210139Z-UNPLUGGED,"[""CPU availability or Android cgroup changed during measurement"",""Benchmark process Android cgroup changed during measurement"",""Benchmark process lost required cores despite process-level affinity"",""Run failed, was aborted, or did not parse""]",False,False,-15,Android benchmark cgroup changed during measurement; invalid controlled comparison,2026-10-03T23:56:41.828301+00:00,435405.878050359,39.5,68.5,57.4,56.4,1363200,"{""clock_mhz"":""231"",""max_gpuclk"":""231000000"",""thermal_pwrlevel"":""13"",""gpu_busy_percentage"":""1 %"",""gpubusy"":""14353 1022618"",""temp"":""57400"",""reset_count"":""356195""}",4984.24609375,,"5:freezer:/
4:cpuset:/top-app
3:cpuacct:/top-app
2:cpu:/top-app
1:blkio:/top
0::/apps/uid_10247/pid_11813"
sustained-fixed-context-15min-cold-r1-v1-cpu,qwen2.5-coder-1.5b,sustained-matched-cold,sustained,api-20261003T210139Z-UNPLUGGED,"[""CPU availability or Android cgroup changed during measurement"",""Benchmark process Android cgroup changed during measurement"",""Benchmark process lost required cores despite process-level affinity"",""Run failed, was aborted, or did not parse""]",False,False,-15,Android benchmark cgroup changed during measurement; invalid controlled comparison,2026-10-03T23:56:42.953562+00:00,435407.003335255,39.5,68.1,57.4,56.4,1363200,"{""clock_mhz"":""231"",""max_gpuclk"":""231000000"",""thermal_pwrlevel"":""13"",""gpu_busy_percentage"":""1 %"",""gpubusy"":""14514 1003793"",""temp"":""57800"",""reset_count"":""356195""}",4983.0234375,,"5:freezer:/
4:cpuset:/top-app
3:cpuacct:/top-app
2:cpu:/top-app
1:blkio:/top
0::/apps/uid_10247/pid_11813"
sustained-fixed-context-15min-cold-r1-v1-cpu,qwen2.5-coder-1.5b,sustained-matched-cold,sustained,api-20261003T210139Z-UNPLUGGED,"[""CPU availability or Android cgroup changed during measurement"",""Benchmark process Android cgroup changed during measurement"",""Benchmark process lost required cores despite process-level affinity"",""Run failed, was aborted, or did not parse""]",False,False,-15,Android benchmark cgroup changed during measurement; invalid controlled comparison,2026-10-03T23:56:44.110523+00:00,435408.160315358,39.5,68.1,58.6,58.0,1363200,"{""clock_mhz"":""231"",""max_gpuclk"":""231000000"",""thermal_pwrlevel"":""13"",""gpu_busy_percentage"":""1 %"",""gpubusy"":""13704 1010868"",""temp"":""58600"",""reset_count"":""356195""}",4982.28515625,,"5:freezer:/
4:cpuset:/top-app
3:cpuacct:/top-app
2:cpu:/top-app
1:blkio:/top
0::/apps/uid_10247/pid_11813"
sustained-fixed-context-15min-cold-r1-v1-cpu,qwen2.5-coder-1.5b,sustained-matched-cold,sustained,api-20261003T210139Z-UNPLUGGED,"[""CPU availability or Android cgroup changed during measurement"",""Benchmark process Android cgroup changed during measurement"",""Benchmark process lost required cores despite process-level affinity"",""Run failed, was aborted, or did not parse""]",False,False,-15,Android benchmark cgroup changed during measurement; invalid controlled comparison,2026-10-03T23:56:45.266794+00:00,435409.316588639,39.5,69.3,59.0,58.8,1363200,"{""clock_mhz"":""231"",""max_gpuclk"":""231000000"",""thermal_pwrlevel"":""13"",""gpu_busy_percentage"":""1 %"",""gpubusy"":""11689 1009967"",""temp"":""59000"",""reset_count"":""356195""}",4981.0546875,,"5:freezer:/
4:cpuset:/top-app
3:cpuacct:/top-app
2:cpu:/top-app
1:blkio:/top
0::/apps/uid_10247/pid_11813"
sustained-fixed-context-15min-cold-r1-v1-cpu,qwen2.5-coder-1.5b,sustained-matched-cold,sustained,api-20261003T210139Z-UNPLUGGED,"[""CPU availability or Android cgroup changed during measurement"",""Benchmark process Android cgroup changed during measurement"",""Benchmark process lost required cores despite process-level affinity"",""Run failed, was aborted, or did not parse""]",False,False,-15,Android benchmark cgroup changed during measurement; invalid controlled comparison,2026-10-03T23:56:46.399192+00:00,435410.448980722,39.5,70.1,59.0,59.6,1363200,"{""clock_mhz"":""231"",""max_gpuclk"":""231000000"",""thermal_pwrlevel"":""13"",""gpu_busy_percentage"":""1 %"",""gpubusy"":""11656 1014147"",""temp"":""59400"",""reset_count"":""356195""}",4980.078125,,"5:freezer:/
4:cpuset:/top-app
3:cpuacct:/top-app
2:cpu:/top-app
1:blkio:/top
0::/apps/uid_10247/pid_11813"
sustained-fixed-context-15min-cold-r1-v1-cpu,qwen2.5-coder-1.5b,sustained-matched-cold,sustained,api-20261003T210139Z-UNPLUGGED,"[""CPU availability or Android cgroup changed during measurement"",""Benchmark process Android cgroup changed during measurement"",""Benchmark process lost required cores despite process-level affinity"",""Run failed, was aborted, or did not parse""]",False,False,-15,Android benchmark cgroup changed during measurement; invalid controlled comparison,2026-10-03T23:56:47.567021+00:00,435411.616798118,39.5,70.5,59.8,60.0,1363200,"{""clock_mhz"":""231"",""max_gpuclk"":""231000000"",""thermal_pwrlevel"":""13"",""gpu_busy_percentage"":""1 %"",""gpubusy"":""11377 1007843"",""temp"":""59800"",""reset_count"":""356195""}",4987.30859375,,"5:freezer:/
4:cpuset:/top-app
3:cpuacct:/top-app
2:cpu:/top-app
1:blkio:/top
0::/apps/uid_10247/pid_11813"
sustained-fixed-context-15min-cold-r1-v1-cpu,qwen2.5-coder-1.5b,sustained-matched-cold,sustained,api-20261003T210139Z-UNPLUGGED,"[""CPU availability or Android cgroup changed during measurement"",""Benchmark process Android cgroup changed during measurement"",""Benchmark process lost required cores despite process-level affinity"",""Run failed, was aborted, or did not parse""]",False,False,-15,Android benchmark cgroup changed during measurement; invalid controlled comparison,2026-10-03T23:56:48.710700+00:00,435412.760478742,39.5,70.9,59.8,60.3,1363200,"{""clock_mhz"":""231"",""max_gpuclk"":""231000000"",""thermal_pwrlevel"":""13"",""gpu_busy_percentage"":""1 %"",""gpubusy"":""12411 1021090"",""temp"":""59800"",""reset_count"":""356195""}",4986.32421875,,"5:freezer:/
4:cpuset:/top-app
3:cpuacct:/top-app
2:cpu:/top-app
1:blkio:/top
0::/apps/uid_10247/pid_11813"
sustained-fixed-context-15min-cold-r1-v1-cpu,qwen2.5-coder-1.5b,sustained-matched-cold,sustained,api-20261003T210139Z-UNPLUGGED,"[""CPU availability or Android cgroup changed during measurement"",""Benchmark process Android cgroup changed during measurement"",""Benchmark process lost required cores despite process-level affinity"",""Run failed, was aborted, or did not parse""]",False,False,-15,Android benchmark cgroup changed during measurement; invalid controlled comparison,2026-10-03T23:56:49.872209+00:00,435413.921959731,39.5,72.8,60.2,60.3,1363200,"{""clock_mhz"":""231"",""max_gpuclk"":""231000000"",""thermal_pwrlevel"":""13"",""gpu_busy_percentage"":""1 %"",""gpubusy"":""12476 1032842"",""temp"":""60200"",""reset_count"":""356195""}",4984.078125,,"5:freezer:/
4:cpuset:/top-app
3:cpuacct:/top-app
2:cpu:/top-app
1:blkio:/top
0::/apps/uid_10247/pid_11813"
sustained-fixed-context-15min-cold-r1-v1-cpu,qwen2.5-coder-1.5b,sustained-matched-cold,sustained,api-20261003T210139Z-UNPLUGGED,"[""CPU availability or Android cgroup changed during measurement"",""Benchmark process Android cgroup changed during measurement"",""Benchmark process lost required cores despite process-level affinity"",""Run failed, was aborted, or did not parse""]",False,False,-15,Android benchmark cgroup changed during measurement; invalid controlled comparison,2026-10-03T23:56:50.973249+00:00,435415.023025564,39.5,69.3,58.6,58.4,1363200,"{""clock_mhz"":""231"",""max_gpuclk"":""231000000"",""thermal_pwrlevel"":""13"",""gpu_busy_percentage"":""1 %"",""gpubusy"":""12398 1011050"",""temp"":""58600"",""reset_count"":""356195""}",4983.58984375,,"5:freezer:/
4:cpuset:/top-app
3:cpuacct:/top-app
2:cpu:/top-app
1:blkio:/top
0::/apps/uid_10247/pid_11813"
sustained-fixed-context-15min-cold-r1-v1-cpu,qwen2.5-coder-1.5b,sustained-matched-cold,sustained,api-20261003T210139Z-UNPLUGGED,"[""CPU availability or Android cgroup changed during measurement"",""Benchmark process Android cgroup changed during measurement"",""Benchmark process lost required cores despite process-level affinity"",""Run failed, was aborted, or did not parse""]",False,False,-15,Android benchmark cgroup changed during measurement; invalid controlled comparison,2026-10-03T23:56:52.110908+00:00,435416.160662387,39.5,69.3,58.6,57.2,1363200,"{""clock_mhz"":""231"",""max_gpuclk"":""231000000"",""thermal_pwrlevel"":""13"",""gpu_busy_percentage"":""1 %"",""gpubusy"":""13737 1025027"",""temp"":""58600"",""reset_count"":""356195""}",4981.7265625,,"5:freezer:/
4:cpuset:/top-app
3:cpuacct:/top-app
2:cpu:/top-app
1:blkio:/top
0::/apps/uid_10247/pid_11813"
sustained-fixed-context-15min-cold-r1-v1-cpu,qwen2.5-coder-1.5b,sustained-matched-cold,sustained,api-20261003T210139Z-UNPLUGGED,"[""CPU availability or Android cgroup changed during measurement"",""Benchmark process Android cgroup changed during measurement"",""Benchmark process lost required cores despite process-level affinity"",""Run failed, was aborted, or did not parse""]",False,False,-15,Android benchmark cgroup changed during measurement; invalid controlled comparison,2026-10-03T23:56:53.226243+00:00,435417.276058636,39.5,68.1,57.8,56.8,1363200,"{""clock_mhz"":""231"",""max_gpuclk"":""231000000"",""thermal_pwrlevel"":""13"",""gpu_busy_percentage"":""1 %"",""gpubusy"":""13539 1025543"",""temp"":""58200"",""reset_count"":""356195""}",4980.25,,"5:freezer:/
4:cpuset:/top-app
3:cpuacct:/top-app
2:cpu:/top-app
1:blkio:/top
0::/apps/uid_10247/pid_11813"
sustained-fixed-context-15min-cold-r1-v1-cpu,qwen2.5-coder-1.5b,sustained-matched-cold,sustained,api-20261003T210139Z-UNPLUGGED,"[""CPU availability or Android cgroup changed during measurement"",""Benchmark process Android cgroup changed during measurement"",""Benchmark process lost required cores despite process-level affinity"",""Run failed, was aborted, or did not parse""]",False,False,-15,Android benchmark cgroup changed during measurement; invalid controlled comparison,2026-10-03T23:56:54.354754+00:00,435418.404507698,39.5,68.9,57.4,56.4,1363200,"{""clock_mhz"":""231"",""max_gpuclk"":""231000000"",""thermal_pwrlevel"":""13"",""gpu_busy_percentage"":""1 %"",""gpubusy"":""13310 1031393"",""temp"":""57400"",""reset_count"":""356195""}",4977.296875,,"5:freezer:/
4:cpuset:/top-app
3:cpuacct:/top-app
2:cpu:/top-app
1:blkio:/top
0::/apps/uid_10247/pid_11813"
sustained-fixed-context-15min-cold-r1-v1-cpu,qwen2.5-coder-1.5b,sustained-matched-cold,sustained,api-20261003T210139Z-UNPLUGGED,"[""CPU availability or Android cgroup changed during measurement"",""Benchmark process Android cgroup changed during measurement"",""Benchmark process lost required cores despite process-level affinity"",""Run failed, was aborted, or did not parse""]",False,False,-15,Android benchmark cgroup changed during measurement; invalid controlled comparison,2026-10-03T23:56:55.510909+00:00,435419.560686292,39.5,67.7,57.4,56.1,1363200,"{""clock_mhz"":""231"",""max_gpuclk"":""231000000"",""thermal_pwrlevel"":""13"",""gpu_busy_percentage"":""1 %"",""gpubusy"":""13361 1014841"",""temp"":""57000"",""reset_count"":""356195""}",4977.296875,,"5:freezer:/
4:cpuset:/top-app
3:cpuacct:/top-app
2:cpu:/top-app
1:blkio:/top
0::/apps/uid_10247/pid_11813"
sustained-fixed-context-15min-cold-r1-v1-cpu,qwen2.5-coder-1.5b,sustained-matched-cold,sustained,api-20261003T210139Z-UNPLUGGED,"[""CPU availability or Android cgroup changed during measurement"",""Benchmark process Android cgroup changed during measurement"",""Benchmark process lost required cores despite process-level affinity"",""Run failed, was aborted, or did not parse""]",False,False,-15,Android benchmark cgroup changed during measurement; invalid controlled comparison,2026-10-03T23:56:56.645043+00:00,435420.694816187,39.5,67.7,57.4,55.7,1363200,"{""clock_mhz"":""231"",""max_gpuclk"":""231000000"",""thermal_pwrlevel"":""13"",""gpu_busy_percentage"":""1 %"",""gpubusy"":""13274 1016630"",""temp"":""57400"",""reset_count"":""356195""}",4976.359375,,"5:freezer:/
4:cpuset:/top-app
3:cpuacct:/top-app
2:cpu:/top-app
1:blkio:/top
0::/apps/uid_10247/pid_11813"
sustained-fixed-context-15min-cold-r1-v1-cpu,qwen2.5-coder-1.5b,sustained-matched-cold,sustained,api-20261003T210139Z-UNPLUGGED,"[""CPU availability or Android cgroup changed during measurement"",""Benchmark process Android cgroup changed during measurement"",""Benchmark process lost required cores despite process-level affinity"",""Run failed, was aborted, or did not parse""]",False,False,-15,Android benchmark cgroup changed during measurement; invalid controlled comparison,2026-10-03T23:56:57.775376+00:00,435421.825153947,39.5,68.5,58.2,58.0,1363200,"{""clock_mhz"":""231"",""max_gpuclk"":""231000000"",""thermal_pwrlevel"":""13"",""gpu_busy_percentage"":""1 %"",""gpubusy"":""13571 1018975"",""temp"":""58200"",""reset_count"":""356195""}",4975.57421875,,"5:freezer:/
4:cpuset:/top-app
3:cpuacct:/top-app
2:cpu:/top-app
1:blkio:/top
0::/apps/uid_10247/pid_11813"
sustained-fixed-context-15min-cold-r1-v1-cpu,qwen2.5-coder-1.5b,sustained-matched-cold,sustained,api-20261003T210139Z-UNPLUGGED,"[""CPU availability or Android cgroup changed during measurement"",""Benchmark process Android cgroup changed during measurement"",""Benchmark process lost required cores despite process-level affinity"",""Run failed, was aborted, or did not parse""]",False,False,-15,Android benchmark cgroup changed during measurement; invalid controlled comparison,2026-10-03T23:56:58.959129+00:00,435423.008905144,39.5,69.3,59.0,58.8,1363200,"{""clock_mhz"":""231"",""max_gpuclk"":""231000000"",""thermal_pwrlevel"":""13"",""gpu_busy_percentage"":""1 %"",""gpubusy"":""12534 1022567"",""temp"":""59000"",""reset_count"":""356195""}",4971.15234375,,"5:freezer:/
4:cpuset:/top-app
3:cpuacct:/top-app
2:cpu:/top-app
1:blkio:/top
0::/apps/uid_10247/pid_11813"
sustained-fixed-context-15min-cold-r1-v1-cpu,qwen2.5-coder-1.5b,sustained-matched-cold,sustained,api-20261003T210139Z-UNPLUGGED,"[""CPU availability or Android cgroup changed during measurement"",""Benchmark process Android cgroup changed during measurement"",""Benchmark process lost required cores despite process-level affinity"",""Run failed, was aborted, or did not parse""]",False,False,-15,Android benchmark cgroup changed during measurement; invalid controlled comparison,2026-10-03T23:57:00.122580+00:00,435424.172356759,39.5,70.1,59.0,59.2,1363200,"{""clock_mhz"":""231"",""max_gpuclk"":""231000000"",""thermal_pwrlevel"":""13"",""gpu_busy_percentage"":""1 %"",""gpubusy"":""12208 1007023"",""temp"":""59400"",""reset_count"":""356195""}",5012.765625,,"5:freezer:/
4:cpuset:/top-app
3:cpuacct:/top-app
2:cpu:/top-app
1:blkio:/top
0::/apps/uid_10247/pid_11813"
sustained-fixed-context-15min-cold-r1-v1-cpu,qwen2.5-coder-1.5b,sustained-matched-cold,sustained,api-20261003T210139Z-UNPLUGGED,"[""CPU availability or Android cgroup changed during measurement"",""Benchmark process Android cgroup changed during measurement"",""Benchmark process lost required cores despite process-level affinity"",""Run failed, was aborted, or did not parse""]",False,False,-15,Android benchmark cgroup changed during measurement; invalid controlled comparison,2026-10-03T23:57:01.271926+00:00,435425.321689519,39.5,70.1,59.8,59.6,1363200,"{""clock_mhz"":""231"",""max_gpuclk"":""231000000"",""thermal_pwrlevel"":""13"",""gpu_busy_percentage"":""1 %"",""gpubusy"":""12777 1015299"",""temp"":""59800"",""reset_count"":""356195""}",5011.53515625,,"5:freezer:/
4:cpuset:/top-app
3:cpuacct:/top-app
2:cpu:/top-app
1:blkio:/top
0::/apps/uid_10247/pid_11813"
sustained-fixed-context-15min-cold-r1-v1-cpu,qwen2.5-coder-1.5b,sustained-matched-cold,sustained,api-20261003T210139Z-UNPLUGGED,"[""CPU availability or Android cgroup changed during measurement"",""Benchmark process Android cgroup changed during measurement"",""Benchmark process lost required cores despite process-level affinity"",""Run failed, was aborted, or did not parse""]",False,False,-15,Android benchmark cgroup changed during measurement; invalid controlled comparison,2026-10-03T23:57:02.388490+00:00,435426.438306758,39.5,70.5,59.8,59.6,1363200,"{""clock_mhz"":""231"",""max_gpuclk"":""231000000"",""thermal_pwrlevel"":""13"",""gpu_busy_percentage"":""1 %"",""gpubusy"":""11747 1004110"",""temp"":""60200"",""reset_count"":""356195""}",5010.68359375,,"5:freezer:/
4:cpuset:/top-app
3:cpuacct:/top-app
2:cpu:/top-app
1:blkio:/top
0::/apps/uid_10247/pid_11813"
sustained-fixed-context-15min-cold-r1-v1-cpu,qwen2.5-coder-1.5b,sustained-matched-cold,sustained,api-20261003T210139Z-UNPLUGGED,"[""CPU availability or Android cgroup changed during measurement"",""Benchmark process Android cgroup changed during measurement"",""Benchmark process lost required cores despite process-level affinity"",""Run failed, was aborted, or did not parse""]",False,False,-15,Android benchmark cgroup changed during measurement; invalid controlled comparison,2026-10-03T23:57:03.519486+00:00,435427.569238059,39.5,70.5,60.2,60.0,1363200,"{""clock_mhz"":""231"",""max_gpuclk"":""231000000"",""thermal_pwrlevel"":""13"",""gpu_busy_percentage"":""1 %"",""gpubusy"":""12931 1019039"",""temp"":""60200"",""reset_count"":""356195""}",5009.9453125,,"5:freezer:/
4:cpuset:/top-app
3:cpuacct:/top-app
2:cpu:/top-app
1:blkio:/top
0::/apps/uid_10247/pid_11813"
sustained-fixed-context-15min-cold-r1-v1-cpu,qwen2.5-coder-1.5b,sustained-matched-cold,sustained,api-20261003T210139Z-UNPLUGGED,"[""CPU availability or Android cgroup changed during measurement"",""Benchmark process Android cgroup changed during measurement"",""Benchmark process lost required cores despite process-level affinity"",""Run failed, was aborted, or did not parse""]",False,False,-15,Android benchmark cgroup changed during measurement; invalid controlled comparison,2026-10-03T23:57:04.685727+00:00,435428.735500299,39.5,70.9,59.0,58.0,1363200,"{""clock_mhz"":""231"",""max_gpuclk"":""231000000"",""thermal_pwrlevel"":""13"",""gpu_busy_percentage"":""1 %"",""gpubusy"":""10933 1005405"",""temp"":""59000"",""reset_count"":""356195""}",4989.2890625,,"5:freezer:/
4:cpuset:/top-app
3:cpuacct:/top-app
2:cpu:/top-app
1:blkio:/top
0::/apps/uid_10247/pid_11813"
sustained-fixed-context-15min-cold-r1-v1-cpu,qwen2.5-coder-1.5b,sustained-matched-cold,sustained,api-20261003T210139Z-UNPLUGGED,"[""CPU availability or Android cgroup changed during measurement"",""Benchmark process Android cgroup changed during measurement"",""Benchmark process lost required cores despite process-level affinity"",""Run failed, was aborted, or did not parse""]",False,False,-15,Android benchmark cgroup changed during measurement; invalid controlled comparison,2026-10-03T23:57:05.811813+00:00,435429.861567381,39.5,69.7,58.6,57.6,1363200,"{""clock_mhz"":""231"",""max_gpuclk"":""231000000"",""thermal_pwrlevel"":""13"",""gpu_busy_percentage"":""1 %"",""gpubusy"":""12950 1027576"",""temp"":""58200"",""reset_count"":""356195""}",5014.41796875,,"5:freezer:/
4:cpuset:/top-app
3:cpuacct:/top-app
2:cpu:/top-app
1:blkio:/top
0::/apps/uid_10247/pid_11813"
sustained-fixed-context-15min-cold-r1-v1-cpu,qwen2.5-coder-1.5b,sustained-matched-cold,sustained,api-20261003T210139Z-UNPLUGGED,"[""CPU availability or Android cgroup changed during measurement"",""Benchmark process Android cgroup changed during measurement"",""Benchmark process lost required cores despite process-level affinity"",""Run failed, was aborted, or did not parse""]",False,False,-15,Android benchmark cgroup changed during measurement; invalid controlled comparison,2026-10-03T23:57:06.929923+00:00,435430.979694829,39.5,68.5,57.8,57.2,1363200,"{""clock_mhz"":""231"",""max_gpuclk"":""231000000"",""thermal_pwrlevel"":""13"",""gpu_busy_percentage"":""1 %"",""gpubusy"":""12826 1000525"",""temp"":""58200"",""reset_count"":""356195""}",5012.8125,,"5:freezer:/
4:cpuset:/top-app
3:cpuacct:/top-app
2:cpu:/top-app
1:blkio:/top
0::/apps/uid_10247/pid_11813"
sustained-fixed-context-15min-cold-r1-v1-cpu,qwen2.5-coder-1.5b,sustained-matched-cold,sustained,api-20261003T210139Z-UNPLUGGED,"[""CPU availability or Android cgroup changed during measurement"",""Benchmark process Android cgroup changed during measurement"",""Benchmark process lost required cores despite process-level affinity"",""Run failed, was aborted, or did not parse""]",False,False,-15,Android benchmark cgroup changed during measurement; invalid controlled comparison,2026-10-03T23:57:08.063075+00:00,435432.112828578,39.5,68.5,58.2,56.8,1363200,"{""clock_mhz"":""231"",""max_gpuclk"":""231000000"",""thermal_pwrlevel"":""13"",""gpu_busy_percentage"":""1 %"",""gpubusy"":""13760 1022447"",""temp"":""57800"",""reset_count"":""356195""}",5001.75,,"5:freezer:/
4:cpuset:/top-app
3:cpuacct:/top-app
2:cpu:/top-app
1:blkio:/top
0::/apps/uid_10247/pid_11813"
sustained-fixed-context-15min-cold-r1-v1-cpu,qwen2.5-coder-1.5b,sustained-matched-cold,sustained,api-20261003T210139Z-UNPLUGGED,"[""CPU availability or Android cgroup changed during measurement"",""Benchmark process Android cgroup changed during measurement"",""Benchmark process lost required cores despite process-level affinity"",""Run failed, was aborted, or did not parse""]",False,False,-15,Android benchmark cgroup changed during measurement; invalid controlled comparison,2026-10-03T23:57:09.234956+00:00,435433.284726911,39.7,67.4,57.8,56.8,1363200,"{""clock_mhz"":""231"",""max_gpuclk"":""231000000"",""thermal_pwrlevel"":""13"",""gpu_busy_percentage"":""1 %"",""gpubusy"":""15053 1021414"",""temp"":""57800"",""reset_count"":""356195""}",4999.2890625,,"5:freezer:/
4:cpuset:/top-app
3:cpuacct:/top-app
2:cpu:/top-app
1:blkio:/top
0::/apps/uid_10247/pid_11813"
sustained-fixed-context-15min-cold-r1-v1-cpu,qwen2.5-coder-1.5b,sustained-matched-cold,sustained,api-20261003T210139Z-UNPLUGGED,"[""CPU availability or Android cgroup changed during measurement"",""Benchmark process Android cgroup changed during measurement"",""Benchmark process lost required cores despite process-level affinity"",""Run failed, was aborted, or did not parse""]",False,False,-15,Android benchmark cgroup changed during measurement; invalid controlled comparison,2026-10-03T23:57:10.438609+00:00,435434.488382171,39.7,68.9,57.8,56.4,1363200,"{""clock_mhz"":""231"",""max_gpuclk"":""231000000"",""thermal_pwrlevel"":""13"",""gpu_busy_percentage"":""1 %"",""gpubusy"":""14077 1032685"",""temp"":""57400"",""reset_count"":""356195""}",4997.58984375,,"5:freezer:/
4:cpuset:/top-app
3:cpuacct:/top-app
2:cpu:/top-app
1:blkio:/top
0::/apps/uid_10247/pid_11813"
sustained-fixed-context-15min-cold-r1-v1-cpu,qwen2.5-coder-1.5b,sustained-matched-cold,sustained,api-20261003T210139Z-UNPLUGGED,"[""CPU availability or Android cgroup changed during measurement"",""Benchmark process Android cgroup changed during measurement"",""Benchmark process lost required cores despite process-level affinity"",""Run failed, was aborted, or did not parse""]",False,False,-15,Android benchmark cgroup changed during measurement; invalid controlled comparison,2026-10-03T23:57:11.602892+00:00,435435.652675713,39.7,68.5,58.2,58.0,1363200,"{""clock_mhz"":""231"",""max_gpuclk"":""231000000"",""thermal_pwrlevel"":""13"",""gpu_busy_percentage"":""1 %"",""gpubusy"":""13366 1022368"",""temp"":""58200"",""reset_count"":""356195""}",4994.375,,"5:freezer:/
4:cpuset:/top-app
3:cpuacct:/top-app
2:cpu:/top-app
1:blkio:/top
0::/apps/uid_10247/pid_11813"
sustained-fixed-context-15min-cold-r1-v1-cpu,qwen2.5-coder-1.5b,sustained-matched-cold,sustained,api-20261003T210139Z-UNPLUGGED,"[""CPU availability or Android cgroup changed during measurement"",""Benchmark process Android cgroup changed during measurement"",""Benchmark process lost required cores despite process-level affinity"",""Run failed, was aborted, or did not parse""]",False,False,-15,Android benchmark cgroup changed during measurement; invalid controlled comparison,2026-10-03T23:57:12.738877+00:00,435436.788659254,39.7,69.3,59.4,58.8,1363200,"{""clock_mhz"":""231"",""max_gpuclk"":""231000000"",""thermal_pwrlevel"":""13"",""gpu_busy_percentage"":""1 %"",""gpubusy"":""13925 1022392"",""temp"":""59400"",""reset_count"":""356195""}",4992.65234375,,"5:freezer:/
4:cpuset:/top-app
3:cpuacct:/top-app
2:cpu:/top-app
1:blkio:/top
0::/apps/uid_10247/pid_11813"
sustained-fixed-context-15min-cold-r1-v1-cpu,qwen2.5-coder-1.5b,sustained-matched-cold,sustained,api-20261003T210139Z-UNPLUGGED,"[""CPU availability or Android cgroup changed during measurement"",""Benchmark process Android cgroup changed during measurement"",""Benchmark process lost required cores despite process-level affinity"",""Run failed, was aborted, or did not parse""]",False,False,-15,Android benchmark cgroup changed during measurement; invalid controlled comparison,2026-10-03T23:57:13.883063+00:00,435437.932844878,39.7,70.1,59.8,60.0,1363200,"{""clock_mhz"":""231"",""max_gpuclk"":""231000000"",""thermal_pwrlevel"":""13"",""gpu_busy_percentage"":""1 %"",""gpubusy"":""12743 1005699"",""temp"":""59400"",""reset_count"":""356196""}",4992.16015625,,"5:freezer:/
4:cpuset:/top-app
3:cpuacct:/top-app
2:cpu:/top-app
1:blkio:/top
0::/apps/uid_10247/pid_11813"
sustained-fixed-context-15min-cold-r1-v1-cpu,qwen2.5-coder-1.5b,sustained-matched-cold,sustained,api-20261003T210139Z-UNPLUGGED,"[""CPU availability or Android cgroup changed during measurement"",""Benchmark process Android cgroup changed during measurement"",""Benchmark process lost required cores despite process-level affinity"",""Run failed, was aborted, or did not parse""]",False,False,-15,Android benchmark cgroup changed during measurement; invalid controlled comparison,2026-10-03T23:57:15.054882+00:00,435439.104636961,39.7,70.5,59.8,60.0,1363200,"{""clock_mhz"":""231"",""max_gpuclk"":""231000000"",""thermal_pwrlevel"":""13"",""gpu_busy_percentage"":""1 %"",""gpubusy"":""11826 1024623"",""temp"":""59800"",""reset_count"":""356196""}",4991.66796875,,"5:freezer:/
4:cpuset:/top-app
3:cpuacct:/top-app
2:cpu:/top-app
1:blkio:/top
0::/apps/uid_10247/pid_11813"
sustained-fixed-context-15min-cold-r1-v1-cpu,qwen2.5-coder-1.5b,sustained-matched-cold,sustained,api-20261003T210139Z-UNPLUGGED,"[""CPU availability or Android cgroup changed during measurement"",""Benchmark process Android cgroup changed during measurement"",""Benchmark process lost required cores despite process-level affinity"",""Run failed, was aborted, or did not parse""]",False,False,-15,Android benchmark cgroup changed during measurement; invalid controlled comparison,2026-10-03T23:57:16.192166+00:00,435440.241919357,39.7,70.1,60.2,60.3,1363200,"{""clock_mhz"":""231"",""max_gpuclk"":""231000000"",""thermal_pwrlevel"":""13"",""gpu_busy_percentage"":""1 %"",""gpubusy"":""12449 1007921"",""temp"":""59800"",""reset_count"":""356196""}",4989.69921875,,"5:freezer:/
4:cpuset:/top-app
3:cpuacct:/top-app
2:cpu:/top-app
1:blkio:/top
0::/apps/uid_10247/pid_11813"
sustained-fixed-context-15min-cold-r1-v1-cpu,qwen2.5-coder-1.5b,sustained-matched-cold,sustained,api-20261003T210139Z-UNPLUGGED,"[""CPU availability or Android cgroup changed during measurement"",""Benchmark process Android cgroup changed during measurement"",""Benchmark process lost required cores despite process-level affinity"",""Run failed, was aborted, or did not parse""]",False,False,-15,Android benchmark cgroup changed during measurement; invalid controlled comparison,2026-10-03T23:57:17.342611+00:00,435441.392365398,39.7,70.5,60.2,60.0,1363200,"{""clock_mhz"":""231"",""max_gpuclk"":""231000000"",""thermal_pwrlevel"":""13"",""gpu_busy_percentage"":""1 %"",""gpubusy"":""12496 1014040"",""temp"":""60200"",""reset_count"":""356196""}",4979.84765625,,"5:freezer:/
4:cpuset:/top-app
3:cpuacct:/top-app
2:cpu:/top-app
1:blkio:/top
0::/apps/uid_10247/pid_11813"
sustained-fixed-context-15min-cold-r1-v1-cpu,qwen2.5-coder-1.5b,sustained-matched-cold,sustained,api-20261003T210139Z-UNPLUGGED,"[""CPU availability or Android cgroup changed during measurement"",""Benchmark process Android cgroup changed during measurement"",""Benchmark process lost required cores despite process-level affinity"",""Run failed, was aborted, or did not parse""]",False,False,-15,Android benchmark cgroup changed during measurement; invalid controlled comparison,2026-10-03T23:57:18.470585+00:00,435442.520338366,39.7,70.1,59.4,58.4,1363200,"{""clock_mhz"":""231"",""max_gpuclk"":""231000000"",""thermal_pwrlevel"":""13"",""gpu_busy_percentage"":""1 %"",""gpubusy"":""10978 1015410"",""temp"":""59400"",""reset_count"":""356196""}",4987.859375,,"5:freezer:/
4:cpuset:/top-app
3:cpuacct:/top-app
2:cpu:/top-app
1:blkio:/top
0::/apps/uid_10247/pid_11813"
sustained-fixed-context-15min-cold-r1-v1-cpu,qwen2.5-coder-1.5b,sustained-matched-cold,sustained,api-20261003T210139Z-UNPLUGGED,"[""CPU availability or Android cgroup changed during measurement"",""Benchmark process Android cgroup changed during measurement"",""Benchmark process lost required cores despite process-level affinity"",""Run failed, was aborted, or did not parse""]",False,False,-15,Android benchmark cgroup changed during measurement; invalid controlled comparison,2026-10-03T23:57:19.582830+00:00,435443.632581334,39.7,69.3,59.0,57.6,1363200,"{""clock_mhz"":""231"",""max_gpuclk"":""231000000"",""thermal_pwrlevel"":""13"",""gpu_busy_percentage"":""1 %"",""gpubusy"":""12561 1000568"",""temp"":""59000"",""reset_count"":""356196""}",4981.05078125,,"5:freezer:/
4:cpuset:/top-app
3:cpuacct:/top-app
2:cpu:/top-app
1:blkio:/top
0::/apps/uid_10247/pid_11813"
sustained-fixed-context-15min-cold-r1-v1-cpu,qwen2.5-coder-1.5b,sustained-matched-cold,sustained,api-20261003T210139Z-UNPLUGGED,"[""CPU availability or Android cgroup changed during measurement"",""Benchmark process Android cgroup changed during measurement"",""Benchmark process lost required cores despite process-level affinity"",""Run failed, was aborted, or did not parse""]",False,False,-15,Android benchmark cgroup changed during measurement; invalid controlled comparison,2026-10-03T23:57:20.688600+00:00,435444.738363834,39.7,68.9,58.6,57.2,1363200,"{""clock_mhz"":""231"",""max_gpuclk"":""231000000"",""thermal_pwrlevel"":""13"",""gpu_busy_percentage"":""1 %"",""gpubusy"":""14407 1034321"",""temp"":""58200"",""reset_count"":""356196""}",4980.06640625,,"5:freezer:/
4:cpuset:/top-app
3:cpuacct:/top-app
2:cpu:/top-app
1:blkio:/top
0::/apps/uid_10247/pid_11813"
sustained-fixed-context-15min-cold-r1-v1-cpu,qwen2.5-coder-1.5b,sustained-matched-cold,sustained,api-20261003T210139Z-UNPLUGGED,"[""CPU availability or Android cgroup changed during measurement"",""Benchmark process Android cgroup changed during measurement"",""Benchmark process lost required cores despite process-level affinity"",""Run failed, was aborted, or did not parse""]",False,False,-15,Android benchmark cgroup changed during measurement; invalid controlled comparison,2026-10-03T23:57:21.813275+00:00,435445.863031073,39.7,67.4,57.8,56.4,1363200,"{""clock_mhz"":""231"",""max_gpuclk"":""231000000"",""thermal_pwrlevel"":""13"",""gpu_busy_percentage"":""1 %"",""gpubusy"":""13735 1019926"",""temp"":""58200"",""reset_count"":""356196""}",4979.08203125,,"5:freezer:/
4:cpuset:/top-app
3:cpuacct:/top-app
2:cpu:/top-app
1:blkio:/top
0::/apps/uid_10247/pid_11813"
sustained-fixed-context-15min-cold-r1-v1-cpu,qwen2.5-coder-1.5b,sustained-matched-cold,sustained,api-20261003T210139Z-UNPLUGGED,"[""CPU availability or Android cgroup changed during measurement"",""Benchmark process Android cgroup changed during measurement"",""Benchmark process lost required cores despite process-level affinity"",""Run failed, was aborted, or did not parse""]",False,False,-15,Android benchmark cgroup changed during measurement; invalid controlled comparison,2026-10-03T23:57:22.948413+00:00,435446.998164927,39.7,68.1,57.8,56.4,1363200,"{""clock_mhz"":""231"",""max_gpuclk"":""231000000"",""thermal_pwrlevel"":""13"",""gpu_busy_percentage"":""1 %"",""gpubusy"":""13526 1013218"",""temp"":""57800"",""reset_count"":""356196""}",4975.9765625,,"5:freezer:/
4:cpuset:/top-app
3:cpuacct:/top-app
2:cpu:/top-app
1:blkio:/top
0::/apps/uid_10247/pid_11813"
sustained-fixed-context-15min-cold-r1-v1-cpu,qwen2.5-coder-1.5b,sustained-matched-cold,sustained,api-20261003T210139Z-UNPLUGGED,"[""CPU availability or Android cgroup changed during measurement"",""Benchmark process Android cgroup changed during measurement"",""Benchmark process lost required cores despite process-level affinity"",""Run failed, was aborted, or did not parse""]",False,False,-15,Android benchmark cgroup changed during measurement; invalid controlled comparison,2026-10-03T23:57:24.080750+00:00,435448.130520187,39.7,67.7,57.8,56.4,1363200,"{""clock_mhz"":""231"",""max_gpuclk"":""231000000"",""thermal_pwrlevel"":""13"",""gpu_busy_percentage"":""1 %"",""gpubusy"":""13182 1015770"",""temp"":""57800"",""reset_count"":""356196""}",4974.73828125,,"5:freezer:/
4:cpuset:/top-app
3:cpuacct:/top-app
2:cpu:/top-app
1:blkio:/top
0::/apps/uid_10247/pid_11813"
sustained-fixed-context-15min-cold-r1-v1-cpu,qwen2.5-coder-1.5b,sustained-matched-cold,sustained,api-20261003T210139Z-UNPLUGGED,"[""CPU availability or Android cgroup changed during measurement"",""Benchmark process Android cgroup changed during measurement"",""Benchmark process lost required cores despite process-level affinity"",""Run failed, was aborted, or did not parse""]",False,False,-15,Android benchmark cgroup changed during measurement; invalid controlled comparison,2026-10-03T23:57:25.227646+00:00,435449.277418937,39.7,67.4,57.8,56.8,1363200,"{""clock_mhz"":""231"",""max_gpuclk"":""231000000"",""thermal_pwrlevel"":""13"",""gpu_busy_percentage"":""1 %"",""gpubusy"":""13336 1007721"",""temp"":""58200"",""reset_count"":""356196""}",4973.765625,,"5:freezer:/
4:cpuset:/top-app
3:cpuacct:/top-app
2:cpu:/top-app
1:blkio:/top
0::/apps/uid_10247/pid_11813"
sustained-fixed-context-15min-cold-r1-v1-cpu,qwen2.5-coder-1.5b,sustained-matched-cold,sustained,api-20261003T210139Z-UNPLUGGED,"[""CPU availability or Android cgroup changed during measurement"",""Benchmark process Android cgroup changed during measurement"",""Benchmark process lost required cores despite process-level affinity"",""Run failed, was aborted, or did not parse""]",False,False,-15,Android benchmark cgroup changed during measurement; invalid controlled comparison,2026-10-03T23:57:26.363349+00:00,435450.413102634,39.7,68.9,59.0,58.4,1363200,"{""clock_mhz"":""231"",""max_gpuclk"":""231000000"",""thermal_pwrlevel"":""13"",""gpu_busy_percentage"":""1 %"",""gpubusy"":""12032 1021153"",""temp"":""59000"",""reset_count"":""356196""}",4972.78125,,"5:freezer:/
4:cpuset:/top-app
3:cpuacct:/top-app
2:cpu:/top-app
1:blkio:/top
0::/apps/uid_10247/pid_11813"
sustained-fixed-context-15min-cold-r1-v1-cpu,qwen2.5-coder-1.5b,sustained-matched-cold,sustained,api-20261003T210139Z-UNPLUGGED,"[""CPU availability or Android cgroup changed during measurement"",""Benchmark process Android cgroup changed during measurement"",""Benchmark process lost required cores despite process-level affinity"",""Run failed, was aborted, or did not parse""]",False,False,-15,Android benchmark cgroup changed during measurement; invalid controlled comparison,2026-10-03T23:57:27.478645+00:00,435451.528422634,39.7,69.7,59.0,59.6,1363200,"{""clock_mhz"":""231"",""max_gpuclk"":""231000000"",""thermal_pwrlevel"":""13"",""gpu_busy_percentage"":""1 %"",""gpubusy"":""12570 1016383"",""temp"":""59000"",""reset_count"":""356196""}",4971.796875,,"5:freezer:/
4:cpuset:/top-app
3:cpuacct:/top-app
2:cpu:/top-app
1:blkio:/top
0::/apps/uid_10247/pid_11813"
sustained-fixed-context-15min-cold-r1-v1-cpu,qwen2.5-coder-1.5b,sustained-matched-cold,sustained,api-20261003T210139Z-UNPLUGGED,"[""CPU availability or Android cgroup changed during measurement"",""Benchmark process Android cgroup changed during measurement"",""Benchmark process lost required cores despite process-level affinity"",""Run failed, was aborted, or did not parse""]",False,False,-15,Android benchmark cgroup changed during measurement; invalid controlled comparison,2026-10-03T23:57:28.626325+00:00,435452.676081435,39.7,70.5,59.4,60.0,1363200,"{""clock_mhz"":""231"",""max_gpuclk"":""231000000"",""thermal_pwrlevel"":""13"",""gpu_busy_percentage"":""1 %"",""gpubusy"":""11701 1017942"",""temp"":""59400"",""reset_count"":""356196""}",4965.5,,"5:freezer:/
4:cpuset:/top-app
3:cpuacct:/top-app
2:cpu:/top-app
1:blkio:/top
0::/apps/uid_10247/pid_11813"
sustained-fixed-context-15min-cold-r1-v1-cpu,qwen2.5-coder-1.5b,sustained-matched-cold,sustained,api-20261003T210139Z-UNPLUGGED,"[""CPU availability or Android cgroup changed during measurement"",""Benchmark process Android cgroup changed during measurement"",""Benchmark process lost required cores despite process-level affinity"",""Run failed, was aborted, or did not parse""]",False,False,-15,Android benchmark cgroup changed during measurement; invalid controlled comparison,2026-10-03T23:57:29.772011+00:00,435453.821783101,39.7,69.3,60.2,59.6,1363200,"{""clock_mhz"":""231"",""max_gpuclk"":""231000000"",""thermal_pwrlevel"":""13"",""gpu_busy_percentage"":""0 %"",""gpubusy"":""9853 1005580"",""temp"":""60200"",""reset_count"":""356196""}",4990.42578125,,"5:freezer:/
4:cpuset:/top-app
3:cpuacct:/top-app
2:cpu:/top-app
1:blkio:/top
0::/apps/uid_10247/pid_11813"
sustained-fixed-context-15min-cold-r1-v1-cpu,qwen2.5-coder-1.5b,sustained-matched-cold,sustained,api-20261003T210139Z-UNPLUGGED,"[""CPU availability or Android cgroup changed during measurement"",""Benchmark process Android cgroup changed during measurement"",""Benchmark process lost required cores despite process-level affinity"",""Run failed, was aborted, or did not parse""]",False,False,-15,Android benchmark cgroup changed during measurement; invalid controlled comparison,2026-10-03T23:57:30.933124+00:00,435454.98293508,39.7,71.3,60.2,60.7,1363200,"{""clock_mhz"":""231"",""max_gpuclk"":""231000000"",""thermal_pwrlevel"":""13"",""gpu_busy_percentage"":""1 %"",""gpubusy"":""13214 1033880"",""temp"":""60600"",""reset_count"":""356196""}",4977.734375,,"5:freezer:/
4:cpuset:/top-app
3:cpuacct:/top-app
2:cpu:/top-app
1:blkio:/top
0::/apps/uid_10247/pid_11813"
sustained-fixed-context-15min-cold-r1-v1-cpu,qwen2.5-coder-1.5b,sustained-matched-cold,sustained,api-20261003T210139Z-UNPLUGGED,"[""CPU availability or Android cgroup changed during measurement"",""Benchmark process Android cgroup changed during measurement"",""Benchmark process lost required cores despite process-level affinity"",""Run failed, was aborted, or did not parse""]",False,False,-15,Android benchmark cgroup changed during measurement; invalid controlled comparison,2026-10-03T23:57:32.098080+00:00,435456.147849507,39.7,72.4,60.6,61.1,1363200,"{""clock_mhz"":""231"",""max_gpuclk"":""231000000"",""thermal_pwrlevel"":""13"",""gpu_busy_percentage"":""1 %"",""gpubusy"":""13727 1015522"",""temp"":""60600"",""reset_count"":""356196""}",4972.57421875,,"5:freezer:/
4:cpuset:/top-app
3:cpuacct:/top-app
2:cpu:/top-app
1:blkio:/top
0::/apps/uid_10247/pid_11813"
sustained-fixed-context-15min-cold-r1-v1-cpu,qwen2.5-coder-1.5b,sustained-matched-cold,sustained,api-20261003T210139Z-UNPLUGGED,"[""CPU availability or Android cgroup changed during measurement"",""Benchmark process Android cgroup changed during measurement"",""Benchmark process lost required cores despite process-level affinity"",""Run failed, was aborted, or did not parse""]",False,False,-15,Android benchmark cgroup changed during measurement; invalid controlled comparison,2026-10-03T23:57:33.225288+00:00,435457.275054402,39.7,71.3,59.4,58.4,1363200,"{""clock_mhz"":""231"",""max_gpuclk"":""231000000"",""thermal_pwrlevel"":""13"",""gpu_busy_percentage"":""1 %"",""gpubusy"":""14463 1009630"",""temp"":""59400"",""reset_count"":""356196""}",4969.37109375,,"5:freezer:/
4:cpuset:/top-app
3:cpuacct:/top-app
2:cpu:/top-app
1:blkio:/top
0::/apps/uid_10247/pid_11813"
sustained-fixed-context-15min-cold-r1-v1-cpu,qwen2.5-coder-1.5b,sustained-matched-cold,sustained,api-20261003T210139Z-UNPLUGGED,"[""CPU availability or Android cgroup changed during measurement"",""Benchmark process Android cgroup changed during measurement"",""Benchmark process lost required cores despite process-level affinity"",""Run failed, was aborted, or did not parse""]",False,False,-15,Android benchmark cgroup changed during measurement; invalid controlled comparison,2026-10-03T23:57:34.358175+00:00,435458.407944506,39.7,70.5,59.0,58.0,1363200,"{""clock_mhz"":""231"",""max_gpuclk"":""231000000"",""thermal_pwrlevel"":""13"",""gpu_busy_percentage"":""1 %"",""gpubusy"":""13843 1002985"",""temp"":""59000"",""reset_count"":""356196""}",4966.6640625,,"5:freezer:/
4:cpuset:/top-app
3:cpuacct:/top-app
2:cpu:/top-app
1:blkio:/top
0::/apps/uid_10247/pid_11813"
sustained-fixed-context-15min-cold-r1-v1-cpu,qwen2.5-coder-1.5b,sustained-matched-cold,sustained,api-20261003T210139Z-UNPLUGGED,"[""CPU availability or Android cgroup changed during measurement"",""Benchmark process Android cgroup changed during measurement"",""Benchmark process lost required cores despite process-level affinity"",""Run failed, was aborted, or did not parse""]",False,False,-15,Android benchmark cgroup changed during measurement; invalid controlled comparison,2026-10-03T23:57:35.500888+00:00,435459.550671224,39.7,69.7,59.0,57.2,1363200,"{""clock_mhz"":""231"",""max_gpuclk"":""231000000"",""thermal_pwrlevel"":""13"",""gpu_busy_percentage"":""1 %"",""gpubusy"":""13473 1024837"",""temp"":""58600"",""reset_count"":""356196""}",4994.25390625,,"5:freezer:/
4:cpuset:/top-app
3:cpuacct:/top-app
2:cpu:/top-app
1:blkio:/top
0::/apps/uid_10247/pid_11813"
sustained-fixed-context-15min-cold-r1-v1-cpu,qwen2.5-coder-1.5b,sustained-matched-cold,sustained,api-20261003T210139Z-UNPLUGGED,"[""CPU availability or Android cgroup changed during measurement"",""Benchmark process Android cgroup changed during measurement"",""Benchmark process lost required cores despite process-level affinity"",""Run failed, was aborted, or did not parse""]",False,False,-15,Android benchmark cgroup changed during measurement; invalid controlled comparison,2026-10-03T23:57:36.634403+00:00,435460.684157109,39.7,69.3,58.2,56.8,1363200,"{""clock_mhz"":""231"",""max_gpuclk"":""231000000"",""thermal_pwrlevel"":""13"",""gpu_busy_percentage"":""1 %"",""gpubusy"":""13693 1017491"",""temp"":""58600"",""reset_count"":""356196""}",4992.84375,,"5:freezer:/
4:cpuset:/top-app
3:cpuacct:/top-app
2:cpu:/top-app
1:blkio:/top
0::/apps/uid_10247/pid_11813"
sustained-fixed-context-15min-cold-r1-v1-cpu,qwen2.5-coder-1.5b,sustained-matched-cold,sustained,api-20261003T210139Z-UNPLUGGED,"[""CPU availability or Android cgroup changed during measurement"",""Benchmark process Android cgroup changed during measurement"",""Benchmark process lost required cores despite process-level affinity"",""Run failed, was aborted, or did not parse""]",False,False,-15,Android benchmark cgroup changed during measurement; invalid controlled comparison,2026-10-03T23:57:37.758920+00:00,435461.808702994,39.7,68.1,58.2,56.8,1363200,"{""clock_mhz"":""231"",""max_gpuclk"":""231000000"",""thermal_pwrlevel"":""13"",""gpu_busy_percentage"":""1 %"",""gpubusy"":""13186 1033103"",""temp"":""58200"",""reset_count"":""356196""}",4989.71875,,"5:freezer:/
4:cpuset:/top-app
3:cpuacct:/top-app
2:cpu:/top-app
1:blkio:/top
0::/apps/uid_10247/pid_11813"
sustained-fixed-context-15min-cold-r1-v1-cpu,qwen2.5-coder-1.5b,sustained-matched-cold,sustained,api-20261003T210139Z-UNPLUGGED,"[""CPU availability or Android cgroup changed during measurement"",""Benchmark process Android cgroup changed during measurement"",""Benchmark process lost required cores despite process-level affinity"",""Run failed, was aborted, or did not parse""]",False,False,-15,Android benchmark cgroup changed during measurement; invalid controlled comparison,2026-10-03T23:57:38.879881+00:00,435462.929637004,39.7,68.9,57.8,56.4,1363200,"{""clock_mhz"":""231"",""max_gpuclk"":""231000000"",""thermal_pwrlevel"":""13"",""gpu_busy_percentage"":""1 %"",""gpubusy"":""13079 1011570"",""temp"":""57800"",""reset_count"":""356196""}",5010.27734375,,"5:freezer:/
4:cpuset:/top-app
3:cpuacct:/top-app
2:cpu:/top-app
1:blkio:/top
0::/apps/uid_10247/pid_11813"
sustained-fixed-context-15min-cold-r1-v1-cpu,qwen2.5-coder-1.5b,sustained-matched-cold,sustained,api-20261003T210139Z-UNPLUGGED,"[""CPU availability or Android cgroup changed during measurement"",""Benchmark process Android cgroup changed during measurement"",""Benchmark process lost required cores despite process-level affinity"",""Run failed, was aborted, or did not parse""]",False,False,-15,Android benchmark cgroup changed during measurement; invalid controlled comparison,2026-10-03T23:57:40.013754+00:00,435464.063539608,39.9,69.3,59.0,58.4,1363200,"{""clock_mhz"":""231"",""max_gpuclk"":""231000000"",""thermal_pwrlevel"":""13"",""gpu_busy_percentage"":""1 %"",""gpubusy"":""14189 1007538"",""temp"":""59000"",""reset_count"":""356196""}",5011.3203125,,"5:freezer:/
4:cpuset:/top-app
3:cpuacct:/top-app
2:cpu:/top-app
1:blkio:/top
0::/apps/uid_10247/pid_11813"
sustained-fixed-context-15min-cold-r1-v1-cpu,qwen2.5-coder-1.5b,sustained-matched-cold,sustained,api-20261003T210139Z-UNPLUGGED,"[""CPU availability or Android cgroup changed during measurement"",""Benchmark process Android cgroup changed during measurement"",""Benchmark process lost required cores despite process-level affinity"",""Run failed, was aborted, or did not parse""]",False,False,-15,Android benchmark cgroup changed during measurement; invalid controlled comparison,2026-10-03T23:57:41.173726+00:00,435465.223476274,39.9,69.3,59.4,59.2,1363200,"{""clock_mhz"":""231"",""max_gpuclk"":""231000000"",""thermal_pwrlevel"":""13"",""gpu_busy_percentage"":""1 %"",""gpubusy"":""11837 1028784"",""temp"":""59400"",""reset_count"":""356196""}",5005.70703125,,"5:freezer:/
4:cpuset:/top-app
3:cpuacct:/top-app
2:cpu:/top-app
1:blkio:/top
0::/apps/uid_10247/pid_11813"
sustained-fixed-context-15min-cold-r1-v1-cpu,qwen2.5-coder-1.5b,sustained-matched-cold,sustained,api-20261003T210139Z-UNPLUGGED,"[""CPU availability or Android cgroup changed during measurement"",""Benchmark process Android cgroup changed during measurement"",""Benchmark process lost required cores despite process-level affinity"",""Run failed, was aborted, or did not parse""]",False,False,-15,Android benchmark cgroup changed during measurement; invalid controlled comparison,2026-10-03T23:57:42.308414+00:00,435466.358165753,39.9,70.1,60.2,60.0,1363200,"{""clock_mhz"":""231"",""max_gpuclk"":""231000000"",""thermal_pwrlevel"":""13"",""gpu_busy_percentage"":""1 %"",""gpubusy"":""12223 1022553"",""temp"":""59800"",""reset_count"":""356196""}",5004.08984375,,"5:freezer:/
4:cpuset:/top-app
3:cpuacct:/top-app
2:cpu:/top-app
1:blkio:/top
0::/apps/uid_10247/pid_11813"
sustained-fixed-context-15min-cold-r1-v1-cpu,qwen2.5-coder-1.5b,sustained-matched-cold,sustained,api-20261003T210139Z-UNPLUGGED,"[""CPU availability or Android cgroup changed during measurement"",""Benchmark process Android cgroup changed during measurement"",""Benchmark process lost required cores despite process-level affinity"",""Run failed, was aborted, or did not parse""]",False,False,-15,Android benchmark cgroup changed during measurement; invalid controlled comparison,2026-10-03T23:57:43.430856+00:00,435467.480635909,39.9,71.3,60.2,60.0,1363200,"{""clock_mhz"":""231"",""max_gpuclk"":""231000000"",""thermal_pwrlevel"":""13"",""gpu_busy_percentage"":""1 %"",""gpubusy"":""13308 1043466"",""temp"":""60200"",""reset_count"":""356196""}",5003.60546875,,"5:freezer:/
4:cpuset:/top-app
3:cpuacct:/top-app
2:cpu:/top-app
1:blkio:/top
0::/apps/uid_10247/pid_11813"
sustained-fixed-context-15min-cold-r1-v1-cpu,qwen2.5-coder-1.5b,sustained-matched-cold,sustained,api-20261003T210139Z-UNPLUGGED,"[""CPU availability or Android cgroup changed during measurement"",""Benchmark process Android cgroup changed during measurement"",""Benchmark process lost required cores despite process-level affinity"",""Run failed, was aborted, or did not parse""]",False,False,-15,Android benchmark cgroup changed during measurement; invalid controlled comparison,2026-10-03T23:57:44.571854+00:00,435468.621636325,39.9,70.9,60.2,60.3,1363200,"{""clock_mhz"":""231"",""max_gpuclk"":""231000000"",""thermal_pwrlevel"":""13"",""gpu_busy_percentage"":""1 %"",""gpubusy"":""11367 1009933"",""temp"":""60200"",""reset_count"":""356196""}",5003.60546875,,"5:freezer:/
4:cpuset:/top-app
3:cpuacct:/top-app
2:cpu:/top-app
1:blkio:/top
0::/apps/uid_10247/pid_11813"
sustained-fixed-context-15min-cold-r1-v1-cpu,qwen2.5-coder-1.5b,sustained-matched-cold,sustained,api-20261003T210139Z-UNPLUGGED,"[""CPU availability or Android cgroup changed during measurement"",""Benchmark process Android cgroup changed during measurement"",""Benchmark process lost required cores despite process-level affinity"",""Run failed, was aborted, or did not parse""]",False,False,-15,Android benchmark cgroup changed during measurement; invalid controlled comparison,2026-10-03T23:57:45.743252+00:00,435469.793039658,39.9,71.3,60.6,60.7,1363200,"{""clock_mhz"":""231"",""max_gpuclk"":""231000000"",""thermal_pwrlevel"":""13"",""gpu_busy_percentage"":""1 %"",""gpubusy"":""12496 1029467"",""temp"":""61000"",""reset_count"":""356196""}",5002.87890625,,"5:freezer:/
4:cpuset:/top-app
3:cpuacct:/top-app
2:cpu:/top-app
1:blkio:/top
0::/apps/uid_10247/pid_11813"
sustained-fixed-context-15min-cold-r1-v1-cpu,qwen2.5-coder-1.5b,sustained-matched-cold,sustained,api-20261003T210139Z-UNPLUGGED,"[""CPU availability or Android cgroup changed during measurement"",""Benchmark process Android cgroup changed during measurement"",""Benchmark process lost required cores despite process-level affinity"",""Run failed, was aborted, or did not parse""]",False,False,-15,Android benchmark cgroup changed during measurement; invalid controlled comparison,2026-10-03T23:57:46.921768+00:00,435470.971522262,39.9,70.9,59.8,58.8,1363200,"{""clock_mhz"":""231"",""max_gpuclk"":""231000000"",""thermal_pwrlevel"":""13"",""gpu_busy_percentage"":""1 %"",""gpubusy"":""12438 1014290"",""temp"":""59400"",""reset_count"":""356196""}",5001.45703125,,"5:freezer:/
4:cpuset:/top-app
3:cpuacct:/top-app
2:cpu:/top-app
1:blkio:/top
0::/apps/uid_10247/pid_11813"
sustained-fixed-context-15min-cold-r1-v1-cpu,qwen2.5-coder-1.5b,sustained-matched-cold,sustained,api-20261003T210139Z-UNPLUGGED,"[""CPU availability or Android cgroup changed during measurement"",""Benchmark process Android cgroup changed during measurement"",""Benchmark process lost required cores despite process-level affinity"",""Run failed, was aborted, or did not parse""]",False,False,-15,Android benchmark cgroup changed during measurement; invalid controlled comparison,2026-10-03T23:57:48.057736+00:00,435472.107508199,39.9,70.5,59.0,57.6,1363200,"{""clock_mhz"":""231"",""max_gpuclk"":""231000000"",""thermal_pwrlevel"":""13"",""gpu_busy_percentage"":""1 %"",""gpubusy"":""12977 1004107"",""temp"":""58600"",""reset_count"":""356196""}",4999.98046875,,"5:freezer:/
4:cpuset:/top-app
3:cpuacct:/top-app
2:cpu:/top-app
1:blkio:/top
0::/apps/uid_10247/pid_11813"
sustained-fixed-context-15min-cold-r1-v1-cpu,qwen2.5-coder-1.5b,sustained-matched-cold,sustained,api-20261003T210139Z-UNPLUGGED,"[""CPU availability or Android cgroup changed during measurement"",""Benchmark process Android cgroup changed during measurement"",""Benchmark process lost required cores despite process-level affinity"",""Run failed, was aborted, or did not parse""]",False,False,-15,Android benchmark cgroup changed during measurement; invalid controlled comparison,2026-10-03T23:57:49.197329+00:00,435473.247103563,39.9,69.3,58.6,57.2,1363200,"{""clock_mhz"":""231"",""max_gpuclk"":""231000000"",""thermal_pwrlevel"":""13"",""gpu_busy_percentage"":""1 %"",""gpubusy"":""14054 1023433"",""temp"":""58600"",""reset_count"":""356196""}",4997.51953125,,"5:freezer:/
4:cpuset:/top-app
3:cpuacct:/top-app
2:cpu:/top-app
1:blkio:/top
0::/apps/uid_10247/pid_11813"
sustained-fixed-context-15min-cold-r1-v1-cpu,qwen2.5-coder-1.5b,sustained-matched-cold,sustained,api-20261003T210139Z-UNPLUGGED,"[""CPU availability or Android cgroup changed during measurement"",""Benchmark process Android cgroup changed during measurement"",""Benchmark process lost required cores despite process-level affinity"",""Run failed, was aborted, or did not parse""]",False,False,-15,Android benchmark cgroup changed during measurement; invalid controlled comparison,2026-10-03T23:57:50.331526+00:00,435474.381297364,39.9,68.9,58.2,56.8,1363200,"{""clock_mhz"":""231"",""max_gpuclk"":""231000000"",""thermal_pwrlevel"":""13"",""gpu_busy_percentage"":""1 %"",""gpubusy"":""13752 1018162"",""temp"":""58200"",""reset_count"":""356196""}",4997.02734375,,"5:freezer:/
4:cpuset:/top-app
3:cpuacct:/top-app
2:cpu:/top-app
1:blkio:/top
0::/apps/uid_10247/pid_11813"
sustained-fixed-context-15min-cold-r1-v1-cpu,qwen2.5-coder-1.5b,sustained-matched-cold,sustained,api-20261003T210139Z-UNPLUGGED,"[""CPU availability or Android cgroup changed during measurement"",""Benchmark process Android cgroup changed during measurement"",""Benchmark process lost required cores despite process-level affinity"",""Run failed, was aborted, or did not parse""]",False,False,-15,Android benchmark cgroup changed during measurement; invalid controlled comparison,2026-10-03T23:57:51.510075+00:00,435475.559827989,39.9,68.5,58.2,56.4,1363200,"{""clock_mhz"":""231"",""max_gpuclk"":""231000000"",""thermal_pwrlevel"":""13"",""gpu_busy_percentage"":""1 %"",""gpubusy"":""13358 1005390"",""temp"":""57800"",""reset_count"":""356196""}",4992.29296875,,"5:freezer:/
4:cpuset:/top-app
3:cpuacct:/top-app
2:cpu:/top-app
1:blkio:/top
0::/apps/uid_10247/pid_11813"
sustained-fixed-context-15min-cold-r1-v1-cpu,qwen2.5-coder-1.5b,sustained-matched-cold,sustained,api-20261003T210139Z-UNPLUGGED,"[""CPU availability or Android cgroup changed during measurement"",""Benchmark process Android cgroup changed during measurement"",""Benchmark process lost required cores despite process-level affinity"",""Run failed, was aborted, or did not parse""]",False,False,-15,Android benchmark cgroup changed during measurement; invalid controlled comparison,2026-10-03T23:57:52.619297+00:00,435476.669065957,39.9,68.1,57.8,56.4,1363200,"{""clock_mhz"":""231"",""max_gpuclk"":""231000000"",""thermal_pwrlevel"":""13"",""gpu_busy_percentage"":""1 %"",""gpubusy"":""12869 1009351"",""temp"":""57400"",""reset_count"":""356196""}",4992.29296875,,"5:freezer:/
4:cpuset:/top-app
3:cpuacct:/top-app
2:cpu:/top-app
1:blkio:/top
0::/apps/uid_10247/pid_11813"
sustained-fixed-context-15min-cold-r1-v1-cpu,qwen2.5-coder-1.5b,sustained-matched-cold,sustained,api-20261003T210139Z-UNPLUGGED,"[""CPU availability or Android cgroup changed during measurement"",""Benchmark process Android cgroup changed during measurement"",""Benchmark process lost required cores despite process-level affinity"",""Run failed, was aborted, or did not parse""]",False,False,-15,Android benchmark cgroup changed during measurement; invalid controlled comparison,2026-10-03T23:57:53.742944+00:00,435477.792693457,39.9,68.9,58.2,58.0,1363200,"{""clock_mhz"":""231"",""max_gpuclk"":""231000000"",""thermal_pwrlevel"":""13"",""gpu_busy_percentage"":""1 %"",""gpubusy"":""12072 1001876"",""temp"":""59000"",""reset_count"":""356196""}",4989.40234375,,"5:freezer:/
4:cpuset:/top-app
3:cpuacct:/top-app
2:cpu:/top-app
1:blkio:/top
0::/apps/uid_10247/pid_11813"
sustained-fixed-context-15min-cold-r1-v1-cpu,qwen2.5-coder-1.5b,sustained-matched-cold,sustained,api-20261003T210139Z-UNPLUGGED,"[""CPU availability or Android cgroup changed during measurement"",""Benchmark process Android cgroup changed during measurement"",""Benchmark process lost required cores despite process-level affinity"",""Run failed, was aborted, or did not parse""]",False,False,-15,Android benchmark cgroup changed during measurement; invalid controlled comparison,2026-10-03T23:57:54.868629+00:00,435478.918383509,39.9,69.7,59.0,59.2,1363200,"{""clock_mhz"":""231"",""max_gpuclk"":""231000000"",""thermal_pwrlevel"":""13"",""gpu_busy_percentage"":""1 %"",""gpubusy"":""13480 1027506"",""temp"":""59400"",""reset_count"":""356196""}",4988.91015625,,"5:freezer:/
4:cpuset:/top-app
3:cpuacct:/top-app
2:cpu:/top-app
1:blkio:/top
0::/apps/uid_10247/pid_11813"
sustained-fixed-context-15min-cold-r1-v1-cpu,qwen2.5-coder-1.5b,sustained-matched-cold,sustained,api-20261003T210139Z-UNPLUGGED,"[""CPU availability or Android cgroup changed during measurement"",""Benchmark process Android cgroup changed during measurement"",""Benchmark process lost required cores despite process-level affinity"",""Run failed, was aborted, or did not parse""]",False,False,-15,Android benchmark cgroup changed during measurement; invalid controlled comparison,2026-10-03T23:57:55.981129+00:00,435480.030902519,39.9,70.1,60.2,59.6,1363200,"{""clock_mhz"":""231"",""max_gpuclk"":""231000000"",""thermal_pwrlevel"":""13"",""gpu_busy_percentage"":""1 %"",""gpubusy"":""14031 1024480"",""temp"":""59800"",""reset_count"":""356196""}",4988.6640625,,"5:freezer:/
4:cpuset:/top-app
3:cpuacct:/top-app
2:cpu:/top-app
1:blkio:/top
0::/apps/uid_10247/pid_11813"
sustained-fixed-context-15min-cold-r1-v1-cpu,qwen2.5-coder-1.5b,sustained-matched-cold,sustained,api-20261003T210139Z-UNPLUGGED,"[""CPU availability or Android cgroup changed during measurement"",""Benchmark process Android cgroup changed during measurement"",""Benchmark process lost required cores despite process-level affinity"",""Run failed, was aborted, or did not parse""]",False,False,-15,Android benchmark cgroup changed during measurement; invalid controlled comparison,2026-10-03T23:57:57.131237+00:00,435481.180990226,39.9,70.5,60.2,60.0,1363200,"{""clock_mhz"":""231"",""max_gpuclk"":""231000000"",""thermal_pwrlevel"":""13"",""gpu_busy_percentage"":""1 %"",""gpubusy"":""11403 1017501"",""temp"":""60200"",""reset_count"":""356196""}",5024.44921875,,"5:freezer:/
4:cpuset:/top-app
3:cpuacct:/top-app
2:cpu:/top-app
1:blkio:/top
0::/apps/uid_10247/pid_11813"
sustained-fixed-context-15min-cold-r1-v1-cpu,qwen2.5-coder-1.5b,sustained-matched-cold,sustained,api-20261003T210139Z-UNPLUGGED,"[""CPU availability or Android cgroup changed during measurement"",""Benchmark process Android cgroup changed during measurement"",""Benchmark process lost required cores despite process-level affinity"",""Run failed, was aborted, or did not parse""]",False,False,-15,Android benchmark cgroup changed during measurement; invalid controlled comparison,2026-10-03T23:57:58.266226+00:00,435482.315981424,39.9,70.5,60.2,60.3,1363200,"{""clock_mhz"":""231"",""max_gpuclk"":""231000000"",""thermal_pwrlevel"":""13"",""gpu_busy_percentage"":""1 %"",""gpubusy"":""11863 1028305"",""temp"":""60200"",""reset_count"":""356196""}",5024.234375,,"5:freezer:/
4:cpuset:/top-app
3:cpuacct:/top-app
2:cpu:/top-app
1:blkio:/top
0::/apps/uid_10247/pid_11813"
sustained-fixed-context-15min-cold-r1-v1-cpu,qwen2.5-coder-1.5b,sustained-matched-cold,sustained,api-20261003T210139Z-UNPLUGGED,"[""CPU availability or Android cgroup changed during measurement"",""Benchmark process Android cgroup changed during measurement"",""Benchmark process lost required cores despite process-level affinity"",""Run failed, was aborted, or did not parse""]",False,False,-15,Android benchmark cgroup changed during measurement; invalid controlled comparison,2026-10-03T23:57:59.434302+00:00,435483.484053923,39.9,71.3,60.6,60.3,1363200,"{""clock_mhz"":""231"",""max_gpuclk"":""231000000"",""thermal_pwrlevel"":""13"",""gpu_busy_percentage"":""1 %"",""gpubusy"":""13555 1023513"",""temp"":""61000"",""reset_count"":""356196""}",5022.1328125,,"5:freezer:/
4:cpuset:/top-app
3:cpuacct:/top-app
2:cpu:/top-app
1:blkio:/top
0::/apps/uid_10247/pid_11813"
sustained-fixed-context-15min-cold-r1-v1-cpu,qwen2.5-coder-1.5b,sustained-matched-cold,sustained,api-20261003T210139Z-UNPLUGGED,"[""CPU availability or Android cgroup changed during measurement"",""Benchmark process Android cgroup changed during measurement"",""Benchmark process lost required cores despite process-level affinity"",""Run failed, was aborted, or did not parse""]",False,False,-15,Android benchmark cgroup changed during measurement; invalid controlled comparison,2026-10-03T23:58:00.568188+00:00,435484.617959131,39.9,71.6,60.2,59.6,1363200,"{""clock_mhz"":""231"",""max_gpuclk"":""231000000"",""thermal_pwrlevel"":""13"",""gpu_busy_percentage"":""1 %"",""gpubusy"":""12344 1015352"",""temp"":""59800"",""reset_count"":""356196""}",5021.41015625,,"5:freezer:/
4:cpuset:/top-app
3:cpuacct:/top-app
2:cpu:/top-app
1:blkio:/top
0::/apps/uid_10247/pid_11813"
sustained-fixed-context-15min-cold-r1-v1-cpu,qwen2.5-coder-1.5b,sustained-matched-cold,sustained,api-20261003T210139Z-UNPLUGGED,"[""CPU availability or Android cgroup changed during measurement"",""Benchmark process Android cgroup changed during measurement"",""Benchmark process lost required cores despite process-level affinity"",""Run failed, was aborted, or did not parse""]",False,False,-15,Android benchmark cgroup changed during measurement; invalid controlled comparison,2026-10-03T23:58:01.686807+00:00,435485.736559443,39.9,69.3,59.4,58.0,1363200,"{""clock_mhz"":""231"",""max_gpuclk"":""231000000"",""thermal_pwrlevel"":""13"",""gpu_busy_percentage"":""1 %"",""gpubusy"":""13397 1008980"",""temp"":""59400"",""reset_count"":""356196""}",5020.76171875,,"5:freezer:/
4:cpuset:/top-app
3:cpuacct:/top-app
2:cpu:/top-app
1:blkio:/top
0::/apps/uid_10247/pid_11813"
sustained-fixed-context-15min-cold-r1-v1-cpu,qwen2.5-coder-1.5b,sustained-matched-cold,sustained,api-20261003T210139Z-UNPLUGGED,"[""CPU availability or Android cgroup changed during measurement"",""Benchmark process Android cgroup changed during measurement"",""Benchmark process lost required cores despite process-level affinity"",""Run failed, was aborted, or did not parse""]",False,False,-15,Android benchmark cgroup changed during measurement; invalid controlled comparison,2026-10-03T23:58:02.795859+00:00,435486.845611891,39.9,70.1,59.0,57.6,1363200,"{""clock_mhz"":""231"",""max_gpuclk"":""231000000"",""thermal_pwrlevel"":""13"",""gpu_busy_percentage"":""1 %"",""gpubusy"":""14089 1005423"",""temp"":""58200"",""reset_count"":""356196""}",5020.27734375,,"5:freezer:/
4:cpuset:/top-app
3:cpuacct:/top-app
2:cpu:/top-app
1:blkio:/top
0::/apps/uid_10247/pid_11813"
sustained-fixed-context-15min-cold-r1-v1-cpu,qwen2.5-coder-1.5b,sustained-matched-cold,sustained,api-20261003T210139Z-UNPLUGGED,"[""CPU availability or Android cgroup changed during measurement"",""Benchmark process Android cgroup changed during measurement"",""Benchmark process lost required cores despite process-level affinity"",""Run failed, was aborted, or did not parse""]",False,False,-15,Android benchmark cgroup changed during measurement; invalid controlled comparison,2026-10-03T23:58:03.931415+00:00,435487.981174443,39.9,69.3,58.2,57.2,1363200,"{""clock_mhz"":""231"",""max_gpuclk"":""231000000"",""thermal_pwrlevel"":""13"",""gpu_busy_percentage"":""1 %"",""gpubusy"":""12992 1027860"",""temp"":""59000"",""reset_count"":""356196""}",5018.82421875,,"5:freezer:/
4:cpuset:/top-app
3:cpuacct:/top-app
2:cpu:/top-app
1:blkio:/top
0::/apps/uid_10247/pid_11813"
sustained-fixed-context-15min-cold-r1-v1-cpu,qwen2.5-coder-1.5b,sustained-matched-cold,sustained,api-20261003T210139Z-UNPLUGGED,"[""CPU availability or Android cgroup changed during measurement"",""Benchmark process Android cgroup changed during measurement"",""Benchmark process lost required cores despite process-level affinity"",""Run failed, was aborted, or did not parse""]",False,False,-15,Android benchmark cgroup changed during measurement; invalid controlled comparison,2026-10-03T23:58:05.030329+00:00,435489.080082671,39.9,68.5,58.2,57.2,1363200,"{""clock_mhz"":""231"",""max_gpuclk"":""231000000"",""thermal_pwrlevel"":""13"",""gpu_busy_percentage"":""1 %"",""gpubusy"":""13752 1010965"",""temp"":""58200"",""reset_count"":""356196""}",5018.7265625,,"5:freezer:/
4:cpuset:/top-app
3:cpuacct:/top-app
2:cpu:/top-app
1:blkio:/top
0::/apps/uid_10247/pid_11813"
sustained-fixed-context-15min-cold-r1-v1-cpu,qwen2.5-coder-1.5b,sustained-matched-cold,sustained,api-20261003T210139Z-UNPLUGGED,"[""CPU availability or Android cgroup changed during measurement"",""Benchmark process Android cgroup changed during measurement"",""Benchmark process lost required cores despite process-level affinity"",""Run failed, was aborted, or did not parse""]",False,False,-15,Android benchmark cgroup changed during measurement; invalid controlled comparison,2026-10-03T23:58:06.178791+00:00,435490.228570588,39.9,68.5,57.8,56.4,1363200,"{""clock_mhz"":""231"",""max_gpuclk"":""231000000"",""thermal_pwrlevel"":""13"",""gpu_busy_percentage"":""1 %"",""gpubusy"":""13923 1028000"",""temp"":""58200"",""reset_count"":""356197""}",5018.234375,,"5:freezer:/
4:cpuset:/top-app
3:cpuacct:/top-app
2:cpu:/top-app
1:blkio:/top
0::/apps/uid_10247/pid_11813"
sustained-fixed-context-15min-cold-r1-v1-cpu,qwen2.5-coder-1.5b,sustained-matched-cold,sustained,api-20261003T210139Z-UNPLUGGED,"[""CPU availability or Android cgroup changed during measurement"",""Benchmark process Android cgroup changed during measurement"",""Benchmark process lost required cores despite process-level affinity"",""Run failed, was aborted, or did not parse""]",False,False,-15,Android benchmark cgroup changed during measurement; invalid controlled comparison,2026-10-03T23:58:07.328582+00:00,435491.378334754,39.9,68.5,57.8,56.4,1363200,"{""clock_mhz"":""231"",""max_gpuclk"":""231000000"",""thermal_pwrlevel"":""13"",""gpu_busy_percentage"":""1 %"",""gpubusy"":""13855 1019888"",""temp"":""57800"",""reset_count"":""356197""}",5018.0546875,,"5:freezer:/
4:cpuset:/top-app
3:cpuacct:/top-app
2:cpu:/top-app
1:blkio:/top
0::/apps/uid_10247/pid_11813"
sustained-fixed-context-15min-cold-r1-v1-cpu,qwen2.5-coder-1.5b,sustained-matched-cold,sustained,api-20261003T210139Z-UNPLUGGED,"[""CPU availability or Android cgroup changed during measurement"",""Benchmark process Android cgroup changed during measurement"",""Benchmark process lost required cores despite process-level affinity"",""Run failed, was aborted, or did not parse""]",False,False,-15,Android benchmark cgroup changed during measurement; invalid controlled comparison,2026-10-03T23:58:08.489591+00:00,435492.539345066,39.9,69.3,58.6,58.4,1363200,"{""clock_mhz"":""231"",""max_gpuclk"":""231000000"",""thermal_pwrlevel"":""13"",""gpu_busy_percentage"":""1 %"",""gpubusy"":""12752 1025689"",""temp"":""59000"",""reset_count"":""356197""}",5017.5625,,"5:freezer:/
4:cpuset:/top-app
3:cpuacct:/top-app
2:cpu:/top-app
1:blkio:/top
0::/apps/uid_10247/pid_11813"
sustained-fixed-context-15min-cold-r1-v1-cpu,qwen2.5-coder-1.5b,sustained-matched-cold,sustained,api-20261003T210139Z-UNPLUGGED,"[""CPU availability or Android cgroup changed during measurement"",""Benchmark process Android cgroup changed during measurement"",""Benchmark process lost required cores despite process-level affinity"",""Run failed, was aborted, or did not parse""]",False,False,-15,Android benchmark cgroup changed during measurement; invalid controlled comparison,2026-10-03T23:58:09.649973+00:00,435493.699747617,40.1,70.1,59.8,59.6,1363200,"{""clock_mhz"":""231"",""max_gpuclk"":""231000000"",""thermal_pwrlevel"":""13"",""gpu_busy_percentage"":""1 %"",""gpubusy"":""12781 1006144"",""temp"":""59800"",""reset_count"":""356197""}",5015.59375,,"5:freezer:/
4:cpuset:/top-app
3:cpuacct:/top-app
2:cpu:/top-app
1:blkio:/top
0::/apps/uid_10247/pid_11813"
sustained-fixed-context-15min-cold-r1-v1-cpu,qwen2.5-coder-1.5b,sustained-matched-cold,sustained,api-20261003T210139Z-UNPLUGGED,"[""CPU availability or Android cgroup changed during measurement"",""Benchmark process Android cgroup changed during measurement"",""Benchmark process lost required cores despite process-level affinity"",""Run failed, was aborted, or did not parse""]",False,False,-15,Android benchmark cgroup changed during measurement; invalid controlled comparison,2026-10-03T23:58:10.771521+00:00,435494.821272825,40.1,70.5,59.8,60.0,1363200,"{""clock_mhz"":""231"",""max_gpuclk"":""231000000"",""thermal_pwrlevel"":""13"",""gpu_busy_percentage"":""1 %"",""gpubusy"":""11640 1003110"",""temp"":""59800"",""reset_count"":""356197""}",5015.34765625,,"5:freezer:/
4:cpuset:/top-app
3:cpuacct:/top-app
2:cpu:/top-app
1:blkio:/top
0::/apps/uid_10247/pid_11813"
sustained-fixed-context-15min-cold-r1-v1-cpu,qwen2.5-coder-1.5b,sustained-matched-cold,sustained,api-20261003T210139Z-UNPLUGGED,"[""CPU availability or Android cgroup changed during measurement"",""Benchmark process Android cgroup changed during measurement"",""Benchmark process lost required cores despite process-level affinity"",""Run failed, was aborted, or did not parse""]",False,False,-15,Android benchmark cgroup changed during measurement; invalid controlled comparison,2026-10-03T23:58:11.885515+00:00,435495.935283085,40.1,71.3,60.2,60.3,1363200,"{""clock_mhz"":""231"",""max_gpuclk"":""231000000"",""thermal_pwrlevel"":""13"",""gpu_busy_percentage"":""1 %"",""gpubusy"":""12531 1032016"",""temp"":""60200"",""reset_count"":""356197""}",5014.12109375,,"5:freezer:/
4:cpuset:/top-app
3:cpuacct:/top-app
2:cpu:/top-app
1:blkio:/top
0::/apps/uid_10247/pid_11813"
sustained-fixed-context-15min-cold-r1-v1-cpu,qwen2.5-coder-1.5b,sustained-matched-cold,sustained,api-20261003T210139Z-UNPLUGGED,"[""CPU availability or Android cgroup changed during measurement"",""Benchmark process Android cgroup changed during measurement"",""Benchmark process lost required cores despite process-level affinity"",""Run failed, was aborted, or did not parse""]",False,False,-15,Android benchmark cgroup changed during measurement; invalid controlled comparison,2026-10-03T23:58:13.044972+00:00,435497.094723762,40.1,71.6,60.2,60.3,1363200,"{""clock_mhz"":""231"",""max_gpuclk"":""231000000"",""thermal_pwrlevel"":""13"",""gpu_busy_percentage"":""1 %"",""gpubusy"":""11427 1017821"",""temp"":""60600"",""reset_count"":""356197""}",5011.9140625,,"5:freezer:/
4:cpuset:/top-app
3:cpuacct:/top-app
2:cpu:/top-app
1:blkio:/top
0::/apps/uid_10247/pid_11813"
sustained-fixed-context-15min-cold-r1-v1-cpu,qwen2.5-coder-1.5b,sustained-matched-cold,sustained,api-20261003T210139Z-UNPLUGGED,"[""CPU availability or Android cgroup changed during measurement"",""Benchmark process Android cgroup changed during measurement"",""Benchmark process lost required cores despite process-level affinity"",""Run failed, was aborted, or did not parse""]",False,False,-15,Android benchmark cgroup changed during measurement; invalid controlled comparison,2026-10-03T23:58:14.186707+00:00,435498.236525116,40.1,72.8,60.2,60.3,1363200,"{""clock_mhz"":""231"",""max_gpuclk"":""231000000"",""thermal_pwrlevel"":""13"",""gpu_busy_percentage"":""1 %"",""gpubusy"":""12145 1030624"",""temp"":""61000"",""reset_count"":""356197""}",5011.17578125,,"5:freezer:/
4:cpuset:/top-app
3:cpuacct:/top-app
2:cpu:/top-app
1:blkio:/top
0::/apps/uid_10247/pid_11813"
sustained-fixed-context-15min-cold-r1-v1-cpu,qwen2.5-coder-1.5b,sustained-matched-cold,sustained,api-20261003T210139Z-UNPLUGGED,"[""CPU availability or Android cgroup changed during measurement"",""Benchmark process Android cgroup changed during measurement"",""Benchmark process lost required cores despite process-level affinity"",""Run failed, was aborted, or did not parse""]",False,False,-15,Android benchmark cgroup changed during measurement; invalid controlled comparison,2026-10-03T23:58:15.326978+00:00,435499.37673423,40.1,70.5,59.4,58.4,1363200,"{""clock_mhz"":""231"",""max_gpuclk"":""231000000"",""thermal_pwrlevel"":""13"",""gpu_busy_percentage"":""1 %"",""gpubusy"":""11934 1015843"",""temp"":""59400"",""reset_count"":""356197""}",5008.078125,,"5:freezer:/
4:cpuset:/top-app
3:cpuacct:/top-app
2:cpu:/top-app
1:blkio:/top
0::/apps/uid_10247/pid_11813"
sustained-fixed-context-15min-cold-r1-v1-cpu,qwen2.5-coder-1.5b,sustained-matched-cold,sustained,api-20261003T210139Z-UNPLUGGED,"[""CPU availability or Android cgroup changed during measurement"",""Benchmark process Android cgroup changed during measurement"",""Benchmark process lost required cores despite process-level affinity"",""Run failed, was aborted, or did not parse""]",False,False,-15,Android benchmark cgroup changed during measurement; invalid controlled comparison,2026-10-03T23:58:16.462324+00:00,435500.512131834,40.1,69.7,59.0,57.6,1363200,"{""clock_mhz"":""231"",""max_gpuclk"":""231000000"",""thermal_pwrlevel"":""13"",""gpu_busy_percentage"":""1 %"",""gpubusy"":""13353 1003745"",""temp"":""59400"",""reset_count"":""356197""}",5006.8515625,,"5:freezer:/
4:cpuset:/top-app
3:cpuacct:/top-app
2:cpu:/top-app
1:blkio:/top
0::/apps/uid_10247/pid_11813"
sustained-fixed-context-15min-cold-r1-v1-cpu,qwen2.5-coder-1.5b,sustained-matched-cold,sustained,api-20261003T210139Z-UNPLUGGED,"[""CPU availability or Android cgroup changed during measurement"",""Benchmark process Android cgroup changed during measurement"",""Benchmark process lost required cores despite process-level affinity"",""Run failed, was aborted, or did not parse""]",False,False,-15,Android benchmark cgroup changed during measurement; invalid controlled comparison,2026-10-03T23:58:17.580859+00:00,435501.630613239,40.1,69.3,58.6,56.8,1363200,"{""clock_mhz"":""231"",""max_gpuclk"":""231000000"",""thermal_pwrlevel"":""13"",""gpu_busy_percentage"":""1 %"",""gpubusy"":""12955 1004118"",""temp"":""58600"",""reset_count"":""356197""}",5026.5234375,,"5:freezer:/
4:cpuset:/top-app
3:cpuacct:/top-app
2:cpu:/top-app
1:blkio:/top
0::/apps/uid_10247/pid_11813"
sustained-fixed-context-15min-cold-r1-v1-cpu,qwen2.5-coder-1.5b,sustained-matched-cold,sustained,api-20261003T210139Z-UNPLUGGED,"[""CPU availability or Android cgroup changed during measurement"",""Benchmark process Android cgroup changed during measurement"",""Benchmark process lost required cores despite process-level affinity"",""Run failed, was aborted, or did not parse""]",False,False,-15,Android benchmark cgroup changed during measurement; invalid controlled comparison,2026-10-03T23:58:18.688058+00:00,435502.737844593,40.1,68.9,58.2,57.2,1363200,"{""clock_mhz"":""231"",""max_gpuclk"":""231000000"",""thermal_pwrlevel"":""13"",""gpu_busy_percentage"":""1 %"",""gpubusy"":""13691 1013979"",""temp"":""58600"",""reset_count"":""356197""}",5025.390625,,"5:freezer:/
4:cpuset:/top-app
3:cpuacct:/top-app
2:cpu:/top-app
1:blkio:/top
0::/apps/uid_10247/pid_11813"
sustained-fixed-context-15min-cold-r1-v1-cpu,qwen2.5-coder-1.5b,sustained-matched-cold,sustained,api-20261003T210139Z-UNPLUGGED,"[""CPU availability or Android cgroup changed during measurement"",""Benchmark process Android cgroup changed during measurement"",""Benchmark process lost required cores despite process-level affinity"",""Run failed, was aborted, or did not parse""]",False,False,-15,Android benchmark cgroup changed during measurement; invalid controlled comparison,2026-10-03T23:58:19.830805+00:00,435503.880558551,40.1,68.5,57.8,56.4,1363200,"{""clock_mhz"":""231"",""max_gpuclk"":""231000000"",""thermal_pwrlevel"":""13"",""gpu_busy_percentage"":""1 %"",""gpubusy"":""12853 1019046"",""temp"":""57800"",""reset_count"":""356197""}",5025.50390625,,"5:freezer:/
4:cpuset:/top-app
3:cpuacct:/top-app
2:cpu:/top-app
1:blkio:/top
0::/apps/uid_10247/pid_11813"
sustained-fixed-context-15min-cold-r1-v1-cpu,qwen2.5-coder-1.5b,sustained-matched-cold,sustained,api-20261003T210139Z-UNPLUGGED,"[""CPU availability or Android cgroup changed during measurement"",""Benchmark process Android cgroup changed during measurement"",""Benchmark process lost required cores despite process-level affinity"",""Run failed, was aborted, or did not parse""]",False,False,-15,Android benchmark cgroup changed during measurement; invalid controlled comparison,2026-10-03T23:58:20.961849+00:00,435505.011622405,40.1,68.5,57.8,56.4,1363200,"{""clock_mhz"":""231"",""max_gpuclk"":""231000000"",""thermal_pwrlevel"":""13"",""gpu_busy_percentage"":""1 %"",""gpubusy"":""13358 1013209"",""temp"":""57800"",""reset_count"":""356197""}",5024.76953125,,"5:freezer:/
4:cpuset:/top-app
3:cpuacct:/top-app
2:cpu:/top-app
1:blkio:/top
0::/apps/uid_10247/pid_11813"
sustained-fixed-context-15min-cold-r1-v1-cpu,qwen2.5-coder-1.5b,sustained-matched-cold,sustained,api-20261003T210139Z-UNPLUGGED,"[""CPU availability or Android cgroup changed during measurement"",""Benchmark process Android cgroup changed during measurement"",""Benchmark process lost required cores despite process-level affinity"",""Run failed, was aborted, or did not parse""]",False,False,-15,Android benchmark cgroup changed during measurement; invalid controlled comparison,2026-10-03T23:58:22.114611+00:00,435506.164415165,40.1,68.9,58.6,58.8,1363200,"{""clock_mhz"":""231"",""max_gpuclk"":""231000000"",""thermal_pwrlevel"":""13"",""gpu_busy_percentage"":""1 %"",""gpubusy"":""12491 1018711"",""temp"":""58600"",""reset_count"":""356197""}",5021.10546875,,"5:freezer:/
4:cpuset:/top-app
3:cpuacct:/top-app
2:cpu:/top-app
1:blkio:/top
0::/apps/uid_10247/pid_11813"
sustained-fixed-context-15min-cold-r1-v1-cpu,qwen2.5-coder-1.5b,sustained-matched-cold,sustained,api-20261003T210139Z-UNPLUGGED,"[""CPU availability or Android cgroup changed during measurement"",""Benchmark process Android cgroup changed during measurement"",""Benchmark process lost required cores despite process-level affinity"",""Run failed, was aborted, or did not parse""]",False,False,-15,Android benchmark cgroup changed during measurement; invalid controlled comparison,2026-10-03T23:58:23.309448+00:00,435507.359208289,40.1,70.1,59.8,59.2,1363200,"{""clock_mhz"":""231"",""max_gpuclk"":""231000000"",""thermal_pwrlevel"":""13"",""gpu_busy_percentage"":""1 %"",""gpubusy"":""12431 1014399"",""temp"":""59400"",""reset_count"":""356197""}",5021.10546875,,"5:freezer:/
4:cpuset:/top-app
3:cpuacct:/top-app
2:cpu:/top-app
1:blkio:/top
0::/apps/uid_10247/pid_11813"
sustained-fixed-context-15min-cold-r1-v1-cpu,qwen2.5-coder-1.5b,sustained-matched-cold,sustained,api-20261003T210139Z-UNPLUGGED,"[""CPU availability or Android cgroup changed during measurement"",""Benchmark process Android cgroup changed during measurement"",""Benchmark process lost required cores despite process-level affinity"",""Run failed, was aborted, or did not parse""]",False,False,-15,Android benchmark cgroup changed during measurement; invalid controlled comparison,2026-10-03T23:58:24.458350+00:00,435508.508110112,40.1,70.5,60.2,60.0,1363200,"{""clock_mhz"":""231"",""max_gpuclk"":""231000000"",""thermal_pwrlevel"":""13"",""gpu_busy_percentage"":""1 %"",""gpubusy"":""12995 1035894"",""temp"":""60200"",""reset_count"":""356198""}",5019.14453125,,"5:freezer:/
4:cpuset:/top-app
3:cpuacct:/top-app
2:cpu:/top-app
1:blkio:/top
0::/apps/uid_10247/pid_11813"
sustained-fixed-context-15min-cold-r1-v1-cpu,qwen2.5-coder-1.5b,sustained-matched-cold,sustained,api-20261003T210139Z-UNPLUGGED,"[""CPU availability or Android cgroup changed during measurement"",""Benchmark process Android cgroup changed during measurement"",""Benchmark process lost required cores despite process-level affinity"",""Run failed, was aborted, or did not parse""]",False,False,-15,Android benchmark cgroup changed during measurement; invalid controlled comparison,2026-10-03T23:58:25.587324+00:00,435509.637078028,40.1,70.9,60.2,60.3,1363200,"{""clock_mhz"":""231"",""max_gpuclk"":""231000000"",""thermal_pwrlevel"":""13"",""gpu_busy_percentage"":""1 %"",""gpubusy"":""11433 1018917"",""temp"":""60200"",""reset_count"":""356198""}",5018.8984375,,"5:freezer:/
4:cpuset:/top-app
3:cpuacct:/top-app
2:cpu:/top-app
1:blkio:/top
0::/apps/uid_10247/pid_11813"
sustained-fixed-context-15min-cold-r1-v1-cpu,qwen2.5-coder-1.5b,sustained-matched-cold,sustained,api-20261003T210139Z-UNPLUGGED,"[""CPU availability or Android cgroup changed during measurement"",""Benchmark process Android cgroup changed during measurement"",""Benchmark process lost required cores despite process-level affinity"",""Run failed, was aborted, or did not parse""]",False,False,-15,Android benchmark cgroup changed during measurement; invalid controlled comparison,2026-10-03T23:58:26.727323+00:00,435510.777093236,40.1,70.9,60.2,60.7,1363200,"{""clock_mhz"":""231"",""max_gpuclk"":""231000000"",""thermal_pwrlevel"":""13"",""gpu_busy_percentage"":""1 %"",""gpubusy"":""11837 1024112"",""temp"":""60600"",""reset_count"":""356198""}",5018.16015625,,"5:freezer:/
4:cpuset:/top-app
3:cpuacct:/top-app
2:cpu:/top-app
1:blkio:/top
0::/apps/uid_10247/pid_11813"
sustained-fixed-context-15min-cold-r1-v1-cpu,qwen2.5-coder-1.5b,sustained-matched-cold,sustained,api-20261003T210139Z-UNPLUGGED,"[""CPU availability or Android cgroup changed during measurement"",""Benchmark process Android cgroup changed during measurement"",""Benchmark process lost required cores despite process-level affinity"",""Run failed, was aborted, or did not parse""]",False,False,-15,Android benchmark cgroup changed during measurement; invalid controlled comparison,2026-10-03T23:58:27.872068+00:00,435511.921835579,40.1,71.6,61.0,60.7,1363200,"{""clock_mhz"":""231"",""max_gpuclk"":""231000000"",""thermal_pwrlevel"":""13"",""gpu_busy_percentage"":""1 %"",""gpubusy"":""12086 1020620"",""temp"":""60600"",""reset_count"":""356198""}",5016.94921875,,"5:freezer:/
4:cpuset:/top-app
3:cpuacct:/top-app
2:cpu:/top-app
1:blkio:/top
0::/apps/uid_10247/pid_11813"
sustained-fixed-context-15min-cold-r1-v1-cpu,qwen2.5-coder-1.5b,sustained-matched-cold,sustained,api-20261003T210139Z-UNPLUGGED,"[""CPU availability or Android cgroup changed during measurement"",""Benchmark process Android cgroup changed during measurement"",""Benchmark process lost required cores despite process-level affinity"",""Run failed, was aborted, or did not parse""]",False,False,-15,Android benchmark cgroup changed during measurement; invalid controlled comparison,2026-10-03T23:58:29.007520+00:00,435513.057275058,40.1,70.5,59.4,58.0,1363200,"{""clock_mhz"":""231"",""max_gpuclk"":""231000000"",""thermal_pwrlevel"":""13"",""gpu_busy_percentage"":""1 %"",""gpubusy"":""12262 1022584"",""temp"":""59400"",""reset_count"":""356198""}",5016.0,,"5:freezer:/
4:cpuset:/top-app
3:cpuacct:/top-app
2:cpu:/top-app
1:blkio:/top
0::/apps/uid_10247/pid_11813"
sustained-fixed-context-15min-cold-r1-v1-cpu,qwen2.5-coder-1.5b,sustained-matched-cold,sustained,api-20261003T210139Z-UNPLUGGED,"[""CPU availability or Android cgroup changed during measurement"",""Benchmark process Android cgroup changed during measurement"",""Benchmark process lost required cores despite process-level affinity"",""Run failed, was aborted, or did not parse""]",False,False,-15,Android benchmark cgroup changed during measurement; invalid controlled comparison,2026-10-03T23:58:30.122170+00:00,435514.171923495,40.1,69.3,59.0,58.0,1363200,"{""clock_mhz"":""231"",""max_gpuclk"":""231000000"",""thermal_pwrlevel"":""13"",""gpu_busy_percentage"":""1 %"",""gpubusy"":""13171 1015597"",""temp"":""59000"",""reset_count"":""356198""}",5013.05859375,,"5:freezer:/
4:cpuset:/top-app
3:cpuacct:/top-app
2:cpu:/top-app
1:blkio:/top
0::/apps/uid_10247/pid_11813"
sustained-fixed-context-15min-cold-r1-v1-cpu,qwen2.5-coder-1.5b,sustained-matched-cold,sustained,api-20261003T210139Z-UNPLUGGED,"[""CPU availability or Android cgroup changed during measurement"",""Benchmark process Android cgroup changed during measurement"",""Benchmark process lost required cores despite process-level affinity"",""Run failed, was aborted, or did not parse""]",False,False,-15,Android benchmark cgroup changed during measurement; invalid controlled comparison,2026-10-03T23:58:31.285119+00:00,435515.33487188,40.1,68.9,58.6,57.6,1363200,"{""clock_mhz"":""231"",""max_gpuclk"":""231000000"",""thermal_pwrlevel"":""13"",""gpu_busy_percentage"":""1 %"",""gpubusy"":""12799 1029915"",""temp"":""58600"",""reset_count"":""356198""}",5006.53125,,"5:freezer:/
4:cpuset:/top-app
3:cpuacct:/top-app
2:cpu:/top-app
1:blkio:/top
0::/apps/uid_10247/pid_11813"
sustained-fixed-context-15min-cold-r1-v1-cpu,qwen2.5-coder-1.5b,sustained-matched-cold,sustained,api-20261003T210139Z-UNPLUGGED,"[""CPU availability or Android cgroup changed during measurement"",""Benchmark process Android cgroup changed during measurement"",""Benchmark process lost required cores despite process-level affinity"",""Run failed, was aborted, or did not parse""]",False,False,-15,Android benchmark cgroup changed during measurement; invalid controlled comparison,2026-10-03T23:58:32.388135+00:00,435516.437886411,40.1,69.3,58.6,57.2,1363200,"{""clock_mhz"":""231"",""max_gpuclk"":""231000000"",""thermal_pwrlevel"":""13"",""gpu_busy_percentage"":""1 %"",""gpubusy"":""14230 1024818"",""temp"":""58600"",""reset_count"":""356198""}",5040.84375,,"5:freezer:/
4:cpuset:/top-app
3:cpuacct:/top-app
2:cpu:/top-app
1:blkio:/top
0::/apps/uid_10247/pid_11813"
sustained-fixed-context-15min-cold-r1-v1-cpu,qwen2.5-coder-1.5b,sustained-matched-cold,sustained,api-20261003T210139Z-UNPLUGGED,"[""CPU availability or Android cgroup changed during measurement"",""Benchmark process Android cgroup changed during measurement"",""Benchmark process lost required cores despite process-level affinity"",""Run failed, was aborted, or did not parse""]",False,False,-15,Android benchmark cgroup changed during measurement; invalid controlled comparison,2026-10-03T23:58:33.494580+00:00,435517.544354483,40.1,68.9,58.6,57.2,1363200,"{""clock_mhz"":""231"",""max_gpuclk"":""231000000"",""thermal_pwrlevel"":""13"",""gpu_busy_percentage"":""1 %"",""gpubusy"":""14590 1012561"",""temp"":""58200"",""reset_count"":""356198""}",5039.625,,"5:freezer:/
4:cpuset:/top-app
3:cpuacct:/top-app
2:cpu:/top-app
1:blkio:/top
0::/apps/uid_10247/pid_11813"
sustained-fixed-context-15min-cold-r1-v1-cpu,qwen2.5-coder-1.5b,sustained-matched-cold,sustained,api-20261003T210139Z-UNPLUGGED,"[""CPU availability or Android cgroup changed during measurement"",""Benchmark process Android cgroup changed during measurement"",""Benchmark process lost required cores despite process-level affinity"",""Run failed, was aborted, or did not parse""]",False,False,-15,Android benchmark cgroup changed during measurement; invalid controlled comparison,2026-10-03T23:58:34.629507+00:00,435518.679287087,40.1,68.9,58.2,56.8,1363200,"{""clock_mhz"":""231"",""max_gpuclk"":""231000000"",""thermal_pwrlevel"":""13"",""gpu_busy_percentage"":""1 %"",""gpubusy"":""13471 1030511"",""temp"":""57800"",""reset_count"":""356198""}",5039.3828125,,"5:freezer:/
4:cpuset:/top-app
3:cpuacct:/top-app
2:cpu:/top-app
1:blkio:/top
0::/apps/uid_10247/pid_11813"
sustained-fixed-context-15min-cold-r1-v1-cpu,qwen2.5-coder-1.5b,sustained-matched-cold,sustained,api-20261003T210139Z-UNPLUGGED,"[""CPU availability or Android cgroup changed during measurement"",""Benchmark process Android cgroup changed during measurement"",""Benchmark process lost required cores despite process-level affinity"",""Run failed, was aborted, or did not parse""]",False,False,-15,Android benchmark cgroup changed during measurement; invalid controlled comparison,2026-10-03T23:58:35.784869+00:00,435519.834620003,40.1,68.5,59.0,58.4,1363200,"{""clock_mhz"":""231"",""max_gpuclk"":""231000000"",""thermal_pwrlevel"":""13"",""gpu_busy_percentage"":""1 %"",""gpubusy"":""13620 1021987"",""temp"":""59000"",""reset_count"":""356198""}",5038.16015625,,"5:freezer:/
4:cpuset:/top-app
3:cpuacct:/top-app
2:cpu:/top-app
1:blkio:/top
0::/apps/uid_10247/pid_11813"
sustained-fixed-context-15min-cold-r1-v1-cpu,qwen2.5-coder-1.5b,sustained-matched-cold,sustained,api-20261003T210139Z-UNPLUGGED,"[""CPU availability or Android cgroup changed during measurement"",""Benchmark process Android cgroup changed during measurement"",""Benchmark process lost required cores despite process-level affinity"",""Run failed, was aborted, or did not parse""]",False,False,-15,Android benchmark cgroup changed during measurement; invalid controlled comparison,2026-10-03T23:58:36.925717+00:00,435520.975496305,40.1,69.7,59.8,59.6,1363200,"{""clock_mhz"":""231"",""max_gpuclk"":""231000000"",""thermal_pwrlevel"":""13"",""gpu_busy_percentage"":""1 %"",""gpubusy"":""10920 1007956"",""temp"":""59400"",""reset_count"":""356198""}",5036.0625,,"5:freezer:/
4:cpuset:/top-app
3:cpuacct:/top-app
2:cpu:/top-app
1:blkio:/top
0::/apps/uid_10247/pid_11813"
sustained-fixed-context-15min-cold-r1-v1-cpu,qwen2.5-coder-1.5b,sustained-matched-cold,sustained,api-20261003T210139Z-UNPLUGGED,"[""CPU availability or Android cgroup changed during measurement"",""Benchmark process Android cgroup changed during measurement"",""Benchmark process lost required cores despite process-level affinity"",""Run failed, was aborted, or did not parse""]",False,False,-15,Android benchmark cgroup changed during measurement; invalid controlled comparison,2026-10-03T23:58:38.059469+00:00,435522.109231773,40.1,70.5,60.2,60.0,1363200,"{""clock_mhz"":""231"",""max_gpuclk"":""231000000"",""thermal_pwrlevel"":""13"",""gpu_busy_percentage"":""1 %"",""gpubusy"":""11404 1015801"",""temp"":""60200"",""reset_count"":""356198""}",5035.81640625,,"5:freezer:/
4:cpuset:/top-app
3:cpuacct:/top-app
2:cpu:/top-app
1:blkio:/top
0::/apps/uid_10247/pid_11813"
sustained-fixed-context-15min-cold-r1-v1-cpu,qwen2.5-coder-1.5b,sustained-matched-cold,sustained,api-20261003T210139Z-UNPLUGGED,"[""CPU availability or Android cgroup changed during measurement"",""Benchmark process Android cgroup changed during measurement"",""Benchmark process lost required cores despite process-level affinity"",""Run failed, was aborted, or did not parse""]",False,False,-15,Android benchmark cgroup changed during measurement; invalid controlled comparison,2026-10-03T23:58:39.190202+00:00,435523.239969117,40.1,70.9,60.2,60.7,1363200,"{""clock_mhz"":""231"",""max_gpuclk"":""231000000"",""thermal_pwrlevel"":""13"",""gpu_busy_percentage"":""1 %"",""gpubusy"":""12264 1008681"",""temp"":""60200"",""reset_count"":""356198""}",5035.32421875,,"5:freezer:/
4:cpuset:/top-app
3:cpuacct:/top-app
2:cpu:/top-app
1:blkio:/top
0::/apps/uid_10247/pid_11813"
sustained-fixed-context-15min-cold-r1-v1-cpu,qwen2.5-coder-1.5b,sustained-matched-cold,sustained,api-20261003T210139Z-UNPLUGGED,"[""CPU availability or Android cgroup changed during measurement"",""Benchmark process Android cgroup changed during measurement"",""Benchmark process lost required cores despite process-level affinity"",""Run failed, was aborted, or did not parse""]",False,False,-15,Android benchmark cgroup changed during measurement; invalid controlled comparison,2026-10-03T23:58:40.360530+00:00,435524.410317397,40.3,70.9,60.6,61.1,1363200,"{""clock_mhz"":""231"",""max_gpuclk"":""231000000"",""thermal_pwrlevel"":""13"",""gpu_busy_percentage"":""1 %"",""gpubusy"":""12210 1003973"",""temp"":""60600"",""reset_count"":""356198""}",5033.125,,"5:freezer:/
4:cpuset:/top-app
3:cpuacct:/top-app
2:cpu:/top-app
1:blkio:/top
0::/apps/uid_10247/pid_11813"
sustained-fixed-context-15min-cold-r1-v1-cpu,qwen2.5-coder-1.5b,sustained-matched-cold,sustained,api-20261003T210139Z-UNPLUGGED,"[""CPU availability or Android cgroup changed during measurement"",""Benchmark process Android cgroup changed during measurement"",""Benchmark process lost required cores despite process-level affinity"",""Run failed, was aborted, or did not parse""]",False,False,-15,Android benchmark cgroup changed during measurement; invalid controlled comparison,2026-10-03T23:58:41.512570+00:00,435525.562358387,40.3,71.3,61.0,61.1,1363200,"{""clock_mhz"":""231"",""max_gpuclk"":""231000000"",""thermal_pwrlevel"":""13"",""gpu_busy_percentage"":""1 %"",""gpubusy"":""12279 1002077"",""temp"":""61400"",""reset_count"":""356198""}",5045.58984375,,"5:freezer:/
4:cpuset:/top-app
3:cpuacct:/top-app
2:cpu:/top-app
1:blkio:/top
0::/apps/uid_10247/pid_11813"
sustained-fixed-context-15min-cold-r1-v1-cpu,qwen2.5-coder-1.5b,sustained-matched-cold,sustained,api-20261003T210139Z-UNPLUGGED,"[""CPU availability or Android cgroup changed during measurement"",""Benchmark process Android cgroup changed during measurement"",""Benchmark process lost required cores despite process-level affinity"",""Run failed, was aborted, or did not parse""]",False,False,-15,Android benchmark cgroup changed during measurement; invalid controlled comparison,2026-10-03T23:58:42.617817+00:00,435526.667586199,40.3,70.9,60.2,59.2,1363200,"{""clock_mhz"":""231"",""max_gpuclk"":""231000000"",""thermal_pwrlevel"":""13"",""gpu_busy_percentage"":""1 %"",""gpubusy"":""14096 1004816"",""temp"":""60200"",""reset_count"":""356198""}",5036.19140625,,"5:freezer:/
4:cpuset:/top-app
3:cpuacct:/top-app
2:cpu:/top-app
1:blkio:/top
0::/apps/uid_10247/pid_11813"
sustained-fixed-context-15min-cold-r1-v1-cpu,qwen2.5-coder-1.5b,sustained-matched-cold,sustained,api-20261003T210139Z-UNPLUGGED,"[""CPU availability or Android cgroup changed during measurement"",""Benchmark process Android cgroup changed during measurement"",""Benchmark process lost required cores despite process-level affinity"",""Run failed, was aborted, or did not parse""]",False,False,-15,Android benchmark cgroup changed during measurement; invalid controlled comparison,2026-10-03T23:58:43.733345+00:00,435527.783097969,40.3,70.9,59.4,58.4,1363200,"{""clock_mhz"":""231"",""max_gpuclk"":""231000000"",""thermal_pwrlevel"":""13"",""gpu_busy_percentage"":""1 %"",""gpubusy"":""13374 1019253"",""temp"":""59400"",""reset_count"":""356198""}",5035.20703125,,"5:freezer:/
4:cpuset:/top-app
3:cpuacct:/top-app
2:cpu:/top-app
1:blkio:/top
0::/apps/uid_10247/pid_11813"
sustained-fixed-context-15min-cold-r1-v1-cpu,qwen2.5-coder-1.5b,sustained-matched-cold,sustained,api-20261003T210139Z-UNPLUGGED,"[""CPU availability or Android cgroup changed during measurement"",""Benchmark process Android cgroup changed during measurement"",""Benchmark process lost required cores despite process-level affinity"",""Run failed, was aborted, or did not parse""]",False,False,-15,Android benchmark cgroup changed during measurement; invalid controlled comparison,2026-10-03T23:58:44.843051+00:00,435528.892807083,40.3,69.3,58.6,58.0,1363200,"{""clock_mhz"":""231"",""max_gpuclk"":""231000000"",""thermal_pwrlevel"":""13"",""gpu_busy_percentage"":""1 %"",""gpubusy"":""13116 1021267"",""temp"":""59000"",""reset_count"":""356198""}",5034.22265625,,"5:freezer:/
4:cpuset:/top-app
3:cpuacct:/top-app
2:cpu:/top-app
1:blkio:/top
0::/apps/uid_10247/pid_11813"
sustained-fixed-context-15min-cold-r1-v1-cpu,qwen2.5-coder-1.5b,sustained-matched-cold,sustained,api-20261003T210139Z-UNPLUGGED,"[""CPU availability or Android cgroup changed during measurement"",""Benchmark process Android cgroup changed during measurement"",""Benchmark process lost required cores despite process-level affinity"",""Run failed, was aborted, or did not parse""]",False,False,-15,Android benchmark cgroup changed during measurement; invalid controlled comparison,2026-10-03T23:58:45.973626+00:00,435530.023404114,40.3,68.1,58.2,56.8,1363200,"{""clock_mhz"":""231"",""max_gpuclk"":""231000000"",""thermal_pwrlevel"":""13"",""gpu_busy_percentage"":""1 %"",""gpubusy"":""13294 1044605"",""temp"":""58600"",""reset_count"":""356198""}",5032.5078125,,"5:freezer:/
4:cpuset:/top-app
3:cpuacct:/top-app
2:cpu:/top-app
1:blkio:/top
0::/apps/uid_10247/pid_11813"
sustained-fixed-context-15min-cold-r1-v1-cpu,qwen2.5-coder-1.5b,sustained-matched-cold,sustained,api-20261003T210139Z-UNPLUGGED,"[""CPU availability or Android cgroup changed during measurement"",""Benchmark process Android cgroup changed during measurement"",""Benchmark process lost required cores despite process-level affinity"",""Run failed, was aborted, or did not parse""]",False,False,-15,Android benchmark cgroup changed during measurement; invalid controlled comparison,2026-10-03T23:58:47.105975+00:00,435531.155753124,40.3,68.9,58.2,56.8,1363200,"{""clock_mhz"":""231"",""max_gpuclk"":""231000000"",""thermal_pwrlevel"":""13"",""gpu_busy_percentage"":""1 %"",""gpubusy"":""14302 1022998"",""temp"":""57800"",""reset_count"":""356198""}",5032.5078125,,"5:freezer:/
4:cpuset:/top-app
3:cpuacct:/top-app
2:cpu:/top-app
1:blkio:/top
0::/apps/uid_10247/pid_11813"
sustained-fixed-context-15min-cold-r1-v1-cpu,qwen2.5-coder-1.5b,sustained-matched-cold,sustained,api-20261003T210139Z-UNPLUGGED,"[""CPU availability or Android cgroup changed during measurement"",""Benchmark process Android cgroup changed during measurement"",""Benchmark process lost required cores despite process-level affinity"",""Run failed, was aborted, or did not parse""]",False,False,-15,Android benchmark cgroup changed during measurement; invalid controlled comparison,2026-10-03T23:58:48.222609+00:00,435532.272368436,40.3,68.9,58.2,56.8,1363200,"{""clock_mhz"":""231"",""max_gpuclk"":""231000000"",""thermal_pwrlevel"":""13"",""gpu_busy_percentage"":""1 %"",""gpubusy"":""12898 1002889"",""temp"":""58200"",""reset_count"":""356198""}",5030.80859375,,"5:freezer:/
4:cpuset:/top-app
3:cpuacct:/top-app
2:cpu:/top-app
1:blkio:/top
0::/apps/uid_10247/pid_11813"
sustained-fixed-context-15min-cold-r1-v1-cpu,qwen2.5-coder-1.5b,sustained-matched-cold,sustained,api-20261003T210139Z-UNPLUGGED,"[""CPU availability or Android cgroup changed during measurement"",""Benchmark process Android cgroup changed during measurement"",""Benchmark process lost required cores despite process-level affinity"",""Run failed, was aborted, or did not parse""]",False,False,-15,Android benchmark cgroup changed during measurement; invalid controlled comparison,2026-10-03T23:58:49.384590+00:00,435533.434382342,40.3,68.1,58.2,58.0,1363200,"{""clock_mhz"":""231"",""max_gpuclk"":""231000000"",""thermal_pwrlevel"":""13"",""gpu_busy_percentage"":""1 %"",""gpubusy"":""13349 1029923"",""temp"":""58200"",""reset_count"":""356198""}",5026.9140625,,"5:freezer:/
4:cpuset:/top-app
3:cpuacct:/top-app
2:cpu:/top-app
1:blkio:/top
0::/apps/uid_10247/pid_11813"
sustained-fixed-context-15min-cold-r1-v1-cpu,qwen2.5-coder-1.5b,sustained-matched-cold,sustained,api-20261003T210139Z-UNPLUGGED,"[""CPU availability or Android cgroup changed during measurement"",""Benchmark process Android cgroup changed during measurement"",""Benchmark process lost required cores despite process-level affinity"",""Run failed, was aborted, or did not parse""]",False,False,-15,Android benchmark cgroup changed during measurement; invalid controlled comparison,2026-10-03T23:58:50.528441+00:00,435534.578195362,40.3,69.7,59.4,59.6,1363200,"{""clock_mhz"":""231"",""max_gpuclk"":""231000000"",""thermal_pwrlevel"":""13"",""gpu_busy_percentage"":""1 %"",""gpubusy"":""13350 1028712"",""temp"":""59800"",""reset_count"":""356198""}",5026.4375,,"5:freezer:/
4:cpuset:/top-app
3:cpuacct:/top-app
2:cpu:/top-app
1:blkio:/top
0::/apps/uid_10247/pid_11813"
sustained-fixed-context-15min-cold-r1-v1-cpu,qwen2.5-coder-1.5b,sustained-matched-cold,sustained,api-20261003T210139Z-UNPLUGGED,"[""CPU availability or Android cgroup changed during measurement"",""Benchmark process Android cgroup changed during measurement"",""Benchmark process lost required cores despite process-level affinity"",""Run failed, was aborted, or did not parse""]",False,False,-15,Android benchmark cgroup changed during measurement; invalid controlled comparison,2026-10-03T23:58:51.655424+00:00,435535.705176768,40.3,70.1,59.8,60.0,1363200,"{""clock_mhz"":""231"",""max_gpuclk"":""231000000"",""thermal_pwrlevel"":""13"",""gpu_busy_percentage"":""1 %"",""gpubusy"":""11725 1006274"",""temp"":""59800"",""reset_count"":""356198""}",5038.8125,,"5:freezer:/
4:cpuset:/top-app
3:cpuacct:/top-app
2:cpu:/top-app
1:blkio:/top
0::/apps/uid_10247/pid_11813"
sustained-fixed-context-15min-cold-r1-v1-cpu,qwen2.5-coder-1.5b,sustained-matched-cold,sustained,api-20261003T210139Z-UNPLUGGED,"[""CPU availability or Android cgroup changed during measurement"",""Benchmark process Android cgroup changed during measurement"",""Benchmark process lost required cores despite process-level affinity"",""Run failed, was aborted, or did not parse""]",False,False,-15,Android benchmark cgroup changed during measurement; invalid controlled comparison,2026-10-03T23:58:52.781554+00:00,435536.831332393,40.3,71.3,60.6,60.3,1363200,"{""clock_mhz"":""231"",""max_gpuclk"":""231000000"",""thermal_pwrlevel"":""13"",""gpu_busy_percentage"":""1 %"",""gpubusy"":""12438 1026553"",""temp"":""60200"",""reset_count"":""356198""}",5035.42578125,,"5:freezer:/
4:cpuset:/top-app
3:cpuacct:/top-app
2:cpu:/top-app
1:blkio:/top
0::/apps/uid_10247/pid_11813"
sustained-fixed-context-15min-cold-r1-v1-cpu,qwen2.5-coder-1.5b,sustained-matched-cold,sustained,api-20261003T210139Z-UNPLUGGED,"[""CPU availability or Android cgroup changed during measurement"",""Benchmark process Android cgroup changed during measurement"",""Benchmark process lost required cores despite process-level affinity"",""Run failed, was aborted, or did not parse""]",False,False,-15,Android benchmark cgroup changed during measurement; invalid controlled comparison,2026-10-03T23:58:53.934868+00:00,435537.984620101,40.3,71.3,61.0,60.7,1363200,"{""clock_mhz"":""231"",""max_gpuclk"":""231000000"",""thermal_pwrlevel"":""13"",""gpu_busy_percentage"":""1 %"",""gpubusy"":""12149 1020299"",""temp"":""60600"",""reset_count"":""356198""}",5034.6875,,"5:freezer:/
4:cpuset:/top-app
3:cpuacct:/top-app
2:cpu:/top-app
1:blkio:/top
0::/apps/uid_10247/pid_11813"
sustained-fixed-context-15min-cold-r1-v1-cpu,qwen2.5-coder-1.5b,sustained-matched-cold,sustained,api-20261003T210139Z-UNPLUGGED,"[""CPU availability or Android cgroup changed during measurement"",""Benchmark process Android cgroup changed during measurement"",""Benchmark process lost required cores despite process-level affinity"",""Run failed, was aborted, or did not parse""]",False,False,-15,Android benchmark cgroup changed during measurement; invalid controlled comparison,2026-10-03T23:58:55.062145+00:00,435539.112110048,40.3,71.3,60.6,60.7,1363200,"{""clock_mhz"":""231"",""max_gpuclk"":""231000000"",""thermal_pwrlevel"":""13"",""gpu_busy_percentage"":""1 %"",""gpubusy"":""11333 1014516"",""temp"":""61000"",""reset_count"":""356198""}",5033.953125,,"5:freezer:/
4:cpuset:/top-app
3:cpuacct:/top-app
2:cpu:/top-app
1:blkio:/top
0::/apps/uid_10247/pid_11813"
sustained-fixed-context-15min-cold-r1-v1-cpu,qwen2.5-coder-1.5b,sustained-matched-cold,sustained,api-20261003T210139Z-UNPLUGGED,"[""CPU availability or Android cgroup changed during measurement"",""Benchmark process Android cgroup changed during measurement"",""Benchmark process lost required cores despite process-level affinity"",""Run failed, was aborted, or did not parse""]",False,False,-15,Android benchmark cgroup changed during measurement; invalid controlled comparison,2026-10-03T23:58:56.221444+00:00,435540.271199006,40.3,71.3,60.6,59.6,1363200,"{""clock_mhz"":""231"",""max_gpuclk"":""231000000"",""thermal_pwrlevel"":""13"",""gpu_busy_percentage"":""1 %"",""gpubusy"":""12535 1015720"",""temp"":""60200"",""reset_count"":""356198""}",5033.70703125,,"5:freezer:/
4:cpuset:/top-app
3:cpuacct:/top-app
2:cpu:/top-app
1:blkio:/top
0::/apps/uid_10247/pid_11813"
sustained-fixed-context-15min-cold-r1-v1-cpu,qwen2.5-coder-1.5b,sustained-matched-cold,sustained,api-20261003T210139Z-UNPLUGGED,"[""CPU availability or Android cgroup changed during measurement"",""Benchmark process Android cgroup changed during measurement"",""Benchmark process lost required cores despite process-level affinity"",""Run failed, was aborted, or did not parse""]",False,False,-15,Android benchmark cgroup changed during measurement; invalid controlled comparison,2026-10-03T23:58:57.345643+00:00,435541.395419578,40.3,70.9,59.4,58.8,1363200,"{""clock_mhz"":""231"",""max_gpuclk"":""231000000"",""thermal_pwrlevel"":""13"",""gpu_busy_percentage"":""1 %"",""gpubusy"":""12921 1000378"",""temp"":""59400"",""reset_count"":""356198""}",5032.23828125,,"5:freezer:/
4:cpuset:/top-app
3:cpuacct:/top-app
2:cpu:/top-app
1:blkio:/top
0::/apps/uid_10247/pid_11813"
sustained-fixed-context-15min-cold-r1-v1-cpu,qwen2.5-coder-1.5b,sustained-matched-cold,sustained,api-20261003T210139Z-UNPLUGGED,"[""CPU availability or Android cgroup changed during measurement"",""Benchmark process Android cgroup changed during measurement"",""Benchmark process lost required cores despite process-level affinity"",""Run failed, was aborted, or did not parse""]",False,False,-15,Android benchmark cgroup changed during measurement; invalid controlled comparison,2026-10-03T23:58:58.454900+00:00,435542.504664682,40.3,69.7,59.0,58.0,1363200,"{""clock_mhz"":""231"",""max_gpuclk"":""231000000"",""thermal_pwrlevel"":""13"",""gpu_busy_percentage"":""1 %"",""gpubusy"":""13223 1008173"",""temp"":""59000"",""reset_count"":""356198""}",5031.5,,"5:freezer:/
4:cpuset:/top-app
3:cpuacct:/top-app
2:cpu:/top-app
1:blkio:/top
0::/apps/uid_10247/pid_11813"
sustained-fixed-context-15min-cold-r1-v1-cpu,qwen2.5-coder-1.5b,sustained-matched-cold,sustained,api-20261003T210139Z-UNPLUGGED,"[""CPU availability or Android cgroup changed during measurement"",""Benchmark process Android cgroup changed during measurement"",""Benchmark process lost required cores despite process-level affinity"",""Run failed, was aborted, or did not parse""]",False,False,-15,Android benchmark cgroup changed during measurement; invalid controlled comparison,2026-10-03T23:58:59.569306+00:00,435543.619083015,40.3,69.3,58.6,56.8,1363200,"{""clock_mhz"":""231"",""max_gpuclk"":""231000000"",""thermal_pwrlevel"":""13"",""gpu_busy_percentage"":""1 %"",""gpubusy"":""12730 1018219"",""temp"":""58600"",""reset_count"":""356198""}",5031.0078125,,"5:freezer:/
4:cpuset:/top-app
3:cpuacct:/top-app
2:cpu:/top-app
1:blkio:/top
0::/apps/uid_10247/pid_11813"
sustained-fixed-context-15min-cold-r1-v1-cpu,qwen2.5-coder-1.5b,sustained-matched-cold,sustained,api-20261003T210139Z-UNPLUGGED,"[""CPU availability or Android cgroup changed during measurement"",""Benchmark process Android cgroup changed during measurement"",""Benchmark process lost required cores despite process-level affinity"",""Run failed, was aborted, or did not parse""]",False,False,-15,Android benchmark cgroup changed during measurement; invalid controlled comparison,2026-10-03T23:59:00.712000+00:00,435544.761754733,40.3,69.3,58.6,56.8,1363200,"{""clock_mhz"":""231"",""max_gpuclk"":""231000000"",""thermal_pwrlevel"":""13"",""gpu_busy_percentage"":""1 %"",""gpubusy"":""13584 1040421"",""temp"":""58200"",""reset_count"":""356198""}",5029.53125,,"5:freezer:/
4:cpuset:/top-app
3:cpuacct:/top-app
2:cpu:/top-app
1:blkio:/top
0::/apps/uid_10247/pid_11813"
sustained-fixed-context-15min-cold-r1-v1-cpu,qwen2.5-coder-1.5b,sustained-matched-cold,sustained,api-20261003T210139Z-UNPLUGGED,"[""CPU availability or Android cgroup changed during measurement"",""Benchmark process Android cgroup changed during measurement"",""Benchmark process lost required cores despite process-level affinity"",""Run failed, was aborted, or did not parse""]",False,False,-15,Android benchmark cgroup changed during measurement; invalid controlled comparison,2026-10-03T23:59:01.821531+00:00,435545.871285566,40.3,69.3,58.2,56.8,1363200,"{""clock_mhz"":""231"",""max_gpuclk"":""231000000"",""thermal_pwrlevel"":""13"",""gpu_busy_percentage"":""1 %"",""gpubusy"":""14437 1009125"",""temp"":""58200"",""reset_count"":""356198""}",5029.53125,,"5:freezer:/
4:cpuset:/top-app
3:cpuacct:/top-app
2:cpu:/top-app
1:blkio:/top
0::/apps/uid_10247/pid_11813"
sustained-fixed-context-15min-cold-r1-v1-cpu,qwen2.5-coder-1.5b,sustained-matched-cold,sustained,api-20261003T210139Z-UNPLUGGED,"[""CPU availability or Android cgroup changed during measurement"",""Benchmark process Android cgroup changed during measurement"",""Benchmark process lost required cores despite process-level affinity"",""Run failed, was aborted, or did not parse""]",False,False,-15,Android benchmark cgroup changed during measurement; invalid controlled comparison,2026-10-03T23:59:03.009467+00:00,435547.059221816,40.3,68.1,58.6,57.6,1363200,"{""clock_mhz"":""231"",""max_gpuclk"":""231000000"",""thermal_pwrlevel"":""13"",""gpu_busy_percentage"":""1 %"",""gpubusy"":""13167 1050252"",""temp"":""58600"",""reset_count"":""356198""}",5026.82421875,,"5:freezer:/
4:cpuset:/top-app
3:cpuacct:/top-app
2:cpu:/top-app
1:blkio:/top
0::/apps/uid_10247/pid_11813"
sustained-fixed-context-15min-cold-r1-v1-cpu,qwen2.5-coder-1.5b,sustained-matched-cold,sustained,api-20261003T210139Z-UNPLUGGED,"[""CPU availability or Android cgroup changed during measurement"",""Benchmark process Android cgroup changed during measurement"",""Benchmark process lost required cores despite process-level affinity"",""Run failed, was aborted, or did not parse""]",False,False,-15,Android benchmark cgroup changed during measurement; invalid controlled comparison,2026-10-03T23:59:04.142169+00:00,435548.191952857,40.3,70.1,59.4,59.2,1363200,"{""clock_mhz"":""231"",""max_gpuclk"":""231000000"",""thermal_pwrlevel"":""13"",""gpu_busy_percentage"":""1 %"",""gpubusy"":""11404 1007218"",""temp"":""59400"",""reset_count"":""356198""}",5026.57421875,,"5:freezer:/
4:cpuset:/top-app
3:cpuacct:/top-app
2:cpu:/top-app
1:blkio:/top
0::/apps/uid_10247/pid_11813"
sustained-fixed-context-15min-cold-r1-v1-cpu,qwen2.5-coder-1.5b,sustained-matched-cold,sustained,api-20261003T210139Z-UNPLUGGED,"[""CPU availability or Android cgroup changed during measurement"",""Benchmark process Android cgroup changed during measurement"",""Benchmark process lost required cores despite process-level affinity"",""Run failed, was aborted, or did not parse""]",False,False,-15,Android benchmark cgroup changed during measurement; invalid controlled comparison,2026-10-03T23:59:05.290363+00:00,435549.340123586,40.3,70.9,59.8,59.6,1363200,"{""clock_mhz"":""231"",""max_gpuclk"":""231000000"",""thermal_pwrlevel"":""13"",""gpu_busy_percentage"":""1 %"",""gpubusy"":""12172 1025371"",""temp"":""59800"",""reset_count"":""356198""}",5019.1953125,,"5:freezer:/
4:cpuset:/top-app
3:cpuacct:/top-app
2:cpu:/top-app
1:blkio:/top
0::/apps/uid_10247/pid_11813"
sustained-fixed-context-15min-cold-r1-v1-cpu,qwen2.5-coder-1.5b,sustained-matched-cold,sustained,api-20261003T210139Z-UNPLUGGED,"[""CPU availability or Android cgroup changed during measurement"",""Benchmark process Android cgroup changed during measurement"",""Benchmark process lost required cores despite process-level affinity"",""Run failed, was aborted, or did not parse""]",False,False,-15,Android benchmark cgroup changed during measurement; invalid controlled comparison,2026-10-03T23:59:06.437845+00:00,435550.487601137,40.3,71.6,60.6,60.3,1363200,"{""clock_mhz"":""231"",""max_gpuclk"":""231000000"",""thermal_pwrlevel"":""13"",""gpu_busy_percentage"":""0 %"",""gpubusy"":""10174 1029022"",""temp"":""60600"",""reset_count"":""356198""}",5005.91015625,,"5:freezer:/
4:cpuset:/top-app
3:cpuacct:/top-app
2:cpu:/top-app
1:blkio:/top
0::/apps/uid_10247/pid_11813"
sustained-fixed-context-15min-cold-r1-v1-cpu,qwen2.5-coder-1.5b,sustained-matched-cold,sustained,api-20261003T210139Z-UNPLUGGED,"[""CPU availability or Android cgroup changed during measurement"",""Benchmark process Android cgroup changed during measurement"",""Benchmark process lost required cores despite process-level affinity"",""Run failed, was aborted, or did not parse""]",False,False,-15,Android benchmark cgroup changed during measurement; invalid controlled comparison,2026-10-03T23:59:07.562495+00:00,435551.612271762,40.3,71.3,61.0,61.1,1363200,"{""clock_mhz"":""231"",""max_gpuclk"":""231000000"",""thermal_pwrlevel"":""13"",""gpu_busy_percentage"":""1 %"",""gpubusy"":""11357 1017150"",""temp"":""61000"",""reset_count"":""356198""}",5017.52734375,,"5:freezer:/
4:cpuset:/top-app
3:cpuacct:/top-app
2:cpu:/top-app
1:blkio:/top
0::/apps/uid_10247/pid_11813"
sustained-fixed-context-15min-cold-r1-v1-cpu,qwen2.5-coder-1.5b,sustained-matched-cold,sustained,api-20261003T210139Z-UNPLUGGED,"[""CPU availability or Android cgroup changed during measurement"",""Benchmark process Android cgroup changed during measurement"",""Benchmark process lost required cores despite process-level affinity"",""Run failed, was aborted, or did not parse""]",False,False,-15,Android benchmark cgroup changed during measurement; invalid controlled comparison,2026-10-03T23:59:08.697387+00:00,435552.747232543,40.3,72.4,61.4,61.9,1363200,"{""clock_mhz"":""231"",""max_gpuclk"":""231000000"",""thermal_pwrlevel"":""13"",""gpu_busy_percentage"":""1 %"",""gpubusy"":""13463 1015035"",""temp"":""61400"",""reset_count"":""356198""}",5017.28125,,"5:freezer:/
4:cpuset:/top-app
3:cpuacct:/top-app
2:cpu:/top-app
1:blkio:/top
0::/apps/uid_10247/pid_11813"
sustained-fixed-context-15min-cold-r1-v1-cpu,qwen2.5-coder-1.5b,sustained-matched-cold,sustained,api-20261003T210139Z-UNPLUGGED,"[""CPU availability or Android cgroup changed during measurement"",""Benchmark process Android cgroup changed during measurement"",""Benchmark process lost required cores despite process-level affinity"",""Run failed, was aborted, or did not parse""]",False,False,-15,Android benchmark cgroup changed during measurement; invalid controlled comparison,2026-10-03T23:59:09.819966+00:00,435553.869739886,40.3,73.6,61.4,61.5,1363200,"{""clock_mhz"":""231"",""max_gpuclk"":""231000000"",""thermal_pwrlevel"":""13"",""gpu_busy_percentage"":""1 %"",""gpubusy"":""11611 1003205"",""temp"":""61400"",""reset_count"":""356198""}",5017.09765625,,"5:freezer:/
4:cpuset:/top-app
3:cpuacct:/top-app
2:cpu:/top-app
1:blkio:/top
0::/apps/uid_10247/pid_11813"
sustained-fixed-context-15min-cold-r1-v1-cpu,qwen2.5-coder-1.5b,sustained-matched-cold,sustained,api-20261003T210139Z-UNPLUGGED,"[""CPU availability or Android cgroup changed during measurement"",""Benchmark process Android cgroup changed during measurement"",""Benchmark process lost required cores despite process-level affinity"",""Run failed, was aborted, or did not parse""]",False,False,-15,Android benchmark cgroup changed during measurement; invalid controlled comparison,2026-10-03T23:59:10.943686+00:00,435554.99343874,40.5,72.0,60.2,60.0,1363200,"{""clock_mhz"":""231"",""max_gpuclk"":""231000000"",""thermal_pwrlevel"":""13"",""gpu_busy_percentage"":""1 %"",""gpubusy"":""11993 1007307"",""temp"":""60600"",""reset_count"":""356198""}",5015.81640625,,"5:freezer:/
4:cpuset:/top-app
3:cpuacct:/top-app
2:cpu:/top-app
1:blkio:/top
0::/apps/uid_10247/pid_11813"
sustained-fixed-context-15min-cold-r1-v1-cpu,qwen2.5-coder-1.5b,sustained-matched-cold,sustained,api-20261003T210139Z-UNPLUGGED,"[""CPU availability or Android cgroup changed during measurement"",""Benchmark process Android cgroup changed during measurement"",""Benchmark process lost required cores despite process-level affinity"",""Run failed, was aborted, or did not parse""]",False,False,-15,Android benchmark cgroup changed during measurement; invalid controlled comparison,2026-10-03T23:59:12.057287+00:00,435556.10704275,40.5,71.3,59.8,59.6,1363200,"{""clock_mhz"":""231"",""max_gpuclk"":""231000000"",""thermal_pwrlevel"":""13"",""gpu_busy_percentage"":""1 %"",""gpubusy"":""13071 1013160"",""temp"":""60200"",""reset_count"":""356198""}",5014.22265625,,"5:freezer:/
4:cpuset:/top-app
3:cpuacct:/top-app
2:cpu:/top-app
1:blkio:/top
0::/apps/uid_10247/pid_11813"
sustained-fixed-context-15min-cold-r1-v1-cpu,qwen2.5-coder-1.5b,sustained-matched-cold,sustained,api-20261003T210139Z-UNPLUGGED,"[""CPU availability or Android cgroup changed during measurement"",""Benchmark process Android cgroup changed during measurement"",""Benchmark process lost required cores despite process-level affinity"",""Run failed, was aborted, or did not parse""]",False,False,-15,Android benchmark cgroup changed during measurement; invalid controlled comparison,2026-10-03T23:59:13.163008+00:00,435557.21278202,40.5,71.3,59.8,59.2,1363200,"{""clock_mhz"":""231"",""max_gpuclk"":""231000000"",""thermal_pwrlevel"":""13"",""gpu_busy_percentage"":""1 %"",""gpubusy"":""13105 1003155"",""temp"":""59400"",""reset_count"":""356198""}",5013.74609375,,"5:freezer:/
4:cpuset:/top-app
3:cpuacct:/top-app
2:cpu:/top-app
1:blkio:/top
0::/apps/uid_10247/pid_11813"
sustained-fixed-context-15min-cold-r1-v1-cpu,qwen2.5-coder-1.5b,sustained-matched-cold,sustained,api-20261003T210139Z-UNPLUGGED,"[""CPU availability or Android cgroup changed during measurement"",""Benchmark process Android cgroup changed during measurement"",""Benchmark process lost required cores despite process-level affinity"",""Run failed, was aborted, or did not parse""]",False,False,-15,Android benchmark cgroup changed during measurement; invalid controlled comparison,2026-10-03T23:59:14.273156+00:00,435558.322932437,40.5,70.9,59.8,58.8,1363200,"{""clock_mhz"":""231"",""max_gpuclk"":""231000000"",""thermal_pwrlevel"":""13"",""gpu_busy_percentage"":""1 %"",""gpubusy"":""13421 1007734"",""temp"":""59800"",""reset_count"":""356198""}",5013.0234375,,"5:freezer:/
4:cpuset:/top-app
3:cpuacct:/top-app
2:cpu:/top-app
1:blkio:/top
0::/apps/uid_10247/pid_11813"
sustained-fixed-context-15min-cold-r1-v1-cpu,qwen2.5-coder-1.5b,sustained-matched-cold,sustained,api-20261003T210139Z-UNPLUGGED,"[""CPU availability or Android cgroup changed during measurement"",""Benchmark process Android cgroup changed during measurement"",""Benchmark process lost required cores despite process-level affinity"",""Run failed, was aborted, or did not parse""]",False,False,-15,Android benchmark cgroup changed during measurement; invalid controlled comparison,2026-10-03T23:59:15.413046+00:00,435559.462801447,40.5,69.7,59.4,58.8,1363200,"{""clock_mhz"":""231"",""max_gpuclk"":""231000000"",""thermal_pwrlevel"":""13"",""gpu_busy_percentage"":""1 %"",""gpubusy"":""14081 1014035"",""temp"":""59800"",""reset_count"":""356198""}",5012.53125,,"5:freezer:/
4:cpuset:/top-app
3:cpuacct:/top-app
2:cpu:/top-app
1:blkio:/top
0::/apps/uid_10247/pid_11813"
sustained-fixed-context-15min-cold-r1-v1-cpu,qwen2.5-coder-1.5b,sustained-matched-cold,sustained,api-20261003T210139Z-UNPLUGGED,"[""CPU availability or Android cgroup changed during measurement"",""Benchmark process Android cgroup changed during measurement"",""Benchmark process lost required cores despite process-level affinity"",""Run failed, was aborted, or did not parse""]",False,False,-15,Android benchmark cgroup changed during measurement; invalid controlled comparison,2026-10-03T23:59:16.532877+00:00,435560.582633529,40.5,71.3,59.8,58.8,1363200,"{""clock_mhz"":""231"",""max_gpuclk"":""231000000"",""thermal_pwrlevel"":""13"",""gpu_busy_percentage"":""1 %"",""gpubusy"":""13612 1035396"",""temp"":""59400"",""reset_count"":""356198""}",5009.82421875,,"5:freezer:/
4:cpuset:/top-app
3:cpuacct:/top-app
2:cpu:/top-app
1:blkio:/top
0::/apps/uid_10247/pid_11813"
sustained-fixed-context-15min-cold-r1-v1-cpu,qwen2.5-coder-1.5b,sustained-matched-cold,sustained,api-20261003T210139Z-UNPLUGGED,"[""CPU availability or Android cgroup changed during measurement"",""Benchmark process Android cgroup changed during measurement"",""Benchmark process lost required cores despite process-level affinity"",""Run failed, was aborted, or did not parse""]",False,False,-15,Android benchmark cgroup changed during measurement; invalid controlled comparison,2026-10-03T23:59:17.683226+00:00,435561.732994362,40.5,70.5,60.6,60.3,1363200,"{""clock_mhz"":""231"",""max_gpuclk"":""231000000"",""thermal_pwrlevel"":""13"",""gpu_busy_percentage"":""1 %"",""gpubusy"":""13831 1038002"",""temp"":""60200"",""reset_count"":""356198""}",5008.83984375,,"5:freezer:/
4:cpuset:/top-app
3:cpuacct:/top-app
2:cpu:/top-app
1:blkio:/top
0::/apps/uid_10247/pid_11813"
sustained-fixed-context-15min-cold-r1-v1-cpu,qwen2.5-coder-1.5b,sustained-matched-cold,sustained,api-20261003T210139Z-UNPLUGGED,"[""CPU availability or Android cgroup changed during measurement"",""Benchmark process Android cgroup changed during measurement"",""Benchmark process lost required cores despite process-level affinity"",""Run failed, was aborted, or did not parse""]",False,False,-15,Android benchmark cgroup changed during measurement; invalid controlled comparison,2026-10-03T23:59:18.819370+00:00,435562.869126029,40.5,72.8,61.0,60.7,1363200,"{""clock_mhz"":""231"",""max_gpuclk"":""231000000"",""thermal_pwrlevel"":""13"",""gpu_busy_percentage"":""1 %"",""gpubusy"":""13473 1023916"",""temp"":""61000"",""reset_count"":""356198""}",5005.69921875,,"5:freezer:/
4:cpuset:/top-app
3:cpuacct:/top-app
2:cpu:/top-app
1:blkio:/top
0::/apps/uid_10247/pid_11813"
sustained-fixed-context-15min-cold-r1-v1-cpu,qwen2.5-coder-1.5b,sustained-matched-cold,sustained,api-20261003T210139Z-UNPLUGGED,"[""CPU availability or Android cgroup changed during measurement"",""Benchmark process Android cgroup changed during measurement"",""Benchmark process lost required cores despite process-level affinity"",""Run failed, was aborted, or did not parse""]",False,False,-15,Android benchmark cgroup changed during measurement; invalid controlled comparison,2026-10-03T23:59:19.937890+00:00,435563.98766207,40.5,72.4,61.0,61.9,1363200,"{""clock_mhz"":""231"",""max_gpuclk"":""231000000"",""thermal_pwrlevel"":""13"",""gpu_busy_percentage"":""1 %"",""gpubusy"":""11408 1004981"",""temp"":""61400"",""reset_count"":""356198""}",5005.20703125,,"5:freezer:/
4:cpuset:/top-app
3:cpuacct:/top-app
2:cpu:/top-app
1:blkio:/top
0::/apps/uid_10247/pid_11813"
sustained-fixed-context-15min-cold-r1-v1-cpu,qwen2.5-coder-1.5b,sustained-matched-cold,sustained,api-20261003T210139Z-UNPLUGGED,"[""CPU availability or Android cgroup changed during measurement"",""Benchmark process Android cgroup changed during measurement"",""Benchmark process lost required cores despite process-level affinity"",""Run failed, was aborted, or did not parse""]",False,False,-15,Android benchmark cgroup changed during measurement; invalid controlled comparison,2026-10-03T23:59:21.066244+00:00,435565.115995455,40.5,72.0,61.4,61.9,1363200,"{""clock_mhz"":""231"",""max_gpuclk"":""231000000"",""thermal_pwrlevel"":""13"",""gpu_busy_percentage"":""1 %"",""gpubusy"":""12517 1014580"",""temp"":""61800"",""reset_count"":""356198""}",5004.71484375,,"5:freezer:/
4:cpuset:/top-app
3:cpuacct:/top-app
2:cpu:/top-app
1:blkio:/top
0::/apps/uid_10247/pid_11813"
sustained-fixed-context-15min-cold-r1-v1-cpu,qwen2.5-coder-1.5b,sustained-matched-cold,sustained,api-20261003T210139Z-UNPLUGGED,"[""CPU availability or Android cgroup changed during measurement"",""Benchmark process Android cgroup changed during measurement"",""Benchmark process lost required cores despite process-level affinity"",""Run failed, was aborted, or did not parse""]",False,False,-15,Android benchmark cgroup changed during measurement; invalid controlled comparison,2026-10-03T23:59:22.190942+00:00,435566.240720402,40.5,72.0,61.8,61.9,1363200,"{""clock_mhz"":""231"",""max_gpuclk"":""231000000"",""thermal_pwrlevel"":""13"",""gpu_busy_percentage"":""1 %"",""gpubusy"":""13007 1006869"",""temp"":""61400"",""reset_count"":""356198""}",5003.484375,,"5:freezer:/
4:cpuset:/top-app
3:cpuacct:/top-app
2:cpu:/top-app
1:blkio:/top
0::/apps/uid_10247/pid_11813"
sustained-fixed-context-15min-cold-r1-v1-cpu,qwen2.5-coder-1.5b,sustained-matched-cold,sustained,api-20261003T210139Z-UNPLUGGED,"[""CPU availability or Android cgroup changed during measurement"",""Benchmark process Android cgroup changed during measurement"",""Benchmark process lost required cores despite process-level affinity"",""Run failed, was aborted, or did not parse""]",False,False,-15,Android benchmark cgroup changed during measurement; invalid controlled comparison,2026-10-03T23:59:23.327909+00:00,435567.377658006,40.5,72.4,61.8,61.9,1363200,"{""clock_mhz"":""231"",""max_gpuclk"":""231000000"",""thermal_pwrlevel"":""13"",""gpu_busy_percentage"":""1 %"",""gpubusy"":""12579 1041150"",""temp"":""61800"",""reset_count"":""356198""}",5002.9921875,,"5:freezer:/
4:cpuset:/top-app
3:cpuacct:/top-app
2:cpu:/top-app
1:blkio:/top
0::/apps/uid_10247/pid_11813"
sustained-fixed-context-15min-cold-r1-v1-cpu,qwen2.5-coder-1.5b,sustained-matched-cold,sustained,api-20261003T210139Z-UNPLUGGED,"[""CPU availability or Android cgroup changed during measurement"",""Benchmark process Android cgroup changed during measurement"",""Benchmark process lost required cores despite process-level affinity"",""Run failed, was aborted, or did not parse""]",False,False,-15,Android benchmark cgroup changed during measurement; invalid controlled comparison,2026-10-03T23:59:24.433543+00:00,435568.483296808,40.5,71.6,60.6,60.0,1363200,"{""clock_mhz"":""231"",""max_gpuclk"":""231000000"",""thermal_pwrlevel"":""13"",""gpu_busy_percentage"":""1 %"",""gpubusy"":""14523 1008792"",""temp"":""60600"",""reset_count"":""356198""}",5002.0078125,,"5:freezer:/
4:cpuset:/top-app
3:cpuacct:/top-app
2:cpu:/top-app
1:blkio:/top
0::/apps/uid_10247/pid_11813"
sustained-fixed-context-15min-cold-r1-v1-cpu,qwen2.5-coder-1.5b,sustained-matched-cold,sustained,api-20261003T210139Z-UNPLUGGED,"[""CPU availability or Android cgroup changed during measurement"",""Benchmark process Android cgroup changed during measurement"",""Benchmark process lost required cores despite process-level affinity"",""Run failed, was aborted, or did not parse""]",False,False,-15,Android benchmark cgroup changed during measurement; invalid controlled comparison,2026-10-03T23:59:25.548986+00:00,435569.598736391,40.5,71.3,60.2,59.2,1363200,"{""clock_mhz"":""231"",""max_gpuclk"":""231000000"",""thermal_pwrlevel"":""13"",""gpu_busy_percentage"":""1 %"",""gpubusy"":""12643 1025175"",""temp"":""59800"",""reset_count"":""356198""}",5001.26953125,,"5:freezer:/
4:cpuset:/top-app
3:cpuacct:/top-app
2:cpu:/top-app
1:blkio:/top
0::/apps/uid_10247/pid_11813"
sustained-fixed-context-15min-cold-r1-v1-cpu,qwen2.5-coder-1.5b,sustained-matched-cold,sustained,api-20261003T210139Z-UNPLUGGED,"[""CPU availability or Android cgroup changed during measurement"",""Benchmark process Android cgroup changed during measurement"",""Benchmark process lost required cores despite process-level affinity"",""Run failed, was aborted, or did not parse""]",False,False,-15,Android benchmark cgroup changed during measurement; invalid controlled comparison,2026-10-03T23:59:26.660412+00:00,435570.71016613,40.5,69.7,59.4,58.4,1363200,"{""clock_mhz"":""231"",""max_gpuclk"":""231000000"",""thermal_pwrlevel"":""13"",""gpu_busy_percentage"":""1 %"",""gpubusy"":""12382 1007931"",""temp"":""59400"",""reset_count"":""356198""}",5000.53515625,,"5:freezer:/
4:cpuset:/top-app
3:cpuacct:/top-app
2:cpu:/top-app
1:blkio:/top
0::/apps/uid_10247/pid_11813"
sustained-fixed-context-15min-cold-r1-v1-cpu,qwen2.5-coder-1.5b,sustained-matched-cold,sustained,api-20261003T210139Z-UNPLUGGED,"[""CPU availability or Android cgroup changed during measurement"",""Benchmark process Android cgroup changed during measurement"",""Benchmark process lost required cores despite process-level affinity"",""Run failed, was aborted, or did not parse""]",False,False,-15,Android benchmark cgroup changed during measurement; invalid controlled comparison,2026-10-03T23:59:27.769281+00:00,435571.819036494,40.5,70.5,59.4,58.4,1363200,"{""clock_mhz"":""231"",""max_gpuclk"":""231000000"",""thermal_pwrlevel"":""13"",""gpu_busy_percentage"":""1 %"",""gpubusy"":""13853 1017789"",""temp"":""59000"",""reset_count"":""356198""}",4999.05859375,,"5:freezer:/
4:cpuset:/top-app
3:cpuacct:/top-app
2:cpu:/top-app
1:blkio:/top
0::/apps/uid_10247/pid_11813"
sustained-fixed-context-15min-cold-r1-v1-cpu,qwen2.5-coder-1.5b,sustained-matched-cold,sustained,api-20261003T210139Z-UNPLUGGED,"[""CPU availability or Android cgroup changed during measurement"",""Benchmark process Android cgroup changed during measurement"",""Benchmark process lost required cores despite process-level affinity"",""Run failed, was aborted, or did not parse""]",False,False,-15,Android benchmark cgroup changed during measurement; invalid controlled comparison,2026-10-03T23:59:28.883592+00:00,435572.933373108,40.5,70.1,59.4,58.0,1363200,"{""clock_mhz"":""231"",""max_gpuclk"":""231000000"",""thermal_pwrlevel"":""13"",""gpu_busy_percentage"":""1 %"",""gpubusy"":""13544 1020331"",""temp"":""59400"",""reset_count"":""356198""}",4997.3359375,,"5:freezer:/
4:cpuset:/top-app
3:cpuacct:/top-app
2:cpu:/top-app
1:blkio:/top
0::/apps/uid_10247/pid_11813"
sustained-fixed-context-15min-cold-r1-v1-cpu,qwen2.5-coder-1.5b,sustained-matched-cold,sustained,api-20261003T210139Z-UNPLUGGED,"[""CPU availability or Android cgroup changed during measurement"",""Benchmark process Android cgroup changed during measurement"",""Benchmark process lost required cores despite process-level affinity"",""Run failed, was aborted, or did not parse""]",False,False,-15,Android benchmark cgroup changed during measurement; invalid controlled comparison,2026-10-03T23:59:30.005869+00:00,435574.055631649,40.5,69.7,58.6,57.6,1363200,"{""clock_mhz"":""231"",""max_gpuclk"":""231000000"",""thermal_pwrlevel"":""13"",""gpu_busy_percentage"":""1 %"",""gpubusy"":""14173 1030286"",""temp"":""59000"",""reset_count"":""356198""}",4997.0234375,,"5:freezer:/
4:cpuset:/top-app
3:cpuacct:/top-app
2:cpu:/top-app
1:blkio:/top
0::/apps/uid_10247/pid_11813"
sustained-fixed-context-15min-cold-r1-v1-cpu,qwen2.5-coder-1.5b,sustained-matched-cold,sustained,api-20261003T210139Z-UNPLUGGED,"[""CPU availability or Android cgroup changed during measurement"",""Benchmark process Android cgroup changed during measurement"",""Benchmark process lost required cores despite process-level affinity"",""Run failed, was aborted, or did not parse""]",False,False,-15,Android benchmark cgroup changed during measurement; invalid controlled comparison,2026-10-03T23:59:31.127732+00:00,435575.177510763,40.5,70.5,59.8,59.6,1363200,"{""clock_mhz"":""231"",""max_gpuclk"":""231000000"",""thermal_pwrlevel"":""13"",""gpu_busy_percentage"":""1 %"",""gpubusy"":""15048 1025855"",""temp"":""59800"",""reset_count"":""356198""}",4993.54296875,,"5:freezer:/
4:cpuset:/top-app
3:cpuacct:/top-app
2:cpu:/top-app
1:blkio:/top
0::/apps/uid_10247/pid_11813"
sustained-fixed-context-15min-cold-r1-v1-cpu,qwen2.5-coder-1.5b,sustained-matched-cold,sustained,api-20261003T210139Z-UNPLUGGED,"[""CPU availability or Android cgroup changed during measurement"",""Benchmark process Android cgroup changed during measurement"",""Benchmark process lost required cores despite process-level affinity"",""Run failed, was aborted, or did not parse""]",False,False,-15,Android benchmark cgroup changed during measurement; invalid controlled comparison,2026-10-03T23:59:32.250685+00:00,435576.300468992,40.5,70.9,60.2,60.7,1363200,"{""clock_mhz"":""231"",""max_gpuclk"":""231000000"",""thermal_pwrlevel"":""13"",""gpu_busy_percentage"":""1 %"",""gpubusy"":""11590 1011696"",""temp"":""60200"",""reset_count"":""356198""}",4992.3125,,"5:freezer:/
4:cpuset:/top-app
3:cpuacct:/top-app
2:cpu:/top-app
1:blkio:/top
0::/apps/uid_10247/pid_11813"
sustained-fixed-context-15min-cold-r1-v1-cpu,qwen2.5-coder-1.5b,sustained-matched-cold,sustained,api-20261003T210139Z-UNPLUGGED,"[""CPU availability or Android cgroup changed during measurement"",""Benchmark process Android cgroup changed during measurement"",""Benchmark process lost required cores despite process-level affinity"",""Run failed, was aborted, or did not parse""]",False,False,-15,Android benchmark cgroup changed during measurement; invalid controlled comparison,2026-10-03T23:59:33.420508+00:00,435577.470332898,40.5,71.3,60.6,61.1,1363200,"{""clock_mhz"":""231"",""max_gpuclk"":""231000000"",""thermal_pwrlevel"":""13"",""gpu_busy_percentage"":""1 %"",""gpubusy"":""11841 1012050"",""temp"":""60600"",""reset_count"":""356198""}",4988.85546875,,"5:freezer:/
4:cpuset:/top-app
3:cpuacct:/top-app
2:cpu:/top-app
1:blkio:/top
0::/apps/uid_10247/pid_11813"
sustained-fixed-context-15min-cold-r1-v1-cpu,qwen2.5-coder-1.5b,sustained-matched-cold,sustained,api-20261003T210139Z-UNPLUGGED,"[""CPU availability or Android cgroup changed during measurement"",""Benchmark process Android cgroup changed during measurement"",""Benchmark process lost required cores despite process-level affinity"",""Run failed, was aborted, or did not parse""]",False,False,-15,Android benchmark cgroup changed during measurement; invalid controlled comparison,2026-10-03T23:59:34.578868+00:00,435578.628622168,40.5,72.0,61.4,61.5,1363200,"{""clock_mhz"":""231"",""max_gpuclk"":""231000000"",""thermal_pwrlevel"":""13"",""gpu_busy_percentage"":""1 %"",""gpubusy"":""11338 1016227"",""temp"":""61000"",""reset_count"":""356198""}",4993.88671875,,"5:freezer:/
4:cpuset:/top-app
3:cpuacct:/top-app
2:cpu:/top-app
1:blkio:/top
0::/apps/uid_10247/pid_11813"
sustained-fixed-context-15min-cold-r1-v1-cpu,qwen2.5-coder-1.5b,sustained-matched-cold,sustained,api-20261003T210139Z-UNPLUGGED,"[""CPU availability or Android cgroup changed during measurement"",""Benchmark process Android cgroup changed during measurement"",""Benchmark process lost required cores despite process-level affinity"",""Run failed, was aborted, or did not parse""]",False,False,-15,Android benchmark cgroup changed during measurement; invalid controlled comparison,2026-10-03T23:59:35.718375+00:00,435579.768208939,40.5,72.0,61.4,61.5,1363200,"{""clock_mhz"":""231"",""max_gpuclk"":""231000000"",""thermal_pwrlevel"":""13"",""gpu_busy_percentage"":""1 %"",""gpubusy"":""12703 1015540"",""temp"":""61400"",""reset_count"":""356198""}",4993.64453125,,"5:freezer:/
4:cpuset:/top-app
3:cpuacct:/top-app
2:cpu:/top-app
1:blkio:/top
0::/apps/uid_10247/pid_11813"
sustained-fixed-context-15min-cold-r1-v1-cpu,qwen2.5-coder-1.5b,sustained-matched-cold,sustained,api-20261003T210139Z-UNPLUGGED,"[""CPU availability or Android cgroup changed during measurement"",""Benchmark process Android cgroup changed during measurement"",""Benchmark process lost required cores despite process-level affinity"",""Run failed, was aborted, or did not parse""]",False,False,-15,Android benchmark cgroup changed during measurement; invalid controlled comparison,2026-10-03T23:59:36.864645+00:00,435580.914416178,40.5,72.0,61.4,61.9,1363200,"{""clock_mhz"":""231"",""max_gpuclk"":""231000000"",""thermal_pwrlevel"":""13"",""gpu_busy_percentage"":""1 %"",""gpubusy"":""12382 1006950"",""temp"":""61800"",""reset_count"":""356198""}",4992.65625,,"5:freezer:/
4:cpuset:/top-app
3:cpuacct:/top-app
2:cpu:/top-app
1:blkio:/top
0::/apps/uid_10247/pid_11813"
sustained-fixed-context-15min-cold-r1-v1-cpu,qwen2.5-coder-1.5b,sustained-matched-cold,sustained,api-20261003T210139Z-UNPLUGGED,"[""CPU availability or Android cgroup changed during measurement"",""Benchmark process Android cgroup changed during measurement"",""Benchmark process lost required cores despite process-level affinity"",""Run failed, was aborted, or did not parse""]",False,False,-15,Android benchmark cgroup changed during measurement; invalid controlled comparison,2026-10-03T23:59:38.020790+00:00,435582.07056498,40.5,71.6,60.2,60.0,1363200,"{""clock_mhz"":""231"",""max_gpuclk"":""231000000"",""thermal_pwrlevel"":""13"",""gpu_busy_percentage"":""1 %"",""gpubusy"":""11675 1021100"",""temp"":""61000"",""reset_count"":""356198""}",4992.16796875,,"5:freezer:/
4:cpuset:/top-app
3:cpuacct:/top-app
2:cpu:/top-app
1:blkio:/top
0::/apps/uid_10247/pid_11813"
sustained-fixed-context-15min-cold-r1-v1-cpu,qwen2.5-coder-1.5b,sustained-matched-cold,sustained,api-20261003T210139Z-UNPLUGGED,"[""CPU availability or Android cgroup changed during measurement"",""Benchmark process Android cgroup changed during measurement"",""Benchmark process lost required cores despite process-level affinity"",""Run failed, was aborted, or did not parse""]",False,False,-15,Android benchmark cgroup changed during measurement; invalid controlled comparison,2026-10-03T23:59:39.150812+00:00,435583.200598677,40.5,71.6,59.8,59.2,1363200,"{""clock_mhz"":""231"",""max_gpuclk"":""231000000"",""thermal_pwrlevel"":""13"",""gpu_busy_percentage"":""1 %"",""gpubusy"":""13111 1004960"",""temp"":""60200"",""reset_count"":""356198""}",5010.9453125,,"5:freezer:/
4:cpuset:/top-app
3:cpuacct:/top-app
2:cpu:/top-app
1:blkio:/top
0::/apps/uid_10247/pid_11813"
sustained-fixed-context-15min-cold-r1-v1-cpu,qwen2.5-coder-1.5b,sustained-matched-cold,sustained,api-20261003T210139Z-UNPLUGGED,"[""CPU availability or Android cgroup changed during measurement"",""Benchmark process Android cgroup changed during measurement"",""Benchmark process lost required cores despite process-level affinity"",""Run failed, was aborted, or did not parse""]",False,False,-15,Android benchmark cgroup changed during measurement; invalid controlled comparison,2026-10-03T23:59:40.283479+00:00,435584.333229354,40.8,70.1,59.4,58.8,1363200,"{""clock_mhz"":""231"",""max_gpuclk"":""231000000"",""thermal_pwrlevel"":""13"",""gpu_busy_percentage"":""1 %"",""gpubusy"":""13815 1024329"",""temp"":""59400"",""reset_count"":""356198""}",5010.20703125,,"5:freezer:/
4:cpuset:/top-app
3:cpuacct:/top-app
2:cpu:/top-app
1:blkio:/top
0::/apps/uid_10247/pid_11813"
sustained-fixed-context-15min-cold-r1-v1-cpu,qwen2.5-coder-1.5b,sustained-matched-cold,sustained,api-20261003T210139Z-UNPLUGGED,"[""CPU availability or Android cgroup changed during measurement"",""Benchmark process Android cgroup changed during measurement"",""Benchmark process lost required cores despite process-level affinity"",""Run failed, was aborted, or did not parse""]",False,False,-15,Android benchmark cgroup changed during measurement; invalid controlled comparison,2026-10-03T23:59:41.386534+00:00,435585.436316332,40.8,71.3,59.4,58.4,1363200,"{""clock_mhz"":""231"",""max_gpuclk"":""231000000"",""thermal_pwrlevel"":""13"",""gpu_busy_percentage"":""1 %"",""gpubusy"":""13224 1003405"",""temp"":""59400"",""reset_count"":""356198""}",4977.8359375,,"5:freezer:/
4:cpuset:/top-app
3:cpuacct:/top-app
2:cpu:/top-app
1:blkio:/top
0::/apps/uid_10247/pid_11813"
sustained-fixed-context-15min-cold-r1-v1-cpu,qwen2.5-coder-1.5b,sustained-matched-cold,sustained,api-20261003T210139Z-UNPLUGGED,"[""CPU availability or Android cgroup changed during measurement"",""Benchmark process Android cgroup changed during measurement"",""Benchmark process lost required cores despite process-level affinity"",""Run failed, was aborted, or did not parse""]",False,False,-15,Android benchmark cgroup changed during measurement; invalid controlled comparison,2026-10-03T23:59:42.518443+00:00,435586.56821352,40.8,70.9,59.8,58.4,1363200,"{""clock_mhz"":""231"",""max_gpuclk"":""231000000"",""thermal_pwrlevel"":""13"",""gpu_busy_percentage"":""1 %"",""gpubusy"":""12230 1009644"",""temp"":""59400"",""reset_count"":""356198""}",4966.00390625,,"5:freezer:/
4:cpuset:/top-app
3:cpuacct:/top-app
2:cpu:/top-app
1:blkio:/top
0::/apps/uid_10247/pid_11813"
sustained-fixed-context-15min-cold-r1-v1-cpu,qwen2.5-coder-1.5b,sustained-matched-cold,sustained,api-20261003T210139Z-UNPLUGGED,"[""CPU availability or Android cgroup changed during measurement"",""Benchmark process Android cgroup changed during measurement"",""Benchmark process lost required cores despite process-level affinity"",""Run failed, was aborted, or did not parse""]",False,False,-15,Android benchmark cgroup changed during measurement; invalid controlled comparison,2026-10-03T23:59:43.695108+00:00,435587.744863988,40.8,70.9,59.4,58.8,1363200,"{""clock_mhz"":""231"",""max_gpuclk"":""231000000"",""thermal_pwrlevel"":""13"",""gpu_busy_percentage"":""1 %"",""gpubusy"":""13351 1027547"",""temp"":""59800"",""reset_count"":""356198""}",4948.27734375,,"5:freezer:/
4:cpuset:/top-app
3:cpuacct:/top-app
2:cpu:/top-app
1:blkio:/top
0::/apps/uid_10247/pid_11813"
sustained-fixed-context-15min-cold-r1-v1-cpu,qwen2.5-coder-1.5b,sustained-matched-cold,sustained,api-20261003T210139Z-UNPLUGGED,"[""CPU availability or Android cgroup changed during measurement"",""Benchmark process Android cgroup changed during measurement"",""Benchmark process lost required cores despite process-level affinity"",""Run failed, was aborted, or did not parse""]",False,False,-15,Android benchmark cgroup changed during measurement; invalid controlled comparison,2026-10-03T23:59:44.883149+00:00,435588.932899508,40.8,69.7,59.8,59.2,1363200,"{""clock_mhz"":""231"",""max_gpuclk"":""231000000"",""thermal_pwrlevel"":""13"",""gpu_busy_percentage"":""1 %"",""gpubusy"":""13423 1021488"",""temp"":""59800"",""reset_count"":""356198""}",4944.515625,,"5:freezer:/
4:cpuset:/top-app
3:cpuacct:/top-app
2:cpu:/top-app
1:blkio:/top
0::/apps/uid_10247/pid_11813"
sustained-fixed-context-15min-cold-r1-v1-cpu,qwen2.5-coder-1.5b,sustained-matched-cold,sustained,api-20261003T210139Z-UNPLUGGED,"[""CPU availability or Android cgroup changed during measurement"",""Benchmark process Android cgroup changed during measurement"",""Benchmark process lost required cores despite process-level affinity"",""Run failed, was aborted, or did not parse""]",False,False,-15,Android benchmark cgroup changed during measurement; invalid controlled comparison,2026-10-03T23:59:46.144619+00:00,435590.194368883,40.8,71.3,60.6,60.3,1363200,"{""clock_mhz"":""231"",""max_gpuclk"":""231000000"",""thermal_pwrlevel"":""13"",""gpu_busy_percentage"":""1 %"",""gpubusy"":""10585 1000359"",""temp"":""60200"",""reset_count"":""356198""}",4910.08203125,,"5:freezer:/
4:cpuset:/top-app
3:cpuacct:/top-app
2:cpu:/top-app
1:blkio:/top
0::/apps/uid_10247/pid_11813"
sustained-fixed-context-15min-cold-r1-v1-cpu,qwen2.5-coder-1.5b,sustained-matched-cold,sustained,api-20261003T210139Z-UNPLUGGED,"[""CPU availability or Android cgroup changed during measurement"",""Benchmark process Android cgroup changed during measurement"",""Benchmark process lost required cores despite process-level affinity"",""Run failed, was aborted, or did not parse""]",False,False,-15,Android benchmark cgroup changed during measurement; invalid controlled comparison,2026-10-03T23:59:47.324650+00:00,435591.374400445,40.8,72.0,61.4,61.5,1363200,"{""clock_mhz"":""231"",""max_gpuclk"":""231000000"",""thermal_pwrlevel"":""13"",""gpu_busy_percentage"":""1 %"",""gpubusy"":""11335 1003388"",""temp"":""61400"",""reset_count"":""356198""}",4869.21484375,,"5:freezer:/
4:cpuset:/top-app
3:cpuacct:/top-app
2:cpu:/top-app
1:blkio:/top
0::/apps/uid_10247/pid_11813"
sustained-fixed-context-15min-cold-r1-v1-cpu,qwen2.5-coder-1.5b,sustained-matched-cold,sustained,api-20261003T210139Z-UNPLUGGED,"[""CPU availability or Android cgroup changed during measurement"",""Benchmark process Android cgroup changed during measurement"",""Benchmark process lost required cores despite process-level affinity"",""Run failed, was aborted, or did not parse""]",False,False,-15,Android benchmark cgroup changed during measurement; invalid controlled comparison,2026-10-03T23:59:48.454404+00:00,435592.51612534,40.8,71.3,61.4,60.7,1363200,"{""clock_mhz"":""231"",""max_gpuclk"":""231000000"",""thermal_pwrlevel"":""13"",""gpu_busy_percentage"":""1 %"",""gpubusy"":""11006 1012516"",""temp"":""61000"",""reset_count"":""356198""}",4899.609375,,"5:freezer:/
4:cpuset:/top-app
3:cpuacct:/top-app
2:cpu:/top-app
1:blkio:/top
0::/apps/uid_10247/pid_11813"
sustained-fixed-context-15min-cold-r1-v1-cpu,qwen2.5-coder-1.5b,sustained-matched-cold,sustained,api-20261003T210139Z-UNPLUGGED,"[""CPU availability or Android cgroup changed during measurement"",""Benchmark process Android cgroup changed during measurement"",""Benchmark process lost required cores despite process-level affinity"",""Run failed, was aborted, or did not parse""]",False,False,-15,Android benchmark cgroup changed during measurement; invalid controlled comparison,2026-10-03T23:59:49.583013+00:00,435593.632790027,40.8,72.4,61.4,61.5,1363200,"{""clock_mhz"":""231"",""max_gpuclk"":""231000000"",""thermal_pwrlevel"":""13"",""gpu_busy_percentage"":""1 %"",""gpubusy"":""11269 1014137"",""temp"":""61400"",""reset_count"":""356198""}",4914.65625,,"5:freezer:/
4:cpuset:/top-app
3:cpuacct:/top-app
2:cpu:/top-app
1:blkio:/top
0::/apps/uid_10247/pid_11813"
sustained-fixed-context-15min-cold-r1-v1-cpu,qwen2.5-coder-1.5b,sustained-matched-cold,sustained,api-20261003T210139Z-UNPLUGGED,"[""CPU availability or Android cgroup changed during measurement"",""Benchmark process Android cgroup changed during measurement"",""Benchmark process lost required cores despite process-level affinity"",""Run failed, was aborted, or did not parse""]",False,False,-15,Android benchmark cgroup changed during measurement; invalid controlled comparison,2026-10-03T23:59:50.725325+00:00,435594.775079194,40.8,72.4,61.4,61.9,1363200,"{""clock_mhz"":""231"",""max_gpuclk"":""231000000"",""thermal_pwrlevel"":""13"",""gpu_busy_percentage"":""1 %"",""gpubusy"":""12480 1005821"",""temp"":""61800"",""reset_count"":""356198""}",4907.16015625,,"5:freezer:/
4:cpuset:/top-app
3:cpuacct:/top-app
2:cpu:/top-app
1:blkio:/top
0::/apps/uid_10247/pid_11813"
sustained-fixed-context-15min-cold-r1-v1-cpu,qwen2.5-coder-1.5b,sustained-matched-cold,sustained,api-20261003T210139Z-UNPLUGGED,"[""CPU availability or Android cgroup changed during measurement"",""Benchmark process Android cgroup changed during measurement"",""Benchmark process lost required cores despite process-level affinity"",""Run failed, was aborted, or did not parse""]",False,False,-15,Android benchmark cgroup changed during measurement; invalid controlled comparison,2026-10-03T23:59:51.958765+00:00,435596.008526485,40.8,73.6,62.2,62.3,1363200,"{""clock_mhz"":""231"",""max_gpuclk"":""231000000"",""thermal_pwrlevel"":""13"",""gpu_busy_percentage"":""1 %"",""gpubusy"":""11413 1038072"",""temp"":""62200"",""reset_count"":""356198""}",4925.7421875,,"5:freezer:/
4:cpuset:/top-app
3:cpuacct:/top-app
2:cpu:/top-app
1:blkio:/top
0::/apps/uid_10247/pid_11813"
sustained-fixed-context-15min-cold-r1-v1-cpu,qwen2.5-coder-1.5b,sustained-matched-cold,sustained,api-20261003T210139Z-UNPLUGGED,"[""CPU availability or Android cgroup changed during measurement"",""Benchmark process Android cgroup changed during measurement"",""Benchmark process lost required cores despite process-level affinity"",""Run failed, was aborted, or did not parse""]",False,False,-15,Android benchmark cgroup changed during measurement; invalid controlled comparison,2026-10-03T23:59:53.089016+00:00,435597.138769453,40.8,73.2,62.2,62.7,1363200,"{""clock_mhz"":""231"",""max_gpuclk"":""231000000"",""thermal_pwrlevel"":""13"",""gpu_busy_percentage"":""1 %"",""gpubusy"":""13469 1013178"",""temp"":""62200"",""reset_count"":""356198""}",4923.33984375,,"5:freezer:/
4:cpuset:/top-app
3:cpuacct:/top-app
2:cpu:/top-app
1:blkio:/top
0::/apps/uid_10247/pid_11813"
sustained-fixed-context-15min-cold-r1-v1-cpu,qwen2.5-coder-1.5b,sustained-matched-cold,sustained,api-20261003T210139Z-UNPLUGGED,"[""CPU availability or Android cgroup changed during measurement"",""Benchmark process Android cgroup changed during measurement"",""Benchmark process lost required cores despite process-level affinity"",""Run failed, was aborted, or did not parse""]",False,False,-15,Android benchmark cgroup changed during measurement; invalid controlled comparison,2026-10-03T23:59:54.219989+00:00,435598.269742317,40.8,74.4,62.2,61.5,1363200,"{""clock_mhz"":""231"",""max_gpuclk"":""231000000"",""thermal_pwrlevel"":""13"",""gpu_busy_percentage"":""1 %"",""gpubusy"":""12587 1036524"",""temp"":""61800"",""reset_count"":""356198""}",4917.27734375,,"5:freezer:/
4:cpuset:/top-app
3:cpuacct:/top-app
2:cpu:/top-app
1:blkio:/top
0::/apps/uid_10247/pid_11813"
sustained-fixed-context-15min-cold-r1-v1-cpu,qwen2.5-coder-1.5b,sustained-matched-cold,sustained,api-20261003T210139Z-UNPLUGGED,"[""CPU availability or Android cgroup changed during measurement"",""Benchmark process Android cgroup changed during measurement"",""Benchmark process lost required cores despite process-level affinity"",""Run failed, was aborted, or did not parse""]",False,False,-15,Android benchmark cgroup changed during measurement; invalid controlled comparison,2026-10-03T23:59:55.373254+00:00,435599.423033202,40.8,72.0,61.4,60.7,1363200,"{""clock_mhz"":""231"",""max_gpuclk"":""231000000"",""thermal_pwrlevel"":""13"",""gpu_busy_percentage"":""1 %"",""gpubusy"":""13108 1019348"",""temp"":""61000"",""reset_count"":""356198""}",4914.01953125,,"5:freezer:/
4:cpuset:/top-app
3:cpuacct:/top-app
2:cpu:/top-app
1:blkio:/top
0::/apps/uid_10247/pid_11813"
sustained-fixed-context-15min-cold-r1-v1-cpu,qwen2.5-coder-1.5b,sustained-matched-cold,sustained,api-20261003T210139Z-UNPLUGGED,"[""CPU availability or Android cgroup changed during measurement"",""Benchmark process Android cgroup changed during measurement"",""Benchmark process lost required cores despite process-level affinity"",""Run failed, was aborted, or did not parse""]",False,False,-15,Android benchmark cgroup changed during measurement; invalid controlled comparison,2026-10-03T23:59:56.482313+00:00,435600.532071431,40.8,72.0,60.6,60.0,1363200,"{""clock_mhz"":""231"",""max_gpuclk"":""231000000"",""thermal_pwrlevel"":""13"",""gpu_busy_percentage"":""1 %"",""gpubusy"":""12431 1011204"",""temp"":""60200"",""reset_count"":""356198""}",4911.0703125,,"5:freezer:/
4:cpuset:/top-app
3:cpuacct:/top-app
2:cpu:/top-app
1:blkio:/top
0::/apps/uid_10247/pid_11813"
sustained-fixed-context-15min-cold-r1-v1-cpu,qwen2.5-coder-1.5b,sustained-matched-cold,sustained,api-20261003T210139Z-UNPLUGGED,"[""CPU availability or Android cgroup changed during measurement"",""Benchmark process Android cgroup changed during measurement"",""Benchmark process lost required cores despite process-level affinity"",""Run failed, was aborted, or did not parse""]",False,False,-15,Android benchmark cgroup changed during measurement; invalid controlled comparison,2026-10-03T23:59:57.601600+00:00,435601.651351899,40.8,71.6,60.6,59.6,1363200,"{""clock_mhz"":""231"",""max_gpuclk"":""231000000"",""thermal_pwrlevel"":""13"",""gpu_busy_percentage"":""1 %"",""gpubusy"":""13825 1015201"",""temp"":""60600"",""reset_count"":""356198""}",4883.60546875,,"5:freezer:/
4:cpuset:/top-app
3:cpuacct:/top-app
2:cpu:/top-app
1:blkio:/top
0::/apps/uid_10247/pid_11813"
sustained-fixed-context-15min-cold-r1-v1-cpu,qwen2.5-coder-1.5b,sustained-matched-cold,sustained,api-20261003T210139Z-UNPLUGGED,"[""CPU availability or Android cgroup changed during measurement"",""Benchmark process Android cgroup changed during measurement"",""Benchmark process lost required cores despite process-level affinity"",""Run failed, was aborted, or did not parse""]",False,False,-15,Android benchmark cgroup changed during measurement; invalid controlled comparison,2026-10-03T23:59:58.818737+00:00,435602.86849018,40.8,71.6,60.6,59.6,1363200,"{""clock_mhz"":""231"",""max_gpuclk"":""231000000"",""thermal_pwrlevel"":""13"",""gpu_busy_percentage"":""1 %"",""gpubusy"":""13513 1024317"",""temp"":""60600"",""reset_count"":""356198""}",4846.70703125,,"5:freezer:/
4:cpuset:/top-app
3:cpuacct:/top-app
2:cpu:/top-app
1:blkio:/top
0::/apps/uid_10247/pid_11813"
sustained-fixed-context-15min-cold-r1-v1-cpu,qwen2.5-coder-1.5b,sustained-matched-cold,sustained,api-20261003T210139Z-UNPLUGGED,"[""CPU availability or Android cgroup changed during measurement"",""Benchmark process Android cgroup changed during measurement"",""Benchmark process lost required cores despite process-level affinity"",""Run failed, was aborted, or did not parse""]",False,False,-15,Android benchmark cgroup changed during measurement; invalid controlled comparison,2026-10-03T23:59:59.951735+00:00,435604.001486638,40.8,72.0,60.6,59.6,1363200,"{""clock_mhz"":""231"",""max_gpuclk"":""231000000"",""thermal_pwrlevel"":""13"",""gpu_busy_percentage"":""1 %"",""gpubusy"":""11790 1033092"",""temp"":""60600"",""reset_count"":""356198""}",4845.7578125,,"5:freezer:/
4:cpuset:/top-app
3:cpuacct:/top-app
2:cpu:/top-app
1:blkio:/top
0::/apps/uid_10247/pid_11813"
sustained-fixed-context-15min-cold-r1-v1-cpu,qwen2.5-coder-1.5b,sustained-matched-cold,sustained,api-20261003T210139Z-UNPLUGGED,"[""CPU availability or Android cgroup changed during measurement"",""Benchmark process Android cgroup changed during measurement"",""Benchmark process lost required cores despite process-level affinity"",""Run failed, was aborted, or did not parse""]",False,False,-15,Android benchmark cgroup changed during measurement; invalid controlled comparison,2026-10-04T00:00:01.106976+00:00,435605.156731898,40.8,70.5,59.8,58.8,1363200,"{""clock_mhz"":""231"",""max_gpuclk"":""231000000"",""thermal_pwrlevel"":""13"",""gpu_busy_percentage"":""1 %"",""gpubusy"":""13261 1031150"",""temp"":""60200"",""reset_count"":""356198""}",4833.515625,,"5:freezer:/
4:cpuset:/top-app
3:cpuacct:/top-app
2:cpu:/top-app
1:blkio:/top
0::/apps/uid_10247/pid_11813"
sustained-fixed-context-15min-cold-r1-v1-cpu,qwen2.5-coder-1.5b,sustained-matched-cold,sustained,api-20261003T210139Z-UNPLUGGED,"[""CPU availability or Android cgroup changed during measurement"",""Benchmark process Android cgroup changed during measurement"",""Benchmark process lost required cores despite process-level affinity"",""Run failed, was aborted, or did not parse""]",False,False,-15,Android benchmark cgroup changed during measurement; invalid controlled comparison,2026-10-04T00:00:02.261254+00:00,435606.311036637,40.8,70.5,60.6,60.3,1363200,"{""clock_mhz"":""231"",""max_gpuclk"":""231000000"",""thermal_pwrlevel"":""13"",""gpu_busy_percentage"":""1 %"",""gpubusy"":""12068 1018408"",""temp"":""60600"",""reset_count"":""356198""}",4858.3125,,"5:freezer:/
4:cpuset:/top-app
3:cpuacct:/top-app
2:cpu:/top-app
1:blkio:/top
0::/apps/uid_10247/pid_11813"
sustained-fixed-context-15min-cold-r1-v1-cpu,qwen2.5-coder-1.5b,sustained-matched-cold,sustained,api-20261003T210139Z-UNPLUGGED,"[""CPU availability or Android cgroup changed during measurement"",""Benchmark process Android cgroup changed during measurement"",""Benchmark process lost required cores despite process-level affinity"",""Run failed, was aborted, or did not parse""]",False,False,-15,Android benchmark cgroup changed during measurement; invalid controlled comparison,2026-10-04T00:00:03.412472+00:00,435607.462260282,40.8,71.6,61.4,61.1,1363200,"{""clock_mhz"":""231"",""max_gpuclk"":""231000000"",""thermal_pwrlevel"":""13"",""gpu_busy_percentage"":""1 %"",""gpubusy"":""11372 1000950"",""temp"":""61000"",""reset_count"":""356198""}",4855.8046875,,"5:freezer:/
4:cpuset:/top-app
3:cpuacct:/top-app
2:cpu:/top-app
1:blkio:/top
0::/apps/uid_10247/pid_11813"
sustained-fixed-context-15min-cold-r1-v1-cpu,qwen2.5-coder-1.5b,sustained-matched-cold,sustained,api-20261003T210139Z-UNPLUGGED,"[""CPU availability or Android cgroup changed during measurement"",""Benchmark process Android cgroup changed during measurement"",""Benchmark process lost required cores despite process-level affinity"",""Run failed, was aborted, or did not parse""]",False,False,-15,Android benchmark cgroup changed during measurement; invalid controlled comparison,2026-10-04T00:00:04.590651+00:00,435608.640402782,40.8,70.5,61.4,61.1,1363200,"{""clock_mhz"":""231"",""max_gpuclk"":""231000000"",""thermal_pwrlevel"":""13"",""gpu_busy_percentage"":""1 %"",""gpubusy"":""12092 1013650"",""temp"":""61000"",""reset_count"":""356198""}",4908.92578125,,"5:freezer:/
4:cpuset:/top-app
3:cpuacct:/top-app
2:cpu:/top-app
1:blkio:/top
0::/apps/uid_10247/pid_11813"
sustained-fixed-context-15min-cold-r1-v1-cpu,qwen2.5-coder-1.5b,sustained-matched-cold,sustained,api-20261003T210139Z-UNPLUGGED,"[""CPU availability or Android cgroup changed during measurement"",""Benchmark process Android cgroup changed during measurement"",""Benchmark process lost required cores despite process-level affinity"",""Run failed, was aborted, or did not parse""]",False,False,-15,Android benchmark cgroup changed during measurement; invalid controlled comparison,2026-10-04T00:00:05.731001+00:00,435609.780750802,40.8,72.8,61.8,61.9,1363200,"{""clock_mhz"":""231"",""max_gpuclk"":""231000000"",""thermal_pwrlevel"":""13"",""gpu_busy_percentage"":""1 %"",""gpubusy"":""15245 1020289"",""temp"":""61800"",""reset_count"":""356199""}",4899.1328125,,"5:freezer:/
4:cpuset:/top-app
3:cpuacct:/top-app
2:cpu:/top-app
1:blkio:/top
0::/apps/uid_10247/pid_11813"
sustained-fixed-context-15min-cold-r1-v1-cpu,qwen2.5-coder-1.5b,sustained-matched-cold,sustained,api-20261003T210139Z-UNPLUGGED,"[""CPU availability or Android cgroup changed during measurement"",""Benchmark process Android cgroup changed during measurement"",""Benchmark process lost required cores despite process-level affinity"",""Run failed, was aborted, or did not parse""]",False,False,-15,Android benchmark cgroup changed during measurement; invalid controlled comparison,2026-10-04T00:00:06.844531+00:00,435610.894310906,40.8,73.6,62.6,62.7,1363200,"{""clock_mhz"":""231"",""max_gpuclk"":""231000000"",""thermal_pwrlevel"":""13"",""gpu_busy_percentage"":""1 %"",""gpubusy"":""11127 1000606"",""temp"":""62200"",""reset_count"":""356199""}",4896.72265625,,"5:freezer:/
4:cpuset:/top-app
3:cpuacct:/top-app
2:cpu:/top-app
1:blkio:/top
0::/apps/uid_10247/pid_11813"
sustained-fixed-context-15min-cold-r1-v1-cpu,qwen2.5-coder-1.5b,sustained-matched-cold,sustained,api-20261003T210139Z-UNPLUGGED,"[""CPU availability or Android cgroup changed during measurement"",""Benchmark process Android cgroup changed during measurement"",""Benchmark process lost required cores despite process-level affinity"",""Run failed, was aborted, or did not parse""]",False,False,-15,Android benchmark cgroup changed during measurement; invalid controlled comparison,2026-10-04T00:00:08.011136+00:00,435612.060914968,40.8,72.8,62.6,62.7,1363200,"{""clock_mhz"":""231"",""max_gpuclk"":""231000000"",""thermal_pwrlevel"":""13"",""gpu_busy_percentage"":""1 %"",""gpubusy"":""13373 1005840"",""temp"":""62200"",""reset_count"":""356199""}",4887.9140625,,"5:freezer:/
4:cpuset:/top-app
3:cpuacct:/top-app
2:cpu:/top-app
1:blkio:/top
0::/apps/uid_10247/pid_11813"
sustained-fixed-context-15min-cold-r1-v1-cpu,qwen2.5-coder-1.5b,sustained-matched-cold,sustained,api-20261003T210139Z-UNPLUGGED,"[""CPU availability or Android cgroup changed during measurement"",""Benchmark process Android cgroup changed during measurement"",""Benchmark process lost required cores despite process-level affinity"",""Run failed, was aborted, or did not parse""]",False,False,-15,Android benchmark cgroup changed during measurement; invalid controlled comparison,2026-10-04T00:00:09.127813+00:00,435613.177569343,40.8,73.6,62.6,63.1,1363200,"{""clock_mhz"":""231"",""max_gpuclk"":""231000000"",""thermal_pwrlevel"":""13"",""gpu_busy_percentage"":""1 %"",""gpubusy"":""12339 1006421"",""temp"":""62600"",""reset_count"":""356199""}",4880.359375,,"5:freezer:/
4:cpuset:/top-app
3:cpuacct:/top-app
2:cpu:/top-app
1:blkio:/top
0::/apps/uid_10247/pid_11813"
sustained-fixed-context-15min-cold-r1-v1-cpu,qwen2.5-coder-1.5b,sustained-matched-cold,sustained,api-20261003T210139Z-UNPLUGGED,"[""CPU availability or Android cgroup changed during measurement"",""Benchmark process Android cgroup changed during measurement"",""Benchmark process lost required cores despite process-level affinity"",""Run failed, was aborted, or did not parse""]",False,False,-15,Android benchmark cgroup changed during measurement; invalid controlled comparison,2026-10-04T00:00:10.250663+00:00,435614.30043304,41.1,73.2,61.8,61.1,1363200,"{""clock_mhz"":""231"",""max_gpuclk"":""231000000"",""thermal_pwrlevel"":""13"",""gpu_busy_percentage"":""1 %"",""gpubusy"":""13389 1001123"",""temp"":""61800"",""reset_count"":""356199""}",4872.26171875,,"5:freezer:/
4:cpuset:/top-app
3:cpuacct:/top-app
2:cpu:/top-app
1:blkio:/top
0::/apps/uid_10247/pid_11813"
sustained-fixed-context-15min-cold-r1-v1-cpu,qwen2.5-coder-1.5b,sustained-matched-cold,sustained,api-20261003T210139Z-UNPLUGGED,"[""CPU availability or Android cgroup changed during measurement"",""Benchmark process Android cgroup changed during measurement"",""Benchmark process lost required cores despite process-level affinity"",""Run failed, was aborted, or did not parse""]",False,False,-15,Android benchmark cgroup changed during measurement; invalid controlled comparison,2026-10-04T00:00:11.355606+00:00,435615.405355956,41.1,72.8,61.4,60.3,1363200,"{""clock_mhz"":""231"",""max_gpuclk"":""231000000"",""thermal_pwrlevel"":""13"",""gpu_busy_percentage"":""1 %"",""gpubusy"":""14087 1031621"",""temp"":""61000"",""reset_count"":""356199""}",4872.33984375,,"5:freezer:/
4:cpuset:/top-app
3:cpuacct:/top-app
2:cpu:/top-app
1:blkio:/top
0::/apps/uid_10247/pid_11813"
sustained-fixed-context-15min-cold-r1-v1-cpu,qwen2.5-coder-1.5b,sustained-matched-cold,sustained,api-20261003T210139Z-UNPLUGGED,"[""CPU availability or Android cgroup changed during measurement"",""Benchmark process Android cgroup changed during measurement"",""Benchmark process lost required cores despite process-level affinity"",""Run failed, was aborted, or did not parse""]",False,False,-15,Android benchmark cgroup changed during measurement; invalid controlled comparison,2026-10-04T00:00:12.471227+00:00,435616.521001425,41.1,72.8,61.0,59.6,1363200,"{""clock_mhz"":""231"",""max_gpuclk"":""231000000"",""thermal_pwrlevel"":""13"",""gpu_busy_percentage"":""1 %"",""gpubusy"":""14536 1011406"",""temp"":""61000"",""reset_count"":""356199""}",4868.796875,,"5:freezer:/
4:cpuset:/top-app
3:cpuacct:/top-app
2:cpu:/top-app
1:blkio:/top
0::/apps/uid_10247/pid_11813"
sustained-fixed-context-15min-cold-r1-v1-cpu,qwen2.5-coder-1.5b,sustained-matched-cold,sustained,api-20261003T210139Z-UNPLUGGED,"[""CPU availability or Android cgroup changed during measurement"",""Benchmark process Android cgroup changed during measurement"",""Benchmark process lost required cores despite process-level affinity"",""Run failed, was aborted, or did not parse""]",False,False,-15,Android benchmark cgroup changed during measurement; invalid controlled comparison,2026-10-04T00:00:13.581955+00:00,435617.63170757,41.1,72.0,61.0,60.0,1363200,"{""clock_mhz"":""231"",""max_gpuclk"":""231000000"",""thermal_pwrlevel"":""13"",""gpu_busy_percentage"":""1 %"",""gpubusy"":""13092 1015087"",""temp"":""60600"",""reset_count"":""356199""}",4856.58203125,,"5:freezer:/
4:cpuset:/top-app
3:cpuacct:/top-app
2:cpu:/top-app
1:blkio:/top
0::/apps/uid_10247/pid_11813"
sustained-fixed-context-15min-cold-r1-v1-cpu,qwen2.5-coder-1.5b,sustained-matched-cold,sustained,api-20261003T210139Z-UNPLUGGED,"[""CPU availability or Android cgroup changed during measurement"",""Benchmark process Android cgroup changed during measurement"",""Benchmark process lost required cores despite process-level affinity"",""Run failed, was aborted, or did not parse""]",False,False,-15,Android benchmark cgroup changed during measurement; invalid controlled comparison,2026-10-04T00:00:14.693504+00:00,435618.743257309,41.1,72.0,60.6,59.2,1363200,"{""clock_mhz"":""231"",""max_gpuclk"":""231000000"",""thermal_pwrlevel"":""13"",""gpu_busy_percentage"":""1 %"",""gpubusy"":""12093 1011837"",""temp"":""60200"",""reset_count"":""356199""}",4854.6875,,"5:freezer:/
4:cpuset:/top-app
3:cpuacct:/top-app
2:cpu:/top-app
1:blkio:/top
0::/apps/uid_10247/pid_11813"
sustained-fixed-context-15min-cold-r1-v1-cpu,qwen2.5-coder-1.5b,sustained-matched-cold,sustained,api-20261003T210139Z-UNPLUGGED,"[""CPU availability or Android cgroup changed during measurement"",""Benchmark process Android cgroup changed during measurement"",""Benchmark process lost required cores despite process-level affinity"",""Run failed, was aborted, or did not parse""]",False,False,-15,Android benchmark cgroup changed during measurement; invalid controlled comparison,2026-10-04T00:00:15.829397+00:00,435619.879166319,41.1,72.0,60.2,59.2,1363200,"{""clock_mhz"":""231"",""max_gpuclk"":""231000000"",""thermal_pwrlevel"":""13"",""gpu_busy_percentage"":""1 %"",""gpubusy"":""13599 1011931"",""temp"":""60600"",""reset_count"":""356199""}",4847.9765625,,"5:freezer:/
4:cpuset:/top-app
3:cpuacct:/top-app
2:cpu:/top-app
1:blkio:/top
0::/apps/uid_10247/pid_11813"
sustained-fixed-context-15min-cold-r1-v1-cpu,qwen2.5-coder-1.5b,sustained-matched-cold,sustained,api-20261003T210139Z-UNPLUGGED,"[""CPU availability or Android cgroup changed during measurement"",""Benchmark process Android cgroup changed during measurement"",""Benchmark process lost required cores despite process-level affinity"",""Run failed, was aborted, or did not parse""]",False,False,-15,Android benchmark cgroup changed during measurement; invalid controlled comparison,2026-10-04T00:00:16.950271+00:00,435621.000058611,41.1,70.5,60.2,60.0,1363200,"{""clock_mhz"":""231"",""max_gpuclk"":""231000000"",""thermal_pwrlevel"":""13"",""gpu_busy_percentage"":""1 %"",""gpubusy"":""13612 1001093"",""temp"":""60200"",""reset_count"":""356199""}",4845.63671875,,"5:freezer:/
4:cpuset:/top-app
3:cpuacct:/top-app
2:cpu:/top-app
1:blkio:/top
0::/apps/uid_10247/pid_11813"
sustained-fixed-context-15min-cold-r1-v1-cpu,qwen2.5-coder-1.5b,sustained-matched-cold,sustained,api-20261003T210139Z-UNPLUGGED,"[""CPU availability or Android cgroup changed during measurement"",""Benchmark process Android cgroup changed during measurement"",""Benchmark process lost required cores despite process-level affinity"",""Run failed, was aborted, or did not parse""]",False,False,-15,Android benchmark cgroup changed during measurement; invalid controlled comparison,2026-10-04T00:00:18.052278+00:00,435622.102032256,41.1,72.0,61.4,61.1,1363200,"{""clock_mhz"":""231"",""max_gpuclk"":""231000000"",""thermal_pwrlevel"":""13"",""gpu_busy_percentage"":""1 %"",""gpubusy"":""14561 1029554"",""temp"":""61400"",""reset_count"":""356199""}",4845.60546875,,"5:freezer:/
4:cpuset:/top-app
3:cpuacct:/top-app
2:cpu:/top-app
1:blkio:/top
0::/apps/uid_10247/pid_11813"
sustained-fixed-context-15min-cold-r1-v1-cpu,qwen2.5-coder-1.5b,sustained-matched-cold,sustained,api-20261003T210139Z-UNPLUGGED,"[""CPU availability or Android cgroup changed during measurement"",""Benchmark process Android cgroup changed during measurement"",""Benchmark process lost required cores despite process-level affinity"",""Run failed, was aborted, or did not parse""]",False,False,-15,Android benchmark cgroup changed during measurement; invalid controlled comparison,2026-10-04T00:00:19.165878+00:00,435623.215669287,41.1,72.8,61.8,61.9,1363200,"{""clock_mhz"":""231"",""max_gpuclk"":""231000000"",""thermal_pwrlevel"":""13"",""gpu_busy_percentage"":""1 %"",""gpubusy"":""12364 1000248"",""temp"":""61800"",""reset_count"":""356199""}",4843.54296875,,"5:freezer:/
4:cpuset:/top-app
3:cpuacct:/top-app
2:cpu:/top-app
1:blkio:/top
0::/apps/uid_10247/pid_11813"
sustained-fixed-context-15min-cold-r1-v1-cpu,qwen2.5-coder-1.5b,sustained-matched-cold,sustained,api-20261003T210139Z-UNPLUGGED,"[""CPU availability or Android cgroup changed during measurement"",""Benchmark process Android cgroup changed during measurement"",""Benchmark process lost required cores despite process-level affinity"",""Run failed, was aborted, or did not parse""]",False,False,-15,Android benchmark cgroup changed during measurement; invalid controlled comparison,2026-10-04T00:00:20.301952+00:00,435624.351708036,41.1,73.6,62.2,62.7,1363200,"{""clock_mhz"":""231"",""max_gpuclk"":""231000000"",""thermal_pwrlevel"":""13"",""gpu_busy_percentage"":""1 %"",""gpubusy"":""11783 1017180"",""temp"":""61800"",""reset_count"":""356200""}",4843.05078125,,"5:freezer:/
4:cpuset:/top-app
3:cpuacct:/top-app
2:cpu:/top-app
1:blkio:/top
0::/apps/uid_10247/pid_11813"
sustained-fixed-context-15min-cold-r1-v1-cpu,qwen2.5-coder-1.5b,sustained-matched-cold,sustained,api-20261003T210139Z-UNPLUGGED,"[""CPU availability or Android cgroup changed during measurement"",""Benchmark process Android cgroup changed during measurement"",""Benchmark process lost required cores despite process-level affinity"",""Run failed, was aborted, or did not parse""]",False,False,-15,Android benchmark cgroup changed during measurement; invalid controlled comparison,2026-10-04T00:00:21.441884+00:00,435625.491657932,41.1,73.6,62.2,62.7,1363200,"{""clock_mhz"":""231"",""max_gpuclk"":""231000000"",""thermal_pwrlevel"":""13"",""gpu_busy_percentage"":""1 %"",""gpubusy"":""12696 1005274"",""temp"":""62600"",""reset_count"":""356200""}",4852.8671875,,"5:freezer:/
4:cpuset:/top-app
3:cpuacct:/top-app
2:cpu:/top-app
1:blkio:/top
0::/apps/uid_10247/pid_11813"
sustained-fixed-context-15min-cold-r1-v1-cpu,qwen2.5-coder-1.5b,sustained-matched-cold,sustained,api-20261003T210139Z-UNPLUGGED,"[""CPU availability or Android cgroup changed during measurement"",""Benchmark process Android cgroup changed during measurement"",""Benchmark process lost required cores despite process-level affinity"",""Run failed, was aborted, or did not parse""]",False,False,-15,Android benchmark cgroup changed during measurement; invalid controlled comparison,2026-10-04T00:00:22.689435+00:00,435626.739185848,41.1,73.6,63.0,62.3,1363200,"{""clock_mhz"":""231"",""max_gpuclk"":""231000000"",""thermal_pwrlevel"":""13"",""gpu_busy_percentage"":""1 %"",""gpubusy"":""12494 1013297"",""temp"":""63000"",""reset_count"":""356200""}",4819.953125,,"5:freezer:/
4:cpuset:/top-app
3:cpuacct:/top-app
2:cpu:/top-app
1:blkio:/top
0::/apps/uid_10247/pid_11813"
sustained-fixed-context-15min-cold-r1-v1-cpu,qwen2.5-coder-1.5b,sustained-matched-cold,sustained,api-20261003T210139Z-UNPLUGGED,"[""CPU availability or Android cgroup changed during measurement"",""Benchmark process Android cgroup changed during measurement"",""Benchmark process lost required cores despite process-level affinity"",""Run failed, was aborted, or did not parse""]",False,False,-15,Android benchmark cgroup changed during measurement; invalid controlled comparison,2026-10-04T00:00:23.848192+00:00,435627.897942775,41.1,72.8,63.0,62.7,1363200,"{""clock_mhz"":""231"",""max_gpuclk"":""231000000"",""thermal_pwrlevel"":""13"",""gpu_busy_percentage"":""1 %"",""gpubusy"":""11657 1011830"",""temp"":""62600"",""reset_count"":""356200""}",4737.8828125,,"5:freezer:/
4:cpuset:/top-app
3:cpuacct:/top-app
2:cpu:/top-app
1:blkio:/top
0::/apps/uid_10247/pid_11813"
sustained-fixed-context-15min-cold-r1-v1-cpu,qwen2.5-coder-1.5b,sustained-matched-cold,sustained,api-20261003T210139Z-UNPLUGGED,"[""CPU availability or Android cgroup changed during measurement"",""Benchmark process Android cgroup changed during measurement"",""Benchmark process lost required cores despite process-level affinity"",""Run failed, was aborted, or did not parse""]",False,False,-15,Android benchmark cgroup changed during measurement; invalid controlled comparison,2026-10-04T00:00:24.951722+00:00,435629.001471889,41.1,74.4,62.6,61.9,1363200,"{""clock_mhz"":""231"",""max_gpuclk"":""231000000"",""thermal_pwrlevel"":""13"",""gpu_busy_percentage"":""1 %"",""gpubusy"":""11577 1003603"",""temp"":""62600"",""reset_count"":""356200""}",4733.56640625,,"5:freezer:/
4:cpuset:/top-app
3:cpuacct:/top-app
2:cpu:/top-app
1:blkio:/top
0::/apps/uid_10247/pid_11813"
sustained-fixed-context-15min-cold-r1-v1-cpu,qwen2.5-coder-1.5b,sustained-matched-cold,sustained,api-20261003T210139Z-UNPLUGGED,"[""CPU availability or Android cgroup changed during measurement"",""Benchmark process Android cgroup changed during measurement"",""Benchmark process lost required cores despite process-level affinity"",""Run failed, was aborted, or did not parse""]",False,False,-15,Android benchmark cgroup changed during measurement; invalid controlled comparison,2026-10-04T00:00:26.062756+00:00,435630.11250944,41.1,73.2,61.4,60.7,1363200,"{""clock_mhz"":""231"",""max_gpuclk"":""231000000"",""thermal_pwrlevel"":""13"",""gpu_busy_percentage"":""1 %"",""gpubusy"":""12060 1009470"",""temp"":""61800"",""reset_count"":""356200""}",4777.62890625,,"5:freezer:/
4:cpuset:/top-app
3:cpuacct:/top-app
2:cpu:/top-app
1:blkio:/top
0::/apps/uid_10247/pid_11813"
sustained-fixed-context-15min-cold-r1-v1-cpu,qwen2.5-coder-1.5b,sustained-matched-cold,sustained,api-20261003T210139Z-UNPLUGGED,"[""CPU availability or Android cgroup changed during measurement"",""Benchmark process Android cgroup changed during measurement"",""Benchmark process lost required cores despite process-level affinity"",""Run failed, was aborted, or did not parse""]",False,False,-15,Android benchmark cgroup changed during measurement; invalid controlled comparison,2026-10-04T00:00:27.165541+00:00,435631.215292825,41.1,72.8,61.4,60.3,1363200,"{""clock_mhz"":""231"",""max_gpuclk"":""231000000"",""thermal_pwrlevel"":""13"",""gpu_busy_percentage"":""1 %"",""gpubusy"":""12571 1017110"",""temp"":""61400"",""reset_count"":""356200""}",4744.7734375,,"5:freezer:/
4:cpuset:/top-app
3:cpuacct:/top-app
2:cpu:/top-app
1:blkio:/top
0::/apps/uid_10247/pid_11813"
sustained-fixed-context-15min-cold-r1-v1-cpu,qwen2.5-coder-1.5b,sustained-matched-cold,sustained,api-20261003T210139Z-UNPLUGGED,"[""CPU availability or Android cgroup changed during measurement"",""Benchmark process Android cgroup changed during measurement"",""Benchmark process lost required cores despite process-level affinity"",""Run failed, was aborted, or did not parse""]",False,False,-15,Android benchmark cgroup changed during measurement; invalid controlled comparison,2026-10-04T00:00:28.277311+00:00,435632.32708345,41.1,72.8,61.4,60.3,1363200,"{""clock_mhz"":""231"",""max_gpuclk"":""231000000"",""thermal_pwrlevel"":""13"",""gpu_busy_percentage"":""1 %"",""gpubusy"":""12546 1047062"",""temp"":""61000"",""reset_count"":""356200""}",4724.3046875,,"5:freezer:/
4:cpuset:/top-app
3:cpuacct:/top-app
2:cpu:/top-app
1:blkio:/top
0::/apps/uid_10247/pid_11813"
sustained-fixed-context-15min-cold-r1-v1-cpu,qwen2.5-coder-1.5b,sustained-matched-cold,sustained,api-20261003T210139Z-UNPLUGGED,"[""CPU availability or Android cgroup changed during measurement"",""Benchmark process Android cgroup changed during measurement"",""Benchmark process lost required cores despite process-level affinity"",""Run failed, was aborted, or did not parse""]",False,False,-15,Android benchmark cgroup changed during measurement; invalid controlled comparison,2026-10-04T00:00:29.439635+00:00,435633.489404491,41.1,72.8,61.0,60.3,1363200,"{""clock_mhz"":""231"",""max_gpuclk"":""231000000"",""thermal_pwrlevel"":""13"",""gpu_busy_percentage"":""1 %"",""gpubusy"":""12629 1009722"",""temp"":""61400"",""reset_count"":""356200""}",4679.171875,,"5:freezer:/
4:cpuset:/top-app
3:cpuacct:/top-app
2:cpu:/top-app
1:blkio:/top
0::/apps/uid_10247/pid_11813"
sustained-fixed-context-15min-cold-r1-v1-cpu,qwen2.5-coder-1.5b,sustained-matched-cold,sustained,api-20261003T210139Z-UNPLUGGED,"[""CPU availability or Android cgroup changed during measurement"",""Benchmark process Android cgroup changed during measurement"",""Benchmark process lost required cores despite process-level affinity"",""Run failed, was aborted, or did not parse""]",False,False,-15,Android benchmark cgroup changed during measurement; invalid controlled comparison,2026-10-04T00:00:30.606124+00:00,435634.655899595,41.1,67.7,59.8,59.6,1363200,"{""clock_mhz"":""231"",""max_gpuclk"":""231000000"",""thermal_pwrlevel"":""13"",""gpu_busy_percentage"":""14 %"",""gpubusy"":""142197 1008481"",""temp"":""59800"",""reset_count"":""356200""}",4661.02734375,,"5:freezer:/
4:cpuset:/foreground
3:cpuacct:/
2:cpu:/foreground
1:blkio:/high
0::/apps/uid_10247/pid_11813"
sustained-fixed-context-15min-cold-r1-v1-npu,qwen2.5-coder-1.5b,sustained-matched-cold,sustained,api-20261003T210139Z-UNPLUGGED,"[""Run failed, was aborted, or did not parse""]",False,False,-15,Android public thermal status reached SEVERE; stop sustained load,2026-10-03T23:42:06.254055+00:00,434530.303801995,35.5,49.8,41.2,41.3,2745600,"{""clock_mhz"":""231"",""max_gpuclk"":""680000000"",""thermal_pwrlevel"":""6"",""gpu_busy_percentage"":""1 %"",""gpubusy"":""17841 1027251"",""temp"":""41200"",""reset_count"":""356177""}",6313.37109375,,"5:freezer:/
4:cpuset:/top-app
3:cpuacct:/top-app
2:cpu:/top-app
1:blkio:/top
0::/apps/uid_10247/pid_11813"
sustained-fixed-context-15min-cold-r1-v1-npu,qwen2.5-coder-1.5b,sustained-matched-cold,sustained,api-20261003T210139Z-UNPLUGGED,"[""Run failed, was aborted, or did not parse""]",False,False,-15,Android public thermal status reached SEVERE; stop sustained load,2026-10-03T23:42:07.291001+00:00,434531.340743974,35.5,66.2,45.9,44.4,2745600,"{""clock_mhz"":""231"",""max_gpuclk"":""680000000"",""thermal_pwrlevel"":""6"",""gpu_busy_percentage"":""1 %"",""gpubusy"":""14958 1034883"",""temp"":""45500"",""reset_count"":""356177""}",5161.97265625,,"5:freezer:/
4:cpuset:/top-app
3:cpuacct:/top-app
2:cpu:/top-app
1:blkio:/top
0::/apps/uid_10247/pid_11813"
sustained-fixed-context-15min-cold-r1-v1-npu,qwen2.5-coder-1.5b,sustained-matched-cold,sustained,api-20261003T210139Z-UNPLUGGED,"[""Run failed, was aborted, or did not parse""]",False,False,-15,Android public thermal status reached SEVERE; stop sustained load,2026-10-03T23:42:08.328535+00:00,434532.378278036,35.5,54.9,45.1,45.1,2745600,"{""clock_mhz"":""231"",""max_gpuclk"":""680000000"",""thermal_pwrlevel"":""6"",""gpu_busy_percentage"":""1 %"",""gpubusy"":""14198 1005555"",""temp"":""45100"",""reset_count"":""356177""}",5165.37890625,,"5:freezer:/
4:cpuset:/top-app
3:cpuacct:/top-app
2:cpu:/top-app
1:blkio:/top
0::/apps/uid_10247/pid_11813"
sustained-fixed-context-15min-cold-r1-v1-npu,qwen2.5-coder-1.5b,sustained-matched-cold,sustained,api-20261003T210139Z-UNPLUGGED,"[""Run failed, was aborted, or did not parse""]",False,False,-15,Android public thermal status reached SEVERE; stop sustained load,2026-10-03T23:42:09.365611+00:00,434533.415355953,35.5,52.2,45.9,56.4,2745600,"{""clock_mhz"":""231"",""max_gpuclk"":""680000000"",""thermal_pwrlevel"":""6"",""gpu_busy_percentage"":""1 %"",""gpubusy"":""13925 1015922"",""temp"":""45500"",""reset_count"":""356177""}",4929.87890625,,"5:freezer:/
4:cpuset:/top-app
3:cpuacct:/top-app
2:cpu:/top-app
1:blkio:/top
0::/apps/uid_10247/pid_11813"
sustained-fixed-context-15min-cold-r1-v1-npu,qwen2.5-coder-1.5b,sustained-matched-cold,sustained,api-20261003T210139Z-UNPLUGGED,"[""Run failed, was aborted, or did not parse""]",False,False,-15,Android public thermal status reached SEVERE; stop sustained load,2026-10-03T23:42:10.399758+00:00,434534.449512358,35.5,49.8,47.1,75.5,2745600,"{""clock_mhz"":""231"",""max_gpuclk"":""680000000"",""thermal_pwrlevel"":""6"",""gpu_busy_percentage"":""1 %"",""gpubusy"":""15626 1015248"",""temp"":""47100"",""reset_count"":""356177""}",4919.89453125,,"5:freezer:/
4:cpuset:/top-app
3:cpuacct:/top-app
2:cpu:/top-app
1:blkio:/top
0::/apps/uid_10247/pid_11813"
sustained-fixed-context-15min-cold-r1-v1-npu,qwen2.5-coder-1.5b,sustained-matched-cold,sustained,api-20261003T210139Z-UNPLUGGED,"[""Run failed, was aborted, or did not parse""]",False,False,-15,Android public thermal status reached SEVERE; stop sustained load,2026-10-03T23:42:11.441686+00:00,434535.491441889,35.5,51.8,49.1,79.0,2745600,"{""clock_mhz"":""231"",""max_gpuclk"":""680000000"",""thermal_pwrlevel"":""6"",""gpu_busy_percentage"":""1 %"",""gpubusy"":""17450 1022673"",""temp"":""49100"",""reset_count"":""356177""}",4913.140625,,"5:freezer:/
4:cpuset:/top-app
3:cpuacct:/top-app
2:cpu:/top-app
1:blkio:/top
0::/apps/uid_10247/pid_11813"
sustained-fixed-context-15min-cold-r1-v1-npu,qwen2.5-coder-1.5b,sustained-matched-cold,sustained,api-20261003T210139Z-UNPLUGGED,"[""Run failed, was aborted, or did not parse""]",False,False,-15,Android public thermal status reached SEVERE; stop sustained load,2026-10-03T23:42:12.473855+00:00,434536.523607149,35.5,52.6,50.7,81.4,2745600,"{""clock_mhz"":""231"",""max_gpuclk"":""680000000"",""thermal_pwrlevel"":""6"",""gpu_busy_percentage"":""1 %"",""gpubusy"":""16890 1007369"",""temp"":""51100"",""reset_count"":""356177""}",4912.95703125,,"5:freezer:/
4:cpuset:/top-app
3:cpuacct:/top-app
2:cpu:/top-app
1:blkio:/top
0::/apps/uid_10247/pid_11813"
sustained-fixed-context-15min-cold-r1-v1-npu,qwen2.5-coder-1.5b,sustained-matched-cold,sustained,api-20261003T210139Z-UNPLUGGED,"[""Run failed, was aborted, or did not parse""]",False,False,-15,Android public thermal status reached SEVERE; stop sustained load,2026-10-03T23:42:13.522004+00:00,434537.571755586,35.5,54.1,52.3,82.2,2745600,"{""clock_mhz"":""231"",""max_gpuclk"":""680000000"",""thermal_pwrlevel"":""6"",""gpu_busy_percentage"":""1 %"",""gpubusy"":""15505 1008595"",""temp"":""51900"",""reset_count"":""356177""}",4910.703125,,"5:freezer:/
4:cpuset:/top-app
3:cpuacct:/top-app
2:cpu:/top-app
1:blkio:/top
0::/apps/uid_10247/pid_11813"
sustained-fixed-context-15min-cold-r1-v1-npu,qwen2.5-coder-1.5b,sustained-matched-cold,sustained,api-20261003T210139Z-UNPLUGGED,"[""Run failed, was aborted, or did not parse""]",False,False,-15,Android public thermal status reached SEVERE; stop sustained load,2026-10-03T23:42:14.567696+00:00,434538.617443138,35.5,52.9,51.1,55.7,2745600,"{""clock_mhz"":""231"",""max_gpuclk"":""680000000"",""thermal_pwrlevel"":""6"",""gpu_busy_percentage"":""1 %"",""gpubusy"":""16049 1035243"",""temp"":""51100"",""reset_count"":""356177""}",4910.953125,,"5:freezer:/
4:cpuset:/top-app
3:cpuacct:/top-app
2:cpu:/top-app
1:blkio:/top
0::/apps/uid_10247/pid_11813"
sustained-fixed-context-15min-cold-r1-v1-npu,qwen2.5-coder-1.5b,sustained-matched-cold,sustained,api-20261003T210139Z-UNPLUGGED,"[""Run failed, was aborted, or did not parse""]",False,False,-15,Android public thermal status reached SEVERE; stop sustained load,2026-10-03T23:42:15.624722+00:00,434539.67448095,35.5,48.7,48.3,50.6,2745600,"{""clock_mhz"":""231"",""max_gpuclk"":""680000000"",""thermal_pwrlevel"":""6"",""gpu_busy_percentage"":""1 %"",""gpubusy"":""15092 1030053"",""temp"":""48300"",""reset_count"":""356177""}",4910.45703125,,"5:freezer:/
4:cpuset:/top-app
3:cpuacct:/top-app
2:cpu:/top-app
1:blkio:/top
0::/apps/uid_10247/pid_11813"
sustained-fixed-context-15min-cold-r1-v1-npu,qwen2.5-coder-1.5b,sustained-matched-cold,sustained,api-20261003T210139Z-UNPLUGGED,"[""Run failed, was aborted, or did not parse""]",False,False,-15,Android public thermal status reached SEVERE; stop sustained load,2026-10-03T23:42:16.673727+00:00,434540.723470741,35.5,56.1,46.3,49.0,2496000,"{""clock_mhz"":""231"",""max_gpuclk"":""680000000"",""thermal_pwrlevel"":""6"",""gpu_busy_percentage"":""1 %"",""gpubusy"":""13862 1013854"",""temp"":""46700"",""reset_count"":""356177""}",4916.921875,,"5:freezer:/
4:cpuset:/top-app
3:cpuacct:/top-app
2:cpu:/top-app
1:blkio:/top
0::/apps/uid_10247/pid_11813"
sustained-fixed-context-15min-cold-r1-v1-npu,qwen2.5-coder-1.5b,sustained-matched-cold,sustained,api-20261003T210139Z-UNPLUGGED,"[""Run failed, was aborted, or did not parse""]",False,False,-15,Android public thermal status reached SEVERE; stop sustained load,2026-10-03T23:42:17.720590+00:00,434541.770341262,35.5,47.1,45.5,47.5,2496000,"{""clock_mhz"":""231"",""max_gpuclk"":""680000000"",""thermal_pwrlevel"":""6"",""gpu_busy_percentage"":""1 %"",""gpubusy"":""14910 1013602"",""temp"":""45500"",""reset_count"":""356177""}",4930.40625,,"5:freezer:/
4:cpuset:/top-app
3:cpuacct:/top-app
2:cpu:/top-app
1:blkio:/top
0::/apps/uid_10247/pid_11813"
sustained-fixed-context-15min-cold-r1-v1-npu,qwen2.5-coder-1.5b,sustained-matched-cold,sustained,api-20261003T210139Z-UNPLUGGED,"[""Run failed, was aborted, or did not parse""]",False,False,-15,Android public thermal status reached SEVERE; stop sustained load,2026-10-03T23:42:18.764104+00:00,434542.813849751,35.5,47.1,44.8,46.3,2496000,"{""clock_mhz"":""231"",""max_gpuclk"":""680000000"",""thermal_pwrlevel"":""6"",""gpu_busy_percentage"":""1 %"",""gpubusy"":""14176 1000276"",""temp"":""44800"",""reset_count"":""356177""}",4929.4296875,,"5:freezer:/
4:cpuset:/top-app
3:cpuacct:/top-app
2:cpu:/top-app
1:blkio:/top
0::/apps/uid_10247/pid_11813"
sustained-fixed-context-15min-cold-r1-v1-npu,qwen2.5-coder-1.5b,sustained-matched-cold,sustained,api-20261003T210139Z-UNPLUGGED,"[""Run failed, was aborted, or did not parse""]",False,False,-15,Android public thermal status reached SEVERE; stop sustained load,2026-10-03T23:42:19.809521+00:00,434543.859269646,35.5,47.5,44.4,45.9,2496000,"{""clock_mhz"":""231"",""max_gpuclk"":""680000000"",""thermal_pwrlevel"":""6"",""gpu_busy_percentage"":""1 %"",""gpubusy"":""14782 1002330"",""temp"":""44400"",""reset_count"":""356177""}",4926.98046875,,"5:freezer:/
4:cpuset:/top-app
3:cpuacct:/top-app
2:cpu:/top-app
1:blkio:/top
0::/apps/uid_10247/pid_11813"
sustained-fixed-context-15min-cold-r1-v1-npu,qwen2.5-coder-1.5b,sustained-matched-cold,sustained,api-20261003T210139Z-UNPLUGGED,"[""Run failed, was aborted, or did not parse""]",False,False,-15,Android public thermal status reached SEVERE; stop sustained load,2026-10-03T23:42:20.856822+00:00,434544.906568604,35.5,51.4,44.4,45.5,2496000,"{""clock_mhz"":""231"",""max_gpuclk"":""680000000"",""thermal_pwrlevel"":""6"",""gpu_busy_percentage"":""1 %"",""gpubusy"":""14481 1056284"",""temp"":""44000"",""reset_count"":""356177""}",4926.48828125,,"5:freezer:/
4:cpuset:/top-app
3:cpuacct:/top-app
2:cpu:/top-app
1:blkio:/top
0::/apps/uid_10247/pid_11813"
sustained-fixed-context-15min-cold-r1-v1-npu,qwen2.5-coder-1.5b,sustained-matched-cold,sustained,api-20261003T210139Z-UNPLUGGED,"[""Run failed, was aborted, or did not parse""]",False,False,-15,Android public thermal status reached SEVERE; stop sustained load,2026-10-03T23:42:21.899946+00:00,434545.949691885,35.5,45.5,44.0,45.1,2496000,"{""clock_mhz"":""231"",""max_gpuclk"":""680000000"",""thermal_pwrlevel"":""6"",""gpu_busy_percentage"":""1 %"",""gpubusy"":""14905 1024600"",""temp"":""43600"",""reset_count"":""356177""}",4926.1875,,"5:freezer:/
4:cpuset:/top-app
3:cpuacct:/top-app
2:cpu:/top-app
1:blkio:/top
0::/apps/uid_10247/pid_11813"
sustained-fixed-context-15min-cold-r1-v1-npu,qwen2.5-coder-1.5b,sustained-matched-cold,sustained,api-20261003T210139Z-UNPLUGGED,"[""Run failed, was aborted, or did not parse""]",False,False,-15,Android public thermal status reached SEVERE; stop sustained load,2026-10-03T23:42:22.942562+00:00,434546.992329854,35.5,45.5,43.6,44.8,2496000,"{""clock_mhz"":""231"",""max_gpuclk"":""680000000"",""thermal_pwrlevel"":""6"",""gpu_busy_percentage"":""1 %"",""gpubusy"":""14851 1016829"",""temp"":""43600"",""reset_count"":""356177""}",4925.5625,,"5:freezer:/
4:cpuset:/top-app
3:cpuacct:/top-app
2:cpu:/top-app
1:blkio:/top
0::/apps/uid_10247/pid_11813"
sustained-fixed-context-15min-cold-r1-v1-npu,qwen2.5-coder-1.5b,sustained-matched-cold,sustained,api-20261003T210139Z-UNPLUGGED,"[""Run failed, was aborted, or did not parse""]",False,False,-15,Android public thermal status reached SEVERE; stop sustained load,2026-10-03T23:42:23.986979+00:00,434548.036728655,35.5,44.8,43.6,44.4,2496000,"{""clock_mhz"":""231"",""max_gpuclk"":""680000000"",""thermal_pwrlevel"":""6"",""gpu_busy_percentage"":""1 %"",""gpubusy"":""14143 1031030"",""temp"":""43600"",""reset_count"":""356177""}",4924.46875,,"5:freezer:/
4:cpuset:/top-app
3:cpuacct:/top-app
2:cpu:/top-app
1:blkio:/top
0::/apps/uid_10247/pid_11813"
sustained-fixed-context-15min-cold-r1-v1-npu,qwen2.5-coder-1.5b,sustained-matched-cold,sustained,api-20261003T210139Z-UNPLUGGED,"[""Run failed, was aborted, or did not parse""]",False,False,-15,Android public thermal status reached SEVERE; stop sustained load,2026-10-03T23:42:25.033470+00:00,434549.083223447,35.5,48.7,45.9,73.2,2496000,"{""clock_mhz"":""231"",""max_gpuclk"":""680000000"",""thermal_pwrlevel"":""6"",""gpu_busy_percentage"":""1 %"",""gpubusy"":""14206 1023440"",""temp"":""46300"",""reset_count"":""356177""}",4924.15234375,,"5:freezer:/
4:cpuset:/top-app
3:cpuacct:/top-app
2:cpu:/top-app
1:blkio:/top
0::/apps/uid_10247/pid_11813"
sustained-fixed-context-15min-cold-r1-v1-npu,qwen2.5-coder-1.5b,sustained-matched-cold,sustained,api-20261003T210139Z-UNPLUGGED,"[""Run failed, was aborted, or did not parse""]",False,False,-15,Android public thermal status reached SEVERE; stop sustained load,2026-10-03T23:42:26.079733+00:00,434550.129485894,35.5,49.4,48.7,76.7,2745600,"{""clock_mhz"":""231"",""max_gpuclk"":""680000000"",""thermal_pwrlevel"":""6"",""gpu_busy_percentage"":""1 %"",""gpubusy"":""15985 1034467"",""temp"":""48700"",""reset_count"":""356177""}",4922.9375,,"5:freezer:/
4:cpuset:/top-app
3:cpuacct:/top-app
2:cpu:/top-app
1:blkio:/top
0::/apps/uid_10247/pid_11813"
sustained-fixed-context-15min-cold-r1-v1-npu,qwen2.5-coder-1.5b,sustained-matched-cold,sustained,api-20261003T210139Z-UNPLUGGED,"[""Run failed, was aborted, or did not parse""]",False,False,-15,Android public thermal status reached SEVERE; stop sustained load,2026-10-03T23:42:27.116866+00:00,434551.166624956,35.5,51.8,51.1,80.6,2745600,"{""clock_mhz"":""231"",""max_gpuclk"":""680000000"",""thermal_pwrlevel"":""6"",""gpu_busy_percentage"":""1 %"",""gpubusy"":""16212 1005378"",""temp"":""51100"",""reset_count"":""356177""}",4920.01171875,,"5:freezer:/
4:cpuset:/top-app
3:cpuacct:/top-app
2:cpu:/top-app
1:blkio:/top
0::/apps/uid_10247/pid_11813"
sustained-fixed-context-15min-cold-r1-v1-npu,qwen2.5-coder-1.5b,sustained-matched-cold,sustained,api-20261003T210139Z-UNPLUGGED,"[""Run failed, was aborted, or did not parse""]",False,False,-15,Android public thermal status reached SEVERE; stop sustained load,2026-10-03T23:42:28.164234+00:00,434552.214008758,35.5,53.3,52.3,82.9,2745600,"{""clock_mhz"":""231"",""max_gpuclk"":""680000000"",""thermal_pwrlevel"":""6"",""gpu_busy_percentage"":""1 %"",""gpubusy"":""16486 1011151"",""temp"":""52300"",""reset_count"":""356177""}",4919.5234375,,"5:freezer:/
4:cpuset:/top-app
3:cpuacct:/top-app
2:cpu:/top-app
1:blkio:/top
0::/apps/uid_10247/pid_11813"
sustained-fixed-context-15min-cold-r1-v1-npu,qwen2.5-coder-1.5b,sustained-matched-cold,sustained,api-20261003T210139Z-UNPLUGGED,"[""Run failed, was aborted, or did not parse""]",False,False,-15,Android public thermal status reached SEVERE; stop sustained load,2026-10-03T23:42:29.213609+00:00,434553.263367924,35.5,53.7,53.9,84.1,2745600,"{""clock_mhz"":""231"",""max_gpuclk"":""680000000"",""thermal_pwrlevel"":""6"",""gpu_busy_percentage"":""1 %"",""gpubusy"":""15110 1002432"",""temp"":""53500"",""reset_count"":""356177""}",4917.5546875,,"5:freezer:/
4:cpuset:/top-app
3:cpuacct:/top-app
2:cpu:/top-app
1:blkio:/top
0::/apps/uid_10247/pid_11813"
sustained-fixed-context-15min-cold-r1-v1-npu,qwen2.5-coder-1.5b,sustained-matched-cold,sustained,api-20261003T210139Z-UNPLUGGED,"[""Run failed, was aborted, or did not parse""]",False,False,-15,Android public thermal status reached SEVERE; stop sustained load,2026-10-03T23:42:30.258780+00:00,434554.308534382,35.5,54.5,54.3,84.9,2745600,"{""clock_mhz"":""231"",""max_gpuclk"":""680000000"",""thermal_pwrlevel"":""6"",""gpu_busy_percentage"":""1 %"",""gpubusy"":""17121 1039341"",""temp"":""54700"",""reset_count"":""356177""}",4914.84765625,,"5:freezer:/
4:cpuset:/top-app
3:cpuacct:/top-app
2:cpu:/top-app
1:blkio:/top
0::/apps/uid_10247/pid_11813"
sustained-fixed-context-15min-cold-r1-v1-npu,qwen2.5-coder-1.5b,sustained-matched-cold,sustained,api-20261003T210139Z-UNPLUGGED,"[""Run failed, was aborted, or did not parse""]",False,False,-15,Android public thermal status reached SEVERE; stop sustained load,2026-10-03T23:42:31.306112+00:00,434555.355862038,35.5,55.3,55.1,86.5,2745600,"{""clock_mhz"":""231"",""max_gpuclk"":""680000000"",""thermal_pwrlevel"":""6"",""gpu_busy_percentage"":""1 %"",""gpubusy"":""16224 1032563"",""temp"":""55100"",""reset_count"":""356177""}",4914.35546875,,"5:freezer:/
4:cpuset:/top-app
3:cpuacct:/top-app
2:cpu:/top-app
1:blkio:/top
0::/apps/uid_10247/pid_11813"
sustained-fixed-context-15min-cold-r1-v1-npu,qwen2.5-coder-1.5b,sustained-matched-cold,sustained,api-20261003T210139Z-UNPLUGGED,"[""Run failed, was aborted, or did not parse""]",False,False,-15,Android public thermal status reached SEVERE; stop sustained load,2026-10-03T23:42:32.345698+00:00,434556.395450319,35.5,58.8,55.9,86.8,2745600,"{""clock_mhz"":""231"",""max_gpuclk"":""680000000"",""thermal_pwrlevel"":""6"",""gpu_busy_percentage"":""1 %"",""gpubusy"":""16525 1022718"",""temp"":""55900"",""reset_count"":""356177""}",4912.0625,,"5:freezer:/
4:cpuset:/top-app
3:cpuacct:/top-app
2:cpu:/top-app
1:blkio:/top
0::/apps/uid_10247/pid_11813"
sustained-fixed-context-15min-cold-r1-v1-npu,qwen2.5-coder-1.5b,sustained-matched-cold,sustained,api-20261003T210139Z-UNPLUGGED,"[""Run failed, was aborted, or did not parse""]",False,False,-15,Android public thermal status reached SEVERE; stop sustained load,2026-10-03T23:42:33.384691+00:00,434557.434455162,35.5,56.4,56.6,88.0,2745600,"{""clock_mhz"":""231"",""max_gpuclk"":""680000000"",""thermal_pwrlevel"":""6"",""gpu_busy_percentage"":""1 %"",""gpubusy"":""17100 1007534"",""temp"":""56600"",""reset_count"":""356177""}",4912.0625,,"5:freezer:/
4:cpuset:/top-app
3:cpuacct:/top-app
2:cpu:/top-app
1:blkio:/top
0::/apps/uid_10247/pid_11813"
sustained-fixed-context-15min-cold-r1-v1-npu,qwen2.5-coder-1.5b,sustained-matched-cold,sustained,api-20261003T210139Z-UNPLUGGED,"[""Run failed, was aborted, or did not parse""]",False,False,-15,Android public thermal status reached SEVERE; stop sustained load,2026-10-03T23:42:34.433294+00:00,434558.48304063,35.3,56.4,56.3,77.1,2745600,"{""clock_mhz"":""231"",""max_gpuclk"":""680000000"",""thermal_pwrlevel"":""6"",""gpu_busy_percentage"":""1 %"",""gpubusy"":""16696 1052031"",""temp"":""56600"",""reset_count"":""356177""}",4910.5859375,,"5:freezer:/
4:cpuset:/top-app
3:cpuacct:/top-app
2:cpu:/top-app
1:blkio:/top
0::/apps/uid_10247/pid_11813"
sustained-fixed-context-15min-cold-r1-v1-npu,qwen2.5-coder-1.5b,sustained-matched-cold,sustained,api-20261003T210139Z-UNPLUGGED,"[""Run failed, was aborted, or did not parse""]",False,False,-15,Android public thermal status reached SEVERE; stop sustained load,2026-10-03T23:42:35.469723+00:00,434559.51948037,35.3,57.2,57.0,88.0,2745600,"{""clock_mhz"":""231"",""max_gpuclk"":""680000000"",""thermal_pwrlevel"":""6"",""gpu_busy_percentage"":""1 %"",""gpubusy"":""16809 1012410"",""temp"":""57000"",""reset_count"":""356177""}",4906.91015625,,"5:freezer:/
4:cpuset:/top-app
3:cpuacct:/top-app
2:cpu:/top-app
1:blkio:/top
0::/apps/uid_10247/pid_11813"
sustained-fixed-context-15min-cold-r1-v1-npu,qwen2.5-coder-1.5b,sustained-matched-cold,sustained,api-20261003T210139Z-UNPLUGGED,"[""Run failed, was aborted, or did not parse""]",False,False,-15,Android public thermal status reached SEVERE; stop sustained load,2026-10-03T23:42:36.515771+00:00,434560.565522036,35.3,57.6,57.4,86.8,2035200,"{""clock_mhz"":""231"",""max_gpuclk"":""680000000"",""thermal_pwrlevel"":""6"",""gpu_busy_percentage"":""1 %"",""gpubusy"":""15953 1009320"",""temp"":""57400"",""reset_count"":""356177""}",4906.92578125,,"5:freezer:/
4:cpuset:/top-app
3:cpuacct:/top-app
2:cpu:/top-app
1:blkio:/top
0::/apps/uid_10247/pid_11813"
sustained-fixed-context-15min-cold-r1-v1-npu,qwen2.5-coder-1.5b,sustained-matched-cold,sustained,api-20261003T210139Z-UNPLUGGED,"[""Run failed, was aborted, or did not parse""]",False,False,-15,Android public thermal status reached SEVERE; stop sustained load,2026-10-03T23:42:37.553016+00:00,434561.602765317,35.3,58.4,58.2,89.6,2035200,"{""clock_mhz"":""231"",""max_gpuclk"":""680000000"",""thermal_pwrlevel"":""6"",""gpu_busy_percentage"":""1 %"",""gpubusy"":""14877 1004710"",""temp"":""58200"",""reset_count"":""356177""}",4906.92578125,,"5:freezer:/
4:cpuset:/top-app
3:cpuacct:/top-app
2:cpu:/top-app
1:blkio:/top
0::/apps/uid_10247/pid_11813"
sustained-fixed-context-15min-cold-r1-v1-npu,qwen2.5-coder-1.5b,sustained-matched-cold,sustained,api-20261003T210139Z-UNPLUGGED,"[""Run failed, was aborted, or did not parse""]",False,False,-15,Android public thermal status reached SEVERE; stop sustained load,2026-10-03T23:42:38.595105+00:00,434562.644862296,35.3,58.8,58.6,91.1,2035200,"{""clock_mhz"":""231"",""max_gpuclk"":""680000000"",""thermal_pwrlevel"":""6"",""gpu_busy_percentage"":""1 %"",""gpubusy"":""16772 1028790"",""temp"":""58600"",""reset_count"":""356177""}",4903.76953125,,"5:freezer:/
4:cpuset:/top-app
3:cpuacct:/top-app
2:cpu:/top-app
1:blkio:/top
0::/apps/uid_10247/pid_11813"
sustained-fixed-context-15min-cold-r1-v1-npu,qwen2.5-coder-1.5b,sustained-matched-cold,sustained,api-20261003T210139Z-UNPLUGGED,"[""Run failed, was aborted, or did not parse""]",False,False,-15,Android public thermal status reached SEVERE; stop sustained load,2026-10-03T23:42:39.642873+00:00,434563.692622243,35.3,57.6,57.8,79.8,2035200,"{""clock_mhz"":""231"",""max_gpuclk"":""680000000"",""thermal_pwrlevel"":""6"",""gpu_busy_percentage"":""1 %"",""gpubusy"":""15644 1033372"",""temp"":""57800"",""reset_count"":""356177""}",4903.76953125,,"5:freezer:/
4:cpuset:/top-app
3:cpuacct:/top-app
2:cpu:/top-app
1:blkio:/top
0::/apps/uid_10247/pid_11813"
sustained-fixed-context-15min-cold-r1-v1-npu,qwen2.5-coder-1.5b,sustained-matched-cold,sustained,api-20261003T210139Z-UNPLUGGED,"[""Run failed, was aborted, or did not parse""]",False,False,-15,Android public thermal status reached SEVERE; stop sustained load,2026-10-03T23:42:40.690023+00:00,434564.739779795,35.3,58.8,58.2,91.1,2035200,"{""clock_mhz"":""231"",""max_gpuclk"":""680000000"",""thermal_pwrlevel"":""6"",""gpu_busy_percentage"":""1 %"",""gpubusy"":""16936 1000263"",""temp"":""58200"",""reset_count"":""356177""}",4904.140625,,"5:freezer:/
4:cpuset:/top-app
3:cpuacct:/top-app
2:cpu:/top-app
1:blkio:/top
0::/apps/uid_10247/pid_11813"
sustained-fixed-context-15min-cold-r1-v1-npu,qwen2.5-coder-1.5b,sustained-matched-cold,sustained,api-20261003T210139Z-UNPLUGGED,"[""Run failed, was aborted, or did not parse""]",False,False,-15,Android public thermal status reached SEVERE; stop sustained load,2026-10-03T23:42:41.736795+00:00,434565.786555992,35.3,59.2,59.0,90.3,2035200,"{""clock_mhz"":""231"",""max_gpuclk"":""680000000"",""thermal_pwrlevel"":""6"",""gpu_busy_percentage"":""1 %"",""gpubusy"":""15278 1001885"",""temp"":""58600"",""reset_count"":""356177""}",4903.6484375,,"5:freezer:/
4:cpuset:/top-app
3:cpuacct:/top-app
2:cpu:/top-app
1:blkio:/top
0::/apps/uid_10247/pid_11813"
sustained-fixed-context-15min-cold-r1-v1-npu,qwen2.5-coder-1.5b,sustained-matched-cold,sustained,api-20261003T210139Z-UNPLUGGED,"[""Run failed, was aborted, or did not parse""]",False,False,-15,Android public thermal status reached SEVERE; stop sustained load,2026-10-03T23:42:42.784862+00:00,434566.834623961,35.3,60.3,59.0,91.9,2035200,"{""clock_mhz"":""231"",""max_gpuclk"":""680000000"",""thermal_pwrlevel"":""6"",""gpu_busy_percentage"":""1 %"",""gpubusy"":""16443 1012639"",""temp"":""59000"",""reset_count"":""356177""}",4902.734375,,"5:freezer:/
4:cpuset:/top-app
3:cpuacct:/top-app
2:cpu:/top-app
1:blkio:/top
0::/apps/uid_10247/pid_11813"
sustained-fixed-context-15min-cold-r1-v1-npu,qwen2.5-coder-1.5b,sustained-matched-cold,sustained,api-20261003T210139Z-UNPLUGGED,"[""Run failed, was aborted, or did not parse""]",False,False,-15,Android public thermal status reached SEVERE; stop sustained load,2026-10-03T23:42:43.827598+00:00,434567.877354325,35.3,60.3,59.8,90.0,2035200,"{""clock_mhz"":""231"",""max_gpuclk"":""680000000"",""thermal_pwrlevel"":""6"",""gpu_busy_percentage"":""1 %"",""gpubusy"":""15729 1000152"",""temp"":""59800"",""reset_count"":""356177""}",4920.515625,,"5:freezer:/
4:cpuset:/top-app
3:cpuacct:/top-app
2:cpu:/top-app
1:blkio:/top
0::/apps/uid_10247/pid_11813"
sustained-fixed-context-15min-cold-r1-v1-npu,qwen2.5-coder-1.5b,sustained-matched-cold,sustained,api-20261003T210139Z-UNPLUGGED,"[""Run failed, was aborted, or did not parse""]",False,False,-15,Android public thermal status reached SEVERE; stop sustained load,2026-10-03T23:42:44.866873+00:00,434568.916683908,35.3,60.7,59.4,87.2,2035200,"{""clock_mhz"":""231"",""max_gpuclk"":""680000000"",""thermal_pwrlevel"":""6"",""gpu_busy_percentage"":""1 %"",""gpubusy"":""18764 1030083"",""temp"":""59000"",""reset_count"":""356177""}",4927.0859375,,"5:freezer:/
4:cpuset:/top-app
3:cpuacct:/top-app
2:cpu:/top-app
1:blkio:/top
0::/apps/uid_10247/pid_11813"
sustained-fixed-context-15min-cold-r1-v1-npu,qwen2.5-coder-1.5b,sustained-matched-cold,sustained,api-20261003T210139Z-UNPLUGGED,"[""Run failed, was aborted, or did not parse""]",False,False,-15,Android public thermal status reached SEVERE; stop sustained load,2026-10-03T23:42:45.923929+00:00,434569.973683647,35.3,60.0,60.2,90.7,1824000,"{""clock_mhz"":""231"",""max_gpuclk"":""680000000"",""thermal_pwrlevel"":""6"",""gpu_busy_percentage"":""1 %"",""gpubusy"":""16690 1026821"",""temp"":""59800"",""reset_count"":""356177""}",4926.59375,,"5:freezer:/
4:cpuset:/top-app
3:cpuacct:/top-app
2:cpu:/top-app
1:blkio:/top
0::/apps/uid_10247/pid_11813"
sustained-fixed-context-15min-cold-r1-v1-npu,qwen2.5-coder-1.5b,sustained-matched-cold,sustained,api-20261003T210139Z-UNPLUGGED,"[""Run failed, was aborted, or did not parse""]",False,False,-15,Android public thermal status reached SEVERE; stop sustained load,2026-10-03T23:42:46.963190+00:00,434571.012945886,35.3,60.3,60.2,91.5,1824000,"{""clock_mhz"":""231"",""max_gpuclk"":""680000000"",""thermal_pwrlevel"":""6"",""gpu_busy_percentage"":""1 %"",""gpubusy"":""16412 1038867"",""temp"":""60600"",""reset_count"":""356177""}",4925.59375,,"5:freezer:/
4:cpuset:/top-app
3:cpuacct:/top-app
2:cpu:/top-app
1:blkio:/top
0::/apps/uid_10247/pid_11813"
sustained-fixed-context-15min-cold-r1-v1-npu,qwen2.5-coder-1.5b,sustained-matched-cold,sustained,api-20261003T210139Z-UNPLUGGED,"[""Run failed, was aborted, or did not parse""]",False,False,-15,Android public thermal status reached SEVERE; stop sustained load,2026-10-03T23:42:48.015995+00:00,434572.065757344,35.3,60.7,60.6,93.1,1824000,"{""clock_mhz"":""231"",""max_gpuclk"":""680000000"",""thermal_pwrlevel"":""6"",""gpu_busy_percentage"":""1 %"",""gpubusy"":""15555 1016567"",""temp"":""60600"",""reset_count"":""356177""}",4925.27734375,,"5:freezer:/
4:cpuset:/top-app
3:cpuacct:/top-app
2:cpu:/top-app
1:blkio:/top
0::/apps/uid_10247/pid_11813"
sustained-fixed-context-15min-cold-r1-v1-npu,qwen2.5-coder-1.5b,sustained-matched-cold,sustained,api-20261003T210139Z-UNPLUGGED,"[""Run failed, was aborted, or did not parse""]",False,False,-15,Android public thermal status reached SEVERE; stop sustained load,2026-10-03T23:42:49.052938+00:00,434573.10269526,35.3,60.7,61.4,93.1,1824000,"{""clock_mhz"":""231"",""max_gpuclk"":""680000000"",""thermal_pwrlevel"":""6"",""gpu_busy_percentage"":""1 %"",""gpubusy"":""16011 1028728"",""temp"":""61000"",""reset_count"":""356177""}",4924.29296875,,"5:freezer:/
4:cpuset:/top-app
3:cpuacct:/top-app
2:cpu:/top-app
1:blkio:/top
0::/apps/uid_10247/pid_11813"
sustained-fixed-context-15min-cold-r1-v1-npu,qwen2.5-coder-1.5b,sustained-matched-cold,sustained,api-20261003T210139Z-UNPLUGGED,"[""Run failed, was aborted, or did not parse""]",False,False,-15,Android public thermal status reached SEVERE; stop sustained load,2026-10-03T23:42:50.107338+00:00,434574.157093177,35.3,60.3,60.6,92.7,1824000,"{""clock_mhz"":""231"",""max_gpuclk"":""680000000"",""thermal_pwrlevel"":""6"",""gpu_busy_percentage"":""1 %"",""gpubusy"":""15865 1032545"",""temp"":""60600"",""reset_count"":""356177""}",4951.78515625,,"5:freezer:/
4:cpuset:/top-app
3:cpuacct:/top-app
2:cpu:/top-app
1:blkio:/top
0::/apps/uid_10247/pid_11813"
sustained-fixed-context-15min-cold-r1-v1-npu,qwen2.5-coder-1.5b,sustained-matched-cold,sustained,api-20261003T210139Z-UNPLUGGED,"[""Run failed, was aborted, or did not parse""]",False,False,-15,Android public thermal status reached SEVERE; stop sustained load,2026-10-03T23:42:51.151908+00:00,434575.201660312,35.3,61.1,61.8,93.1,1824000,"{""clock_mhz"":""231"",""max_gpuclk"":""680000000"",""thermal_pwrlevel"":""6"",""gpu_busy_percentage"":""1 %"",""gpubusy"":""16564 1000686"",""temp"":""61000"",""reset_count"":""356177""}",4952.81640625,,"5:freezer:/
4:cpuset:/top-app
3:cpuacct:/top-app
2:cpu:/top-app
1:blkio:/top
0::/apps/uid_10247/pid_11813"
sustained-fixed-context-15min-cold-r1-v1-npu,qwen2.5-coder-1.5b,sustained-matched-cold,sustained,api-20261003T210139Z-UNPLUGGED,"[""Run failed, was aborted, or did not parse""]",False,False,-15,Android public thermal status reached SEVERE; stop sustained load,2026-10-03T23:42:52.193872+00:00,434576.243632186,35.3,61.5,61.4,92.7,1824000,"{""clock_mhz"":""231"",""max_gpuclk"":""680000000"",""thermal_pwrlevel"":""6"",""gpu_busy_percentage"":""1 %"",""gpubusy"":""15645 1015926"",""temp"":""61800"",""reset_count"":""356177""}",4952.0234375,,"5:freezer:/
4:cpuset:/top-app
3:cpuacct:/top-app
2:cpu:/top-app
1:blkio:/top
0::/apps/uid_10247/pid_11813"
sustained-fixed-context-15min-cold-r1-v1-npu,qwen2.5-coder-1.5b,sustained-matched-cold,sustained,api-20261003T210139Z-UNPLUGGED,"[""Run failed, was aborted, or did not parse""]",False,False,-15,Android public thermal status reached SEVERE; stop sustained load,2026-10-03T23:42:53.231127+00:00,434577.280884321,35.3,61.9,61.8,93.9,1824000,"{""clock_mhz"":""231"",""max_gpuclk"":""680000000"",""thermal_pwrlevel"":""6"",""gpu_busy_percentage"":""1 %"",""gpubusy"":""15633 1014801"",""temp"":""62200"",""reset_count"":""356177""}",4949.9296875,,"5:freezer:/
4:cpuset:/top-app
3:cpuacct:/top-app
2:cpu:/top-app
1:blkio:/top
0::/apps/uid_10247/pid_11813"
sustained-fixed-context-15min-cold-r1-v1-npu,qwen2.5-coder-1.5b,sustained-matched-cold,sustained,api-20261003T210139Z-UNPLUGGED,"[""Run failed, was aborted, or did not parse""]",False,False,-15,Android public thermal status reached SEVERE; stop sustained load,2026-10-03T23:42:54.274846+00:00,434578.324602706,35.3,61.9,61.8,85.3,1824000,"{""clock_mhz"":""231"",""max_gpuclk"":""680000000"",""thermal_pwrlevel"":""6"",""gpu_busy_percentage"":""1 %"",""gpubusy"":""17115 1006443"",""temp"":""61800"",""reset_count"":""356177""}",4946.51953125,,"5:freezer:/
4:cpuset:/top-app
3:cpuacct:/top-app
2:cpu:/top-app
1:blkio:/top
0::/apps/uid_10247/pid_11813"
sustained-fixed-context-15min-cold-r1-v1-npu,qwen2.5-coder-1.5b,sustained-matched-cold,sustained,api-20261003T210139Z-UNPLUGGED,"[""Run failed, was aborted, or did not parse""]",False,False,-15,Android public thermal status reached SEVERE; stop sustained load,2026-10-03T23:42:55.316240+00:00,434579.365999633,35.3,61.9,61.8,91.9,1824000,"{""clock_mhz"":""231"",""max_gpuclk"":""680000000"",""thermal_pwrlevel"":""6"",""gpu_busy_percentage"":""1 %"",""gpubusy"":""15688 1007104"",""temp"":""61800"",""reset_count"":""356177""}",4967.5234375,,"5:freezer:/
4:cpuset:/top-app
3:cpuacct:/top-app
2:cpu:/top-app
1:blkio:/top
0::/apps/uid_10247/pid_11813"
sustained-fixed-context-15min-cold-r1-v1-npu,qwen2.5-coder-1.5b,sustained-matched-cold,sustained,api-20261003T210139Z-UNPLUGGED,"[""Run failed, was aborted, or did not parse""]",False,False,-15,Android public thermal status reached SEVERE; stop sustained load,2026-10-03T23:42:56.357074+00:00,434580.406832445,35.3,62.3,62.6,93.5,1593600,"{""clock_mhz"":""231"",""max_gpuclk"":""366000000"",""thermal_pwrlevel"":""11"",""gpu_busy_percentage"":""1 %"",""gpubusy"":""15646 1010333"",""temp"":""62600"",""reset_count"":""356177""}",4991.46484375,,"5:freezer:/
4:cpuset:/top-app
3:cpuacct:/top-app
2:cpu:/top-app
1:blkio:/top
0::/apps/uid_10247/pid_11813"
sustained-fixed-context-15min-cold-r1-v1-npu,qwen2.5-coder-1.5b,sustained-matched-cold,sustained,api-20261003T210139Z-UNPLUGGED,"[""Run failed, was aborted, or did not parse""]",False,False,-15,Android public thermal status reached SEVERE; stop sustained load,2026-10-03T23:42:57.399541+00:00,434581.449296559,35.3,69.3,62.2,93.5,1593600,"{""clock_mhz"":""231"",""max_gpuclk"":""366000000"",""thermal_pwrlevel"":""11"",""gpu_busy_percentage"":""1 %"",""gpubusy"":""16808 1034013"",""temp"":""62600"",""reset_count"":""356177""}",4972.6015625,,"5:freezer:/
4:cpuset:/top-app
3:cpuacct:/top-app
2:cpu:/top-app
1:blkio:/top
0::/apps/uid_10247/pid_11813"
sustained-fixed-context-15min-cold-r1-v1-npu,qwen2.5-coder-1.5b,sustained-matched-cold,sustained,api-20261003T210139Z-UNPLUGGED,"[""Run failed, was aborted, or did not parse""]",False,False,-15,Android public thermal status reached SEVERE; stop sustained load,2026-10-03T23:42:58.450105+00:00,434582.499868121,35.3,63.5,63.0,93.1,1593600,"{""clock_mhz"":""231"",""max_gpuclk"":""366000000"",""thermal_pwrlevel"":""11"",""gpu_busy_percentage"":""1 %"",""gpubusy"":""15856 1034184"",""temp"":""63000"",""reset_count"":""356177""}",4984.19140625,,"5:freezer:/
4:cpuset:/top-app
3:cpuacct:/top-app
2:cpu:/top-app
1:blkio:/top
0::/apps/uid_10247/pid_11813"
sustained-fixed-context-15min-cold-r1-v1-npu,qwen2.5-coder-1.5b,sustained-matched-cold,sustained,api-20261003T210139Z-UNPLUGGED,"[""Run failed, was aborted, or did not parse""]",False,False,-15,Android public thermal status reached SEVERE; stop sustained load,2026-10-03T23:42:59.504886+00:00,434583.554638486,35.3,62.3,62.6,82.9,1593600,"{""clock_mhz"":""231"",""max_gpuclk"":""366000000"",""thermal_pwrlevel"":""11"",""gpu_busy_percentage"":""1 %"",""gpubusy"":""18369 1031306"",""temp"":""62600"",""reset_count"":""356177""}",4983.9453125,,"5:freezer:/
4:cpuset:/top-app
3:cpuacct:/top-app
2:cpu:/top-app
1:blkio:/top
0::/apps/uid_10247/pid_11813"
sustained-fixed-context-15min-cold-r1-v1-npu,qwen2.5-coder-1.5b,sustained-matched-cold,sustained,api-20261003T210139Z-UNPLUGGED,"[""Run failed, was aborted, or did not parse""]",False,False,-15,Android public thermal status reached SEVERE; stop sustained load,2026-10-03T23:43:00.556038+00:00,434584.605796246,35.3,62.7,62.6,94.2,1593600,"{""clock_mhz"":""231"",""max_gpuclk"":""366000000"",""thermal_pwrlevel"":""11"",""gpu_busy_percentage"":""1 %"",""gpubusy"":""16351 1016554"",""temp"":""63000"",""reset_count"":""356177""}",4983.9453125,,"5:freezer:/
4:cpuset:/top-app
3:cpuacct:/top-app
2:cpu:/top-app
1:blkio:/top
0::/apps/uid_10247/pid_11813"
sustained-fixed-context-15min-cold-r1-v1-npu,qwen2.5-coder-1.5b,sustained-matched-cold,sustained,api-20261003T210139Z-UNPLUGGED,"[""Run failed, was aborted, or did not parse""]",False,False,-15,Android public thermal status reached SEVERE; stop sustained load,2026-10-03T23:43:01.600274+00:00,434585.65003911,35.3,63.1,63.0,92.7,1593600,"{""clock_mhz"":""231"",""max_gpuclk"":""366000000"",""thermal_pwrlevel"":""11"",""gpu_busy_percentage"":""1 %"",""gpubusy"":""15723 1031421"",""temp"":""63000"",""reset_count"":""356177""}",4983.69921875,,"5:freezer:/
4:cpuset:/top-app
3:cpuacct:/top-app
2:cpu:/top-app
1:blkio:/top
0::/apps/uid_10247/pid_11813"
sustained-fixed-context-15min-cold-r1-v1-npu,qwen2.5-coder-1.5b,sustained-matched-cold,sustained,api-20261003T210139Z-UNPLUGGED,"[""Run failed, was aborted, or did not parse""]",False,False,-15,Android public thermal status reached SEVERE; stop sustained load,2026-10-03T23:43:02.646738+00:00,434586.696493641,35.3,63.5,63.0,93.5,1593600,"{""clock_mhz"":""231"",""max_gpuclk"":""366000000"",""thermal_pwrlevel"":""11"",""gpu_busy_percentage"":""1 %"",""gpubusy"":""15516 1000192"",""temp"":""63000"",""reset_count"":""356177""}",4983.05859375,,"5:freezer:/
4:cpuset:/top-app
3:cpuacct:/top-app
2:cpu:/top-app
1:blkio:/top
0::/apps/uid_10247/pid_11813"
sustained-fixed-context-15min-cold-r1-v1-npu,qwen2.5-coder-1.5b,sustained-matched-cold,sustained,api-20261003T210139Z-UNPLUGGED,"[""Run failed, was aborted, or did not parse""]",False,False,-15,Android public thermal status reached SEVERE; stop sustained load,2026-10-03T23:43:03.687605+00:00,434587.737372598,35.3,63.5,63.0,93.9,1593600,"{""clock_mhz"":""231"",""max_gpuclk"":""366000000"",""thermal_pwrlevel"":""11"",""gpu_busy_percentage"":""1 %"",""gpubusy"":""16050 1008490"",""temp"":""63000"",""reset_count"":""356177""}",4983.05859375,,"5:freezer:/
4:cpuset:/top-app
3:cpuacct:/top-app
2:cpu:/top-app
1:blkio:/top
0::/apps/uid_10247/pid_11813"
sustained-fixed-context-15min-cold-r1-v1-npu,qwen2.5-coder-1.5b,sustained-matched-cold,sustained,api-20261003T210139Z-UNPLUGGED,"[""Run failed, was aborted, or did not parse""]",False,False,-15,Android public thermal status reached SEVERE; stop sustained load,2026-10-03T23:43:04.734650+00:00,434588.784402338,36.3,63.1,62.6,82.6,1593600,"{""clock_mhz"":""231"",""max_gpuclk"":""366000000"",""thermal_pwrlevel"":""11"",""gpu_busy_percentage"":""1 %"",""gpubusy"":""15893 1015144"",""temp"":""63000"",""reset_count"":""356177""}",4979.38671875,,"5:freezer:/
4:cpuset:/top-app
3:cpuacct:/top-app
2:cpu:/top-app
1:blkio:/top
0::/apps/uid_10247/pid_11813"
sustained-fixed-context-15min-cold-r1-v1-npu,qwen2.5-coder-1.5b,sustained-matched-cold,sustained,api-20261003T210139Z-UNPLUGGED,"[""Run failed, was aborted, or did not parse""]",False,False,-15,Android public thermal status reached SEVERE; stop sustained load,2026-10-03T23:43:05.781569+00:00,434589.831321608,36.3,63.5,63.8,93.5,1593600,"{""clock_mhz"":""231"",""max_gpuclk"":""366000000"",""thermal_pwrlevel"":""11"",""gpu_busy_percentage"":""1 %"",""gpubusy"":""16463 1055394"",""temp"":""63400"",""reset_count"":""356177""}",4978.40234375,,"5:freezer:/
4:cpuset:/top-app
3:cpuacct:/top-app
2:cpu:/top-app
1:blkio:/top
0::/apps/uid_10247/pid_11813"
sustained-fixed-context-15min-cold-r1-v1-npu,qwen2.5-coder-1.5b,sustained-matched-cold,sustained,api-20261003T210139Z-UNPLUGGED,"[""Run failed, was aborted, or did not parse""]",False,False,-15,Android public thermal status reached SEVERE; stop sustained load,2026-10-03T23:43:06.826657+00:00,434590.876418795,36.3,63.5,63.4,93.1,1593600,"{""clock_mhz"":""231"",""max_gpuclk"":""366000000"",""thermal_pwrlevel"":""11"",""gpu_busy_percentage"":""1 %"",""gpubusy"":""16446 1001470"",""temp"":""63800"",""reset_count"":""356177""}",4977.17578125,,"5:freezer:/
4:cpuset:/top-app
3:cpuacct:/top-app
2:cpu:/top-app
1:blkio:/top
0::/apps/uid_10247/pid_11813"
sustained-fixed-context-15min-cold-r1-v1-npu,qwen2.5-coder-1.5b,sustained-matched-cold,sustained,api-20261003T210139Z-UNPLUGGED,"[""Run failed, was aborted, or did not parse""]",False,False,-15,Android public thermal status reached SEVERE; stop sustained load,2026-10-03T23:43:07.876852+00:00,434591.926624055,36.3,63.9,63.4,94.2,1593600,"{""clock_mhz"":""231"",""max_gpuclk"":""366000000"",""thermal_pwrlevel"":""11"",""gpu_busy_percentage"":""1 %"",""gpubusy"":""15597 1014519"",""temp"":""63400"",""reset_count"":""356177""}",4975.9453125,,"5:freezer:/
4:cpuset:/top-app
3:cpuacct:/top-app
2:cpu:/top-app
1:blkio:/top
0::/apps/uid_10247/pid_11813"
sustained-fixed-context-15min-cold-r1-v1-npu,qwen2.5-coder-1.5b,sustained-matched-cold,sustained,api-20261003T210139Z-UNPLUGGED,"[""Run failed, was aborted, or did not parse""]",False,False,-15,Android public thermal status reached SEVERE; stop sustained load,2026-10-03T23:43:08.923334+00:00,434592.97309494,36.3,63.9,63.8,94.2,1593600,"{""clock_mhz"":""231"",""max_gpuclk"":""366000000"",""thermal_pwrlevel"":""11"",""gpu_busy_percentage"":""1 %"",""gpubusy"":""15820 1009859"",""temp"":""63400"",""reset_count"":""356177""}",4969.64453125,,"5:freezer:/
4:cpuset:/top-app
3:cpuacct:/top-app
2:cpu:/top-app
1:blkio:/top
0::/apps/uid_10247/pid_11813"
sustained-fixed-context-15min-cold-r1-v1-npu,qwen2.5-coder-1.5b,sustained-matched-cold,sustained,api-20261003T210139Z-UNPLUGGED,"[""Run failed, was aborted, or did not parse""]",False,False,-15,Android public thermal status reached SEVERE; stop sustained load,2026-10-03T23:43:09.974110+00:00,434594.023865357,36.3,63.1,63.0,81.8,1593600,"{""clock_mhz"":""231"",""max_gpuclk"":""366000000"",""thermal_pwrlevel"":""11"",""gpu_busy_percentage"":""1 %"",""gpubusy"":""15571 1013586"",""temp"":""63000"",""reset_count"":""356177""}",4968.78515625,,"5:freezer:/
4:cpuset:/top-app
3:cpuacct:/top-app
2:cpu:/top-app
1:blkio:/top
0::/apps/uid_10247/pid_11813"
sustained-fixed-context-15min-cold-r1-v1-npu,qwen2.5-coder-1.5b,sustained-matched-cold,sustained,api-20261003T210139Z-UNPLUGGED,"[""Run failed, was aborted, or did not parse""]",False,False,-15,Android public thermal status reached SEVERE; stop sustained load,2026-10-03T23:43:11.016357+00:00,434595.066147856,36.3,63.9,63.8,94.6,1593600,"{""clock_mhz"":""231"",""max_gpuclk"":""366000000"",""thermal_pwrlevel"":""11"",""gpu_busy_percentage"":""1 %"",""gpubusy"":""18497 1022468"",""temp"":""63400"",""reset_count"":""356177""}",4967.46875,,"5:freezer:/
4:cpuset:/top-app
3:cpuacct:/top-app
2:cpu:/top-app
1:blkio:/top
0::/apps/uid_10247/pid_11813"
sustained-fixed-context-15min-cold-r1-v1-npu,qwen2.5-coder-1.5b,sustained-matched-cold,sustained,api-20261003T210139Z-UNPLUGGED,"[""Run failed, was aborted, or did not parse""]",False,False,-15,Android public thermal status reached SEVERE; stop sustained load,2026-10-03T23:43:12.060182+00:00,434596.109936397,36.3,64.2,63.8,95.4,1593600,"{""clock_mhz"":""231"",""max_gpuclk"":""366000000"",""thermal_pwrlevel"":""11"",""gpu_busy_percentage"":""1 %"",""gpubusy"":""15520 1001438"",""temp"":""63400"",""reset_count"":""356177""}",4966.40625,,"5:freezer:/
4:cpuset:/top-app
3:cpuacct:/top-app
2:cpu:/top-app
1:blkio:/top
0::/apps/uid_10247/pid_11813"
sustained-fixed-context-15min-cold-r1-v1-npu,qwen2.5-coder-1.5b,sustained-matched-cold,sustained,api-20261003T210139Z-UNPLUGGED,"[""Run failed, was aborted, or did not parse""]",False,False,-15,Android public thermal status reached SEVERE; stop sustained load,2026-10-03T23:43:13.100070+00:00,434597.149829001,36.3,63.9,64.2,93.1,1593600,"{""clock_mhz"":""231"",""max_gpuclk"":""366000000"",""thermal_pwrlevel"":""11"",""gpu_busy_percentage"":""1 %"",""gpubusy"":""16320 1030219"",""temp"":""63800"",""reset_count"":""356177""}",4966.16015625,,"5:freezer:/
4:cpuset:/top-app
3:cpuacct:/top-app
2:cpu:/top-app
1:blkio:/top
0::/apps/uid_10247/pid_11813"
sustained-fixed-context-15min-cold-r1-v1-npu,qwen2.5-coder-1.5b,sustained-matched-cold,sustained,api-20261003T210139Z-UNPLUGGED,"[""Run failed, was aborted, or did not parse""]",False,False,-15,Android public thermal status reached SEVERE; stop sustained load,2026-10-03T23:43:14.138906+00:00,434598.188656449,36.3,64.2,64.6,95.0,1593600,"{""clock_mhz"":""231"",""max_gpuclk"":""366000000"",""thermal_pwrlevel"":""11"",""gpu_busy_percentage"":""1 %"",""gpubusy"":""18654 1010883"",""temp"":""64200"",""reset_count"":""356177""}",4964.19140625,,"5:freezer:/
4:cpuset:/top-app
3:cpuacct:/top-app
2:cpu:/top-app
1:blkio:/top
0::/apps/uid_10247/pid_11813"
sustained-fixed-context-15min-cold-r1-v1-npu,qwen2.5-coder-1.5b,sustained-matched-cold,sustained,api-20261003T210139Z-UNPLUGGED,"[""Run failed, was aborted, or did not parse""]",False,False,-15,Android public thermal status reached SEVERE; stop sustained load,2026-10-03T23:43:15.176733+00:00,434599.226486709,36.3,63.5,64.2,87.2,1593600,"{""clock_mhz"":""231"",""max_gpuclk"":""366000000"",""thermal_pwrlevel"":""11"",""gpu_busy_percentage"":""1 %"",""gpubusy"":""17134 1032292"",""temp"":""63800"",""reset_count"":""356177""}",4962.22265625,,"5:freezer:/
4:cpuset:/top-app
3:cpuacct:/top-app
2:cpu:/top-app
1:blkio:/top
0::/apps/uid_10247/pid_11813"
sustained-fixed-context-15min-cold-r1-v1-npu,qwen2.5-coder-1.5b,sustained-matched-cold,sustained,api-20261003T210139Z-UNPLUGGED,"[""Run failed, was aborted, or did not parse""]",False,False,-15,Android public thermal status reached SEVERE; stop sustained load,2026-10-03T23:43:16.218876+00:00,434600.268635406,36.3,64.6,64.2,94.2,1593600,"{""clock_mhz"":""231"",""max_gpuclk"":""366000000"",""thermal_pwrlevel"":""11"",""gpu_busy_percentage"":""1 %"",""gpubusy"":""16618 1001719"",""temp"":""64600"",""reset_count"":""356177""}",4961.48828125,,"5:freezer:/
4:cpuset:/top-app
3:cpuacct:/top-app
2:cpu:/top-app
1:blkio:/top
0::/apps/uid_10247/pid_11813"
sustained-fixed-context-15min-cold-r1-v1-npu,qwen2.5-coder-1.5b,sustained-matched-cold,sustained,api-20261003T210139Z-UNPLUGGED,"[""Run failed, was aborted, or did not parse""]",False,False,-15,Android public thermal status reached SEVERE; stop sustained load,2026-10-03T23:43:17.259411+00:00,434601.309161656,36.3,64.6,64.6,92.7,1593600,"{""clock_mhz"":""231"",""max_gpuclk"":""366000000"",""thermal_pwrlevel"":""11"",""gpu_busy_percentage"":""1 %"",""gpubusy"":""16287 1011066"",""temp"":""64600"",""reset_count"":""356177""}",4960.26171875,,"5:freezer:/
4:cpuset:/top-app
3:cpuacct:/top-app
2:cpu:/top-app
1:blkio:/top
0::/apps/uid_10247/pid_11813"
sustained-fixed-context-15min-cold-r1-v1-npu,qwen2.5-coder-1.5b,sustained-matched-cold,sustained,api-20261003T210139Z-UNPLUGGED,"[""Run failed, was aborted, or did not parse""]",False,False,-15,Android public thermal status reached SEVERE; stop sustained load,2026-10-03T23:43:18.298811+00:00,434602.348568635,36.3,64.6,64.6,93.9,1593600,"{""clock_mhz"":""231"",""max_gpuclk"":""366000000"",""thermal_pwrlevel"":""11"",""gpu_busy_percentage"":""1 %"",""gpubusy"":""16399 1003266"",""temp"":""64600"",""reset_count"":""356177""}",4958.78515625,,"5:freezer:/
4:cpuset:/top-app
3:cpuacct:/top-app
2:cpu:/top-app
1:blkio:/top
0::/apps/uid_10247/pid_11813"
sustained-fixed-context-15min-cold-r1-v1-npu,qwen2.5-coder-1.5b,sustained-matched-cold,sustained,api-20261003T210139Z-UNPLUGGED,"[""Run failed, was aborted, or did not parse""]",False,False,-15,Android public thermal status reached SEVERE; stop sustained load,2026-10-03T23:43:19.340384+00:00,434603.394536655,36.3,64.6,64.6,95.0,1593600,"{""clock_mhz"":""231"",""max_gpuclk"":""366000000"",""thermal_pwrlevel"":""11"",""gpu_busy_percentage"":""1 %"",""gpubusy"":""16164 1034293"",""temp"":""64600"",""reset_count"":""356177""}",4958.29296875,,"5:freezer:/
4:cpuset:/top-app
3:cpuacct:/top-app
2:cpu:/top-app
1:blkio:/top
0::/apps/uid_10247/pid_11813"
sustained-fixed-context-15min-cold-r1-v1-npu,qwen2.5-coder-1.5b,sustained-matched-cold,sustained,api-20261003T210139Z-UNPLUGGED,"[""Run failed, was aborted, or did not parse""]",False,False,-15,Android public thermal status reached SEVERE; stop sustained load,2026-10-03T23:43:20.384471+00:00,434604.434229311,36.3,63.5,64.2,87.6,1593600,"{""clock_mhz"":""231"",""max_gpuclk"":""366000000"",""thermal_pwrlevel"":""11"",""gpu_busy_percentage"":""1 %"",""gpubusy"":""15918 1032433"",""temp"":""64200"",""reset_count"":""356177""}",4973.6171875,,"5:freezer:/
4:cpuset:/top-app
3:cpuacct:/top-app
2:cpu:/top-app
1:blkio:/top
0::/apps/uid_10247/pid_11813"
sustained-fixed-context-15min-cold-r1-v1-npu,qwen2.5-coder-1.5b,sustained-matched-cold,sustained,api-20261003T210139Z-UNPLUGGED,"[""Run failed, was aborted, or did not parse""]",False,False,-15,Android public thermal status reached SEVERE; stop sustained load,2026-10-03T23:43:21.427538+00:00,434605.477295456,36.3,64.2,64.2,94.2,1593600,"{""clock_mhz"":""231"",""max_gpuclk"":""366000000"",""thermal_pwrlevel"":""11"",""gpu_busy_percentage"":""1 %"",""gpubusy"":""16058 1031237"",""temp"":""64600"",""reset_count"":""356177""}",4973.37109375,,"5:freezer:/
4:cpuset:/top-app
3:cpuacct:/top-app
2:cpu:/top-app
1:blkio:/top
0::/apps/uid_10247/pid_11813"
sustained-fixed-context-15min-cold-r1-v1-npu,qwen2.5-coder-1.5b,sustained-matched-cold,sustained,api-20261003T210139Z-UNPLUGGED,"[""Run failed, was aborted, or did not parse""]",False,False,-15,Android public thermal status reached SEVERE; stop sustained load,2026-10-03T23:43:22.468226+00:00,434606.517981393,36.3,65.0,64.2,93.9,1593600,"{""clock_mhz"":""231"",""max_gpuclk"":""366000000"",""thermal_pwrlevel"":""11"",""gpu_busy_percentage"":""1 %"",""gpubusy"":""15922 1010363"",""temp"":""64600"",""reset_count"":""356177""}",4972.38671875,,"5:freezer:/
4:cpuset:/top-app
3:cpuacct:/top-app
2:cpu:/top-app
1:blkio:/top
0::/apps/uid_10247/pid_11813"
sustained-fixed-context-15min-cold-r1-v1-npu,qwen2.5-coder-1.5b,sustained-matched-cold,sustained,api-20261003T210139Z-UNPLUGGED,"[""Run failed, was aborted, or did not parse""]",False,False,-15,Android public thermal status reached SEVERE; stop sustained load,2026-10-03T23:43:23.508523+00:00,434607.558276341,36.3,65.4,64.6,94.6,1593600,"{""clock_mhz"":""231"",""max_gpuclk"":""366000000"",""thermal_pwrlevel"":""11"",""gpu_busy_percentage"":""1 %"",""gpubusy"":""15795 1012516"",""temp"":""65000"",""reset_count"":""356177""}",4971.9140625,,"5:freezer:/
4:cpuset:/top-app
3:cpuacct:/top-app
2:cpu:/top-app
1:blkio:/top
0::/apps/uid_10247/pid_11813"
sustained-fixed-context-15min-cold-r1-v1-npu,qwen2.5-coder-1.5b,sustained-matched-cold,sustained,api-20261003T210139Z-UNPLUGGED,"[""Run failed, was aborted, or did not parse""]",False,False,-15,Android public thermal status reached SEVERE; stop sustained load,2026-10-03T23:43:24.555167+00:00,434608.604923372,36.3,65.0,64.2,93.5,1593600,"{""clock_mhz"":""231"",""max_gpuclk"":""366000000"",""thermal_pwrlevel"":""11"",""gpu_busy_percentage"":""1 %"",""gpubusy"":""15070 1005600"",""temp"":""65000"",""reset_count"":""356177""}",4969.66796875,,"5:freezer:/
4:cpuset:/top-app
3:cpuacct:/top-app
2:cpu:/top-app
1:blkio:/top
0::/apps/uid_10247/pid_11813"
sustained-fixed-context-15min-cold-r1-v1-npu,qwen2.5-coder-1.5b,sustained-matched-cold,sustained,api-20261003T210139Z-UNPLUGGED,"[""Run failed, was aborted, or did not parse""]",False,False,-15,Android public thermal status reached SEVERE; stop sustained load,2026-10-03T23:43:25.595769+00:00,434609.645524726,36.3,64.2,64.2,94.2,1593600,"{""clock_mhz"":""231"",""max_gpuclk"":""366000000"",""thermal_pwrlevel"":""11"",""gpu_busy_percentage"":""1 %"",""gpubusy"":""16437 1016586"",""temp"":""64200"",""reset_count"":""356177""}",4969.421875,,"5:freezer:/
4:cpuset:/top-app
3:cpuacct:/top-app
2:cpu:/top-app
1:blkio:/top
0::/apps/uid_10247/pid_11813"
sustained-fixed-context-15min-cold-r1-v1-npu,qwen2.5-coder-1.5b,sustained-matched-cold,sustained,api-20261003T210139Z-UNPLUGGED,"[""Run failed, was aborted, or did not parse""]",False,False,-15,Android public thermal status reached SEVERE; stop sustained load,2026-10-03T23:43:26.636211+00:00,434610.685964152,36.3,65.4,65.0,92.7,1593600,"{""clock_mhz"":""231"",""max_gpuclk"":""366000000"",""thermal_pwrlevel"":""11"",""gpu_busy_percentage"":""1 %"",""gpubusy"":""15764 1016948"",""temp"":""65000"",""reset_count"":""356177""}",4956.5234375,,"5:freezer:/
4:cpuset:/top-app
3:cpuacct:/top-app
2:cpu:/top-app
1:blkio:/top
0::/apps/uid_10247/pid_11813"
sustained-fixed-context-15min-cold-r1-v1-npu,qwen2.5-coder-1.5b,sustained-matched-cold,sustained,api-20261003T210139Z-UNPLUGGED,"[""Run failed, was aborted, or did not parse""]",False,False,-15,Android public thermal status reached SEVERE; stop sustained load,2026-10-03T23:43:27.676359+00:00,434611.726114256,36.3,65.0,65.0,94.6,1593600,"{""clock_mhz"":""231"",""max_gpuclk"":""366000000"",""thermal_pwrlevel"":""11"",""gpu_busy_percentage"":""1 %"",""gpubusy"":""16954 1027522"",""temp"":""65400"",""reset_count"":""356177""}",4956.03125,,"5:freezer:/
4:cpuset:/top-app
3:cpuacct:/top-app
2:cpu:/top-app
1:blkio:/top
0::/apps/uid_10247/pid_11813"
sustained-fixed-context-15min-cold-r1-v1-npu,qwen2.5-coder-1.5b,sustained-matched-cold,sustained,api-20261003T210139Z-UNPLUGGED,"[""Run failed, was aborted, or did not parse""]",False,False,-15,Android public thermal status reached SEVERE; stop sustained load,2026-10-03T23:43:28.715364+00:00,434612.76512587,36.3,65.8,65.4,93.9,1593600,"{""clock_mhz"":""231"",""max_gpuclk"":""366000000"",""thermal_pwrlevel"":""11"",""gpu_busy_percentage"":""1 %"",""gpubusy"":""15145 1010486"",""temp"":""65400"",""reset_count"":""356177""}",4971.390625,,"5:freezer:/
4:cpuset:/top-app
3:cpuacct:/top-app
2:cpu:/top-app
1:blkio:/top
0::/apps/uid_10247/pid_11813"
sustained-fixed-context-15min-cold-r1-v1-npu,qwen2.5-coder-1.5b,sustained-matched-cold,sustained,api-20261003T210139Z-UNPLUGGED,"[""Run failed, was aborted, or did not parse""]",False,False,-15,Android public thermal status reached SEVERE; stop sustained load,2026-10-03T23:43:29.760217+00:00,434613.809972901,36.3,66.2,65.8,94.6,1593600,"{""clock_mhz"":""231"",""max_gpuclk"":""366000000"",""thermal_pwrlevel"":""11"",""gpu_busy_percentage"":""1 %"",""gpubusy"":""15200 1023860"",""temp"":""65400"",""reset_count"":""356177""}",4963.26953125,,"5:freezer:/
4:cpuset:/top-app
3:cpuacct:/top-app
2:cpu:/top-app
1:blkio:/top
0::/apps/uid_10247/pid_11813"
sustained-fixed-context-15min-cold-r1-v1-npu,qwen2.5-coder-1.5b,sustained-matched-cold,sustained,api-20261003T210139Z-UNPLUGGED,"[""Run failed, was aborted, or did not parse""]",False,False,-15,Android public thermal status reached SEVERE; stop sustained load,2026-10-03T23:43:30.804442+00:00,434614.854199046,36.3,64.6,64.6,95.0,1593600,"{""clock_mhz"":""231"",""max_gpuclk"":""366000000"",""thermal_pwrlevel"":""11"",""gpu_busy_percentage"":""1 %"",""gpubusy"":""17110 1030400"",""temp"":""65000"",""reset_count"":""356177""}",4962.77734375,,"5:freezer:/
4:cpuset:/top-app
3:cpuacct:/top-app
2:cpu:/top-app
1:blkio:/top
0::/apps/uid_10247/pid_11813"
sustained-fixed-context-15min-cold-r1-v1-npu,qwen2.5-coder-1.5b,sustained-matched-cold,sustained,api-20261003T210139Z-UNPLUGGED,"[""Run failed, was aborted, or did not parse""]",False,False,-15,Android public thermal status reached SEVERE; stop sustained load,2026-10-03T23:43:31.844461+00:00,434615.89423165,36.3,68.1,65.8,95.0,1593600,"{""clock_mhz"":""231"",""max_gpuclk"":""366000000"",""thermal_pwrlevel"":""11"",""gpu_busy_percentage"":""1 %"",""gpubusy"":""15220 1000083"",""temp"":""65800"",""reset_count"":""356177""}",4921.0625,,"5:freezer:/
4:cpuset:/top-app
3:cpuacct:/top-app
2:cpu:/top-app
1:blkio:/top
0::/apps/uid_10247/pid_11813"
sustained-fixed-context-15min-cold-r1-v1-npu,qwen2.5-coder-1.5b,sustained-matched-cold,sustained,api-20261003T210139Z-UNPLUGGED,"[""Run failed, was aborted, or did not parse""]",False,False,-15,Android public thermal status reached SEVERE; stop sustained load,2026-10-03T23:43:32.885818+00:00,434616.935577692,36.3,66.2,65.4,94.2,1593600,"{""clock_mhz"":""231"",""max_gpuclk"":""366000000"",""thermal_pwrlevel"":""11"",""gpu_busy_percentage"":""1 %"",""gpubusy"":""16913 1028863"",""temp"":""65400"",""reset_count"":""356177""}",4918.4609375,,"5:freezer:/
4:cpuset:/top-app
3:cpuacct:/top-app
2:cpu:/top-app
1:blkio:/top
0::/apps/uid_10247/pid_11813"
sustained-fixed-context-15min-cold-r1-v1-npu,qwen2.5-coder-1.5b,sustained-matched-cold,sustained,api-20261003T210139Z-UNPLUGGED,"[""Run failed, was aborted, or did not parse""]",False,False,-15,Android public thermal status reached SEVERE; stop sustained load,2026-10-03T23:43:33.927309+00:00,434617.977073004,36.3,65.8,65.8,94.2,1593600,"{""clock_mhz"":""231"",""max_gpuclk"":""366000000"",""thermal_pwrlevel"":""11"",""gpu_busy_percentage"":""1 %"",""gpubusy"":""15362 1018531"",""temp"":""65800"",""reset_count"":""356177""}",4919.40625,,"5:freezer:/
4:cpuset:/top-app
3:cpuacct:/top-app
2:cpu:/top-app
1:blkio:/top
0::/apps/uid_10247/pid_11813"
sustained-fixed-context-15min-cold-r1-v1-npu,qwen2.5-coder-1.5b,sustained-matched-cold,sustained,api-20261003T210139Z-UNPLUGGED,"[""Run failed, was aborted, or did not parse""]",False,False,-15,Android public thermal status reached SEVERE; stop sustained load,2026-10-03T23:43:34.980322+00:00,434619.030080399,37.2,70.9,65.8,93.9,1593600,"{""clock_mhz"":""231"",""max_gpuclk"":""366000000"",""thermal_pwrlevel"":""11"",""gpu_busy_percentage"":""1 %"",""gpubusy"":""16175 1031858"",""temp"":""65800"",""reset_count"":""356177""}",4924.640625,,"5:freezer:/
4:cpuset:/top-app
3:cpuacct:/top-app
2:cpu:/top-app
1:blkio:/top
0::/apps/uid_10247/pid_11813"
sustained-fixed-context-15min-cold-r1-v1-npu,qwen2.5-coder-1.5b,sustained-matched-cold,sustained,api-20261003T210139Z-UNPLUGGED,"[""Run failed, was aborted, or did not parse""]",False,False,-15,Android public thermal status reached SEVERE; stop sustained load,2026-10-03T23:43:36.022599+00:00,434620.072354565,37.2,66.6,65.8,95.8,1593600,"{""clock_mhz"":""231"",""max_gpuclk"":""366000000"",""thermal_pwrlevel"":""11"",""gpu_busy_percentage"":""1 %"",""gpubusy"":""18745 1030281"",""temp"":""65800"",""reset_count"":""356177""}",4962.28125,,"5:freezer:/
4:cpuset:/top-app
3:cpuacct:/top-app
2:cpu:/top-app
1:blkio:/top
0::/apps/uid_10247/pid_11813"
sustained-fixed-context-15min-cold-r1-v1-npu,qwen2.5-coder-1.5b,sustained-matched-cold,sustained,api-20261003T210139Z-UNPLUGGED,"[""Run failed, was aborted, or did not parse""]",False,False,-15,Android public thermal status reached SEVERE; stop sustained load,2026-10-03T23:43:37.083528+00:00,434621.13327795,37.2,66.6,65.4,95.0,1363200,"{""clock_mhz"":""231"",""max_gpuclk"":""231000000"",""thermal_pwrlevel"":""13"",""gpu_busy_percentage"":""1 %"",""gpubusy"":""14922 1019004"",""temp"":""65800"",""reset_count"":""356177""}",4961.296875,,"5:freezer:/
4:cpuset:/top-app
3:cpuacct:/top-app
2:cpu:/top-app
1:blkio:/top
0::/apps/uid_10247/pid_11813"
sustained-fixed-context-15min-cold-r1-v1-npu,qwen2.5-coder-1.5b,sustained-matched-cold,sustained,api-20261003T210139Z-UNPLUGGED,"[""Run failed, was aborted, or did not parse""]",False,False,-15,Android public thermal status reached SEVERE; stop sustained load,2026-10-03T23:43:38.127919+00:00,434622.177676075,37.2,66.2,66.2,93.5,1363200,"{""clock_mhz"":""231"",""max_gpuclk"":""231000000"",""thermal_pwrlevel"":""13"",""gpu_busy_percentage"":""1 %"",""gpubusy"":""14981 1000611"",""temp"":""65800"",""reset_count"":""356177""}",4957.51171875,,"5:freezer:/
4:cpuset:/top-app
3:cpuacct:/top-app
2:cpu:/top-app
1:blkio:/top
0::/apps/uid_10247/pid_11813"
sustained-fixed-context-15min-cold-r1-v1-npu,qwen2.5-coder-1.5b,sustained-matched-cold,sustained,api-20261003T210139Z-UNPLUGGED,"[""Run failed, was aborted, or did not parse""]",False,False,-15,Android public thermal status reached SEVERE; stop sustained load,2026-10-03T23:43:39.169033+00:00,434623.218788835,37.2,66.6,65.8,93.9,1363200,"{""clock_mhz"":""231"",""max_gpuclk"":""231000000"",""thermal_pwrlevel"":""13"",""gpu_busy_percentage"":""1 %"",""gpubusy"":""15655 1002246"",""temp"":""65400"",""reset_count"":""356177""}",4952.125,,"5:freezer:/
4:cpuset:/top-app
3:cpuacct:/top-app
2:cpu:/top-app
1:blkio:/top
0::/apps/uid_10247/pid_11813"
sustained-fixed-context-15min-cold-r1-v1-npu,qwen2.5-coder-1.5b,sustained-matched-cold,sustained,api-20261003T210139Z-UNPLUGGED,"[""Run failed, was aborted, or did not parse""]",False,False,-15,Android public thermal status reached SEVERE; stop sustained load,2026-10-03T23:43:40.213227+00:00,434624.262984407,37.2,66.6,65.8,94.2,1363200,"{""clock_mhz"":""231"",""max_gpuclk"":""231000000"",""thermal_pwrlevel"":""13"",""gpu_busy_percentage"":""1 %"",""gpubusy"":""17645 1013234"",""temp"":""65800"",""reset_count"":""356177""}",4951.390625,,"5:freezer:/
4:cpuset:/top-app
3:cpuacct:/top-app
2:cpu:/top-app
1:blkio:/top
0::/apps/uid_10247/pid_11813"
sustained-fixed-context-15min-cold-r1-v1-npu,qwen2.5-coder-1.5b,sustained-matched-cold,sustained,api-20261003T210139Z-UNPLUGGED,"[""Run failed, was aborted, or did not parse""]",False,False,-15,Android public thermal status reached SEVERE; stop sustained load,2026-10-03T23:43:41.267278+00:00,434625.317029511,37.2,65.4,65.4,94.2,1363200,"{""clock_mhz"":""231"",""max_gpuclk"":""231000000"",""thermal_pwrlevel"":""13"",""gpu_busy_percentage"":""1 %"",""gpubusy"":""15545 1001433"",""temp"":""65800"",""reset_count"":""356177""}",4937.5,,"5:freezer:/
4:cpuset:/top-app
3:cpuacct:/top-app
2:cpu:/top-app
1:blkio:/top
0::/apps/uid_10247/pid_11813"
sustained-fixed-context-15min-cold-r1-v1-npu,qwen2.5-coder-1.5b,sustained-matched-cold,sustained,api-20261003T210139Z-UNPLUGGED,"[""Run failed, was aborted, or did not parse""]",False,False,-15,Android public thermal status reached SEVERE; stop sustained load,2026-10-03T23:43:42.311087+00:00,434626.360843053,37.2,66.2,66.2,95.8,1363200,"{""clock_mhz"":""231"",""max_gpuclk"":""231000000"",""thermal_pwrlevel"":""13"",""gpu_busy_percentage"":""1 %"",""gpubusy"":""16728 1018531"",""temp"":""65400"",""reset_count"":""356177""}",4937.01171875,,"5:freezer:/
4:cpuset:/top-app
3:cpuacct:/top-app
2:cpu:/top-app
1:blkio:/top
0::/apps/uid_10247/pid_11813"
sustained-fixed-context-15min-cold-r1-v1-npu,qwen2.5-coder-1.5b,sustained-matched-cold,sustained,api-20261003T210139Z-UNPLUGGED,"[""Run failed, was aborted, or did not parse""]",False,False,-15,Android public thermal status reached SEVERE; stop sustained load,2026-10-03T23:43:43.356592+00:00,434627.406348208,37.2,65.8,65.8,94.6,1363200,"{""clock_mhz"":""231"",""max_gpuclk"":""231000000"",""thermal_pwrlevel"":""13"",""gpu_busy_percentage"":""1 %"",""gpubusy"":""16405 1029056"",""temp"":""65400"",""reset_count"":""356177""}",4936.6171875,,"5:freezer:/
4:cpuset:/top-app
3:cpuacct:/top-app
2:cpu:/top-app
1:blkio:/top
0::/apps/uid_10247/pid_11813"
sustained-fixed-context-15min-cold-r1-v1-npu,qwen2.5-coder-1.5b,sustained-matched-cold,sustained,api-20261003T210139Z-UNPLUGGED,"[""Run failed, was aborted, or did not parse""]",False,False,-15,Android public thermal status reached SEVERE; stop sustained load,2026-10-03T23:43:44.437409+00:00,434628.487165552,37.2,66.2,65.4,93.1,1363200,"{""clock_mhz"":""231"",""max_gpuclk"":""231000000"",""thermal_pwrlevel"":""13"",""gpu_busy_percentage"":""1 %"",""gpubusy"":""16698 1017020"",""temp"":""65800"",""reset_count"":""356177""}",4931.1328125,,"5:freezer:/
4:cpuset:/top-app
3:cpuacct:/top-app
2:cpu:/top-app
1:blkio:/top
0::/apps/uid_10247/pid_11813"
sustained-fixed-context-15min-cold-r1-v1-npu,qwen2.5-coder-1.5b,sustained-matched-cold,sustained,api-20261003T210139Z-UNPLUGGED,"[""Run failed, was aborted, or did not parse""]",False,False,-15,Android public thermal status reached SEVERE; stop sustained load,2026-10-03T23:43:45.483998+00:00,434629.533755187,37.2,67.0,65.8,95.4,1363200,"{""clock_mhz"":""231"",""max_gpuclk"":""231000000"",""thermal_pwrlevel"":""13"",""gpu_busy_percentage"":""1 %"",""gpubusy"":""16839 1033253"",""temp"":""65800"",""reset_count"":""356177""}",4922.8671875,,"5:freezer:/
4:cpuset:/top-app
3:cpuacct:/top-app
2:cpu:/top-app
1:blkio:/top
0::/apps/uid_10247/pid_11813"
sustained-fixed-context-15min-cold-r1-v1-npu,qwen2.5-coder-1.5b,sustained-matched-cold,sustained,api-20261003T210139Z-UNPLUGGED,"[""Run failed, was aborted, or did not parse""]",False,False,-15,Android public thermal status reached SEVERE; stop sustained load,2026-10-03T23:43:46.529135+00:00,434630.578899249,37.2,65.8,65.4,93.5,1363200,"{""clock_mhz"":""231"",""max_gpuclk"":""231000000"",""thermal_pwrlevel"":""13"",""gpu_busy_percentage"":""1 %"",""gpubusy"":""15820 1013932"",""temp"":""65400"",""reset_count"":""356177""}",4919.6640625,,"5:freezer:/
4:cpuset:/top-app
3:cpuacct:/top-app
2:cpu:/top-app
1:blkio:/top
0::/apps/uid_10247/pid_11813"
sustained-fixed-context-15min-cold-r1-v1-npu,qwen2.5-coder-1.5b,sustained-matched-cold,sustained,api-20261003T210139Z-UNPLUGGED,"[""Run failed, was aborted, or did not parse""]",False,False,-15,Android public thermal status reached SEVERE; stop sustained load,2026-10-03T23:43:47.573436+00:00,434631.623192165,37.2,66.6,65.8,94.2,1363200,"{""clock_mhz"":""231"",""max_gpuclk"":""231000000"",""thermal_pwrlevel"":""13"",""gpu_busy_percentage"":""1 %"",""gpubusy"":""15922 1017837"",""temp"":""65800"",""reset_count"":""356177""}",4918.93359375,,"5:freezer:/
4:cpuset:/top-app
3:cpuacct:/top-app
2:cpu:/top-app
1:blkio:/top
0::/apps/uid_10247/pid_11813"
sustained-fixed-context-15min-cold-r1-v1-npu,qwen2.5-coder-1.5b,sustained-matched-cold,sustained,api-20261003T210139Z-UNPLUGGED,"[""Run failed, was aborted, or did not parse""]",False,False,-15,Android public thermal status reached SEVERE; stop sustained load,2026-10-03T23:43:48.620209+00:00,434632.669971644,37.2,66.6,65.8,92.7,1363200,"{""clock_mhz"":""231"",""max_gpuclk"":""231000000"",""thermal_pwrlevel"":""13"",""gpu_busy_percentage"":""1 %"",""gpubusy"":""15458 1007700"",""temp"":""66200"",""reset_count"":""356177""}",4899.75,,"5:freezer:/
4:cpuset:/top-app
3:cpuacct:/top-app
2:cpu:/top-app
1:blkio:/top
0::/apps/uid_10247/pid_11813"
sustained-fixed-context-15min-cold-r1-v1-npu,qwen2.5-coder-1.5b,sustained-matched-cold,sustained,api-20261003T210139Z-UNPLUGGED,"[""Run failed, was aborted, or did not parse""]",False,False,-15,Android public thermal status reached SEVERE; stop sustained load,2026-10-03T23:43:49.669848+00:00,434633.719609716,37.2,66.6,65.8,94.2,1363200,"{""clock_mhz"":""231"",""max_gpuclk"":""231000000"",""thermal_pwrlevel"":""13"",""gpu_busy_percentage"":""1 %"",""gpubusy"":""16040 1024045"",""temp"":""65400"",""reset_count"":""356177""}",4897.53125,,"5:freezer:/
4:cpuset:/top-app
3:cpuacct:/top-app
2:cpu:/top-app
1:blkio:/top
0::/apps/uid_10247/pid_11813"
sustained-fixed-context-15min-cold-r1-v1-npu,qwen2.5-coder-1.5b,sustained-matched-cold,sustained,api-20261003T210139Z-UNPLUGGED,"[""Run failed, was aborted, or did not parse""]",False,False,-15,Android public thermal status reached SEVERE; stop sustained load,2026-10-03T23:43:50.713789+00:00,434634.763550966,37.2,66.6,65.8,94.2,1363200,"{""clock_mhz"":""231"",""max_gpuclk"":""231000000"",""thermal_pwrlevel"":""13"",""gpu_busy_percentage"":""1 %"",""gpubusy"":""15979 1028730"",""temp"":""65800"",""reset_count"":""356177""}",4894.08984375,,"5:freezer:/
4:cpuset:/top-app
3:cpuacct:/top-app
2:cpu:/top-app
1:blkio:/top
0::/apps/uid_10247/pid_11813"
sustained-fixed-context-15min-cold-r1-v1-npu,qwen2.5-coder-1.5b,sustained-matched-cold,sustained,api-20261003T210139Z-UNPLUGGED,"[""Run failed, was aborted, or did not parse""]",False,False,-15,Android public thermal status reached SEVERE; stop sustained load,2026-10-03T23:43:51.766568+00:00,434635.816325341,37.2,65.8,65.8,93.1,1363200,"{""clock_mhz"":""231"",""max_gpuclk"":""231000000"",""thermal_pwrlevel"":""13"",""gpu_busy_percentage"":""1 %"",""gpubusy"":""16156 1014463"",""temp"":""65400"",""reset_count"":""356177""}",4892.3671875,,"5:freezer:/
4:cpuset:/top-app
3:cpuacct:/top-app
2:cpu:/top-app
1:blkio:/top
0::/apps/uid_10247/pid_11813"
sustained-fixed-context-15min-cold-r1-v1-npu,qwen2.5-coder-1.5b,sustained-matched-cold,sustained,api-20261003T210139Z-UNPLUGGED,"[""Run failed, was aborted, or did not parse""]",False,False,-15,Android public thermal status reached SEVERE; stop sustained load,2026-10-03T23:43:52.808978+00:00,434636.85874284,37.2,66.2,65.8,95.8,1363200,"{""clock_mhz"":""231"",""max_gpuclk"":""231000000"",""thermal_pwrlevel"":""13"",""gpu_busy_percentage"":""1 %"",""gpubusy"":""15716 1002822"",""temp"":""65800"",""reset_count"":""356177""}",4891.62890625,,"5:freezer:/
4:cpuset:/top-app
3:cpuacct:/top-app
2:cpu:/top-app
1:blkio:/top
0::/apps/uid_10247/pid_11813"
sustained-fixed-context-15min-cold-r1-v1-npu,qwen2.5-coder-1.5b,sustained-matched-cold,sustained,api-20261003T210139Z-UNPLUGGED,"[""Run failed, was aborted, or did not parse""]",False,False,-15,Android public thermal status reached SEVERE; stop sustained load,2026-10-03T23:43:53.854951+00:00,434637.904709402,37.2,66.2,65.8,96.2,1363200,"{""clock_mhz"":""231"",""max_gpuclk"":""231000000"",""thermal_pwrlevel"":""13"",""gpu_busy_percentage"":""1 %"",""gpubusy"":""15019 1011775"",""temp"":""65800"",""reset_count"":""356177""}",4887.0234375,,"5:freezer:/
4:cpuset:/top-app
3:cpuacct:/top-app
2:cpu:/top-app
1:blkio:/top
0::/apps/uid_10247/pid_11813"
sustained-fixed-context-15min-cold-r1-v1-npu,qwen2.5-coder-1.5b,sustained-matched-cold,sustained,api-20261003T210139Z-UNPLUGGED,"[""Run failed, was aborted, or did not parse""]",False,False,-15,Android public thermal status reached SEVERE; stop sustained load,2026-10-03T23:43:54.898671+00:00,434638.948426589,37.2,66.6,66.2,94.2,1363200,"{""clock_mhz"":""231"",""max_gpuclk"":""231000000"",""thermal_pwrlevel"":""13"",""gpu_busy_percentage"":""1 %"",""gpubusy"":""16349 1019125"",""temp"":""66200"",""reset_count"":""356177""}",4901.14453125,,"5:freezer:/
4:cpuset:/top-app
3:cpuacct:/top-app
2:cpu:/top-app
1:blkio:/top
0::/apps/uid_10247/pid_11813"
sustained-fixed-context-15min-cold-r1-v1-npu,qwen2.5-coder-1.5b,sustained-matched-cold,sustained,api-20261003T210139Z-UNPLUGGED,"[""Run failed, was aborted, or did not parse""]",False,False,-15,Android public thermal status reached SEVERE; stop sustained load,2026-10-03T23:43:55.962934+00:00,434640.012690704,37.2,66.2,65.4,94.6,1363200,"{""clock_mhz"":""231"",""max_gpuclk"":""231000000"",""thermal_pwrlevel"":""13"",""gpu_busy_percentage"":""1 %"",""gpubusy"":""15414 1013428"",""temp"":""65400"",""reset_count"":""356177""}",4900.8984375,,"5:freezer:/
4:cpuset:/top-app
3:cpuacct:/top-app
2:cpu:/top-app
1:blkio:/top
0::/apps/uid_10247/pid_11813"
sustained-fixed-context-15min-cold-r1-v1-npu,qwen2.5-coder-1.5b,sustained-matched-cold,sustained,api-20261003T210139Z-UNPLUGGED,"[""Run failed, was aborted, or did not parse""]",False,False,-15,Android public thermal status reached SEVERE; stop sustained load,2026-10-03T23:43:57.004584+00:00,434641.054344505,37.2,65.8,65.8,93.9,1363200,"{""clock_mhz"":""231"",""max_gpuclk"":""231000000"",""thermal_pwrlevel"":""13"",""gpu_busy_percentage"":""1 %"",""gpubusy"":""14332 1003694"",""temp"":""65800"",""reset_count"":""356177""}",4896.70703125,,"5:freezer:/
4:cpuset:/top-app
3:cpuacct:/top-app
2:cpu:/top-app
1:blkio:/top
0::/apps/uid_10247/pid_11813"
sustained-fixed-context-15min-cold-r1-v1-npu,qwen2.5-coder-1.5b,sustained-matched-cold,sustained,api-20261003T210139Z-UNPLUGGED,"[""Run failed, was aborted, or did not parse""]",False,False,-15,Android public thermal status reached SEVERE; stop sustained load,2026-10-03T23:43:58.053305+00:00,434642.103065182,37.2,66.2,66.2,96.2,1363200,"{""clock_mhz"":""231"",""max_gpuclk"":""231000000"",""thermal_pwrlevel"":""13"",""gpu_busy_percentage"":""1 %"",""gpubusy"":""15665 1014291"",""temp"":""65800"",""reset_count"":""356177""}",4896.21484375,,"5:freezer:/
4:cpuset:/top-app
3:cpuacct:/top-app
2:cpu:/top-app
1:blkio:/top
0::/apps/uid_10247/pid_11813"
sustained-fixed-context-15min-cold-r1-v1-npu,qwen2.5-coder-1.5b,sustained-matched-cold,sustained,api-20261003T210139Z-UNPLUGGED,"[""Run failed, was aborted, or did not parse""]",False,False,-15,Android public thermal status reached SEVERE; stop sustained load,2026-10-03T23:43:59.101279+00:00,434643.151031327,37.2,66.6,66.2,94.6,1363200,"{""clock_mhz"":""231"",""max_gpuclk"":""231000000"",""thermal_pwrlevel"":""13"",""gpu_busy_percentage"":""1 %"",""gpubusy"":""16590 1000196"",""temp"":""65800"",""reset_count"":""356177""}",4895.96875,,"5:freezer:/
4:cpuset:/top-app
3:cpuacct:/top-app
2:cpu:/top-app
1:blkio:/top
0::/apps/uid_10247/pid_11813"
sustained-fixed-context-15min-cold-r1-v1-npu,qwen2.5-coder-1.5b,sustained-matched-cold,sustained,api-20261003T210139Z-UNPLUGGED,"[""Run failed, was aborted, or did not parse""]",False,False,-15,Android public thermal status reached SEVERE; stop sustained load,2026-10-03T23:44:00.143164+00:00,434644.192915702,37.2,66.6,66.2,93.5,1363200,"{""clock_mhz"":""231"",""max_gpuclk"":""231000000"",""thermal_pwrlevel"":""13"",""gpu_busy_percentage"":""1 %"",""gpubusy"":""16328 1015822"",""temp"":""65800"",""reset_count"":""356177""}",4893.9609375,,"5:freezer:/
4:cpuset:/top-app
3:cpuacct:/top-app
2:cpu:/top-app
1:blkio:/top
0::/apps/uid_10247/pid_11813"
sustained-fixed-context-15min-cold-r1-v1-npu,qwen2.5-coder-1.5b,sustained-matched-cold,sustained,api-20261003T210139Z-UNPLUGGED,"[""Run failed, was aborted, or did not parse""]",False,False,-15,Android public thermal status reached SEVERE; stop sustained load,2026-10-03T23:44:01.185912+00:00,434645.235669608,37.2,67.0,65.8,94.6,1363200,"{""clock_mhz"":""231"",""max_gpuclk"":""231000000"",""thermal_pwrlevel"":""13"",""gpu_busy_percentage"":""1 %"",""gpubusy"":""16771 1032224"",""temp"":""66200"",""reset_count"":""356177""}",4893.9609375,,"5:freezer:/
4:cpuset:/top-app
3:cpuacct:/top-app
2:cpu:/top-app
1:blkio:/top
0::/apps/uid_10247/pid_11813"
sustained-fixed-context-15min-cold-r1-v1-npu,qwen2.5-coder-1.5b,sustained-matched-cold,sustained,api-20261003T210139Z-UNPLUGGED,"[""Run failed, was aborted, or did not parse""]",False,False,-15,Android public thermal status reached SEVERE; stop sustained load,2026-10-03T23:44:02.234133+00:00,434646.283891326,37.2,65.8,65.8,93.5,1363200,"{""clock_mhz"":""231"",""max_gpuclk"":""231000000"",""thermal_pwrlevel"":""13"",""gpu_busy_percentage"":""1 %"",""gpubusy"":""17505 1009661"",""temp"":""65400"",""reset_count"":""356177""}",4891.25390625,,"5:freezer:/
4:cpuset:/top-app
3:cpuacct:/top-app
2:cpu:/top-app
1:blkio:/top
0::/apps/uid_10247/pid_11813"
sustained-fixed-context-15min-cold-r1-v1-npu,qwen2.5-coder-1.5b,sustained-matched-cold,sustained,api-20261003T210139Z-UNPLUGGED,"[""Run failed, was aborted, or did not parse""]",False,False,-15,Android public thermal status reached SEVERE; stop sustained load,2026-10-03T23:44:03.278354+00:00,434647.32811518,37.2,66.6,66.2,94.6,1363200,"{""clock_mhz"":""231"",""max_gpuclk"":""231000000"",""thermal_pwrlevel"":""13"",""gpu_busy_percentage"":""1 %"",""gpubusy"":""16259 1038025"",""temp"":""65800"",""reset_count"":""356177""}",4890.76171875,,"5:freezer:/
4:cpuset:/top-app
3:cpuacct:/top-app
2:cpu:/top-app
1:blkio:/top
0::/apps/uid_10247/pid_11813"
sustained-fixed-context-15min-cold-r1-v1-npu,qwen2.5-coder-1.5b,sustained-matched-cold,sustained,api-20261003T210139Z-UNPLUGGED,"[""Run failed, was aborted, or did not parse""]",False,False,-15,Android public thermal status reached SEVERE; stop sustained load,2026-10-03T23:44:04.327604+00:00,434648.377362732,37.2,66.6,65.8,94.2,1363200,"{""clock_mhz"":""231"",""max_gpuclk"":""231000000"",""thermal_pwrlevel"":""13"",""gpu_busy_percentage"":""1 %"",""gpubusy"":""15646 1016311"",""temp"":""66200"",""reset_count"":""356177""}",4890.28125,,"5:freezer:/
4:cpuset:/top-app
3:cpuacct:/top-app
2:cpu:/top-app
1:blkio:/top
0::/apps/uid_10247/pid_11813"
sustained-fixed-context-15min-cold-r1-v1-npu,qwen2.5-coder-1.5b,sustained-matched-cold,sustained,api-20261003T210139Z-UNPLUGGED,"[""Run failed, was aborted, or did not parse""]",False,False,-15,Android public thermal status reached SEVERE; stop sustained load,2026-10-03T23:44:05.370434+00:00,434649.420184971,37.9,67.0,66.2,94.2,1363200,"{""clock_mhz"":""231"",""max_gpuclk"":""231000000"",""thermal_pwrlevel"":""13"",""gpu_busy_percentage"":""1 %"",""gpubusy"":""15483 1030948"",""temp"":""65800"",""reset_count"":""356177""}",4918.07421875,,"5:freezer:/
4:cpuset:/top-app
3:cpuacct:/top-app
2:cpu:/top-app
1:blkio:/top
0::/apps/uid_10247/pid_11813"
sustained-fixed-context-15min-cold-r1-v1-npu,qwen2.5-coder-1.5b,sustained-matched-cold,sustained,api-20261003T210139Z-UNPLUGGED,"[""Run failed, was aborted, or did not parse""]",False,False,-15,Android public thermal status reached SEVERE; stop sustained load,2026-10-03T23:44:06.414188+00:00,434650.463947054,37.9,67.0,65.8,94.2,1363200,"{""clock_mhz"":""231"",""max_gpuclk"":""231000000"",""thermal_pwrlevel"":""13"",""gpu_busy_percentage"":""1 %"",""gpubusy"":""16298 1030009"",""temp"":""66200"",""reset_count"":""356177""}",4917.87109375,,"5:freezer:/
4:cpuset:/top-app
3:cpuacct:/top-app
2:cpu:/top-app
1:blkio:/top
0::/apps/uid_10247/pid_11813"
sustained-fixed-context-15min-cold-r1-v1-npu,qwen2.5-coder-1.5b,sustained-matched-cold,sustained,api-20261003T210139Z-UNPLUGGED,"[""Run failed, was aborted, or did not parse""]",False,False,-15,Android public thermal status reached SEVERE; stop sustained load,2026-10-03T23:44:07.468313+00:00,434651.518066012,37.9,66.2,65.8,93.5,1363200,"{""clock_mhz"":""231"",""max_gpuclk"":""231000000"",""thermal_pwrlevel"":""13"",""gpu_busy_percentage"":""1 %"",""gpubusy"":""15592 1018611"",""temp"":""66200"",""reset_count"":""356177""}",4914.9453125,,"5:freezer:/
4:cpuset:/top-app
3:cpuacct:/top-app
2:cpu:/top-app
1:blkio:/top
0::/apps/uid_10247/pid_11813"
sustained-fixed-context-15min-cold-r1-v1-npu,qwen2.5-coder-1.5b,sustained-matched-cold,sustained,api-20261003T210139Z-UNPLUGGED,"[""Run failed, was aborted, or did not parse""]",False,False,-15,Android public thermal status reached SEVERE; stop sustained load,2026-10-03T23:44:08.517031+00:00,434652.566788355,37.9,67.0,65.8,94.6,1363200,"{""clock_mhz"":""231"",""max_gpuclk"":""231000000"",""thermal_pwrlevel"":""13"",""gpu_busy_percentage"":""1 %"",""gpubusy"":""14971 1050054"",""temp"":""66200"",""reset_count"":""356177""}",4912.953125,,"5:freezer:/
4:cpuset:/top-app
3:cpuacct:/top-app
2:cpu:/top-app
1:blkio:/top
0::/apps/uid_10247/pid_11813"
sustained-fixed-context-15min-cold-r1-v1-npu,qwen2.5-coder-1.5b,sustained-matched-cold,sustained,api-20261003T210139Z-UNPLUGGED,"[""Run failed, was aborted, or did not parse""]",False,False,-15,Android public thermal status reached SEVERE; stop sustained load,2026-10-03T23:44:09.557819+00:00,434653.60757648,37.9,67.0,66.6,95.0,1363200,"{""clock_mhz"":""231"",""max_gpuclk"":""231000000"",""thermal_pwrlevel"":""13"",""gpu_busy_percentage"":""1 %"",""gpubusy"":""16273 1010367"",""temp"":""66600"",""reset_count"":""356177""}",4910.4921875,,"5:freezer:/
4:cpuset:/top-app
3:cpuacct:/top-app
2:cpu:/top-app
1:blkio:/top
0::/apps/uid_10247/pid_11813"
sustained-fixed-context-15min-cold-r1-v1-npu,qwen2.5-coder-1.5b,sustained-matched-cold,sustained,api-20261003T210139Z-UNPLUGGED,"[""Run failed, was aborted, or did not parse""]",False,False,-15,Android public thermal status reached SEVERE; stop sustained load,2026-10-03T23:44:10.621550+00:00,434654.671301583,37.9,66.6,65.8,93.9,1363200,"{""clock_mhz"":""231"",""max_gpuclk"":""231000000"",""thermal_pwrlevel"":""13"",""gpu_busy_percentage"":""1 %"",""gpubusy"":""16222 1037329"",""temp"":""66200"",""reset_count"":""356177""}",4910.2734375,,"5:freezer:/
4:cpuset:/top-app
3:cpuacct:/top-app
2:cpu:/top-app
1:blkio:/top
0::/apps/uid_10247/pid_11813"
sustained-fixed-context-15min-cold-r1-v1-npu,qwen2.5-coder-1.5b,sustained-matched-cold,sustained,api-20261003T210139Z-UNPLUGGED,"[""Run failed, was aborted, or did not parse""]",False,False,-15,Android public thermal status reached SEVERE; stop sustained load,2026-10-03T23:44:11.666212+00:00,434655.71596325,37.9,66.6,65.8,93.9,1363200,"{""clock_mhz"":""231"",""max_gpuclk"":""231000000"",""thermal_pwrlevel"":""13"",""gpu_busy_percentage"":""1 %"",""gpubusy"":""17420 1032082"",""temp"":""66200"",""reset_count"":""356177""}",4910.2734375,,"5:freezer:/
4:cpuset:/top-app
3:cpuacct:/top-app
2:cpu:/top-app
1:blkio:/top
0::/apps/uid_10247/pid_11813"
sustained-fixed-context-15min-cold-r1-v1-npu,qwen2.5-coder-1.5b,sustained-matched-cold,sustained,api-20261003T210139Z-UNPLUGGED,"[""Run failed, was aborted, or did not parse""]",False,False,-15,Android public thermal status reached SEVERE; stop sustained load,2026-10-03T23:44:12.717164+00:00,434656.766923666,37.9,65.4,65.4,95.0,1363200,"{""clock_mhz"":""231"",""max_gpuclk"":""231000000"",""thermal_pwrlevel"":""13"",""gpu_busy_percentage"":""1 %"",""gpubusy"":""16155 1012614"",""temp"":""65400"",""reset_count"":""356177""}",4909.53515625,,"5:freezer:/
4:cpuset:/top-app
3:cpuacct:/top-app
2:cpu:/top-app
1:blkio:/top
0::/apps/uid_10247/pid_11813"
sustained-fixed-context-15min-cold-r1-v1-npu,qwen2.5-coder-1.5b,sustained-matched-cold,sustained,api-20261003T210139Z-UNPLUGGED,"[""Run failed, was aborted, or did not parse""]",False,False,-15,Android public thermal status reached SEVERE; stop sustained load,2026-10-03T23:44:13.775086+00:00,434657.824855801,37.9,67.0,66.2,94.2,1363200,"{""clock_mhz"":""231"",""max_gpuclk"":""231000000"",""thermal_pwrlevel"":""13"",""gpu_busy_percentage"":""1 %"",""gpubusy"":""15581 1017440"",""temp"":""65800"",""reset_count"":""356177""}",4906.828125,,"5:freezer:/
4:cpuset:/top-app
3:cpuacct:/top-app
2:cpu:/top-app
1:blkio:/top
0::/apps/uid_10247/pid_11813"
sustained-fixed-context-15min-cold-r1-v1-npu,qwen2.5-coder-1.5b,sustained-matched-cold,sustained,api-20261003T210139Z-UNPLUGGED,"[""Run failed, was aborted, or did not parse""]",False,False,-15,Android public thermal status reached SEVERE; stop sustained load,2026-10-03T23:44:14.828590+00:00,434658.878350592,37.9,66.6,66.2,94.6,1363200,"{""clock_mhz"":""231"",""max_gpuclk"":""231000000"",""thermal_pwrlevel"":""13"",""gpu_busy_percentage"":""1 %"",""gpubusy"":""16423 1000392"",""temp"":""66200"",""reset_count"":""356177""}",4907.77734375,,"5:freezer:/
4:cpuset:/top-app
3:cpuacct:/top-app
2:cpu:/top-app
1:blkio:/top
0::/apps/uid_10247/pid_11813"
sustained-fixed-context-15min-cold-r1-v1-npu,qwen2.5-coder-1.5b,sustained-matched-cold,sustained,api-20261003T210139Z-UNPLUGGED,"[""Run failed, was aborted, or did not parse""]",False,False,-15,Android public thermal status reached SEVERE; stop sustained load,2026-10-03T23:44:15.883843+00:00,434659.933596061,37.9,66.6,65.8,93.1,1363200,"{""clock_mhz"":""231"",""max_gpuclk"":""231000000"",""thermal_pwrlevel"":""13"",""gpu_busy_percentage"":""1 %"",""gpubusy"":""16595 1009001"",""temp"":""66200"",""reset_count"":""356177""}",4907.2890625,,"5:freezer:/
4:cpuset:/top-app
3:cpuacct:/top-app
2:cpu:/top-app
1:blkio:/top
0::/apps/uid_10247/pid_11813"
sustained-fixed-context-15min-cold-r1-v1-npu,qwen2.5-coder-1.5b,sustained-matched-cold,sustained,api-20261003T210139Z-UNPLUGGED,"[""Run failed, was aborted, or did not parse""]",False,False,-15,Android public thermal status reached SEVERE; stop sustained load,2026-10-03T23:44:16.937943+00:00,434660.987699862,37.9,66.6,66.2,94.2,1363200,"{""clock_mhz"":""231"",""max_gpuclk"":""231000000"",""thermal_pwrlevel"":""13"",""gpu_busy_percentage"":""1 %"",""gpubusy"":""16129 1004366"",""temp"":""66200"",""reset_count"":""356177""}",4905.40234375,,"5:freezer:/
4:cpuset:/top-app
3:cpuacct:/top-app
2:cpu:/top-app
1:blkio:/top
0::/apps/uid_10247/pid_11813"
sustained-fixed-context-15min-cold-r1-v1-npu,qwen2.5-coder-1.5b,sustained-matched-cold,sustained,api-20261003T210139Z-UNPLUGGED,"[""Run failed, was aborted, or did not parse""]",False,False,-15,Android public thermal status reached SEVERE; stop sustained load,2026-10-03T23:44:17.984574+00:00,434662.034337883,37.9,66.2,66.2,93.9,1363200,"{""clock_mhz"":""231"",""max_gpuclk"":""231000000"",""thermal_pwrlevel"":""13"",""gpu_busy_percentage"":""1 %"",""gpubusy"":""15698 1009030"",""temp"":""66200"",""reset_count"":""356177""}",4902.421875,,"5:freezer:/
4:cpuset:/top-app
3:cpuacct:/top-app
2:cpu:/top-app
1:blkio:/top
0::/apps/uid_10247/pid_11813"
sustained-fixed-context-15min-cold-r1-v1-npu,qwen2.5-coder-1.5b,sustained-matched-cold,sustained,api-20261003T210139Z-UNPLUGGED,"[""Run failed, was aborted, or did not parse""]",False,False,-15,Android public thermal status reached SEVERE; stop sustained load,2026-10-03T23:44:19.038051+00:00,434663.087803768,37.9,67.0,66.2,93.9,1363200,"{""clock_mhz"":""231"",""max_gpuclk"":""231000000"",""thermal_pwrlevel"":""13"",""gpu_busy_percentage"":""1 %"",""gpubusy"":""15581 1004970"",""temp"":""66200"",""reset_count"":""356177""}",4901.9296875,,"5:freezer:/
4:cpuset:/top-app
3:cpuacct:/top-app
2:cpu:/top-app
1:blkio:/top
0::/apps/uid_10247/pid_11813"
sustained-fixed-context-15min-cold-r1-v1-npu,qwen2.5-coder-1.5b,sustained-matched-cold,sustained,api-20261003T210139Z-UNPLUGGED,"[""Run failed, was aborted, or did not parse""]",False,False,-15,Android public thermal status reached SEVERE; stop sustained load,2026-10-03T23:44:20.081623+00:00,434664.131381944,37.9,68.1,66.2,94.6,1363200,"{""clock_mhz"":""231"",""max_gpuclk"":""231000000"",""thermal_pwrlevel"":""13"",""gpu_busy_percentage"":""1 %"",""gpubusy"":""15870 1033542"",""temp"":""66200"",""reset_count"":""356177""}",4901.4375,,"5:freezer:/
4:cpuset:/top-app
3:cpuacct:/top-app
2:cpu:/top-app
1:blkio:/top
0::/apps/uid_10247/pid_11813"
sustained-fixed-context-15min-cold-r1-v1-npu,qwen2.5-coder-1.5b,sustained-matched-cold,sustained,api-20261003T210139Z-UNPLUGGED,"[""Run failed, was aborted, or did not parse""]",False,False,-15,Android public thermal status reached SEVERE; stop sustained load,2026-10-03T23:44:21.125685+00:00,434665.175450434,37.9,67.0,66.2,93.9,1363200,"{""clock_mhz"":""231"",""max_gpuclk"":""231000000"",""thermal_pwrlevel"":""13"",""gpu_busy_percentage"":""1 %"",""gpubusy"":""16534 1031223"",""temp"":""65800"",""reset_count"":""356177""}",4898.73046875,,"5:freezer:/
4:cpuset:/top-app
3:cpuacct:/top-app
2:cpu:/top-app
1:blkio:/top
0::/apps/uid_10247/pid_11813"
sustained-fixed-context-15min-cold-r1-v1-npu,qwen2.5-coder-1.5b,sustained-matched-cold,sustained,api-20261003T210139Z-UNPLUGGED,"[""Run failed, was aborted, or did not parse""]",False,False,-15,Android public thermal status reached SEVERE; stop sustained load,2026-10-03T23:44:22.172508+00:00,434666.22226861,37.9,67.0,66.2,94.6,1363200,"{""clock_mhz"":""231"",""max_gpuclk"":""231000000"",""thermal_pwrlevel"":""13"",""gpu_busy_percentage"":""1 %"",""gpubusy"":""16548 1013283"",""temp"":""66600"",""reset_count"":""356177""}",4898.484375,,"5:freezer:/
4:cpuset:/top-app
3:cpuacct:/top-app
2:cpu:/top-app
1:blkio:/top
0::/apps/uid_10247/pid_11813"
sustained-fixed-context-15min-cold-r1-v1-npu,qwen2.5-coder-1.5b,sustained-matched-cold,sustained,api-20261003T210139Z-UNPLUGGED,"[""Run failed, was aborted, or did not parse""]",False,False,-15,Android public thermal status reached SEVERE; stop sustained load,2026-10-03T23:44:23.216190+00:00,434667.265951579,37.9,66.6,65.8,93.5,1363200,"{""clock_mhz"":""231"",""max_gpuclk"":""231000000"",""thermal_pwrlevel"":""13"",""gpu_busy_percentage"":""1 %"",""gpubusy"":""14754 1002011"",""temp"":""66200"",""reset_count"":""356177""}",4897.01171875,,"5:freezer:/
4:cpuset:/top-app
3:cpuacct:/top-app
2:cpu:/top-app
1:blkio:/top
0::/apps/uid_10247/pid_11813"
sustained-fixed-context-15min-cold-r1-v1-npu,qwen2.5-coder-1.5b,sustained-matched-cold,sustained,api-20261003T210139Z-UNPLUGGED,"[""Run failed, was aborted, or did not parse""]",False,False,-15,Android public thermal status reached SEVERE; stop sustained load,2026-10-03T23:44:24.261258+00:00,434668.311020432,37.9,66.6,66.6,94.2,1363200,"{""clock_mhz"":""231"",""max_gpuclk"":""231000000"",""thermal_pwrlevel"":""13"",""gpu_busy_percentage"":""1 %"",""gpubusy"":""15864 1010855"",""temp"":""66200"",""reset_count"":""356177""}",4896.03515625,,"5:freezer:/
4:cpuset:/top-app
3:cpuacct:/top-app
2:cpu:/top-app
1:blkio:/top
0::/apps/uid_10247/pid_11813"
sustained-fixed-context-15min-cold-r1-v1-npu,qwen2.5-coder-1.5b,sustained-matched-cold,sustained,api-20261003T210139Z-UNPLUGGED,"[""Run failed, was aborted, or did not parse""]",False,False,-15,Android public thermal status reached SEVERE; stop sustained load,2026-10-03T23:44:25.307983+00:00,434669.357735067,37.9,67.0,66.6,95.4,1363200,"{""clock_mhz"":""231"",""max_gpuclk"":""231000000"",""thermal_pwrlevel"":""13"",""gpu_busy_percentage"":""1 %"",""gpubusy"":""15619 1003575"",""temp"":""66600"",""reset_count"":""356177""}",4895.36328125,,"5:freezer:/
4:cpuset:/top-app
3:cpuacct:/top-app
2:cpu:/top-app
1:blkio:/top
0::/apps/uid_10247/pid_11813"
sustained-fixed-context-15min-cold-r1-v1-npu,qwen2.5-coder-1.5b,sustained-matched-cold,sustained,api-20261003T210139Z-UNPLUGGED,"[""Run failed, was aborted, or did not parse""]",False,False,-15,Android public thermal status reached SEVERE; stop sustained load,2026-10-03T23:44:26.364187+00:00,434670.413944598,37.9,67.0,66.2,94.6,1363200,"{""clock_mhz"":""231"",""max_gpuclk"":""231000000"",""thermal_pwrlevel"":""13"",""gpu_busy_percentage"":""1 %"",""gpubusy"":""18252 1030818"",""temp"":""66200"",""reset_count"":""356177""}",4894.41796875,,"5:freezer:/
4:cpuset:/top-app
3:cpuacct:/top-app
2:cpu:/top-app
1:blkio:/top
0::/apps/uid_10247/pid_11813"
sustained-fixed-context-15min-cold-r1-v1-npu,qwen2.5-coder-1.5b,sustained-matched-cold,sustained,api-20261003T210139Z-UNPLUGGED,"[""Run failed, was aborted, or did not parse""]",False,False,-15,Android public thermal status reached SEVERE; stop sustained load,2026-10-03T23:44:27.407485+00:00,434671.457247046,37.9,67.0,67.0,94.6,1363200,"{""clock_mhz"":""231"",""max_gpuclk"":""231000000"",""thermal_pwrlevel"":""13"",""gpu_busy_percentage"":""1 %"",""gpubusy"":""15996 1013111"",""temp"":""66200"",""reset_count"":""356177""}",4891.72265625,,"5:freezer:/
4:cpuset:/top-app
3:cpuacct:/top-app
2:cpu:/top-app
1:blkio:/top
0::/apps/uid_10247/pid_11813"
sustained-fixed-context-15min-cold-r1-v1-npu,qwen2.5-coder-1.5b,sustained-matched-cold,sustained,api-20261003T210139Z-UNPLUGGED,"[""Run failed, was aborted, or did not parse""]",False,False,-15,Android public thermal status reached SEVERE; stop sustained load,2026-10-03T23:44:28.451918+00:00,434672.501688816,37.9,65.8,66.2,93.5,1363200,"{""clock_mhz"":""231"",""max_gpuclk"":""231000000"",""thermal_pwrlevel"":""13"",""gpu_busy_percentage"":""1 %"",""gpubusy"":""16001 1019711"",""temp"":""66200"",""reset_count"":""356177""}",4890.4921875,,"5:freezer:/
4:cpuset:/top-app
3:cpuacct:/top-app
2:cpu:/top-app
1:blkio:/top
0::/apps/uid_10247/pid_11813"
sustained-fixed-context-15min-cold-r1-v1-npu,qwen2.5-coder-1.5b,sustained-matched-cold,sustained,api-20261003T210139Z-UNPLUGGED,"[""Run failed, was aborted, or did not parse""]",False,False,-15,Android public thermal status reached SEVERE; stop sustained load,2026-10-03T23:44:29.494960+00:00,434673.544724493,37.9,67.0,66.6,93.5,1363200,"{""clock_mhz"":""231"",""max_gpuclk"":""231000000"",""thermal_pwrlevel"":""13"",""gpu_busy_percentage"":""1 %"",""gpubusy"":""17062 1016146"",""temp"":""66600"",""reset_count"":""356177""}",4888.27734375,,"5:freezer:/
4:cpuset:/top-app
3:cpuacct:/top-app
2:cpu:/top-app
1:blkio:/top
0::/apps/uid_10247/pid_11813"
sustained-fixed-context-15min-cold-r1-v1-npu,qwen2.5-coder-1.5b,sustained-matched-cold,sustained,api-20261003T210139Z-UNPLUGGED,"[""Run failed, was aborted, or did not parse""]",False,False,-15,Android public thermal status reached SEVERE; stop sustained load,2026-10-03T23:44:30.540912+00:00,434674.590671263,37.9,67.0,66.6,94.6,1363200,"{""clock_mhz"":""231"",""max_gpuclk"":""231000000"",""thermal_pwrlevel"":""13"",""gpu_busy_percentage"":""1 %"",""gpubusy"":""16306 1000135"",""temp"":""66200"",""reset_count"":""356177""}",4886.23046875,,"5:freezer:/
4:cpuset:/top-app
3:cpuacct:/top-app
2:cpu:/top-app
1:blkio:/top
0::/apps/uid_10247/pid_11813"
sustained-fixed-context-15min-cold-r1-v1-npu,qwen2.5-coder-1.5b,sustained-matched-cold,sustained,api-20261003T210139Z-UNPLUGGED,"[""Run failed, was aborted, or did not parse""]",False,False,-15,Android public thermal status reached SEVERE; stop sustained load,2026-10-03T23:44:31.587792+00:00,434675.637544492,37.9,67.0,66.2,93.5,1363200,"{""clock_mhz"":""231"",""max_gpuclk"":""231000000"",""thermal_pwrlevel"":""13"",""gpu_busy_percentage"":""1 %"",""gpubusy"":""16132 1029750"",""temp"":""66600"",""reset_count"":""356177""}",4885.24609375,,"5:freezer:/
4:cpuset:/top-app
3:cpuacct:/top-app
2:cpu:/top-app
1:blkio:/top
0::/apps/uid_10247/pid_11813"
sustained-fixed-context-15min-cold-r1-v1-npu,qwen2.5-coder-1.5b,sustained-matched-cold,sustained,api-20261003T210139Z-UNPLUGGED,"[""Run failed, was aborted, or did not parse""]",False,False,-15,Android public thermal status reached SEVERE; stop sustained load,2026-10-03T23:44:32.632894+00:00,434676.682644387,37.9,68.1,66.2,93.1,1363200,"{""clock_mhz"":""231"",""max_gpuclk"":""231000000"",""thermal_pwrlevel"":""13"",""gpu_busy_percentage"":""1 %"",""gpubusy"":""15282 1015267"",""temp"":""66600"",""reset_count"":""356177""}",4921.984375,,"5:freezer:/
4:cpuset:/top-app
3:cpuacct:/top-app
2:cpu:/top-app
1:blkio:/top
0::/apps/uid_10247/pid_11813"
sustained-fixed-context-15min-cold-r1-v1-npu,qwen2.5-coder-1.5b,sustained-matched-cold,sustained,api-20261003T210139Z-UNPLUGGED,"[""Run failed, was aborted, or did not parse""]",False,False,-15,Android public thermal status reached SEVERE; stop sustained load,2026-10-03T23:44:33.685603+00:00,434677.735361158,37.9,66.6,66.2,95.4,1363200,"{""clock_mhz"":""231"",""max_gpuclk"":""231000000"",""thermal_pwrlevel"":""13"",""gpu_busy_percentage"":""1 %"",""gpubusy"":""15108 1000588"",""temp"":""66200"",""reset_count"":""356177""}",4923.13671875,,"5:freezer:/
4:cpuset:/top-app
3:cpuacct:/top-app
2:cpu:/top-app
1:blkio:/top
0::/apps/uid_10247/pid_11813"
sustained-fixed-context-15min-cold-r1-v1-npu,qwen2.5-coder-1.5b,sustained-matched-cold,sustained,api-20261003T210139Z-UNPLUGGED,"[""Run failed, was aborted, or did not parse""]",False,False,-15,Android public thermal status reached SEVERE; stop sustained load,2026-10-03T23:44:34.727954+00:00,434678.777709908,37.9,67.7,66.6,93.5,1363200,"{""clock_mhz"":""231"",""max_gpuclk"":""231000000"",""thermal_pwrlevel"":""13"",""gpu_busy_percentage"":""1 %"",""gpubusy"":""15380 1017522"",""temp"":""66600"",""reset_count"":""356177""}",4921.1015625,,"5:freezer:/
4:cpuset:/top-app
3:cpuacct:/top-app
2:cpu:/top-app
1:blkio:/top
0::/apps/uid_10247/pid_11813"
sustained-fixed-context-15min-cold-r1-v1-npu,qwen2.5-coder-1.5b,sustained-matched-cold,sustained,api-20261003T210139Z-UNPLUGGED,"[""Run failed, was aborted, or did not parse""]",False,False,-15,Android public thermal status reached SEVERE; stop sustained load,2026-10-03T23:44:35.777864+00:00,434679.827615532,38.5,67.4,67.0,93.5,1363200,"{""clock_mhz"":""231"",""max_gpuclk"":""231000000"",""thermal_pwrlevel"":""13"",""gpu_busy_percentage"":""1 %"",""gpubusy"":""16238 1015592"",""temp"":""66600"",""reset_count"":""356177""}",4918.66015625,,"5:freezer:/
4:cpuset:/top-app
3:cpuacct:/top-app
2:cpu:/top-app
1:blkio:/top
0::/apps/uid_10247/pid_11813"
sustained-fixed-context-15min-cold-r1-v1-npu,qwen2.5-coder-1.5b,sustained-matched-cold,sustained,api-20261003T210139Z-UNPLUGGED,"[""Run failed, was aborted, or did not parse""]",False,False,-15,Android public thermal status reached SEVERE; stop sustained load,2026-10-03T23:44:36.824008+00:00,434680.873767771,38.5,67.4,67.0,94.6,1363200,"{""clock_mhz"":""231"",""max_gpuclk"":""231000000"",""thermal_pwrlevel"":""13"",""gpu_busy_percentage"":""1 %"",""gpubusy"":""17013 1032242"",""temp"":""66600"",""reset_count"":""356177""}",4918.16796875,,"5:freezer:/
4:cpuset:/top-app
3:cpuacct:/top-app
2:cpu:/top-app
1:blkio:/top
0::/apps/uid_10247/pid_11813"
sustained-fixed-context-15min-cold-r1-v1-npu,qwen2.5-coder-1.5b,sustained-matched-cold,sustained,api-20261003T210139Z-UNPLUGGED,"[""Run failed, was aborted, or did not parse""]",False,False,-15,Android public thermal status reached SEVERE; stop sustained load,2026-10-03T23:44:37.869819+00:00,434681.91957824,38.5,67.4,67.0,93.5,1363200,"{""clock_mhz"":""231"",""max_gpuclk"":""231000000"",""thermal_pwrlevel"":""13"",""gpu_busy_percentage"":""1 %"",""gpubusy"":""15365 1019557"",""temp"":""66600"",""reset_count"":""356177""}",4916.63671875,,"5:freezer:/
4:cpuset:/top-app
3:cpuacct:/top-app
2:cpu:/top-app
1:blkio:/top
0::/apps/uid_10247/pid_11813"
sustained-fixed-context-15min-cold-r1-v1-npu,qwen2.5-coder-1.5b,sustained-matched-cold,sustained,api-20261003T210139Z-UNPLUGGED,"[""Run failed, was aborted, or did not parse""]",False,False,-15,Android public thermal status reached SEVERE; stop sustained load,2026-10-03T23:44:38.923484+00:00,434682.973238604,38.5,66.2,66.2,93.5,1363200,"{""clock_mhz"":""231"",""max_gpuclk"":""231000000"",""thermal_pwrlevel"":""13"",""gpu_busy_percentage"":""1 %"",""gpubusy"":""15650 1010288"",""temp"":""66200"",""reset_count"":""356177""}",4913.42578125,,"5:freezer:/
4:cpuset:/top-app
3:cpuacct:/top-app
2:cpu:/top-app
1:blkio:/top
0::/apps/uid_10247/pid_11813"
sustained-fixed-context-15min-cold-r1-v1-npu,qwen2.5-coder-1.5b,sustained-matched-cold,sustained,api-20261003T210139Z-UNPLUGGED,"[""Run failed, was aborted, or did not parse""]",False,False,-15,Android public thermal status reached SEVERE; stop sustained load,2026-10-03T23:44:39.977241+00:00,434684.027000531,38.5,67.7,66.2,95.8,1363200,"{""clock_mhz"":""231"",""max_gpuclk"":""231000000"",""thermal_pwrlevel"":""13"",""gpu_busy_percentage"":""1 %"",""gpubusy"":""15249 1004252"",""temp"":""66600"",""reset_count"":""356177""}",4913.42578125,,"5:freezer:/
4:cpuset:/top-app
3:cpuacct:/top-app
2:cpu:/top-app
1:blkio:/top
0::/apps/uid_10247/pid_11813"
sustained-fixed-context-15min-cold-r1-v1-npu,qwen2.5-coder-1.5b,sustained-matched-cold,sustained,api-20261003T210139Z-UNPLUGGED,"[""Run failed, was aborted, or did not parse""]",False,False,-15,Android public thermal status reached SEVERE; stop sustained load,2026-10-03T23:44:41.033668+00:00,434685.083428082,38.5,67.4,66.6,93.9,1363200,"{""clock_mhz"":""231"",""max_gpuclk"":""231000000"",""thermal_pwrlevel"":""13"",""gpu_busy_percentage"":""1 %"",""gpubusy"":""16030 1017846"",""temp"":""66600"",""reset_count"":""356177""}",4912.8046875,,"5:freezer:/
4:cpuset:/top-app
3:cpuacct:/top-app
2:cpu:/top-app
1:blkio:/top
0::/apps/uid_10247/pid_11813"
sustained-fixed-context-15min-cold-r1-v1-npu,qwen2.5-coder-1.5b,sustained-matched-cold,sustained,api-20261003T210139Z-UNPLUGGED,"[""Run failed, was aborted, or did not parse""]",False,False,-15,Android public thermal status reached SEVERE; stop sustained load,2026-10-03T23:44:42.074771+00:00,434686.124533863,38.5,67.4,66.6,94.6,1363200,"{""clock_mhz"":""231"",""max_gpuclk"":""231000000"",""thermal_pwrlevel"":""13"",""gpu_busy_percentage"":""2 %"",""gpubusy"":""21155 1000529"",""temp"":""66600"",""reset_count"":""356177""}",4910.09765625,,"5:freezer:/
4:cpuset:/top-app
3:cpuacct:/top-app
2:cpu:/top-app
1:blkio:/top
0::/apps/uid_10247/pid_11813"
sustained-fixed-context-15min-cold-r1-v1-npu,qwen2.5-coder-1.5b,sustained-matched-cold,sustained,api-20261003T210139Z-UNPLUGGED,"[""Run failed, was aborted, or did not parse""]",False,False,-15,Android public thermal status reached SEVERE; stop sustained load,2026-10-03T23:44:43.119690+00:00,434687.169447508,38.5,67.4,66.6,94.6,1363200,"{""clock_mhz"":""231"",""max_gpuclk"":""231000000"",""thermal_pwrlevel"":""13"",""gpu_busy_percentage"":""1 %"",""gpubusy"":""17652 1011420"",""temp"":""67000"",""reset_count"":""356177""}",4909.8515625,,"5:freezer:/
4:cpuset:/top-app
3:cpuacct:/top-app
2:cpu:/top-app
1:blkio:/top
0::/apps/uid_10247/pid_11813"
sustained-fixed-context-15min-cold-r1-v1-npu,qwen2.5-coder-1.5b,sustained-matched-cold,sustained,api-20261003T210139Z-UNPLUGGED,"[""Run failed, was aborted, or did not parse""]",False,False,-15,Android public thermal status reached SEVERE; stop sustained load,2026-10-03T23:44:44.162849+00:00,434688.212602456,38.5,66.6,66.6,88.4,1363200,"{""clock_mhz"":""231"",""max_gpuclk"":""231000000"",""thermal_pwrlevel"":""13"",""gpu_busy_percentage"":""1 %"",""gpubusy"":""15760 1007684"",""temp"":""66600"",""reset_count"":""356177""}",4907.7890625,,"5:freezer:/
4:cpuset:/top-app
3:cpuacct:/top-app
2:cpu:/top-app
1:blkio:/top
0::/apps/uid_10247/pid_11813"
sustained-fixed-context-15min-cold-r1-v1-npu,qwen2.5-coder-1.5b,sustained-matched-cold,sustained,api-20261003T210139Z-UNPLUGGED,"[""Run failed, was aborted, or did not parse""]",False,False,-15,Android public thermal status reached SEVERE; stop sustained load,2026-10-03T23:44:45.215996+00:00,434689.265756414,38.5,67.4,66.6,93.5,1363200,"{""clock_mhz"":""231"",""max_gpuclk"":""231000000"",""thermal_pwrlevel"":""13"",""gpu_busy_percentage"":""1 %"",""gpubusy"":""15880 1001914"",""temp"":""67000"",""reset_count"":""356177""}",4900.4140625,,"5:freezer:/
4:cpuset:/top-app
3:cpuacct:/top-app
2:cpu:/top-app
1:blkio:/top
0::/apps/uid_10247/pid_11813"
sustained-fixed-context-15min-cold-r1-v1-npu,qwen2.5-coder-1.5b,sustained-matched-cold,sustained,api-20261003T210139Z-UNPLUGGED,"[""Run failed, was aborted, or did not parse""]",False,False,-15,Android public thermal status reached SEVERE; stop sustained load,2026-10-03T23:44:46.272159+00:00,434690.321912664,38.5,68.1,67.0,95.0,1363200,"{""clock_mhz"":""231"",""max_gpuclk"":""231000000"",""thermal_pwrlevel"":""13"",""gpu_busy_percentage"":""1 %"",""gpubusy"":""15510 1013125"",""temp"":""66600"",""reset_count"":""356177""}",4898.76953125,,"5:freezer:/
4:cpuset:/top-app
3:cpuacct:/top-app
2:cpu:/top-app
1:blkio:/top
0::/apps/uid_10247/pid_11813"
sustained-fixed-context-15min-cold-r1-v1-npu,qwen2.5-coder-1.5b,sustained-matched-cold,sustained,api-20261003T210139Z-UNPLUGGED,"[""Run failed, was aborted, or did not parse""]",False,False,-15,Android public thermal status reached SEVERE; stop sustained load,2026-10-03T23:44:47.320346+00:00,434691.37010308,38.5,67.4,66.2,93.9,1363200,"{""clock_mhz"":""231"",""max_gpuclk"":""231000000"",""thermal_pwrlevel"":""13"",""gpu_busy_percentage"":""1 %"",""gpubusy"":""15802 1011244"",""temp"":""67000"",""reset_count"":""356177""}",4896.30859375,,"5:freezer:/
4:cpuset:/top-app
3:cpuacct:/top-app
2:cpu:/top-app
1:blkio:/top
0::/apps/uid_10247/pid_11813"
sustained-fixed-context-15min-r0-v1-cpu,qwen2.5-coder-1.5b,sustained-fixed-context,sustained,api-20261003T210139Z-UNPLUGGED,"[""Run failed, was aborted, or did not parse""]",False,False,-15,Android public thermal status reached SEVERE; stop sustained load,2026-10-03T23:07:52.482820+00:00,432476.532574185,35.7,49.8,41.2,41.3,2745600,"{""clock_mhz"":""231"",""max_gpuclk"":""680000000"",""thermal_pwrlevel"":""6"",""gpu_busy_percentage"":""1 %"",""gpubusy"":""18030 1000741"",""temp"":""40800"",""reset_count"":""356103""}",5884.83203125,,"5:freezer:/
4:cpuset:/top-app
3:cpuacct:/top-app
2:cpu:/top-app
1:blkio:/top
0::/apps/uid_10247/pid_11813"
sustained-fixed-context-15min-r0-v1-cpu,qwen2.5-coder-1.5b,sustained-fixed-context,sustained,api-20261003T210139Z-UNPLUGGED,"[""Run failed, was aborted, or did not parse""]",False,False,-15,Android public thermal status reached SEVERE; stop sustained load,2026-10-03T23:07:53.539351+00:00,432477.589113456,35.6,82.9,47.1,44.8,2745600,"{""clock_mhz"":""231"",""max_gpuclk"":""680000000"",""thermal_pwrlevel"":""6"",""gpu_busy_percentage"":""1 %"",""gpubusy"":""15222 1016235"",""temp"":""47500"",""reset_count"":""356103""}",4858.21875,,"5:freezer:/
4:cpuset:/top-app
3:cpuacct:/top-app
2:cpu:/top-app
1:blkio:/top
0::/apps/uid_10247/pid_11813"
sustained-fixed-context-15min-r0-v1-cpu,qwen2.5-coder-1.5b,sustained-fixed-context,sustained,api-20261003T210139Z-UNPLUGGED,"[""Run failed, was aborted, or did not parse""]",False,False,-15,Android public thermal status reached SEVERE; stop sustained load,2026-10-03T23:07:54.632220+00:00,432478.681961632,35.6,95.0,53.9,49.4,2745600,"{""clock_mhz"":""231"",""max_gpuclk"":""680000000"",""thermal_pwrlevel"":""6"",""gpu_busy_percentage"":""1 %"",""gpubusy"":""13818 1014272"",""temp"":""53900"",""reset_count"":""356104""}",4857.46875,,"5:freezer:/
4:cpuset:/top-app
3:cpuacct:/top-app
2:cpu:/top-app
1:blkio:/top
0::/apps/uid_10247/pid_11813"
sustained-fixed-context-15min-r0-v1-cpu,qwen2.5-coder-1.5b,sustained-fixed-context,sustained,api-20261003T210139Z-UNPLUGGED,"[""Run failed, was aborted, or did not parse""]",False,False,-15,Android public thermal status reached SEVERE; stop sustained load,2026-10-03T23:07:55.730354+00:00,432479.780116996,35.6,94.2,56.6,52.2,2745600,"{""clock_mhz"":""231"",""max_gpuclk"":""680000000"",""thermal_pwrlevel"":""6"",""gpu_busy_percentage"":""1 %"",""gpubusy"":""14437 1037183"",""temp"":""57000"",""reset_count"":""356104""}",4852.984375,,"5:freezer:/
4:cpuset:/top-app
3:cpuacct:/top-app
2:cpu:/top-app
1:blkio:/top
0::/apps/uid_10247/pid_11813"
sustained-fixed-context-15min-r0-v1-cpu,qwen2.5-coder-1.5b,sustained-fixed-context,sustained,api-20261003T210139Z-UNPLUGGED,"[""Run failed, was aborted, or did not parse""]",False,False,-15,Android public thermal status reached SEVERE; stop sustained load,2026-10-03T23:07:56.824039+00:00,432480.873779756,35.6,95.4,58.2,53.7,2745600,"{""clock_mhz"":""231"",""max_gpuclk"":""680000000"",""thermal_pwrlevel"":""6"",""gpu_busy_percentage"":""1 %"",""gpubusy"":""14767 1027801"",""temp"":""58200"",""reset_count"":""356104""}",4850.9921875,,"5:freezer:/
4:cpuset:/top-app
3:cpuacct:/top-app
2:cpu:/top-app
1:blkio:/top
0::/apps/uid_10247/pid_11813"
sustained-fixed-context-15min-r0-v1-cpu,qwen2.5-coder-1.5b,sustained-fixed-context,sustained,api-20261003T210139Z-UNPLUGGED,"[""Run failed, was aborted, or did not parse""]",False,False,-15,Android public thermal status reached SEVERE; stop sustained load,2026-10-03T23:07:57.930018+00:00,432481.979824339,35.6,95.0,61.0,58.0,2745600,"{""clock_mhz"":""231"",""max_gpuclk"":""680000000"",""thermal_pwrlevel"":""6"",""gpu_busy_percentage"":""1 %"",""gpubusy"":""13506 1003821"",""temp"":""61000"",""reset_count"":""356104""}",4850.24609375,,"5:freezer:/
4:cpuset:/top-app
3:cpuacct:/top-app
2:cpu:/top-app
1:blkio:/top
0::/apps/uid_10247/pid_11813"
sustained-fixed-context-15min-r0-v1-cpu,qwen2.5-coder-1.5b,sustained-fixed-context,sustained,api-20261003T210139Z-UNPLUGGED,"[""Run failed, was aborted, or did not parse""]",False,False,-15,Android public thermal status reached SEVERE; stop sustained load,2026-10-03T23:07:59.061696+00:00,432483.111445068,35.6,95.0,63.0,60.3,2745600,"{""clock_mhz"":""231"",""max_gpuclk"":""680000000"",""thermal_pwrlevel"":""6"",""gpu_busy_percentage"":""1 %"",""gpubusy"":""15122 1042892"",""temp"":""63000"",""reset_count"":""356104""}",4875.87890625,,"5:freezer:/
4:cpuset:/top-app
3:cpuacct:/top-app
2:cpu:/top-app
1:blkio:/top
0::/apps/uid_10247/pid_11813"
sustained-fixed-context-15min-r0-v1-cpu,qwen2.5-coder-1.5b,sustained-fixed-context,sustained,api-20261003T210139Z-UNPLUGGED,"[""Run failed, was aborted, or did not parse""]",False,False,-15,Android public thermal status reached SEVERE; stop sustained load,2026-10-03T23:08:00.193583+00:00,432484.243373974,35.6,94.6,64.2,61.5,2745600,"{""clock_mhz"":""231"",""max_gpuclk"":""680000000"",""thermal_pwrlevel"":""6"",""gpu_busy_percentage"":""1 %"",""gpubusy"":""13905 1005926"",""temp"":""64200"",""reset_count"":""356104""}",4875.140625,,"5:freezer:/
4:cpuset:/top-app
3:cpuacct:/top-app
2:cpu:/top-app
1:blkio:/top
0::/apps/uid_10247/pid_11813"
sustained-fixed-context-15min-r0-v1-cpu,qwen2.5-coder-1.5b,sustained-fixed-context,sustained,api-20261003T210139Z-UNPLUGGED,"[""Run failed, was aborted, or did not parse""]",False,False,-15,Android public thermal status reached SEVERE; stop sustained load,2026-10-03T23:08:01.317428+00:00,432485.367189234,35.6,76.3,60.6,60.0,1824000,"{""clock_mhz"":""231"",""max_gpuclk"":""680000000"",""thermal_pwrlevel"":""6"",""gpu_busy_percentage"":""1 %"",""gpubusy"":""14373 1022339"",""temp"":""60600"",""reset_count"":""356104""}",4880.578125,,"5:freezer:/
4:cpuset:/top-app
3:cpuacct:/top-app
2:cpu:/top-app
1:blkio:/top
0::/apps/uid_10247/pid_11813"
sustained-fixed-context-15min-r0-v1-cpu,qwen2.5-coder-1.5b,sustained-fixed-context,sustained,api-20261003T210139Z-UNPLUGGED,"[""Run failed, was aborted, or did not parse""]",False,False,-15,Android public thermal status reached SEVERE; stop sustained load,2026-10-03T23:08:02.429472+00:00,432486.479228556,35.6,59.2,54.7,54.1,1824000,"{""clock_mhz"":""231"",""max_gpuclk"":""680000000"",""thermal_pwrlevel"":""6"",""gpu_busy_percentage"":""1 %"",""gpubusy"":""13871 1017717"",""temp"":""54700"",""reset_count"":""356104""}",4879.09765625,,"5:freezer:/
4:cpuset:/top-app
3:cpuacct:/top-app
2:cpu:/top-app
1:blkio:/top
0::/apps/uid_10247/pid_11813"
sustained-fixed-context-15min-r0-v1-cpu,qwen2.5-coder-1.5b,sustained-fixed-context,sustained,api-20261003T210139Z-UNPLUGGED,"[""Run failed, was aborted, or did not parse""]",False,False,-15,Android public thermal status reached SEVERE; stop sustained load,2026-10-03T23:08:03.521902+00:00,432487.571673087,35.6,54.9,51.1,51.8,1824000,"{""clock_mhz"":""231"",""max_gpuclk"":""680000000"",""thermal_pwrlevel"":""6"",""gpu_busy_percentage"":""1 %"",""gpubusy"":""16973 1000665"",""temp"":""51100"",""reset_count"":""356104""}",4877.71875,,"5:freezer:/
4:cpuset:/top-app
3:cpuacct:/top-app
2:cpu:/top-app
1:blkio:/top
0::/apps/uid_10247/pid_11813"
sustained-fixed-context-15min-r0-v1-cpu,qwen2.5-coder-1.5b,sustained-fixed-context,sustained,api-20261003T210139Z-UNPLUGGED,"[""Run failed, was aborted, or did not parse""]",False,False,-15,Android public thermal status reached SEVERE; stop sustained load,2026-10-03T23:08:04.625523+00:00,432488.675292826,35.6,52.2,49.5,49.8,1824000,"{""clock_mhz"":""231"",""max_gpuclk"":""680000000"",""thermal_pwrlevel"":""6"",""gpu_busy_percentage"":""1 %"",""gpubusy"":""18201 1035661"",""temp"":""49500"",""reset_count"":""356104""}",4877.2265625,,"5:freezer:/
4:cpuset:/top-app
3:cpuacct:/top-app
2:cpu:/top-app
1:blkio:/top
0::/apps/uid_10247/pid_11813"
sustained-fixed-context-15min-r0-v1-cpu,qwen2.5-coder-1.5b,sustained-fixed-context,sustained,api-20261003T210139Z-UNPLUGGED,"[""Run failed, was aborted, or did not parse""]",False,False,-15,Android public thermal status reached SEVERE; stop sustained load,2026-10-03T23:08:05.723323+00:00,432489.773078347,35.6,52.2,49.1,49.0,1824000,"{""clock_mhz"":""231"",""max_gpuclk"":""680000000"",""thermal_pwrlevel"":""6"",""gpu_busy_percentage"":""1 %"",""gpubusy"":""17930 1021489"",""temp"":""48700"",""reset_count"":""356104""}",4839.88671875,,"5:freezer:/
4:cpuset:/top-app
3:cpuacct:/top-app
2:cpu:/top-app
1:blkio:/top
0::/apps/uid_10247/pid_11813"
sustained-fixed-context-15min-r0-v1-cpu,qwen2.5-coder-1.5b,sustained-fixed-context,sustained,api-20261003T210139Z-UNPLUGGED,"[""Run failed, was aborted, or did not parse""]",False,False,-15,Android public thermal status reached SEVERE; stop sustained load,2026-10-03T23:08:06.812649+00:00,432490.862401211,35.6,52.2,48.3,48.3,1824000,"{""clock_mhz"":""231"",""max_gpuclk"":""680000000"",""thermal_pwrlevel"":""6"",""gpu_busy_percentage"":""1 %"",""gpubusy"":""18185 1006943"",""temp"":""48300"",""reset_count"":""356104""}",4826.24609375,,"5:freezer:/
4:cpuset:/top-app
3:cpuacct:/top-app
2:cpu:/top-app
1:blkio:/top
0::/apps/uid_10247/pid_11813"
sustained-fixed-context-15min-r0-v1-cpu,qwen2.5-coder-1.5b,sustained-fixed-context,sustained,api-20261003T210139Z-UNPLUGGED,"[""Run failed, was aborted, or did not parse""]",False,False,-15,Android public thermal status reached SEVERE; stop sustained load,2026-10-03T23:08:07.890793+00:00,432491.940547408,35.6,51.8,47.5,48.3,1824000,"{""clock_mhz"":""231"",""max_gpuclk"":""680000000"",""thermal_pwrlevel"":""6"",""gpu_busy_percentage"":""1 %"",""gpubusy"":""16039 1019737"",""temp"":""47500"",""reset_count"":""356104""}",4825.27734375,,"5:freezer:/
4:cpuset:/top-app
3:cpuacct:/top-app
2:cpu:/top-app
1:blkio:/top
0::/apps/uid_10247/pid_11813"
sustained-fixed-context-15min-r0-v1-cpu,qwen2.5-coder-1.5b,sustained-fixed-context,sustained,api-20261003T210139Z-UNPLUGGED,"[""Run failed, was aborted, or did not parse""]",False,False,-15,Android public thermal status reached SEVERE; stop sustained load,2026-10-03T23:08:08.966469+00:00,432493.016222929,35.6,50.6,47.1,47.5,1824000,"{""clock_mhz"":""231"",""max_gpuclk"":""680000000"",""thermal_pwrlevel"":""6"",""gpu_busy_percentage"":""1 %"",""gpubusy"":""17101 1010150"",""temp"":""46700"",""reset_count"":""356104""}",4823.69921875,,"5:freezer:/
4:cpuset:/top-app
3:cpuacct:/top-app
2:cpu:/top-app
1:blkio:/top
0::/apps/uid_10247/pid_11813"
sustained-fixed-context-15min-r0-v1-cpu,qwen2.5-coder-1.5b,sustained-fixed-context,sustained,api-20261003T210139Z-UNPLUGGED,"[""Run failed, was aborted, or did not parse""]",False,False,-15,Android public thermal status reached SEVERE; stop sustained load,2026-10-03T23:08:10.064373+00:00,432494.114131574,35.6,48.7,46.7,46.7,1824000,"{""clock_mhz"":""231"",""max_gpuclk"":""680000000"",""thermal_pwrlevel"":""6"",""gpu_busy_percentage"":""1 %"",""gpubusy"":""15627 1005895"",""temp"":""46700"",""reset_count"":""356104""}",4822.46875,,"5:freezer:/
4:cpuset:/top-app
3:cpuacct:/top-app
2:cpu:/top-app
1:blkio:/top
0::/apps/uid_10247/pid_11813"
sustained-fixed-context-15min-r0-v1-cpu,qwen2.5-coder-1.5b,sustained-fixed-context,sustained,api-20261003T210139Z-UNPLUGGED,"[""Run failed, was aborted, or did not parse""]",False,False,-15,Android public thermal status reached SEVERE; stop sustained load,2026-10-03T23:08:11.143565+00:00,432495.193326209,35.6,49.0,46.3,46.3,1824000,"{""clock_mhz"":""231"",""max_gpuclk"":""680000000"",""thermal_pwrlevel"":""6"",""gpu_busy_percentage"":""1 %"",""gpubusy"":""17142 1000511"",""temp"":""46300"",""reset_count"":""356104""}",4819.515625,,"5:freezer:/
4:cpuset:/top-app
3:cpuacct:/top-app
2:cpu:/top-app
1:blkio:/top
0::/apps/uid_10247/pid_11813"
sustained-fixed-context-15min-r0-v1-cpu,qwen2.5-coder-1.5b,sustained-fixed-context,sustained,api-20261003T210139Z-UNPLUGGED,"[""Run failed, was aborted, or did not parse""]",False,False,-15,Android public thermal status reached SEVERE; stop sustained load,2026-10-03T23:08:12.229478+00:00,432496.279246157,35.6,65.8,49.9,48.3,1824000,"{""clock_mhz"":""231"",""max_gpuclk"":""680000000"",""thermal_pwrlevel"":""6"",""gpu_busy_percentage"":""1 %"",""gpubusy"":""17000 1023938"",""temp"":""49900"",""reset_count"":""356104""}",4814.30078125,,"5:freezer:/
4:cpuset:/top-app
3:cpuacct:/top-app
2:cpu:/top-app
1:blkio:/top
0::/apps/uid_10247/pid_11813"
sustained-fixed-context-15min-r0-v1-cpu,qwen2.5-coder-1.5b,sustained-fixed-context,sustained,api-20261003T210139Z-UNPLUGGED,"[""Run failed, was aborted, or did not parse""]",False,False,-15,Android public thermal status reached SEVERE; stop sustained load,2026-10-03T23:08:13.348916+00:00,432497.398663917,35.6,67.0,51.5,49.8,1824000,"{""clock_mhz"":""231"",""max_gpuclk"":""680000000"",""thermal_pwrlevel"":""6"",""gpu_busy_percentage"":""1 %"",""gpubusy"":""14756 1018171"",""temp"":""51500"",""reset_count"":""356104""}",4818.83984375,,"5:freezer:/
4:cpuset:/top-app
3:cpuacct:/top-app
2:cpu:/top-app
1:blkio:/top
0::/apps/uid_10247/pid_11813"
sustained-fixed-context-15min-r0-v1-cpu,qwen2.5-coder-1.5b,sustained-fixed-context,sustained,api-20261003T210139Z-UNPLUGGED,"[""Run failed, was aborted, or did not parse""]",False,False,-15,Android public thermal status reached SEVERE; stop sustained load,2026-10-03T23:08:14.495559+00:00,432498.545327145,35.6,67.7,53.1,50.6,1824000,"{""clock_mhz"":""231"",""max_gpuclk"":""680000000"",""thermal_pwrlevel"":""6"",""gpu_busy_percentage"":""1 %"",""gpubusy"":""13143 1009702"",""temp"":""52700"",""reset_count"":""356104""}",4854.140625,,"5:freezer:/
4:cpuset:/top-app
3:cpuacct:/top-app
2:cpu:/top-app
1:blkio:/top
0::/apps/uid_10247/pid_11813"
sustained-fixed-context-15min-r0-v1-cpu,qwen2.5-coder-1.5b,sustained-fixed-context,sustained,api-20261003T210139Z-UNPLUGGED,"[""Run failed, was aborted, or did not parse""]",False,False,-15,Android public thermal status reached SEVERE; stop sustained load,2026-10-03T23:08:15.619684+00:00,432499.669456103,35.6,70.1,53.1,51.4,1824000,"{""clock_mhz"":""231"",""max_gpuclk"":""680000000"",""thermal_pwrlevel"":""6"",""gpu_busy_percentage"":""1 %"",""gpubusy"":""12369 1001397"",""temp"":""53500"",""reset_count"":""356104""}",4852.4296875,,"5:freezer:/
4:cpuset:/top-app
3:cpuacct:/top-app
2:cpu:/top-app
1:blkio:/top
0::/apps/uid_10247/pid_11813"
sustained-fixed-context-15min-r0-v1-cpu,qwen2.5-coder-1.5b,sustained-fixed-context,sustained,api-20261003T210139Z-UNPLUGGED,"[""Run failed, was aborted, or did not parse""]",False,False,-15,Android public thermal status reached SEVERE; stop sustained load,2026-10-03T23:08:16.736965+00:00,432500.786795113,35.6,68.5,53.9,52.9,1824000,"{""clock_mhz"":""231"",""max_gpuclk"":""680000000"",""thermal_pwrlevel"":""6"",""gpu_busy_percentage"":""1 %"",""gpubusy"":""14224 1016819"",""temp"":""53500"",""reset_count"":""356104""}",4851.19921875,,"5:freezer:/
4:cpuset:/top-app
3:cpuacct:/top-app
2:cpu:/top-app
1:blkio:/top
0::/apps/uid_10247/pid_11813"
sustained-fixed-context-15min-r0-v1-cpu,qwen2.5-coder-1.5b,sustained-fixed-context,sustained,api-20261003T210139Z-UNPLUGGED,"[""Run failed, was aborted, or did not parse""]",False,False,-15,Android public thermal status reached SEVERE; stop sustained load,2026-10-03T23:08:17.889194+00:00,432501.938995373,35.6,70.1,55.1,54.9,1824000,"{""clock_mhz"":""231"",""max_gpuclk"":""680000000"",""thermal_pwrlevel"":""6"",""gpu_busy_percentage"":""1 %"",""gpubusy"":""13221 1036727"",""temp"":""55100"",""reset_count"":""356104""}",4848.265625,,"5:freezer:/
4:cpuset:/top-app
3:cpuacct:/top-app
2:cpu:/top-app
1:blkio:/top
0::/apps/uid_10247/pid_11813"
sustained-fixed-context-15min-r0-v1-cpu,qwen2.5-coder-1.5b,sustained-fixed-context,sustained,api-20261003T210139Z-UNPLUGGED,"[""Run failed, was aborted, or did not parse""]",False,False,-15,Android public thermal status reached SEVERE; stop sustained load,2026-10-03T23:08:19.001426+00:00,432503.051228758,35.6,70.9,56.6,56.4,1824000,"{""clock_mhz"":""231"",""max_gpuclk"":""680000000"",""thermal_pwrlevel"":""6"",""gpu_busy_percentage"":""1 %"",""gpubusy"":""13826 1043447"",""temp"":""56600"",""reset_count"":""356104""}",4847.7734375,,"5:freezer:/
4:cpuset:/top-app
3:cpuacct:/top-app
2:cpu:/top-app
1:blkio:/top
0::/apps/uid_10247/pid_11813"
sustained-fixed-context-15min-r0-v1-cpu,qwen2.5-coder-1.5b,sustained-fixed-context,sustained,api-20261003T210139Z-UNPLUGGED,"[""Run failed, was aborted, or did not parse""]",False,False,-15,Android public thermal status reached SEVERE; stop sustained load,2026-10-03T23:08:20.171314+00:00,432504.221152977,35.6,70.9,57.0,57.2,1824000,"{""clock_mhz"":""231"",""max_gpuclk"":""680000000"",""thermal_pwrlevel"":""6"",""gpu_busy_percentage"":""1 %"",""gpubusy"":""12628 1011828"",""temp"":""57400"",""reset_count"":""356104""}",4848.5625,,"5:freezer:/
4:cpuset:/top-app
3:cpuacct:/top-app
2:cpu:/top-app
1:blkio:/top
0::/apps/uid_10247/pid_11813"
sustained-fixed-context-15min-r0-v1-cpu,qwen2.5-coder-1.5b,sustained-fixed-context,sustained,api-20261003T210139Z-UNPLUGGED,"[""Run failed, was aborted, or did not parse""]",False,False,-15,Android public thermal status reached SEVERE; stop sustained load,2026-10-03T23:08:21.327491+00:00,432505.377241674,35.6,72.4,58.2,58.0,1824000,"{""clock_mhz"":""231"",""max_gpuclk"":""680000000"",""thermal_pwrlevel"":""6"",""gpu_busy_percentage"":""1 %"",""gpubusy"":""12927 1012591"",""temp"":""57800"",""reset_count"":""356104""}",4847.4765625,,"5:freezer:/
4:cpuset:/top-app
3:cpuacct:/top-app
2:cpu:/top-app
1:blkio:/top
0::/apps/uid_10247/pid_11813"
sustained-fixed-context-15min-r0-v1-cpu,qwen2.5-coder-1.5b,sustained-fixed-context,sustained,api-20261003T210139Z-UNPLUGGED,"[""Run failed, was aborted, or did not parse""]",False,False,-15,Android public thermal status reached SEVERE; stop sustained load,2026-10-03T23:08:22.429224+00:00,432506.478973653,35.6,74.0,57.8,56.4,1824000,"{""clock_mhz"":""231"",""max_gpuclk"":""680000000"",""thermal_pwrlevel"":""6"",""gpu_busy_percentage"":""1 %"",""gpubusy"":""13916 1032388"",""temp"":""57400"",""reset_count"":""356104""}",4840.83984375,,"5:freezer:/
4:cpuset:/top-app
3:cpuacct:/top-app
2:cpu:/top-app
1:blkio:/top
0::/apps/uid_10247/pid_11813"
sustained-fixed-context-15min-r0-v1-cpu,qwen2.5-coder-1.5b,sustained-fixed-context,sustained,api-20261003T210139Z-UNPLUGGED,"[""Run failed, was aborted, or did not parse""]",False,False,-15,Android public thermal status reached SEVERE; stop sustained load,2026-10-03T23:08:23.526265+00:00,432507.576079902,36.2,75.2,57.0,55.7,1824000,"{""clock_mhz"":""231"",""max_gpuclk"":""680000000"",""thermal_pwrlevel"":""6"",""gpu_busy_percentage"":""1 %"",""gpubusy"":""15439 1004166"",""temp"":""57400"",""reset_count"":""356104""}",4836.5,,"5:freezer:/
4:cpuset:/top-app
3:cpuacct:/top-app
2:cpu:/top-app
1:blkio:/top
0::/apps/uid_10247/pid_11813"
sustained-fixed-context-15min-r0-v1-cpu,qwen2.5-coder-1.5b,sustained-fixed-context,sustained,api-20261003T210139Z-UNPLUGGED,"[""Run failed, was aborted, or did not parse""]",False,False,-15,Android public thermal status reached SEVERE; stop sustained load,2026-10-03T23:08:24.646882+00:00,432508.696630319,36.2,74.4,56.6,55.3,1824000,"{""clock_mhz"":""231"",""max_gpuclk"":""680000000"",""thermal_pwrlevel"":""6"",""gpu_busy_percentage"":""1 %"",""gpubusy"":""15083 1008136"",""temp"":""57400"",""reset_count"":""356104""}",4836.5,,"5:freezer:/
4:cpuset:/top-app
3:cpuacct:/top-app
2:cpu:/top-app
1:blkio:/top
0::/apps/uid_10247/pid_11813"
sustained-fixed-context-15min-r0-v1-cpu,qwen2.5-coder-1.5b,sustained-fixed-context,sustained,api-20261003T210139Z-UNPLUGGED,"[""Run failed, was aborted, or did not parse""]",False,False,-15,Android public thermal status reached SEVERE; stop sustained load,2026-10-03T23:08:25.748008+00:00,432509.797757766,36.2,74.0,57.0,55.3,1824000,"{""clock_mhz"":""231"",""max_gpuclk"":""680000000"",""thermal_pwrlevel"":""6"",""gpu_busy_percentage"":""1 %"",""gpubusy"":""14725 1015911"",""temp"":""57000"",""reset_count"":""356104""}",4836.25390625,,"5:freezer:/
4:cpuset:/top-app
3:cpuacct:/top-app
2:cpu:/top-app
1:blkio:/top
0::/apps/uid_10247/pid_11813"
sustained-fixed-context-15min-r0-v1-cpu,qwen2.5-coder-1.5b,sustained-fixed-context,sustained,api-20261003T210139Z-UNPLUGGED,"[""Run failed, was aborted, or did not parse""]",False,False,-15,Android public thermal status reached SEVERE; stop sustained load,2026-10-03T23:08:26.895831+00:00,432510.945597922,36.2,73.6,57.0,55.3,1824000,"{""clock_mhz"":""231"",""max_gpuclk"":""680000000"",""thermal_pwrlevel"":""6"",""gpu_busy_percentage"":""1 %"",""gpubusy"":""16284 1009618"",""temp"":""57000"",""reset_count"":""356104""}",4834.765625,,"5:freezer:/
4:cpuset:/top-app
3:cpuacct:/top-app
2:cpu:/top-app
1:blkio:/top
0::/apps/uid_10247/pid_11813"
sustained-fixed-context-15min-r0-v1-cpu,qwen2.5-coder-1.5b,sustained-fixed-context,sustained,api-20261003T210139Z-UNPLUGGED,"[""Run failed, was aborted, or did not parse""]",False,False,-15,Android public thermal status reached SEVERE; stop sustained load,2026-10-03T23:08:28.040082+00:00,432512.089856151,36.2,74.0,58.2,58.0,1824000,"{""clock_mhz"":""231"",""max_gpuclk"":""680000000"",""thermal_pwrlevel"":""6"",""gpu_busy_percentage"":""1 %"",""gpubusy"":""14301 1030192"",""temp"":""58200"",""reset_count"":""356104""}",4834.75,,"5:freezer:/
4:cpuset:/top-app
3:cpuacct:/top-app
2:cpu:/top-app
1:blkio:/top
0::/apps/uid_10247/pid_11813"
sustained-fixed-context-15min-r0-v1-cpu,qwen2.5-coder-1.5b,sustained-fixed-context,sustained,api-20261003T210139Z-UNPLUGGED,"[""Run failed, was aborted, or did not parse""]",False,False,-15,Android public thermal status reached SEVERE; stop sustained load,2026-10-03T23:08:29.185360+00:00,432513.235119952,36.2,75.5,59.4,59.2,1824000,"{""clock_mhz"":""231"",""max_gpuclk"":""680000000"",""thermal_pwrlevel"":""6"",""gpu_busy_percentage"":""1 %"",""gpubusy"":""14083 1014061"",""temp"":""59400"",""reset_count"":""356104""}",4832.2890625,,"5:freezer:/
4:cpuset:/top-app
3:cpuacct:/top-app
2:cpu:/top-app
1:blkio:/top
0::/apps/uid_10247/pid_11813"
sustained-fixed-context-15min-r0-v1-cpu,qwen2.5-coder-1.5b,sustained-fixed-context,sustained,api-20261003T210139Z-UNPLUGGED,"[""Run failed, was aborted, or did not parse""]",False,False,-15,Android public thermal status reached SEVERE; stop sustained load,2026-10-03T23:08:30.314139+00:00,432514.36392641,36.2,74.8,59.8,60.0,1824000,"{""clock_mhz"":""231"",""max_gpuclk"":""680000000"",""thermal_pwrlevel"":""6"",""gpu_busy_percentage"":""1 %"",""gpubusy"":""13347 1018074"",""temp"":""60200"",""reset_count"":""356104""}",4815.31640625,,"5:freezer:/
4:cpuset:/top-app
3:cpuacct:/top-app
2:cpu:/top-app
1:blkio:/top
0::/apps/uid_10247/pid_11813"
sustained-fixed-context-15min-r0-v1-cpu,qwen2.5-coder-1.5b,sustained-fixed-context,sustained,api-20261003T210139Z-UNPLUGGED,"[""Run failed, was aborted, or did not parse""]",False,False,-15,Android public thermal status reached SEVERE; stop sustained load,2026-10-03T23:08:31.469991+00:00,432515.519744951,36.2,75.2,60.6,60.3,1824000,"{""clock_mhz"":""231"",""max_gpuclk"":""680000000"",""thermal_pwrlevel"":""6"",""gpu_busy_percentage"":""1 %"",""gpubusy"":""12667 1000718"",""temp"":""60600"",""reset_count"":""356104""}",4814.80859375,,"5:freezer:/
4:cpuset:/top-app
3:cpuacct:/top-app
2:cpu:/top-app
1:blkio:/top
0::/apps/uid_10247/pid_11813"
sustained-fixed-context-15min-r0-v1-cpu,qwen2.5-coder-1.5b,sustained-fixed-context,sustained,api-20261003T210139Z-UNPLUGGED,"[""Run failed, was aborted, or did not parse""]",False,False,-15,Android public thermal status reached SEVERE; stop sustained load,2026-10-03T23:08:32.607586+00:00,432516.657333753,36.2,78.3,59.8,58.8,1824000,"{""clock_mhz"":""231"",""max_gpuclk"":""680000000"",""thermal_pwrlevel"":""6"",""gpu_busy_percentage"":""1 %"",""gpubusy"":""14395 1029010"",""temp"":""59800"",""reset_count"":""356104""}",4811.953125,,"5:freezer:/
4:cpuset:/top-app
3:cpuacct:/top-app
2:cpu:/top-app
1:blkio:/top
0::/apps/uid_10247/pid_11813"
sustained-fixed-context-15min-r0-v1-cpu,qwen2.5-coder-1.5b,sustained-fixed-context,sustained,api-20261003T210139Z-UNPLUGGED,"[""Run failed, was aborted, or did not parse""]",False,False,-15,Android public thermal status reached SEVERE; stop sustained load,2026-10-03T23:08:33.707974+00:00,432517.757743909,36.2,76.7,59.4,58.0,1824000,"{""clock_mhz"":""231"",""max_gpuclk"":""680000000"",""thermal_pwrlevel"":""6"",""gpu_busy_percentage"":""1 %"",""gpubusy"":""13577 1006387"",""temp"":""59800"",""reset_count"":""356104""}",4810.71484375,,"5:freezer:/
4:cpuset:/top-app
3:cpuacct:/top-app
2:cpu:/top-app
1:blkio:/top
0::/apps/uid_10247/pid_11813"
sustained-fixed-context-15min-r0-v1-cpu,qwen2.5-coder-1.5b,sustained-fixed-context,sustained,api-20261003T210139Z-UNPLUGGED,"[""Run failed, was aborted, or did not parse""]",False,False,-15,Android public thermal status reached SEVERE; stop sustained load,2026-10-03T23:08:34.823971+00:00,432518.878699429,36.2,77.1,59.0,57.2,1824000,"{""clock_mhz"":""231"",""max_gpuclk"":""680000000"",""thermal_pwrlevel"":""6"",""gpu_busy_percentage"":""1 %"",""gpubusy"":""14234 1027390"",""temp"":""59000"",""reset_count"":""356104""}",4808.97265625,,"5:freezer:/
4:cpuset:/top-app
3:cpuacct:/top-app
2:cpu:/top-app
1:blkio:/top
0::/apps/uid_10247/pid_11813"
sustained-fixed-context-15min-r0-v1-cpu,qwen2.5-coder-1.5b,sustained-fixed-context,sustained,api-20261003T210139Z-UNPLUGGED,"[""Run failed, was aborted, or did not parse""]",False,False,-15,Android public thermal status reached SEVERE; stop sustained load,2026-10-03T23:08:35.940182+00:00,432519.989951877,36.2,76.3,59.4,57.6,1824000,"{""clock_mhz"":""231"",""max_gpuclk"":""680000000"",""thermal_pwrlevel"":""6"",""gpu_busy_percentage"":""1 %"",""gpubusy"":""14335 1032293"",""temp"":""59000"",""reset_count"":""356104""}",4807.49609375,,"5:freezer:/
4:cpuset:/top-app
3:cpuacct:/top-app
2:cpu:/top-app
1:blkio:/top
0::/apps/uid_10247/pid_11813"
sustained-fixed-context-15min-r0-v1-cpu,qwen2.5-coder-1.5b,sustained-fixed-context,sustained,api-20261003T210139Z-UNPLUGGED,"[""Run failed, was aborted, or did not parse""]",False,False,-15,Android public thermal status reached SEVERE; stop sustained load,2026-10-03T23:08:37.052830+00:00,432521.10259922,36.2,75.2,59.0,57.2,1824000,"{""clock_mhz"":""231"",""max_gpuclk"":""680000000"",""thermal_pwrlevel"":""6"",""gpu_busy_percentage"":""1 %"",""gpubusy"":""15279 1012857"",""temp"":""59400"",""reset_count"":""356104""}",4777.5703125,,"5:freezer:/
4:cpuset:/top-app
3:cpuacct:/top-app
2:cpu:/top-app
1:blkio:/top
0::/apps/uid_10247/pid_11813"
sustained-fixed-context-15min-r0-v1-cpu,qwen2.5-coder-1.5b,sustained-fixed-context,sustained,api-20261003T210139Z-UNPLUGGED,"[""Run failed, was aborted, or did not parse""]",False,False,-15,Android public thermal status reached SEVERE; stop sustained load,2026-10-03T23:08:38.263312+00:00,432522.313097761,36.2,75.2,60.2,60.0,1824000,"{""clock_mhz"":""231"",""max_gpuclk"":""680000000"",""thermal_pwrlevel"":""6"",""gpu_busy_percentage"":""1 %"",""gpubusy"":""14043 1001151"",""temp"":""60200"",""reset_count"":""356104""}",4760.46484375,,"5:freezer:/
4:cpuset:/top-app
3:cpuacct:/top-app
2:cpu:/top-app
1:blkio:/top
0::/apps/uid_10247/pid_11813"
sustained-fixed-context-15min-r0-v1-cpu,qwen2.5-coder-1.5b,sustained-fixed-context,sustained,api-20261003T210139Z-UNPLUGGED,"[""Run failed, was aborted, or did not parse""]",False,False,-15,Android public thermal status reached SEVERE; stop sustained load,2026-10-03T23:08:39.386781+00:00,432523.436550938,36.2,75.9,61.0,60.3,1824000,"{""clock_mhz"":""231"",""max_gpuclk"":""680000000"",""thermal_pwrlevel"":""6"",""gpu_busy_percentage"":""1 %"",""gpubusy"":""13301 1024391"",""temp"":""61000"",""reset_count"":""356104""}",4758.97265625,,"5:freezer:/
4:cpuset:/top-app
3:cpuacct:/top-app
2:cpu:/top-app
1:blkio:/top
0::/apps/uid_10247/pid_11813"
sustained-fixed-context-15min-r0-v1-cpu,qwen2.5-coder-1.5b,sustained-fixed-context,sustained,api-20261003T210139Z-UNPLUGGED,"[""Run failed, was aborted, or did not parse""]",False,False,-15,Android public thermal status reached SEVERE; stop sustained load,2026-10-03T23:08:40.515992+00:00,432524.565742656,36.2,75.5,61.8,61.1,1593600,"{""clock_mhz"":""231"",""max_gpuclk"":""366000000"",""thermal_pwrlevel"":""11"",""gpu_busy_percentage"":""1 %"",""gpubusy"":""14583 1013002"",""temp"":""61800"",""reset_count"":""356104""}",4748.45703125,,"5:freezer:/
4:cpuset:/top-app
3:cpuacct:/top-app
2:cpu:/top-app
1:blkio:/top
0::/apps/uid_10247/pid_11813"
sustained-fixed-context-15min-r0-v1-cpu,qwen2.5-coder-1.5b,sustained-fixed-context,sustained,api-20261003T210139Z-UNPLUGGED,"[""Run failed, was aborted, or did not parse""]",False,False,-15,Android public thermal status reached SEVERE; stop sustained load,2026-10-03T23:08:41.644192+00:00,432525.693940156,36.2,74.4,61.0,60.7,1593600,"{""clock_mhz"":""231"",""max_gpuclk"":""366000000"",""thermal_pwrlevel"":""11"",""gpu_busy_percentage"":""1 %"",""gpubusy"":""10155 1008921"",""temp"":""61000"",""reset_count"":""356104""}",4721.5546875,,"5:freezer:/
4:cpuset:/top-app
3:cpuacct:/top-app
2:cpu:/top-app
1:blkio:/top
0::/apps/uid_10247/pid_11813"
sustained-fixed-context-15min-r0-v1-cpu,qwen2.5-coder-1.5b,sustained-fixed-context,sustained,api-20261003T210139Z-UNPLUGGED,"[""Run failed, was aborted, or did not parse""]",False,False,-15,Android public thermal status reached SEVERE; stop sustained load,2026-10-03T23:08:42.767213+00:00,432526.816963333,36.2,74.0,60.6,60.3,1593600,"{""clock_mhz"":""231"",""max_gpuclk"":""366000000"",""thermal_pwrlevel"":""11"",""gpu_busy_percentage"":""1 %"",""gpubusy"":""10553 1001023"",""temp"":""60600"",""reset_count"":""356104""}",4797.70703125,,"5:freezer:/
4:cpuset:/top-app
3:cpuacct:/top-app
2:cpu:/top-app
1:blkio:/top
0::/apps/uid_10247/pid_11813"
sustained-fixed-context-15min-r0-v1-cpu,qwen2.5-coder-1.5b,sustained-fixed-context,sustained,api-20261003T210139Z-UNPLUGGED,"[""Run failed, was aborted, or did not parse""]",False,False,-15,Android public thermal status reached SEVERE; stop sustained load,2026-10-03T23:08:43.951283+00:00,432528.001053488,36.2,73.6,59.4,58.4,1593600,"{""clock_mhz"":""231"",""max_gpuclk"":""366000000"",""thermal_pwrlevel"":""11"",""gpu_busy_percentage"":""1 %"",""gpubusy"":""11951 1016504"",""temp"":""59400"",""reset_count"":""356104""}",4788.6875,,"5:freezer:/
4:cpuset:/top-app
3:cpuacct:/top-app
2:cpu:/top-app
1:blkio:/top
0::/apps/uid_10247/pid_11813"
sustained-fixed-context-15min-r0-v1-cpu,qwen2.5-coder-1.5b,sustained-fixed-context,sustained,api-20261003T210139Z-UNPLUGGED,"[""Run failed, was aborted, or did not parse""]",False,False,-15,Android public thermal status reached SEVERE; stop sustained load,2026-10-03T23:08:45.078652+00:00,432529.128403696,36.2,72.8,59.0,57.6,1593600,"{""clock_mhz"":""231"",""max_gpuclk"":""366000000"",""thermal_pwrlevel"":""11"",""gpu_busy_percentage"":""1 %"",""gpubusy"":""14209 1008988"",""temp"":""59000"",""reset_count"":""356104""}",4785.25390625,,"5:freezer:/
4:cpuset:/top-app
3:cpuacct:/top-app
2:cpu:/top-app
1:blkio:/top
0::/apps/uid_10247/pid_11813"
sustained-fixed-context-15min-r0-v1-cpu,qwen2.5-coder-1.5b,sustained-fixed-context,sustained,api-20261003T210139Z-UNPLUGGED,"[""Run failed, was aborted, or did not parse""]",False,False,-15,Android public thermal status reached SEVERE; stop sustained load,2026-10-03T23:08:46.189429+00:00,432530.239180727,36.2,72.4,58.2,56.8,1593600,"{""clock_mhz"":""231"",""max_gpuclk"":""366000000"",""thermal_pwrlevel"":""11"",""gpu_busy_percentage"":""1 %"",""gpubusy"":""13962 1008767"",""temp"":""58600"",""reset_count"":""356104""}",4784.71484375,,"5:freezer:/
4:cpuset:/top-app
3:cpuacct:/top-app
2:cpu:/top-app
1:blkio:/top
0::/apps/uid_10247/pid_11813"
sustained-fixed-context-15min-r0-v1-cpu,qwen2.5-coder-1.5b,sustained-fixed-context,sustained,api-20261003T210139Z-UNPLUGGED,"[""Run failed, was aborted, or did not parse""]",False,False,-15,Android public thermal status reached SEVERE; stop sustained load,2026-10-03T23:08:47.310520+00:00,432531.3603313,36.2,71.3,57.8,56.4,1593600,"{""clock_mhz"":""231"",""max_gpuclk"":""366000000"",""thermal_pwrlevel"":""11"",""gpu_busy_percentage"":""1 %"",""gpubusy"":""13951 1013303"",""temp"":""57800"",""reset_count"":""356104""}",4782.25390625,,"5:freezer:/
4:cpuset:/top-app
3:cpuacct:/top-app
2:cpu:/top-app
1:blkio:/top
0::/apps/uid_10247/pid_11813"
sustained-fixed-context-15min-r0-v1-cpu,qwen2.5-coder-1.5b,sustained-fixed-context,sustained,api-20261003T210139Z-UNPLUGGED,"[""Run failed, was aborted, or did not parse""]",False,False,-15,Android public thermal status reached SEVERE; stop sustained load,2026-10-03T23:08:48.465839+00:00,432532.515588643,36.2,70.5,57.8,56.4,1593600,"{""clock_mhz"":""231"",""max_gpuclk"":""366000000"",""thermal_pwrlevel"":""11"",""gpu_busy_percentage"":""1 %"",""gpubusy"":""13928 1016043"",""temp"":""57800"",""reset_count"":""356104""}",4779.28125,,"5:freezer:/
4:cpuset:/top-app
3:cpuacct:/top-app
2:cpu:/top-app
1:blkio:/top
0::/apps/uid_10247/pid_11813"
sustained-fixed-context-15min-r0-v1-cpu,qwen2.5-coder-1.5b,sustained-fixed-context,sustained,api-20261003T210139Z-UNPLUGGED,"[""Run failed, was aborted, or did not parse""]",False,False,-15,Android public thermal status reached SEVERE; stop sustained load,2026-10-03T23:08:49.576910+00:00,432533.626656351,36.2,69.3,57.4,56.8,1593600,"{""clock_mhz"":""231"",""max_gpuclk"":""366000000"",""thermal_pwrlevel"":""11"",""gpu_busy_percentage"":""1 %"",""gpubusy"":""13282 1027608"",""temp"":""57400"",""reset_count"":""356104""}",4776.140625,,"5:freezer:/
4:cpuset:/top-app
3:cpuacct:/top-app
2:cpu:/top-app
1:blkio:/top
0::/apps/uid_10247/pid_11813"
sustained-fixed-context-15min-r0-v1-cpu,qwen2.5-coder-1.5b,sustained-fixed-context,sustained,api-20261003T210139Z-UNPLUGGED,"[""Run failed, was aborted, or did not parse""]",False,False,-15,Android public thermal status reached SEVERE; stop sustained load,2026-10-03T23:08:50.698701+00:00,432534.748450361,36.2,71.6,58.6,58.4,1593600,"{""clock_mhz"":""231"",""max_gpuclk"":""366000000"",""thermal_pwrlevel"":""11"",""gpu_busy_percentage"":""1 %"",""gpubusy"":""13206 1003776"",""temp"":""58600"",""reset_count"":""356104""}",4774.92578125,,"5:freezer:/
4:cpuset:/top-app
3:cpuacct:/top-app
2:cpu:/top-app
1:blkio:/top
0::/apps/uid_10247/pid_11813"
sustained-fixed-context-15min-r0-v1-cpu,qwen2.5-coder-1.5b,sustained-fixed-context,sustained,api-20261003T210139Z-UNPLUGGED,"[""Run failed, was aborted, or did not parse""]",False,False,-15,Android public thermal status reached SEVERE; stop sustained load,2026-10-03T23:08:51.855240+00:00,432535.904992131,36.2,72.0,59.4,59.2,1593600,"{""clock_mhz"":""231"",""max_gpuclk"":""366000000"",""thermal_pwrlevel"":""11"",""gpu_busy_percentage"":""1 %"",""gpubusy"":""13275 1003805"",""temp"":""59400"",""reset_count"":""356104""}",4774.1875,,"5:freezer:/
4:cpuset:/top-app
3:cpuacct:/top-app
2:cpu:/top-app
1:blkio:/top
0::/apps/uid_10247/pid_11813"
sustained-fixed-context-15min-r0-v1-cpu,qwen2.5-coder-1.5b,sustained-fixed-context,sustained,api-20261003T210139Z-UNPLUGGED,"[""Run failed, was aborted, or did not parse""]",False,False,-15,Android public thermal status reached SEVERE; stop sustained load,2026-10-03T23:08:52.968878+00:00,432537.018638902,36.2,72.0,59.8,60.0,1593600,"{""clock_mhz"":""231"",""max_gpuclk"":""366000000"",""thermal_pwrlevel"":""11"",""gpu_busy_percentage"":""1 %"",""gpubusy"":""12104 1013436"",""temp"":""59800"",""reset_count"":""356104""}",4774.4140625,,"5:freezer:/
4:cpuset:/top-app
3:cpuacct:/top-app
2:cpu:/top-app
1:blkio:/top
0::/apps/uid_10247/pid_11813"
sustained-fixed-context-15min-r0-v1-cpu,qwen2.5-coder-1.5b,sustained-fixed-context,sustained,api-20261003T210139Z-UNPLUGGED,"[""Run failed, was aborted, or did not parse""]",False,False,-15,Android public thermal status reached SEVERE; stop sustained load,2026-10-03T23:08:54.185078+00:00,432538.234872339,37.1,73.2,59.8,60.3,1593600,"{""clock_mhz"":""231"",""max_gpuclk"":""366000000"",""thermal_pwrlevel"":""11"",""gpu_busy_percentage"":""1 %"",""gpubusy"":""12284 1012563"",""temp"":""59800"",""reset_count"":""356104""}",4764.08203125,,"5:freezer:/
4:cpuset:/top-app
3:cpuacct:/top-app
2:cpu:/top-app
1:blkio:/top
0::/apps/uid_10247/pid_11813"
sustained-fixed-context-15min-r0-v1-cpu,qwen2.5-coder-1.5b,sustained-fixed-context,sustained,api-20261003T210139Z-UNPLUGGED,"[""Run failed, was aborted, or did not parse""]",False,False,-15,Android public thermal status reached SEVERE; stop sustained load,2026-10-03T23:08:55.359857+00:00,432539.409627494,37.1,73.2,60.2,60.7,1593600,"{""clock_mhz"":""231"",""max_gpuclk"":""366000000"",""thermal_pwrlevel"":""11"",""gpu_busy_percentage"":""1 %"",""gpubusy"":""11833 1011621"",""temp"":""60200"",""reset_count"":""356104""}",4761.12890625,,"5:freezer:/
4:cpuset:/top-app
3:cpuacct:/top-app
2:cpu:/top-app
1:blkio:/top
0::/apps/uid_10247/pid_11813"
sustained-fixed-context-15min-r0-v1-cpu,qwen2.5-coder-1.5b,sustained-fixed-context,sustained,api-20261003T210139Z-UNPLUGGED,"[""Run failed, was aborted, or did not parse""]",False,False,-15,Android public thermal status reached SEVERE; stop sustained load,2026-10-03T23:08:56.473842+00:00,432540.523589421,37.1,73.2,59.0,58.0,1593600,"{""clock_mhz"":""231"",""max_gpuclk"":""366000000"",""thermal_pwrlevel"":""11"",""gpu_busy_percentage"":""1 %"",""gpubusy"":""12419 1010647"",""temp"":""59400"",""reset_count"":""356104""}",4760.421875,,"5:freezer:/
4:cpuset:/top-app
3:cpuacct:/top-app
2:cpu:/top-app
1:blkio:/top
0::/apps/uid_10247/pid_11813"
sustained-fixed-context-15min-r0-v1-cpu,qwen2.5-coder-1.5b,sustained-fixed-context,sustained,api-20261003T210139Z-UNPLUGGED,"[""Run failed, was aborted, or did not parse""]",False,False,-15,Android public thermal status reached SEVERE; stop sustained load,2026-10-03T23:08:57.580208+00:00,432541.629974681,37.1,72.4,58.6,57.2,1593600,"{""clock_mhz"":""231"",""max_gpuclk"":""366000000"",""thermal_pwrlevel"":""11"",""gpu_busy_percentage"":""1 %"",""gpubusy"":""14568 1012976"",""temp"":""58600"",""reset_count"":""356104""}",4801.08984375,,"5:freezer:/
4:cpuset:/top-app
3:cpuacct:/top-app
2:cpu:/top-app
1:blkio:/top
0::/apps/uid_10247/pid_11813"
sustained-fixed-context-15min-r0-v1-cpu,qwen2.5-coder-1.5b,sustained-fixed-context,sustained,api-20261003T210139Z-UNPLUGGED,"[""Run failed, was aborted, or did not parse""]",False,False,-15,Android public thermal status reached SEVERE; stop sustained load,2026-10-03T23:08:58.725760+00:00,432542.775509316,37.1,71.6,58.2,56.8,1593600,"{""clock_mhz"":""231"",""max_gpuclk"":""366000000"",""thermal_pwrlevel"":""11"",""gpu_busy_percentage"":""1 %"",""gpubusy"":""13517 1029052"",""temp"":""58200"",""reset_count"":""356104""}",4799.859375,,"5:freezer:/
4:cpuset:/top-app
3:cpuacct:/top-app
2:cpu:/top-app
1:blkio:/top
0::/apps/uid_10247/pid_11813"
sustained-fixed-context-15min-r0-v1-cpu,qwen2.5-coder-1.5b,sustained-fixed-context,sustained,api-20261003T210139Z-UNPLUGGED,"[""Run failed, was aborted, or did not parse""]",False,False,-15,Android public thermal status reached SEVERE; stop sustained load,2026-10-03T23:08:59.826169+00:00,432543.875918586,37.1,71.3,57.8,56.8,1593600,"{""clock_mhz"":""231"",""max_gpuclk"":""366000000"",""thermal_pwrlevel"":""11"",""gpu_busy_percentage"":""1 %"",""gpubusy"":""12946 1001851"",""temp"":""58200"",""reset_count"":""356104""}",4797.9375,,"5:freezer:/
4:cpuset:/top-app
3:cpuacct:/top-app
2:cpu:/top-app
1:blkio:/top
0::/apps/uid_10247/pid_11813"
sustained-fixed-context-15min-r0-v1-cpu,qwen2.5-coder-1.5b,sustained-fixed-context,sustained,api-20261003T210139Z-UNPLUGGED,"[""Run failed, was aborted, or did not parse""]",False,False,-15,Android public thermal status reached SEVERE; stop sustained load,2026-10-03T23:09:00.935289+00:00,432544.985063534,37.1,70.9,57.8,56.1,1593600,"{""clock_mhz"":""231"",""max_gpuclk"":""366000000"",""thermal_pwrlevel"":""11"",""gpu_busy_percentage"":""1 %"",""gpubusy"":""14024 1013531"",""temp"":""57400"",""reset_count"":""356104""}",4795.4765625,,"5:freezer:/
4:cpuset:/top-app
3:cpuacct:/top-app
2:cpu:/top-app
1:blkio:/top
0::/apps/uid_10247/pid_11813"
sustained-fixed-context-15min-r0-v1-cpu,qwen2.5-coder-1.5b,sustained-fixed-context,sustained,api-20261003T210139Z-UNPLUGGED,"[""Run failed, was aborted, or did not parse""]",False,False,-15,Android public thermal status reached SEVERE; stop sustained load,2026-10-03T23:09:02.109293+00:00,432546.159056554,37.1,69.7,58.2,57.2,1593600,"{""clock_mhz"":""231"",""max_gpuclk"":""366000000"",""thermal_pwrlevel"":""11"",""gpu_busy_percentage"":""1 %"",""gpubusy"":""13108 1022996"",""temp"":""58200"",""reset_count"":""356104""}",4787.8515625,,"5:freezer:/
4:cpuset:/top-app
3:cpuacct:/top-app
2:cpu:/top-app
1:blkio:/top
0::/apps/uid_10247/pid_11813"
sustained-fixed-context-15min-r0-v1-cpu,qwen2.5-coder-1.5b,sustained-fixed-context,sustained,api-20261003T210139Z-UNPLUGGED,"[""Run failed, was aborted, or did not parse""]",False,False,-15,Android public thermal status reached SEVERE; stop sustained load,2026-10-03T23:09:03.274911+00:00,432547.324665408,37.1,71.6,59.4,59.2,1593600,"{""clock_mhz"":""231"",""max_gpuclk"":""366000000"",""thermal_pwrlevel"":""11"",""gpu_busy_percentage"":""1 %"",""gpubusy"":""12166 1025152"",""temp"":""59000"",""reset_count"":""356104""}",4791.14453125,,"5:freezer:/
4:cpuset:/top-app
3:cpuacct:/top-app
2:cpu:/top-app
1:blkio:/top
0::/apps/uid_10247/pid_11813"
sustained-fixed-context-15min-r0-v1-cpu,qwen2.5-coder-1.5b,sustained-fixed-context,sustained,api-20261003T210139Z-UNPLUGGED,"[""Run failed, was aborted, or did not parse""]",False,False,-15,Android public thermal status reached SEVERE; stop sustained load,2026-10-03T23:09:04.409834+00:00,432548.459581085,37.1,73.2,59.8,60.0,1593600,"{""clock_mhz"":""231"",""max_gpuclk"":""366000000"",""thermal_pwrlevel"":""11"",""gpu_busy_percentage"":""1 %"",""gpubusy"":""13649 1014866"",""temp"":""59800"",""reset_count"":""356104""}",4790.8984375,,"5:freezer:/
4:cpuset:/top-app
3:cpuacct:/top-app
2:cpu:/top-app
1:blkio:/top
0::/apps/uid_10247/pid_11813"
sustained-fixed-context-15min-r0-v1-cpu,qwen2.5-coder-1.5b,sustained-fixed-context,sustained,api-20261003T210139Z-UNPLUGGED,"[""Run failed, was aborted, or did not parse""]",False,False,-15,Android public thermal status reached SEVERE; stop sustained load,2026-10-03T23:09:05.536072+00:00,432549.585827959,37.1,72.8,60.2,60.7,1593600,"{""clock_mhz"":""231"",""max_gpuclk"":""366000000"",""thermal_pwrlevel"":""11"",""gpu_busy_percentage"":""1 %"",""gpubusy"":""13276 1005866"",""temp"":""59800"",""reset_count"":""356104""}",4788.921875,,"5:freezer:/
4:cpuset:/top-app
3:cpuacct:/top-app
2:cpu:/top-app
1:blkio:/top
0::/apps/uid_10247/pid_11813"
sustained-fixed-context-15min-r0-v1-cpu,qwen2.5-coder-1.5b,sustained-fixed-context,sustained,api-20261003T210139Z-UNPLUGGED,"[""Run failed, was aborted, or did not parse""]",False,False,-15,Android public thermal status reached SEVERE; stop sustained load,2026-10-03T23:09:06.649868+00:00,432550.69962749,37.1,74.0,60.2,60.7,1593600,"{""clock_mhz"":""231"",""max_gpuclk"":""366000000"",""thermal_pwrlevel"":""11"",""gpu_busy_percentage"":""1 %"",""gpubusy"":""15305 1008814"",""temp"":""60200"",""reset_count"":""356104""}",4786.94921875,,"5:freezer:/
4:cpuset:/top-app
3:cpuacct:/top-app
2:cpu:/top-app
1:blkio:/top
0::/apps/uid_10247/pid_11813"
sustained-fixed-context-15min-r0-v1-cpu,qwen2.5-coder-1.5b,sustained-fixed-context,sustained,api-20261003T210139Z-UNPLUGGED,"[""Run failed, was aborted, or did not parse""]",False,False,-15,Android public thermal status reached SEVERE; stop sustained load,2026-10-03T23:09:07.784301+00:00,432551.834046969,37.1,76.3,61.0,60.7,1593600,"{""clock_mhz"":""231"",""max_gpuclk"":""366000000"",""thermal_pwrlevel"":""11"",""gpu_busy_percentage"":""1 %"",""gpubusy"":""13983 1002905"",""temp"":""60600"",""reset_count"":""356104""}",4786.4609375,,"5:freezer:/
4:cpuset:/top-app
3:cpuacct:/top-app
2:cpu:/top-app
1:blkio:/top
0::/apps/uid_10247/pid_11813"
sustained-fixed-context-15min-r0-v1-cpu,qwen2.5-coder-1.5b,sustained-fixed-context,sustained,api-20261003T210139Z-UNPLUGGED,"[""Run failed, was aborted, or did not parse""]",False,False,-15,Android public thermal status reached SEVERE; stop sustained load,2026-10-03T23:09:08.894214+00:00,432552.944164781,37.1,74.8,59.8,58.4,1593600,"{""clock_mhz"":""231"",""max_gpuclk"":""366000000"",""thermal_pwrlevel"":""11"",""gpu_busy_percentage"":""1 %"",""gpubusy"":""13592 1013770"",""temp"":""59800"",""reset_count"":""356104""}",4785.4765625,,"5:freezer:/
4:cpuset:/top-app
3:cpuacct:/top-app
2:cpu:/top-app
1:blkio:/top
0::/apps/uid_10247/pid_11813"
sustained-fixed-context-15min-r0-v1-cpu,qwen2.5-coder-1.5b,sustained-fixed-context,sustained,api-20261003T210139Z-UNPLUGGED,"[""Run failed, was aborted, or did not parse""]",False,False,-15,Android public thermal status reached SEVERE; stop sustained load,2026-10-03T23:09:10.007550+00:00,432554.057325249,37.1,73.6,59.0,57.6,1593600,"{""clock_mhz"":""231"",""max_gpuclk"":""366000000"",""thermal_pwrlevel"":""11"",""gpu_busy_percentage"":""1 %"",""gpubusy"":""15983 1024460"",""temp"":""59400"",""reset_count"":""356104""}",4784.33984375,,"5:freezer:/
4:cpuset:/top-app
3:cpuacct:/top-app
2:cpu:/top-app
1:blkio:/top
0::/apps/uid_10247/pid_11813"
sustained-fixed-context-15min-r0-v1-cpu,qwen2.5-coder-1.5b,sustained-fixed-context,sustained,api-20261003T210139Z-UNPLUGGED,"[""Run failed, was aborted, or did not parse""]",False,False,-15,Android public thermal status reached SEVERE; stop sustained load,2026-10-03T23:09:11.113788+00:00,432555.163537384,37.1,73.2,58.6,57.6,1593600,"{""clock_mhz"":""231"",""max_gpuclk"":""366000000"",""thermal_pwrlevel"":""11"",""gpu_busy_percentage"":""1 %"",""gpubusy"":""14490 1007102"",""temp"":""59000"",""reset_count"":""356104""}",4782.12890625,,"5:freezer:/
4:cpuset:/top-app
3:cpuacct:/top-app
2:cpu:/top-app
1:blkio:/top
0::/apps/uid_10247/pid_11813"
sustained-fixed-context-15min-r0-v1-cpu,qwen2.5-coder-1.5b,sustained-fixed-context,sustained,api-20261003T210139Z-UNPLUGGED,"[""Run failed, was aborted, or did not parse""]",False,False,-15,Android public thermal status reached SEVERE; stop sustained load,2026-10-03T23:09:12.222751+00:00,432556.272500821,37.1,72.8,59.0,57.6,1593600,"{""clock_mhz"":""231"",""max_gpuclk"":""366000000"",""thermal_pwrlevel"":""11"",""gpu_busy_percentage"":""1 %"",""gpubusy"":""15447 1036295"",""temp"":""58600"",""reset_count"":""356104""}",4780.8984375,,"5:freezer:/
4:cpuset:/top-app
3:cpuacct:/top-app
2:cpu:/top-app
1:blkio:/top
0::/apps/uid_10247/pid_11813"
sustained-fixed-context-15min-r0-v1-cpu,qwen2.5-coder-1.5b,sustained-fixed-context,sustained,api-20261003T210139Z-UNPLUGGED,"[""Run failed, was aborted, or did not parse""]",False,False,-15,Android public thermal status reached SEVERE; stop sustained load,2026-10-03T23:09:13.336327+00:00,432557.386078738,37.1,71.3,58.6,56.8,1593600,"{""clock_mhz"":""231"",""max_gpuclk"":""366000000"",""thermal_pwrlevel"":""11"",""gpu_busy_percentage"":""1 %"",""gpubusy"":""14463 1026021"",""temp"":""58600"",""reset_count"":""356104""}",4780.421875,,"5:freezer:/
4:cpuset:/top-app
3:cpuacct:/top-app
2:cpu:/top-app
1:blkio:/top
0::/apps/uid_10247/pid_11813"
sustained-fixed-context-15min-r0-v1-cpu,qwen2.5-coder-1.5b,sustained-fixed-context,sustained,api-20261003T210139Z-UNPLUGGED,"[""Run failed, was aborted, or did not parse""]",False,False,-15,Android public thermal status reached SEVERE; stop sustained load,2026-10-03T23:09:14.455046+00:00,432558.504798998,37.1,71.3,59.0,58.8,1593600,"{""clock_mhz"":""231"",""max_gpuclk"":""366000000"",""thermal_pwrlevel"":""11"",""gpu_busy_percentage"":""1 %"",""gpubusy"":""13876 1017499"",""temp"":""59400"",""reset_count"":""356104""}",4779.19140625,,"5:freezer:/
4:cpuset:/top-app
3:cpuacct:/top-app
2:cpu:/top-app
1:blkio:/top
0::/apps/uid_10247/pid_11813"
sustained-fixed-context-15min-r0-v1-cpu,qwen2.5-coder-1.5b,sustained-fixed-context,sustained,api-20261003T210139Z-UNPLUGGED,"[""Run failed, was aborted, or did not parse""]",False,False,-15,Android public thermal status reached SEVERE; stop sustained load,2026-10-03T23:09:15.603832+00:00,432559.653595664,37.1,72.4,59.8,59.6,1593600,"{""clock_mhz"":""231"",""max_gpuclk"":""366000000"",""thermal_pwrlevel"":""11"",""gpu_busy_percentage"":""1 %"",""gpubusy"":""13303 1010401"",""temp"":""59800"",""reset_count"":""356104""}",4778.66796875,,"5:freezer:/
4:cpuset:/top-app
3:cpuacct:/top-app
2:cpu:/top-app
1:blkio:/top
0::/apps/uid_10247/pid_11813"
sustained-fixed-context-15min-r0-v1-cpu,qwen2.5-coder-1.5b,sustained-fixed-context,sustained,api-20261003T210139Z-UNPLUGGED,"[""Run failed, was aborted, or did not parse""]",False,False,-15,Android public thermal status reached SEVERE; stop sustained load,2026-10-03T23:09:16.747033+00:00,432560.796817538,37.1,73.6,60.6,60.3,1593600,"{""clock_mhz"":""231"",""max_gpuclk"":""366000000"",""thermal_pwrlevel"":""11"",""gpu_busy_percentage"":""1 %"",""gpubusy"":""13318 1005540"",""temp"":""60200"",""reset_count"":""356104""}",4777.20703125,,"5:freezer:/
4:cpuset:/top-app
3:cpuacct:/top-app
2:cpu:/top-app
1:blkio:/top
0::/apps/uid_10247/pid_11813"
sustained-fixed-context-15min-r0-v1-cpu,qwen2.5-coder-1.5b,sustained-fixed-context,sustained,api-20261003T210139Z-UNPLUGGED,"[""Run failed, was aborted, or did not parse""]",False,False,-15,Android public thermal status reached SEVERE; stop sustained load,2026-10-03T23:09:17.915159+00:00,432561.964916757,37.1,74.0,60.6,61.5,1593600,"{""clock_mhz"":""231"",""max_gpuclk"":""366000000"",""thermal_pwrlevel"":""11"",""gpu_busy_percentage"":""1 %"",""gpubusy"":""14463 1012893"",""temp"":""61000"",""reset_count"":""356104""}",4775.74609375,,"5:freezer:/
4:cpuset:/top-app
3:cpuacct:/top-app
2:cpu:/top-app
1:blkio:/top
0::/apps/uid_10247/pid_11813"
sustained-fixed-context-15min-r0-v1-cpu,qwen2.5-coder-1.5b,sustained-fixed-context,sustained,api-20261003T210139Z-UNPLUGGED,"[""Run failed, was aborted, or did not parse""]",False,False,-15,Android public thermal status reached SEVERE; stop sustained load,2026-10-03T23:09:19.047421+00:00,432563.097176027,37.1,75.5,61.0,61.1,1593600,"{""clock_mhz"":""231"",""max_gpuclk"":""366000000"",""thermal_pwrlevel"":""11"",""gpu_busy_percentage"":""1 %"",""gpubusy"":""12843 1014832"",""temp"":""61000"",""reset_count"":""356104""}",4775.5,,"5:freezer:/
4:cpuset:/top-app
3:cpuacct:/top-app
2:cpu:/top-app
1:blkio:/top
0::/apps/uid_10247/pid_11813"
sustained-fixed-context-15min-r0-v1-cpu,qwen2.5-coder-1.5b,sustained-fixed-context,sustained,api-20261003T210139Z-UNPLUGGED,"[""Run failed, was aborted, or did not parse""]",False,False,-15,Android public thermal status reached SEVERE; stop sustained load,2026-10-03T23:09:20.152687+00:00,432564.202454725,37.1,74.8,61.0,59.6,1593600,"{""clock_mhz"":""231"",""max_gpuclk"":""366000000"",""thermal_pwrlevel"":""11"",""gpu_busy_percentage"":""1 %"",""gpubusy"":""13513 1011350"",""temp"":""60600"",""reset_count"":""356104""}",4772.79296875,,"5:freezer:/
4:cpuset:/top-app
3:cpuacct:/top-app
2:cpu:/top-app
1:blkio:/top
0::/apps/uid_10247/pid_11813"
sustained-fixed-context-15min-r0-v1-cpu,qwen2.5-coder-1.5b,sustained-fixed-context,sustained,api-20261003T210139Z-UNPLUGGED,"[""Run failed, was aborted, or did not parse""]",False,False,-15,Android public thermal status reached SEVERE; stop sustained load,2026-10-03T23:09:21.277093+00:00,432565.326863474,37.1,74.8,60.2,58.8,1593600,"{""clock_mhz"":""231"",""max_gpuclk"":""366000000"",""thermal_pwrlevel"":""11"",""gpu_busy_percentage"":""1 %"",""gpubusy"":""15316 1017348"",""temp"":""59800"",""reset_count"":""356104""}",4770.33203125,,"5:freezer:/
4:cpuset:/top-app
3:cpuacct:/top-app
2:cpu:/top-app
1:blkio:/top
0::/apps/uid_10247/pid_11813"
sustained-fixed-context-15min-r0-v1-cpu,qwen2.5-coder-1.5b,sustained-fixed-context,sustained,api-20261003T210139Z-UNPLUGGED,"[""Run failed, was aborted, or did not parse""]",False,False,-15,Android public thermal status reached SEVERE; stop sustained load,2026-10-03T23:09:22.406957+00:00,432566.45670613,37.1,73.6,59.0,58.4,1593600,"{""clock_mhz"":""231"",""max_gpuclk"":""366000000"",""thermal_pwrlevel"":""11"",""gpu_busy_percentage"":""1 %"",""gpubusy"":""15669 1018709"",""temp"":""59000"",""reset_count"":""356104""}",4770.09375,,"5:freezer:/
4:cpuset:/top-app
3:cpuacct:/top-app
2:cpu:/top-app
1:blkio:/top
0::/apps/uid_10247/pid_11813"
sustained-fixed-context-15min-r0-v1-cpu,qwen2.5-coder-1.5b,sustained-fixed-context,sustained,api-20261003T210139Z-UNPLUGGED,"[""Run failed, was aborted, or did not parse""]",False,False,-15,Android public thermal status reached SEVERE; stop sustained load,2026-10-03T23:09:23.505934+00:00,432567.555681442,37.7,72.4,59.0,58.0,1593600,"{""clock_mhz"":""231"",""max_gpuclk"":""366000000"",""thermal_pwrlevel"":""11"",""gpu_busy_percentage"":""1 %"",""gpubusy"":""15283 1030680"",""temp"":""59000"",""reset_count"":""356104""}",4766.890625,,"5:freezer:/
4:cpuset:/top-app
3:cpuacct:/top-app
2:cpu:/top-app
1:blkio:/top
0::/apps/uid_10247/pid_11813"
sustained-fixed-context-15min-r0-v1-cpu,qwen2.5-coder-1.5b,sustained-fixed-context,sustained,api-20261003T210139Z-UNPLUGGED,"[""Run failed, was aborted, or did not parse""]",False,False,-15,Android public thermal status reached SEVERE; stop sustained load,2026-10-03T23:09:24.603675+00:00,432568.653428056,37.7,72.4,59.0,57.2,1593600,"{""clock_mhz"":""231"",""max_gpuclk"":""366000000"",""thermal_pwrlevel"":""11"",""gpu_busy_percentage"":""1 %"",""gpubusy"":""14474 1013454"",""temp"":""59000"",""reset_count"":""356104""}",4800.8359375,,"5:freezer:/
4:cpuset:/top-app
3:cpuacct:/top-app
2:cpu:/top-app
1:blkio:/top
0::/apps/uid_10247/pid_11813"
sustained-fixed-context-15min-r0-v1-cpu,qwen2.5-coder-1.5b,sustained-fixed-context,sustained,api-20261003T210139Z-UNPLUGGED,"[""Run failed, was aborted, or did not parse""]",False,False,-15,Android public thermal status reached SEVERE; stop sustained load,2026-10-03T23:09:25.709698+00:00,432569.759466285,37.7,72.0,58.2,57.2,1593600,"{""clock_mhz"":""231"",""max_gpuclk"":""366000000"",""thermal_pwrlevel"":""11"",""gpu_busy_percentage"":""1 %"",""gpubusy"":""14222 1005957"",""temp"":""58600"",""reset_count"":""356104""}",4800.49609375,,"5:freezer:/
4:cpuset:/top-app
3:cpuacct:/top-app
2:cpu:/top-app
1:blkio:/top
0::/apps/uid_10247/pid_11813"
sustained-fixed-context-15min-r0-v1-cpu,qwen2.5-coder-1.5b,sustained-fixed-context,sustained,api-20261003T210139Z-UNPLUGGED,"[""Run failed, was aborted, or did not parse""]",False,False,-15,Android public thermal status reached SEVERE; stop sustained load,2026-10-03T23:09:26.827471+00:00,432570.877227482,37.7,72.0,59.4,59.2,1593600,"{""clock_mhz"":""231"",""max_gpuclk"":""366000000"",""thermal_pwrlevel"":""11"",""gpu_busy_percentage"":""1 %"",""gpubusy"":""13250 1026926"",""temp"":""59400"",""reset_count"":""356104""}",4816.9765625,,"5:freezer:/
4:cpuset:/top-app
3:cpuacct:/top-app
2:cpu:/top-app
1:blkio:/top
0::/apps/uid_10247/pid_11813"
sustained-fixed-context-15min-r0-v1-cpu,qwen2.5-coder-1.5b,sustained-fixed-context,sustained,api-20261003T210139Z-UNPLUGGED,"[""Run failed, was aborted, or did not parse""]",False,False,-15,Android public thermal status reached SEVERE; stop sustained load,2026-10-03T23:09:27.955348+00:00,432572.005098211,37.7,73.2,60.2,60.0,1593600,"{""clock_mhz"":""231"",""max_gpuclk"":""366000000"",""thermal_pwrlevel"":""11"",""gpu_busy_percentage"":""1 %"",""gpubusy"":""13884 1001873"",""temp"":""60200"",""reset_count"":""356105""}",4816.0,,"5:freezer:/
4:cpuset:/top-app
3:cpuacct:/top-app
2:cpu:/top-app
1:blkio:/top
0::/apps/uid_10247/pid_11813"
sustained-fixed-context-15min-r0-v1-cpu,qwen2.5-coder-1.5b,sustained-fixed-context,sustained,api-20261003T210139Z-UNPLUGGED,"[""Run failed, was aborted, or did not parse""]",False,False,-15,Android public thermal status reached SEVERE; stop sustained load,2026-10-03T23:09:29.071668+00:00,432573.121418263,37.7,73.6,61.0,61.5,1593600,"{""clock_mhz"":""231"",""max_gpuclk"":""366000000"",""thermal_pwrlevel"":""11"",""gpu_busy_percentage"":""1 %"",""gpubusy"":""14448 1024878"",""temp"":""61000"",""reset_count"":""356105""}",4815.5078125,,"5:freezer:/
4:cpuset:/top-app
3:cpuacct:/top-app
2:cpu:/top-app
1:blkio:/top
0::/apps/uid_10247/pid_11813"
sustained-fixed-context-15min-r0-v1-cpu,qwen2.5-coder-1.5b,sustained-fixed-context,sustained,api-20261003T210139Z-UNPLUGGED,"[""Run failed, was aborted, or did not parse""]",False,False,-15,Android public thermal status reached SEVERE; stop sustained load,2026-10-03T23:09:30.212529+00:00,432574.262288106,37.7,73.2,61.4,60.7,1593600,"{""clock_mhz"":""231"",""max_gpuclk"":""366000000"",""thermal_pwrlevel"":""11"",""gpu_busy_percentage"":""1 %"",""gpubusy"":""12506 1002599"",""temp"":""61400"",""reset_count"":""356105""}",4812.34765625,,"5:freezer:/
4:cpuset:/top-app
3:cpuacct:/top-app
2:cpu:/top-app
1:blkio:/top
0::/apps/uid_10247/pid_11813"
sustained-fixed-context-15min-r0-v1-cpu,qwen2.5-coder-1.5b,sustained-fixed-context,sustained,api-20261003T210139Z-UNPLUGGED,"[""Run failed, was aborted, or did not parse""]",False,False,-15,Android public thermal status reached SEVERE; stop sustained load,2026-10-03T23:09:31.376207+00:00,432575.425991022,37.7,74.4,61.4,61.9,1593600,"{""clock_mhz"":""231"",""max_gpuclk"":""366000000"",""thermal_pwrlevel"":""11"",""gpu_busy_percentage"":""1 %"",""gpubusy"":""13610 1018577"",""temp"":""61400"",""reset_count"":""356105""}",4807.55078125,,"5:freezer:/
4:cpuset:/top-app
3:cpuacct:/top-app
2:cpu:/top-app
1:blkio:/top
0::/apps/uid_10247/pid_11813"
sustained-fixed-context-15min-r0-v1-cpu,qwen2.5-coder-1.5b,sustained-fixed-context,sustained,api-20261003T210139Z-UNPLUGGED,"[""Run failed, was aborted, or did not parse""]",False,False,-15,Android public thermal status reached SEVERE; stop sustained load,2026-10-03T23:09:32.508845+00:00,432576.558596439,37.7,74.8,61.0,60.3,1593600,"{""clock_mhz"":""231"",""max_gpuclk"":""366000000"",""thermal_pwrlevel"":""11"",""gpu_busy_percentage"":""1 %"",""gpubusy"":""14010 1021873"",""temp"":""61000"",""reset_count"":""356105""}",4806.62109375,,"5:freezer:/
4:cpuset:/top-app
3:cpuacct:/top-app
2:cpu:/top-app
1:blkio:/top
0::/apps/uid_10247/pid_11813"
sustained-fixed-context-15min-r0-v1-cpu,qwen2.5-coder-1.5b,sustained-fixed-context,sustained,api-20261003T210139Z-UNPLUGGED,"[""Run failed, was aborted, or did not parse""]",False,False,-15,Android public thermal status reached SEVERE; stop sustained load,2026-10-03T23:09:33.627028+00:00,432577.676799407,37.7,74.0,60.2,58.8,1593600,"{""clock_mhz"":""231"",""max_gpuclk"":""366000000"",""thermal_pwrlevel"":""11"",""gpu_busy_percentage"":""1 %"",""gpubusy"":""13635 1006527"",""temp"":""60200"",""reset_count"":""356105""}",4806.375,,"5:freezer:/
4:cpuset:/top-app
3:cpuacct:/top-app
2:cpu:/top-app
1:blkio:/top
0::/apps/uid_10247/pid_11813"
sustained-fixed-context-15min-r0-v1-cpu,qwen2.5-coder-1.5b,sustained-fixed-context,sustained,api-20261003T210139Z-UNPLUGGED,"[""Run failed, was aborted, or did not parse""]",False,False,-15,Android public thermal status reached SEVERE; stop sustained load,2026-10-03T23:09:34.724552+00:00,432578.774326177,37.7,73.2,59.4,58.4,1593600,"{""clock_mhz"":""231"",""max_gpuclk"":""366000000"",""thermal_pwrlevel"":""11"",""gpu_busy_percentage"":""1 %"",""gpubusy"":""14735 1012890"",""temp"":""59800"",""reset_count"":""356105""}",4806.2734375,,"5:freezer:/
4:cpuset:/top-app
3:cpuacct:/top-app
2:cpu:/top-app
1:blkio:/top
0::/apps/uid_10247/pid_11813"
sustained-fixed-context-15min-r0-v1-cpu,qwen2.5-coder-1.5b,sustained-fixed-context,sustained,api-20261003T210139Z-UNPLUGGED,"[""Run failed, was aborted, or did not parse""]",False,False,-15,Android public thermal status reached SEVERE; stop sustained load,2026-10-03T23:09:35.859009+00:00,432579.908760031,37.7,73.6,59.0,58.0,1593600,"{""clock_mhz"":""231"",""max_gpuclk"":""366000000"",""thermal_pwrlevel"":""11"",""gpu_busy_percentage"":""1 %"",""gpubusy"":""14180 1020271"",""temp"":""59000"",""reset_count"":""356105""}",4804.828125,,"5:freezer:/
4:cpuset:/top-app
3:cpuacct:/top-app
2:cpu:/top-app
1:blkio:/top
0::/apps/uid_10247/pid_11813"
sustained-fixed-context-15min-r0-v1-cpu,qwen2.5-coder-1.5b,sustained-fixed-context,sustained,api-20261003T210139Z-UNPLUGGED,"[""Run failed, was aborted, or did not parse""]",False,False,-15,Android public thermal status reached SEVERE; stop sustained load,2026-10-03T23:09:36.951724+00:00,432581.001472687,37.7,72.8,59.0,58.0,1593600,"{""clock_mhz"":""231"",""max_gpuclk"":""366000000"",""thermal_pwrlevel"":""11"",""gpu_busy_percentage"":""1 %"",""gpubusy"":""14630 1036539"",""temp"":""59400"",""reset_count"":""356105""}",4805.078125,,"5:freezer:/
4:cpuset:/top-app
3:cpuacct:/top-app
2:cpu:/top-app
1:blkio:/top
0::/apps/uid_10247/pid_11813"
sustained-fixed-context-15min-r0-v1-cpu,qwen2.5-coder-1.5b,sustained-fixed-context,sustained,api-20261003T210139Z-UNPLUGGED,"[""Run failed, was aborted, or did not parse""]",False,False,-15,Android public thermal status reached SEVERE; stop sustained load,2026-10-03T23:09:38.081970+00:00,432582.131721645,37.7,72.4,58.6,57.6,1593600,"{""clock_mhz"":""231"",""max_gpuclk"":""366000000"",""thermal_pwrlevel"":""11"",""gpu_busy_percentage"":""1 %"",""gpubusy"":""14958 1003269"",""temp"":""59400"",""reset_count"":""356105""}",4803.84765625,,"5:freezer:/
4:cpuset:/top-app
3:cpuacct:/top-app
2:cpu:/top-app
1:blkio:/top
0::/apps/uid_10247/pid_11813"
sustained-fixed-context-15min-r0-v1-cpu,qwen2.5-coder-1.5b,sustained-fixed-context,sustained,api-20261003T210139Z-UNPLUGGED,"[""Run failed, was aborted, or did not parse""]",False,False,-15,Android public thermal status reached SEVERE; stop sustained load,2026-10-03T23:09:39.233052+00:00,432583.282797321,37.7,72.0,60.2,59.6,1593600,"{""clock_mhz"":""231"",""max_gpuclk"":""366000000"",""thermal_pwrlevel"":""11"",""gpu_busy_percentage"":""1 %"",""gpubusy"":""13739 1007262"",""temp"":""60200"",""reset_count"":""356105""}",4800.9140625,,"5:freezer:/
4:cpuset:/top-app
3:cpuacct:/top-app
2:cpu:/top-app
1:blkio:/top
0::/apps/uid_10247/pid_11813"
sustained-fixed-context-15min-r0-v1-cpu,qwen2.5-coder-1.5b,sustained-fixed-context,sustained,api-20261003T210139Z-UNPLUGGED,"[""Run failed, was aborted, or did not parse""]",False,False,-15,Android public thermal status reached SEVERE; stop sustained load,2026-10-03T23:09:40.373807+00:00,432584.42355555,37.7,74.0,60.6,60.3,1593600,"{""clock_mhz"":""231"",""max_gpuclk"":""366000000"",""thermal_pwrlevel"":""11"",""gpu_busy_percentage"":""1 %"",""gpubusy"":""14040 1016512"",""temp"":""60600"",""reset_count"":""356105""}",4795.49609375,,"5:freezer:/
4:cpuset:/top-app
3:cpuacct:/top-app
2:cpu:/top-app
1:blkio:/top
0::/apps/uid_10247/pid_11813"
sustained-fixed-context-15min-r0-v1-cpu,qwen2.5-coder-1.5b,sustained-fixed-context,sustained,api-20261003T210139Z-UNPLUGGED,"[""Run failed, was aborted, or did not parse""]",False,False,-15,Android public thermal status reached SEVERE; stop sustained load,2026-10-03T23:09:41.497922+00:00,432585.547671644,37.7,74.0,60.6,61.1,1593600,"{""clock_mhz"":""231"",""max_gpuclk"":""366000000"",""thermal_pwrlevel"":""11"",""gpu_busy_percentage"":""1 %"",""gpubusy"":""12748 1001331"",""temp"":""61400"",""reset_count"":""356105""}",4789.390625,,"5:freezer:/
4:cpuset:/top-app
3:cpuacct:/top-app
2:cpu:/top-app
1:blkio:/top
0::/apps/uid_10247/pid_11813"
sustained-fixed-context-15min-r0-v1-cpu,qwen2.5-coder-1.5b,sustained-fixed-context,sustained,api-20261003T210139Z-UNPLUGGED,"[""Run failed, was aborted, or did not parse""]",False,False,-15,Android public thermal status reached SEVERE; stop sustained load,2026-10-03T23:09:42.637531+00:00,432586.687285289,37.7,73.6,61.8,61.5,1593600,"{""clock_mhz"":""231"",""max_gpuclk"":""366000000"",""thermal_pwrlevel"":""11"",""gpu_busy_percentage"":""1 %"",""gpubusy"":""13316 1000717"",""temp"":""61400"",""reset_count"":""356105""}",4788.16015625,,"5:freezer:/
4:cpuset:/top-app
3:cpuacct:/top-app
2:cpu:/top-app
1:blkio:/top
0::/apps/uid_10247/pid_11813"
sustained-fixed-context-15min-r0-v1-cpu,qwen2.5-coder-1.5b,sustained-fixed-context,sustained,api-20261003T210139Z-UNPLUGGED,"[""Run failed, was aborted, or did not parse""]",False,False,-15,Android public thermal status reached SEVERE; stop sustained load,2026-10-03T23:09:43.782909+00:00,432587.832661695,37.7,74.8,61.8,62.3,1593600,"{""clock_mhz"":""231"",""max_gpuclk"":""366000000"",""thermal_pwrlevel"":""11"",""gpu_busy_percentage"":""1 %"",""gpubusy"":""13210 1034798"",""temp"":""61800"",""reset_count"":""356105""}",4787.9140625,,"5:freezer:/
4:cpuset:/top-app
3:cpuacct:/top-app
2:cpu:/top-app
1:blkio:/top
0::/apps/uid_10247/pid_11813"
sustained-fixed-context-15min-r0-v1-cpu,qwen2.5-coder-1.5b,sustained-fixed-context,sustained,api-20261003T210139Z-UNPLUGGED,"[""Run failed, was aborted, or did not parse""]",False,False,-15,Android public thermal status reached SEVERE; stop sustained load,2026-10-03T23:09:44.907508+00:00,432588.957279559,37.7,75.5,61.4,60.3,1593600,"{""clock_mhz"":""231"",""max_gpuclk"":""366000000"",""thermal_pwrlevel"":""11"",""gpu_busy_percentage"":""1 %"",""gpubusy"":""13043 1008950"",""temp"":""61000"",""reset_count"":""356105""}",4784.28515625,,"5:freezer:/
4:cpuset:/top-app
3:cpuacct:/top-app
2:cpu:/top-app
1:blkio:/top
0::/apps/uid_10247/pid_11813"
sustained-fixed-context-15min-r0-v1-cpu,qwen2.5-coder-1.5b,sustained-fixed-context,sustained,api-20261003T210139Z-UNPLUGGED,"[""Run failed, was aborted, or did not parse""]",False,False,-15,Android public thermal status reached SEVERE; stop sustained load,2026-10-03T23:09:46.047811+00:00,432590.09756185,37.7,74.0,60.6,59.2,1593600,"{""clock_mhz"":""231"",""max_gpuclk"":""366000000"",""thermal_pwrlevel"":""11"",""gpu_busy_percentage"":""1 %"",""gpubusy"":""15389 1013951"",""temp"":""60600"",""reset_count"":""356105""}",4781.85546875,,"5:freezer:/
4:cpuset:/top-app
3:cpuacct:/top-app
2:cpu:/top-app
1:blkio:/top
0::/apps/uid_10247/pid_11813"
sustained-fixed-context-15min-r0-v1-cpu,qwen2.5-coder-1.5b,sustained-fixed-context,sustained,api-20261003T210139Z-UNPLUGGED,"[""Run failed, was aborted, or did not parse""]",False,False,-15,Android public thermal status reached SEVERE; stop sustained load,2026-10-03T23:09:47.169537+00:00,432591.219286433,37.7,74.0,59.8,58.8,1593600,"{""clock_mhz"":""231"",""max_gpuclk"":""366000000"",""thermal_pwrlevel"":""11"",""gpu_busy_percentage"":""1 %"",""gpubusy"":""14023 1021150"",""temp"":""60200"",""reset_count"":""356105""}",4779.15234375,,"5:freezer:/
4:cpuset:/top-app
3:cpuacct:/top-app
2:cpu:/top-app
1:blkio:/top
0::/apps/uid_10247/pid_11813"
sustained-fixed-context-15min-r0-v1-cpu,qwen2.5-coder-1.5b,sustained-fixed-context,sustained,api-20261003T210139Z-UNPLUGGED,"[""Run failed, was aborted, or did not parse""]",False,False,-15,Android public thermal status reached SEVERE; stop sustained load,2026-10-03T23:09:48.300081+00:00,432592.34983461,37.7,74.0,59.8,58.4,1593600,"{""clock_mhz"":""231"",""max_gpuclk"":""366000000"",""thermal_pwrlevel"":""11"",""gpu_busy_percentage"":""1 %"",""gpubusy"":""14732 1007618"",""temp"":""59400"",""reset_count"":""356105""}",4777.18359375,,"5:freezer:/
4:cpuset:/top-app
3:cpuacct:/top-app
2:cpu:/top-app
1:blkio:/top
0::/apps/uid_10247/pid_11813"
sustained-fixed-context-15min-r0-v1-cpu,qwen2.5-coder-1.5b,sustained-fixed-context,sustained,api-20261003T210139Z-UNPLUGGED,"[""Run failed, was aborted, or did not parse""]",False,False,-15,Android public thermal status reached SEVERE; stop sustained load,2026-10-03T23:09:49.402713+00:00,432593.452491068,37.7,72.8,59.8,58.0,1593600,"{""clock_mhz"":""231"",""max_gpuclk"":""366000000"",""thermal_pwrlevel"":""11"",""gpu_busy_percentage"":""1 %"",""gpubusy"":""13885 1020022"",""temp"":""59800"",""reset_count"":""356105""}",4774.96875,,"5:freezer:/
4:cpuset:/top-app
3:cpuacct:/top-app
2:cpu:/top-app
1:blkio:/top
0::/apps/uid_10247/pid_11813"
sustained-fixed-context-15min-r0-v1-cpu,qwen2.5-coder-1.5b,sustained-fixed-context,sustained,api-20261003T210139Z-UNPLUGGED,"[""Run failed, was aborted, or did not parse""]",False,False,-15,Android public thermal status reached SEVERE; stop sustained load,2026-10-03T23:09:50.611869+00:00,432594.661644609,37.7,71.6,59.4,58.8,1593600,"{""clock_mhz"":""231"",""max_gpuclk"":""366000000"",""thermal_pwrlevel"":""11"",""gpu_busy_percentage"":""1 %"",""gpubusy"":""13334 1001847"",""temp"":""59400"",""reset_count"":""356105""}",4771.03125,,"5:freezer:/
4:cpuset:/top-app
3:cpuacct:/top-app
2:cpu:/top-app
1:blkio:/top
0::/apps/uid_10247/pid_11813"
sustained-fixed-context-15min-r0-v1-cpu,qwen2.5-coder-1.5b,sustained-fixed-context,sustained,api-20261003T210139Z-UNPLUGGED,"[""Run failed, was aborted, or did not parse""]",False,False,-15,Android public thermal status reached SEVERE; stop sustained load,2026-10-03T23:09:51.753715+00:00,432595.803476796,37.7,73.6,60.6,60.7,1593600,"{""clock_mhz"":""231"",""max_gpuclk"":""366000000"",""thermal_pwrlevel"":""11"",""gpu_busy_percentage"":""1 %"",""gpubusy"":""13704 1022712"",""temp"":""61000"",""reset_count"":""356105""}",4770.78515625,,"5:freezer:/
4:cpuset:/top-app
3:cpuacct:/top-app
2:cpu:/top-app
1:blkio:/top
0::/apps/uid_10247/pid_11813"
sustained-fixed-context-15min-r0-v1-cpu,qwen2.5-coder-1.5b,sustained-fixed-context,sustained,api-20261003T210139Z-UNPLUGGED,"[""Run failed, was aborted, or did not parse""]",False,False,-15,Android public thermal status reached SEVERE; stop sustained load,2026-10-03T23:09:52.890263+00:00,432596.940060545,37.7,75.2,61.4,61.5,1593600,"{""clock_mhz"":""231"",""max_gpuclk"":""366000000"",""thermal_pwrlevel"":""11"",""gpu_busy_percentage"":""1 %"",""gpubusy"":""12330 1030298"",""temp"":""61400"",""reset_count"":""356105""}",4794.86328125,,"5:freezer:/
4:cpuset:/top-app
3:cpuacct:/top-app
2:cpu:/top-app
1:blkio:/top
0::/apps/uid_10247/pid_11813"
sustained-fixed-context-15min-r0-v1-cpu,qwen2.5-coder-1.5b,sustained-fixed-context,sustained,api-20261003T210139Z-UNPLUGGED,"[""Run failed, was aborted, or did not parse""]",False,False,-15,Android public thermal status reached SEVERE; stop sustained load,2026-10-03T23:09:54.035722+00:00,432598.085494503,38.2,74.0,61.8,61.1,1593600,"{""clock_mhz"":""231"",""max_gpuclk"":""366000000"",""thermal_pwrlevel"":""11"",""gpu_busy_percentage"":""1 %"",""gpubusy"":""13439 1015225"",""temp"":""61400"",""reset_count"":""356105""}",4789.765625,,"5:freezer:/
4:cpuset:/top-app
3:cpuacct:/top-app
2:cpu:/top-app
1:blkio:/top
0::/apps/uid_10247/pid_11813"
sustained-fixed-context-15min-r0-v1-cpu,qwen2.5-coder-1.5b,sustained-fixed-context,sustained,api-20261003T210139Z-UNPLUGGED,"[""Run failed, was aborted, or did not parse""]",False,False,-15,Android public thermal status reached SEVERE; stop sustained load,2026-10-03T23:09:55.242774+00:00,432599.292539138,38.2,74.4,61.8,61.9,1593600,"{""clock_mhz"":""231"",""max_gpuclk"":""366000000"",""thermal_pwrlevel"":""11"",""gpu_busy_percentage"":""1 %"",""gpubusy"":""11137 1023252"",""temp"":""61400"",""reset_count"":""356105""}",4835.48046875,,"5:freezer:/
4:cpuset:/top-app
3:cpuacct:/top-app
2:cpu:/top-app
1:blkio:/top
0::/apps/uid_10247/pid_11813"
sustained-fixed-context-15min-r0-v1-cpu,qwen2.5-coder-1.5b,sustained-fixed-context,sustained,api-20261003T210139Z-UNPLUGGED,"[""Run failed, was aborted, or did not parse""]",False,False,-15,Android public thermal status reached SEVERE; stop sustained load,2026-10-03T23:09:56.363559+00:00,432600.413307992,38.2,77.1,62.6,61.9,1593600,"{""clock_mhz"":""231"",""max_gpuclk"":""366000000"",""thermal_pwrlevel"":""11"",""gpu_busy_percentage"":""1 %"",""gpubusy"":""12619 1027056"",""temp"":""62200"",""reset_count"":""356105""}",4834.75390625,,"5:freezer:/
4:cpuset:/top-app
3:cpuacct:/top-app
2:cpu:/top-app
1:blkio:/top
0::/apps/uid_10247/pid_11813"
sustained-fixed-context-15min-r0-v1-cpu,qwen2.5-coder-1.5b,sustained-fixed-context,sustained,api-20261003T210139Z-UNPLUGGED,"[""Run failed, was aborted, or did not parse""]",False,False,-15,Android public thermal status reached SEVERE; stop sustained load,2026-10-03T23:09:57.498253+00:00,432601.548026064,38.2,74.8,61.0,59.6,1593600,"{""clock_mhz"":""231"",""max_gpuclk"":""366000000"",""thermal_pwrlevel"":""11"",""gpu_busy_percentage"":""1 %"",""gpubusy"":""12985 1006969"",""temp"":""61000"",""reset_count"":""356105""}",4830.66015625,,"5:freezer:/
4:cpuset:/top-app
3:cpuacct:/top-app
2:cpu:/top-app
1:blkio:/top
0::/apps/uid_10247/pid_11813"
sustained-fixed-context-15min-r0-v1-cpu,qwen2.5-coder-1.5b,sustained-fixed-context,sustained,api-20261003T210139Z-UNPLUGGED,"[""Run failed, was aborted, or did not parse""]",False,False,-15,Android public thermal status reached SEVERE; stop sustained load,2026-10-03T23:09:58.613463+00:00,432602.663235387,38.2,74.0,60.2,59.2,1593600,"{""clock_mhz"":""231"",""max_gpuclk"":""366000000"",""thermal_pwrlevel"":""11"",""gpu_busy_percentage"":""1 %"",""gpubusy"":""13792 1033204"",""temp"":""60200"",""reset_count"":""356105""}",4830.3359375,,"5:freezer:/
4:cpuset:/top-app
3:cpuacct:/top-app
2:cpu:/top-app
1:blkio:/top
0::/apps/uid_10247/pid_11813"
sustained-fixed-context-15min-r0-v1-cpu,qwen2.5-coder-1.5b,sustained-fixed-context,sustained,api-20261003T210139Z-UNPLUGGED,"[""Run failed, was aborted, or did not parse""]",False,False,-15,Android public thermal status reached SEVERE; stop sustained load,2026-10-03T23:09:59.751144+00:00,432603.80091872,38.2,72.8,59.8,58.4,1593600,"{""clock_mhz"":""231"",""max_gpuclk"":""366000000"",""thermal_pwrlevel"":""11"",""gpu_busy_percentage"":""1 %"",""gpubusy"":""13884 1012249"",""temp"":""59400"",""reset_count"":""356105""}",4831.5,,"5:freezer:/
4:cpuset:/top-app
3:cpuacct:/top-app
2:cpu:/top-app
1:blkio:/top
0::/apps/uid_10247/pid_11813"
sustained-fixed-context-15min-r0-v1-cpu,qwen2.5-coder-1.5b,sustained-fixed-context,sustained,api-20261003T210139Z-UNPLUGGED,"[""Run failed, was aborted, or did not parse""]",False,False,-15,Android public thermal status reached SEVERE; stop sustained load,2026-10-03T23:10:00.928714+00:00,432604.978463876,38.2,71.6,59.4,58.0,1478400,"{""clock_mhz"":""231"",""max_gpuclk"":""310000000"",""thermal_pwrlevel"":""12"",""gpu_busy_percentage"":""1 %"",""gpubusy"":""14313 1003454"",""temp"":""59000"",""reset_count"":""356105""}",4829.28515625,,"5:freezer:/
4:cpuset:/top-app
3:cpuacct:/top-app
2:cpu:/top-app
1:blkio:/top
0::/apps/uid_10247/pid_11813"
sustained-fixed-context-15min-r0-v1-cpu,qwen2.5-coder-1.5b,sustained-fixed-context,sustained,api-20261003T210139Z-UNPLUGGED,"[""Run failed, was aborted, or did not parse""]",False,False,-15,Android public thermal status reached SEVERE; stop sustained load,2026-10-03T23:10:02.060595+00:00,432606.11036825,38.2,71.6,59.0,57.6,1478400,"{""clock_mhz"":""231"",""max_gpuclk"":""310000000"",""thermal_pwrlevel"":""12"",""gpu_busy_percentage"":""1 %"",""gpubusy"":""14152 1018587"",""temp"":""59000"",""reset_count"":""356105""}",4827.578125,,"5:freezer:/
4:cpuset:/top-app
3:cpuacct:/top-app
2:cpu:/top-app
1:blkio:/top
0::/apps/uid_10247/pid_11813"
sustained-fixed-context-15min-r0-v1-cpu,qwen2.5-coder-1.5b,sustained-fixed-context,sustained,api-20261003T210139Z-UNPLUGGED,"[""Run failed, was aborted, or did not parse""]",False,False,-15,Android public thermal status reached SEVERE; stop sustained load,2026-10-03T23:10:03.183618+00:00,432607.233377729,38.2,71.3,59.8,59.6,1478400,"{""clock_mhz"":""231"",""max_gpuclk"":""310000000"",""thermal_pwrlevel"":""12"",""gpu_busy_percentage"":""1 %"",""gpubusy"":""14822 1004290"",""temp"":""59400"",""reset_count"":""356105""}",4826.83984375,,"5:freezer:/
4:cpuset:/top-app
3:cpuacct:/top-app
2:cpu:/top-app
1:blkio:/top
0::/apps/uid_10247/pid_11813"
sustained-fixed-context-15min-r0-v1-cpu,qwen2.5-coder-1.5b,sustained-fixed-context,sustained,api-20261003T210139Z-UNPLUGGED,"[""Run failed, was aborted, or did not parse""]",False,False,-15,Android public thermal status reached SEVERE; stop sustained load,2026-10-03T23:10:04.346155+00:00,432608.395904656,38.2,71.6,60.2,60.3,1478400,"{""clock_mhz"":""231"",""max_gpuclk"":""310000000"",""thermal_pwrlevel"":""12"",""gpu_busy_percentage"":""1 %"",""gpubusy"":""13420 1006252"",""temp"":""60200"",""reset_count"":""356105""}",4825.12890625,,"5:freezer:/
4:cpuset:/top-app
3:cpuacct:/top-app
2:cpu:/top-app
1:blkio:/top
0::/apps/uid_10247/pid_11813"
sustained-fixed-context-15min-r0-v1-cpu,qwen2.5-coder-1.5b,sustained-fixed-context,sustained,api-20261003T210139Z-UNPLUGGED,"[""Run failed, was aborted, or did not parse""]",False,False,-15,Android public thermal status reached SEVERE; stop sustained load,2026-10-03T23:10:05.511495+00:00,432609.561243561,38.2,72.4,60.6,60.7,1478400,"{""clock_mhz"":""231"",""max_gpuclk"":""310000000"",""thermal_pwrlevel"":""12"",""gpu_busy_percentage"":""1 %"",""gpubusy"":""13513 1006347"",""temp"":""60600"",""reset_count"":""356105""}",4818.5859375,,"5:freezer:/
4:cpuset:/top-app
3:cpuacct:/top-app
2:cpu:/top-app
1:blkio:/top
0::/apps/uid_10247/pid_11813"
sustained-fixed-context-15min-r0-v1-cpu,qwen2.5-coder-1.5b,sustained-fixed-context,sustained,api-20261003T210139Z-UNPLUGGED,"[""Run failed, was aborted, or did not parse""]",False,False,-15,Android public thermal status reached SEVERE; stop sustained load,2026-10-03T23:10:06.717743+00:00,432610.767494082,38.2,72.8,60.6,60.7,1478400,"{""clock_mhz"":""231"",""max_gpuclk"":""310000000"",""thermal_pwrlevel"":""12"",""gpu_busy_percentage"":""1 %"",""gpubusy"":""14029 1000758"",""temp"":""61000"",""reset_count"":""356105""}",4814.65234375,,"5:freezer:/
4:cpuset:/top-app
3:cpuacct:/top-app
2:cpu:/top-app
1:blkio:/top
0::/apps/uid_10247/pid_11813"
sustained-fixed-context-15min-r0-v1-cpu,qwen2.5-coder-1.5b,sustained-fixed-context,sustained,api-20261003T210139Z-UNPLUGGED,"[""Run failed, was aborted, or did not parse""]",False,False,-15,Android public thermal status reached SEVERE; stop sustained load,2026-10-03T23:10:07.846779+00:00,432611.896534081,38.2,73.2,61.0,61.5,1478400,"{""clock_mhz"":""231"",""max_gpuclk"":""310000000"",""thermal_pwrlevel"":""12"",""gpu_busy_percentage"":""1 %"",""gpubusy"":""14412 1016061"",""temp"":""61000"",""reset_count"":""356105""}",4811.46484375,,"5:freezer:/
4:cpuset:/top-app
3:cpuacct:/top-app
2:cpu:/top-app
1:blkio:/top
0::/apps/uid_10247/pid_11813"
sustained-fixed-context-15min-r0-v1-cpu,qwen2.5-coder-1.5b,sustained-fixed-context,sustained,api-20261003T210139Z-UNPLUGGED,"[""Run failed, was aborted, or did not parse""]",False,False,-15,Android public thermal status reached SEVERE; stop sustained load,2026-10-03T23:10:08.973129+00:00,432613.022888508,38.2,73.6,61.8,61.5,1478400,"{""clock_mhz"":""231"",""max_gpuclk"":""310000000"",""thermal_pwrlevel"":""12"",""gpu_busy_percentage"":""1 %"",""gpubusy"":""13744 1008171"",""temp"":""61400"",""reset_count"":""356106""}",4810.234375,,"5:freezer:/
4:cpuset:/top-app
3:cpuacct:/top-app
2:cpu:/top-app
1:blkio:/top
0::/apps/uid_10247/pid_11813"
sustained-fixed-context-15min-r0-v1-cpu,qwen2.5-coder-1.5b,sustained-fixed-context,sustained,api-20261003T210139Z-UNPLUGGED,"[""Run failed, was aborted, or did not parse""]",False,False,-15,Android public thermal status reached SEVERE; stop sustained load,2026-10-03T23:10:10.084042+00:00,432614.133812674,38.2,73.2,60.2,60.0,1478400,"{""clock_mhz"":""231"",""max_gpuclk"":""310000000"",""thermal_pwrlevel"":""12"",""gpu_busy_percentage"":""1 %"",""gpubusy"":""12345 1008360"",""temp"":""60200"",""reset_count"":""356106""}",4809.49609375,,"5:freezer:/
4:cpuset:/top-app
3:cpuacct:/top-app
2:cpu:/top-app
1:blkio:/top
0::/apps/uid_10247/pid_11813"
sustained-fixed-context-15min-r0-v1-cpu,qwen2.5-coder-1.5b,sustained-fixed-context,sustained,api-20261003T210139Z-UNPLUGGED,"[""Run failed, was aborted, or did not parse""]",False,False,-15,Android public thermal status reached SEVERE; stop sustained load,2026-10-03T23:10:11.202152+00:00,432615.251922882,38.2,70.5,59.4,58.8,1363200,"{""clock_mhz"":""231"",""max_gpuclk"":""231000000"",""thermal_pwrlevel"":""13"",""gpu_busy_percentage"":""1 %"",""gpubusy"":""13130 1011277"",""temp"":""59400"",""reset_count"":""356106""}",4808.515625,,"5:freezer:/
4:cpuset:/top-app
3:cpuacct:/top-app
2:cpu:/top-app
1:blkio:/top
0::/apps/uid_10247/pid_11813"
sustained-fixed-context-15min-r0-v1-cpu,qwen2.5-coder-1.5b,sustained-fixed-context,sustained,api-20261003T210139Z-UNPLUGGED,"[""Run failed, was aborted, or did not parse""]",False,False,-15,Android public thermal status reached SEVERE; stop sustained load,2026-10-03T23:10:12.320515+00:00,432616.370289132,38.2,70.5,59.0,57.6,1363200,"{""clock_mhz"":""231"",""max_gpuclk"":""231000000"",""thermal_pwrlevel"":""13"",""gpu_busy_percentage"":""1 %"",""gpubusy"":""13900 1019074"",""temp"":""58600"",""reset_count"":""356106""}",4805.56640625,,"5:freezer:/
4:cpuset:/top-app
3:cpuacct:/top-app
2:cpu:/top-app
1:blkio:/top
0::/apps/uid_10247/pid_11813"
sustained-fixed-context-15min-r0-v1-cpu,qwen2.5-coder-1.5b,sustained-fixed-context,sustained,api-20261003T210139Z-UNPLUGGED,"[""Run failed, was aborted, or did not parse""]",False,False,-15,Android public thermal status reached SEVERE; stop sustained load,2026-10-03T23:10:13.444947+00:00,432617.494696319,38.2,68.9,58.6,57.6,1363200,"{""clock_mhz"":""231"",""max_gpuclk"":""231000000"",""thermal_pwrlevel"":""13"",""gpu_busy_percentage"":""1 %"",""gpubusy"":""13417 1037160"",""temp"":""58200"",""reset_count"":""356106""}",4804.3359375,,"5:freezer:/
4:cpuset:/top-app
3:cpuacct:/top-app
2:cpu:/top-app
1:blkio:/top
0::/apps/uid_10247/pid_11813"
sustained-fixed-context-15min-r0-v1-cpu,qwen2.5-coder-1.5b,sustained-fixed-context,sustained,api-20261003T210139Z-UNPLUGGED,"[""Run failed, was aborted, or did not parse""]",False,False,-15,Android public thermal status reached SEVERE; stop sustained load,2026-10-03T23:10:14.575004+00:00,432618.624755693,38.2,68.9,57.8,57.2,1363200,"{""clock_mhz"":""231"",""max_gpuclk"":""231000000"",""thermal_pwrlevel"":""13"",""gpu_busy_percentage"":""1 %"",""gpubusy"":""12738 1000711"",""temp"":""58200"",""reset_count"":""356106""}",4803.359375,,"5:freezer:/
4:cpuset:/top-app
3:cpuacct:/top-app
2:cpu:/top-app
1:blkio:/top
0::/apps/uid_10247/pid_11813"
sustained-fixed-context-15min-r0-v1-cpu,qwen2.5-coder-1.5b,sustained-fixed-context,sustained,api-20261003T210139Z-UNPLUGGED,"[""Run failed, was aborted, or did not parse""]",False,False,-15,Android public thermal status reached SEVERE; stop sustained load,2026-10-03T23:10:15.717662+00:00,432619.767435485,38.2,69.7,58.2,57.2,1363200,"{""clock_mhz"":""231"",""max_gpuclk"":""231000000"",""thermal_pwrlevel"":""13"",""gpu_busy_percentage"":""1 %"",""gpubusy"":""13472 1014864"",""temp"":""57800"",""reset_count"":""356106""}",4820.359375,,"5:freezer:/
4:cpuset:/top-app
3:cpuacct:/top-app
2:cpu:/top-app
1:blkio:/top
0::/apps/uid_10247/pid_11813"
sustained-fixed-context-15min-r0-v1-cpu,qwen2.5-coder-1.5b,sustained-fixed-context,sustained,api-20261003T210139Z-UNPLUGGED,"[""Run failed, was aborted, or did not parse""]",False,False,-15,Android public thermal status reached SEVERE; stop sustained load,2026-10-03T23:10:16.892464+00:00,432620.942226109,38.2,69.3,59.0,58.8,1363200,"{""clock_mhz"":""231"",""max_gpuclk"":""231000000"",""thermal_pwrlevel"":""13"",""gpu_busy_percentage"":""1 %"",""gpubusy"":""13137 1008036"",""temp"":""59400"",""reset_count"":""356106""}",4827.31640625,,"5:freezer:/
4:cpuset:/top-app
3:cpuacct:/top-app
2:cpu:/top-app
1:blkio:/top
0::/apps/uid_10247/pid_11813"
sustained-fixed-context-15min-r0-v1-cpu,qwen2.5-coder-1.5b,sustained-fixed-context,sustained,api-20261003T210139Z-UNPLUGGED,"[""Run failed, was aborted, or did not parse""]",False,False,-15,Android public thermal status reached SEVERE; stop sustained load,2026-10-03T23:10:18.042342+00:00,432622.092117359,38.2,70.5,59.8,60.0,1363200,"{""clock_mhz"":""231"",""max_gpuclk"":""231000000"",""thermal_pwrlevel"":""13"",""gpu_busy_percentage"":""1 %"",""gpubusy"":""12532 1009135"",""temp"":""59800"",""reset_count"":""356106""}",4826.33203125,,"5:freezer:/
4:cpuset:/top-app
3:cpuacct:/top-app
2:cpu:/top-app
1:blkio:/top
0::/apps/uid_10247/pid_11813"
sustained-fixed-context-15min-r0-v1-cpu,qwen2.5-coder-1.5b,sustained-fixed-context,sustained,api-20261003T210139Z-UNPLUGGED,"[""Run failed, was aborted, or did not parse""]",False,False,-15,Android public thermal status reached SEVERE; stop sustained load,2026-10-03T23:10:19.194807+00:00,432623.244583244,38.2,70.5,60.2,60.0,1363200,"{""clock_mhz"":""231"",""max_gpuclk"":""231000000"",""thermal_pwrlevel"":""13"",""gpu_busy_percentage"":""1 %"",""gpubusy"":""12855 1004432"",""temp"":""59800"",""reset_count"":""356106""}",4825.45703125,,"5:freezer:/
4:cpuset:/top-app
3:cpuacct:/top-app
2:cpu:/top-app
1:blkio:/top
0::/apps/uid_10247/pid_11813"
sustained-fixed-context-15min-r0-v1-cpu,qwen2.5-coder-1.5b,sustained-fixed-context,sustained,api-20261003T210139Z-UNPLUGGED,"[""Run failed, was aborted, or did not parse""]",False,False,-15,Android public thermal status reached SEVERE; stop sustained load,2026-10-03T23:10:20.371035+00:00,432624.420819337,38.2,70.9,60.2,60.3,1363200,"{""clock_mhz"":""231"",""max_gpuclk"":""231000000"",""thermal_pwrlevel"":""13"",""gpu_busy_percentage"":""1 %"",""gpubusy"":""12739 1012645"",""temp"":""59800"",""reset_count"":""356106""}",4824.47265625,,"5:freezer:/
4:cpuset:/top-app
3:cpuacct:/top-app
2:cpu:/top-app
1:blkio:/top
0::/apps/uid_10247/pid_11813"
sustained-fixed-context-15min-r0-v1-cpu,qwen2.5-coder-1.5b,sustained-fixed-context,sustained,api-20261003T210139Z-UNPLUGGED,"[""Run failed, was aborted, or did not parse""]",False,False,-15,Android public thermal status reached SEVERE; stop sustained load,2026-10-03T23:10:21.510805+00:00,432625.560560899,38.2,70.9,60.2,60.7,1363200,"{""clock_mhz"":""231"",""max_gpuclk"":""231000000"",""thermal_pwrlevel"":""13"",""gpu_busy_percentage"":""1 %"",""gpubusy"":""11959 1005141"",""temp"":""60200"",""reset_count"":""356106""}",4823.2109375,,"5:freezer:/
4:cpuset:/top-app
3:cpuacct:/top-app
2:cpu:/top-app
1:blkio:/top
0::/apps/uid_10247/pid_11813"
sustained-fixed-context-15min-r0-v1-cpu,qwen2.5-coder-1.5b,sustained-fixed-context,sustained,api-20261003T210139Z-UNPLUGGED,"[""Run failed, was aborted, or did not parse""]",False,False,-15,Android public thermal status reached SEVERE; stop sustained load,2026-10-03T23:10:22.657545+00:00,432626.707293763,38.2,72.4,60.2,60.3,1363200,"{""clock_mhz"":""231"",""max_gpuclk"":""231000000"",""thermal_pwrlevel"":""13"",""gpu_busy_percentage"":""1 %"",""gpubusy"":""13771 1036262"",""temp"":""60600"",""reset_count"":""356106""}",4822.71875,,"5:freezer:/
4:cpuset:/top-app
3:cpuacct:/top-app
2:cpu:/top-app
1:blkio:/top
0::/apps/uid_10247/pid_11813"
sustained-fixed-context-15min-r0-v1-cpu,qwen2.5-coder-1.5b,sustained-fixed-context,sustained,api-20261003T210139Z-UNPLUGGED,"[""Run failed, was aborted, or did not parse""]",False,False,-15,Android public thermal status reached SEVERE; stop sustained load,2026-10-03T23:10:23.785776+00:00,432627.835525117,38.6,70.5,59.4,58.4,1363200,"{""clock_mhz"":""231"",""max_gpuclk"":""231000000"",""thermal_pwrlevel"":""13"",""gpu_busy_percentage"":""1 %"",""gpubusy"":""12946 1024204"",""temp"":""59400"",""reset_count"":""356106""}",4812.90625,,"5:freezer:/
4:cpuset:/top-app
3:cpuacct:/top-app
2:cpu:/top-app
1:blkio:/top
0::/apps/uid_10247/pid_11813"
sustained-fixed-context-15min-r0-v1-cpu,qwen2.5-coder-1.5b,sustained-fixed-context,sustained,api-20261003T210139Z-UNPLUGGED,"[""Run failed, was aborted, or did not parse""]",False,False,-15,Android public thermal status reached SEVERE; stop sustained load,2026-10-03T23:10:24.916289+00:00,432628.966041262,38.6,69.7,58.2,57.6,1363200,"{""clock_mhz"":""231"",""max_gpuclk"":""231000000"",""thermal_pwrlevel"":""13"",""gpu_busy_percentage"":""1 %"",""gpubusy"":""12933 1005692"",""temp"":""58600"",""reset_count"":""356106""}",4813.03125,,"5:freezer:/
4:cpuset:/top-app
3:cpuacct:/top-app
2:cpu:/top-app
1:blkio:/top
0::/apps/uid_10247/pid_11813"
sustained-fixed-context-15min-r0-v1-cpu,qwen2.5-coder-1.5b,sustained-fixed-context,sustained,api-20261003T210139Z-UNPLUGGED,"[""Run failed, was aborted, or did not parse""]",False,False,-15,Android public thermal status reached SEVERE; stop sustained load,2026-10-03T23:10:26.021458+00:00,432630.071225949,38.6,68.9,58.2,57.6,1363200,"{""clock_mhz"":""231"",""max_gpuclk"":""231000000"",""thermal_pwrlevel"":""13"",""gpu_busy_percentage"":""1 %"",""gpubusy"":""15131 1037890"",""temp"":""57800"",""reset_count"":""356106""}",4811.30859375,,"5:freezer:/
4:cpuset:/top-app
3:cpuacct:/top-app
2:cpu:/top-app
1:blkio:/top
0::/apps/uid_10247/pid_11813"
sustained-fixed-context-15min-r0-v1-cpu,qwen2.5-coder-1.5b,sustained-fixed-context,sustained,api-20261003T210139Z-UNPLUGGED,"[""Run failed, was aborted, or did not parse""]",False,False,-15,Android public thermal status reached SEVERE; stop sustained load,2026-10-03T23:10:27.167170+00:00,432631.216924595,38.6,68.5,57.8,56.8,1363200,"{""clock_mhz"":""231"",""max_gpuclk"":""231000000"",""thermal_pwrlevel"":""13"",""gpu_busy_percentage"":""1 %"",""gpubusy"":""13441 1029565"",""temp"":""58200"",""reset_count"":""356106""}",4810.32421875,,"5:freezer:/
4:cpuset:/top-app
3:cpuacct:/top-app
2:cpu:/top-app
1:blkio:/top
0::/apps/uid_10247/pid_11813"
sustained-fixed-context-15min-r0-v1-cpu,qwen2.5-coder-1.5b,sustained-fixed-context,sustained,api-20261003T210139Z-UNPLUGGED,"[""Run failed, was aborted, or did not parse""]",False,False,-15,Android public thermal status reached SEVERE; stop sustained load,2026-10-03T23:10:28.279061+00:00,432632.328865636,38.6,68.1,57.8,57.2,1363200,"{""clock_mhz"":""231"",""max_gpuclk"":""231000000"",""thermal_pwrlevel"":""13"",""gpu_busy_percentage"":""1 %"",""gpubusy"":""14937 1001254"",""temp"":""57800"",""reset_count"":""356106""}",4842.3359375,,"5:freezer:/
4:cpuset:/top-app
3:cpuacct:/top-app
2:cpu:/top-app
1:blkio:/top
0::/apps/uid_10247/pid_11813"
sustained-fixed-context-15min-r0-v1-cpu,qwen2.5-coder-1.5b,sustained-fixed-context,sustained,api-20261003T210139Z-UNPLUGGED,"[""Run failed, was aborted, or did not parse""]",False,False,-15,Android public thermal status reached SEVERE; stop sustained load,2026-10-03T23:10:29.448584+00:00,432633.498341313,38.6,67.4,57.8,56.4,1363200,"{""clock_mhz"":""231"",""max_gpuclk"":""231000000"",""thermal_pwrlevel"":""13"",""gpu_busy_percentage"":""1 %"",""gpubusy"":""14577 1030924"",""temp"":""57400"",""reset_count"":""356106""}",4840.61328125,,"5:freezer:/
4:cpuset:/top-app
3:cpuacct:/top-app
2:cpu:/top-app
1:blkio:/top
0::/apps/uid_10247/pid_11813"
sustained-fixed-context-15min-r0-v1-cpu,qwen2.5-coder-1.5b,sustained-fixed-context,sustained,api-20261003T210139Z-UNPLUGGED,"[""Run failed, was aborted, or did not parse""]",False,False,-15,Android public thermal status reached SEVERE; stop sustained load,2026-10-03T23:10:30.600233+00:00,432634.649987354,38.6,69.3,58.2,58.4,1363200,"{""clock_mhz"":""231"",""max_gpuclk"":""231000000"",""thermal_pwrlevel"":""13"",""gpu_busy_percentage"":""1 %"",""gpubusy"":""15156 1005907"",""temp"":""58600"",""reset_count"":""356106""}",4837.6953125,,"5:freezer:/
4:cpuset:/top-app
3:cpuacct:/top-app
2:cpu:/top-app
1:blkio:/top
0::/apps/uid_10247/pid_11813"
sustained-fixed-context-15min-r0-v1-cpu,qwen2.5-coder-1.5b,sustained-fixed-context,sustained,api-20261003T210139Z-UNPLUGGED,"[""Run failed, was aborted, or did not parse""]",False,False,-15,Android public thermal status reached SEVERE; stop sustained load,2026-10-03T23:10:31.728499+00:00,432635.77827402,38.6,69.7,59.4,59.6,1363200,"{""clock_mhz"":""231"",""max_gpuclk"":""231000000"",""thermal_pwrlevel"":""13"",""gpu_busy_percentage"":""1 %"",""gpubusy"":""12369 1003475"",""temp"":""59400"",""reset_count"":""356106""}",4835.98046875,,"5:freezer:/
4:cpuset:/top-app
3:cpuacct:/top-app
2:cpu:/top-app
1:blkio:/top
0::/apps/uid_10247/pid_11813"
sustained-fixed-context-15min-r0-v1-cpu,qwen2.5-coder-1.5b,sustained-fixed-context,sustained,api-20261003T210139Z-UNPLUGGED,"[""Run failed, was aborted, or did not parse""]",False,False,-15,Android public thermal status reached SEVERE; stop sustained load,2026-10-03T23:10:32.881637+00:00,432636.931387457,38.6,70.9,59.8,60.0,1363200,"{""clock_mhz"":""231"",""max_gpuclk"":""231000000"",""thermal_pwrlevel"":""13"",""gpu_busy_percentage"":""1 %"",""gpubusy"":""13003 1019594"",""temp"":""59800"",""reset_count"":""356106""}",4833.75,,"5:freezer:/
4:cpuset:/top-app
3:cpuacct:/top-app
2:cpu:/top-app
1:blkio:/top
0::/apps/uid_10247/pid_11813"
sustained-fixed-context-15min-r0-v1-cpu,qwen2.5-coder-1.5b,sustained-fixed-context,sustained,api-20261003T210139Z-UNPLUGGED,"[""Run failed, was aborted, or did not parse""]",False,False,-15,Android public thermal status reached SEVERE; stop sustained load,2026-10-03T23:10:34.020438+00:00,432638.070188863,38.6,70.5,60.2,60.3,1363200,"{""clock_mhz"":""231"",""max_gpuclk"":""231000000"",""thermal_pwrlevel"":""13"",""gpu_busy_percentage"":""1 %"",""gpubusy"":""13067 1007427"",""temp"":""60200"",""reset_count"":""356106""}",4833.01171875,,"5:freezer:/
4:cpuset:/top-app
3:cpuacct:/top-app
2:cpu:/top-app
1:blkio:/top
0::/apps/uid_10247/pid_11813"
sustained-fixed-context-15min-r0-v1-cpu,qwen2.5-coder-1.5b,sustained-fixed-context,sustained,api-20261003T210139Z-UNPLUGGED,"[""Run failed, was aborted, or did not parse""]",False,False,-15,Android public thermal status reached SEVERE; stop sustained load,2026-10-03T23:10:35.141997+00:00,432639.191750738,38.6,70.9,60.2,61.1,1363200,"{""clock_mhz"":""231"",""max_gpuclk"":""231000000"",""thermal_pwrlevel"":""13"",""gpu_busy_percentage"":""1 %"",""gpubusy"":""13045 1037749"",""temp"":""60600"",""reset_count"":""356106""}",4832.61328125,,"5:freezer:/
4:cpuset:/top-app
3:cpuacct:/top-app
2:cpu:/top-app
1:blkio:/top
0::/apps/uid_10247/pid_11813"
sustained-fixed-context-15min-r0-v1-cpu,qwen2.5-coder-1.5b,sustained-fixed-context,sustained,api-20261003T210139Z-UNPLUGGED,"[""Run failed, was aborted, or did not parse""]",False,False,-15,Android public thermal status reached SEVERE; stop sustained load,2026-10-03T23:10:36.268156+00:00,432640.317909279,38.6,71.3,60.2,61.1,1363200,"{""clock_mhz"":""231"",""max_gpuclk"":""231000000"",""thermal_pwrlevel"":""13"",""gpu_busy_percentage"":""1 %"",""gpubusy"":""13426 1021380"",""temp"":""60600"",""reset_count"":""356106""}",4832.12109375,,"5:freezer:/
4:cpuset:/top-app
3:cpuacct:/top-app
2:cpu:/top-app
1:blkio:/top
0::/apps/uid_10247/pid_11813"
sustained-fixed-context-15min-r0-v1-cpu,qwen2.5-coder-1.5b,sustained-fixed-context,sustained,api-20261003T210139Z-UNPLUGGED,"[""Run failed, was aborted, or did not parse""]",False,False,-15,Android public thermal status reached SEVERE; stop sustained load,2026-10-03T23:10:37.373535+00:00,432641.423289956,38.6,70.5,59.4,58.8,1363200,"{""clock_mhz"":""231"",""max_gpuclk"":""231000000"",""thermal_pwrlevel"":""13"",""gpu_busy_percentage"":""1 %"",""gpubusy"":""13426 1021380"",""temp"":""59400"",""reset_count"":""356111""}",4830.37890625,,"5:freezer:/
4:cpuset:/top-app
3:cpuacct:/top-app
2:cpu:/top-app
1:blkio:/top
0::/apps/uid_10247/pid_11813"
sustained-fixed-context-15min-r0-v1-cpu,qwen2.5-coder-1.5b,sustained-fixed-context,sustained,api-20261003T210139Z-UNPLUGGED,"[""Run failed, was aborted, or did not parse""]",False,False,-15,Android public thermal status reached SEVERE; stop sustained load,2026-10-03T23:10:38.490731+00:00,432642.540485424,38.6,68.9,58.2,58.0,1363200,"{""clock_mhz"":""231"",""max_gpuclk"":""231000000"",""thermal_pwrlevel"":""13"",""gpu_busy_percentage"":""1 %"",""gpubusy"":""13426 1021380"",""temp"":""58600"",""reset_count"":""356120""}",4829.640625,,"5:freezer:/
4:cpuset:/top-app
3:cpuacct:/top-app
2:cpu:/top-app
1:blkio:/top
0::/apps/uid_10247/pid_11813"
sustained-fixed-context-15min-r0-v1-cpu,qwen2.5-coder-1.5b,sustained-fixed-context,sustained,api-20261003T210139Z-UNPLUGGED,"[""Run failed, was aborted, or did not parse""]",False,False,-15,Android public thermal status reached SEVERE; stop sustained load,2026-10-03T23:10:39.604345+00:00,432643.654097976,38.6,68.9,58.2,56.8,1363200,"{""clock_mhz"":""231"",""max_gpuclk"":""231000000"",""thermal_pwrlevel"":""13"",""gpu_busy_percentage"":""1 %"",""gpubusy"":""14943 1002058"",""temp"":""58200"",""reset_count"":""356124""}",4826.42578125,,"5:freezer:/
4:cpuset:/top-app
3:cpuacct:/top-app
2:cpu:/top-app
1:blkio:/top
0::/apps/uid_10247/pid_11813"
sustained-fixed-context-15min-r0-v1-cpu,qwen2.5-coder-1.5b,sustained-fixed-context,sustained,api-20261003T210139Z-UNPLUGGED,"[""Run failed, was aborted, or did not parse""]",False,False,-15,Android public thermal status reached SEVERE; stop sustained load,2026-10-03T23:10:40.775745+00:00,432644.825497819,38.6,68.5,57.8,57.2,1363200,"{""clock_mhz"":""231"",""max_gpuclk"":""231000000"",""thermal_pwrlevel"":""13"",""gpu_busy_percentage"":""1 %"",""gpubusy"":""12936 1017046"",""temp"":""58200"",""reset_count"":""356124""}",4817.3828125,,"5:freezer:/
4:cpuset:/top-app
3:cpuacct:/top-app
2:cpu:/top-app
1:blkio:/top
0::/apps/uid_10247/pid_11813"
sustained-fixed-context-15min-r0-v1-cpu,qwen2.5-coder-1.5b,sustained-fixed-context,sustained,api-20261003T210139Z-UNPLUGGED,"[""Run failed, was aborted, or did not parse""]",False,False,-15,Android public thermal status reached SEVERE; stop sustained load,2026-10-03T23:10:41.922910+00:00,432645.972689329,38.6,67.0,57.4,56.4,1363200,"{""clock_mhz"":""231"",""max_gpuclk"":""231000000"",""thermal_pwrlevel"":""13"",""gpu_busy_percentage"":""1 %"",""gpubusy"":""12705 1015006"",""temp"":""57800"",""reset_count"":""356124""}",4828.26953125,,"5:freezer:/
4:cpuset:/top-app
3:cpuacct:/top-app
2:cpu:/top-app
1:blkio:/top
0::/apps/uid_10247/pid_11813"
sustained-fixed-context-15min-r0-v1-cpu,qwen2.5-coder-1.5b,sustained-fixed-context,sustained,api-20261003T210139Z-UNPLUGGED,"[""Run failed, was aborted, or did not parse""]",False,False,-15,Android public thermal status reached SEVERE; stop sustained load,2026-10-03T23:10:43.113931+00:00,432647.16370287,38.6,68.9,57.8,56.4,1363200,"{""clock_mhz"":""231"",""max_gpuclk"":""231000000"",""thermal_pwrlevel"":""13"",""gpu_busy_percentage"":""1 %"",""gpubusy"":""13717 1023790"",""temp"":""57800"",""reset_count"":""356124""}",4854.4609375,,"5:freezer:/
4:cpuset:/top-app
3:cpuacct:/top-app
2:cpu:/top-app
1:blkio:/top
0::/apps/uid_10247/pid_11813"
sustained-fixed-context-15min-r0-v1-cpu,qwen2.5-coder-1.5b,sustained-fixed-context,sustained,api-20261003T210139Z-UNPLUGGED,"[""Run failed, was aborted, or did not parse""]",False,False,-15,Android public thermal status reached SEVERE; stop sustained load,2026-10-03T23:10:44.309181+00:00,432648.358971047,38.6,69.3,58.2,57.6,1363200,"{""clock_mhz"":""231"",""max_gpuclk"":""231000000"",""thermal_pwrlevel"":""13"",""gpu_busy_percentage"":""1 %"",""gpubusy"":""14014 1009007"",""temp"":""58200"",""reset_count"":""356125""}",4899.8046875,,"5:freezer:/
4:cpuset:/top-app
3:cpuacct:/top-app
2:cpu:/top-app
1:blkio:/top
0::/apps/uid_10247/pid_11813"
sustained-fixed-context-15min-r0-v1-cpu,qwen2.5-coder-1.5b,sustained-fixed-context,sustained,api-20261003T210139Z-UNPLUGGED,"[""Run failed, was aborted, or did not parse""]",False,False,-15,Android public thermal status reached SEVERE; stop sustained load,2026-10-03T23:10:45.517970+00:00,432649.56772089,38.6,70.1,59.0,58.8,1363200,"{""clock_mhz"":""231"",""max_gpuclk"":""231000000"",""thermal_pwrlevel"":""13"",""gpu_busy_percentage"":""1 %"",""gpubusy"":""12627 1027130"",""temp"":""59400"",""reset_count"":""356125""}",4891.453125,,"5:freezer:/
4:cpuset:/top-app
3:cpuacct:/top-app
2:cpu:/top-app
1:blkio:/top
0::/apps/uid_10247/pid_11813"
sustained-fixed-context-15min-r0-v1-cpu,qwen2.5-coder-1.5b,sustained-fixed-context,sustained,api-20261003T210139Z-UNPLUGGED,"[""Run failed, was aborted, or did not parse""]",False,False,-15,Android public thermal status reached SEVERE; stop sustained load,2026-10-03T23:10:46.640799+00:00,432650.690552765,38.6,70.1,59.8,60.0,1363200,"{""clock_mhz"":""231"",""max_gpuclk"":""231000000"",""thermal_pwrlevel"":""13"",""gpu_busy_percentage"":""1 %"",""gpubusy"":""13329 1015802"",""temp"":""59800"",""reset_count"":""356125""}",4890.2265625,,"5:freezer:/
4:cpuset:/top-app
3:cpuacct:/top-app
2:cpu:/top-app
1:blkio:/top
0::/apps/uid_10247/pid_11813"
sustained-fixed-context-15min-r0-v1-cpu,qwen2.5-coder-1.5b,sustained-fixed-context,sustained,api-20261003T210139Z-UNPLUGGED,"[""Run failed, was aborted, or did not parse""]",False,False,-15,Android public thermal status reached SEVERE; stop sustained load,2026-10-03T23:10:47.766001+00:00,432651.815760941,38.6,70.5,60.2,60.3,1363200,"{""clock_mhz"":""231"",""max_gpuclk"":""231000000"",""thermal_pwrlevel"":""13"",""gpu_busy_percentage"":""1 %"",""gpubusy"":""12649 1023788"",""temp"":""60200"",""reset_count"":""356125""}",4889.2578125,,"5:freezer:/
4:cpuset:/top-app
3:cpuacct:/top-app
2:cpu:/top-app
1:blkio:/top
0::/apps/uid_10247/pid_11813"
sustained-fixed-context-15min-r0-v1-cpu,qwen2.5-coder-1.5b,sustained-fixed-context,sustained,api-20261003T210139Z-UNPLUGGED,"[""Run failed, was aborted, or did not parse""]",False,False,-15,Android public thermal status reached SEVERE; stop sustained load,2026-10-03T23:10:48.939994+00:00,432652.989750889,38.6,70.5,60.2,60.3,1363200,"{""clock_mhz"":""231"",""max_gpuclk"":""231000000"",""thermal_pwrlevel"":""13"",""gpu_busy_percentage"":""1 %"",""gpubusy"":""11288 1016682"",""temp"":""60600"",""reset_count"":""356125""}",4887.12890625,,"5:freezer:/
4:cpuset:/top-app
3:cpuacct:/top-app
2:cpu:/top-app
1:blkio:/top
0::/apps/uid_10247/pid_11813"
sustained-fixed-context-15min-r0-v1-cpu,qwen2.5-coder-1.5b,sustained-fixed-context,sustained,api-20261003T210139Z-UNPLUGGED,"[""Run failed, was aborted, or did not parse""]",False,False,-15,Android public thermal status reached SEVERE; stop sustained load,2026-10-03T23:10:50.093089+00:00,432654.142839378,38.6,70.9,60.6,60.7,1363200,"{""clock_mhz"":""231"",""max_gpuclk"":""231000000"",""thermal_pwrlevel"":""13"",""gpu_busy_percentage"":""1 %"",""gpubusy"":""11980 1022121"",""temp"":""60600"",""reset_count"":""356125""}",4886.390625,,"5:freezer:/
4:cpuset:/top-app
3:cpuacct:/top-app
2:cpu:/top-app
1:blkio:/top
0::/apps/uid_10247/pid_11813"
sustained-fixed-context-15min-r0-v1-cpu,qwen2.5-coder-1.5b,sustained-fixed-context,sustained,api-20261003T210139Z-UNPLUGGED,"[""Run failed, was aborted, or did not parse""]",False,False,-15,Android public thermal status reached SEVERE; stop sustained load,2026-10-03T23:10:51.211271+00:00,432655.261044117,38.6,71.3,59.8,59.6,1363200,"{""clock_mhz"":""231"",""max_gpuclk"":""231000000"",""thermal_pwrlevel"":""13"",""gpu_busy_percentage"":""1 %"",""gpubusy"":""11907 1024238"",""temp"":""59800"",""reset_count"":""356125""}",4882.70703125,,"5:freezer:/
4:cpuset:/top-app
3:cpuacct:/top-app
2:cpu:/top-app
1:blkio:/top
0::/apps/uid_10247/pid_11813"
sustained-fixed-context-15min-r0-v1-cpu,qwen2.5-coder-1.5b,sustained-fixed-context,sustained,api-20261003T210139Z-UNPLUGGED,"[""Run failed, was aborted, or did not parse""]",False,False,-15,Android public thermal status reached SEVERE; stop sustained load,2026-10-03T23:10:52.376194+00:00,432656.425948804,38.6,70.1,58.6,58.4,1363200,"{""clock_mhz"":""231"",""max_gpuclk"":""231000000"",""thermal_pwrlevel"":""13"",""gpu_busy_percentage"":""1 %"",""gpubusy"":""12870 1013999"",""temp"":""58600"",""reset_count"":""356125""}",4882.21484375,,"5:freezer:/
4:cpuset:/top-app
3:cpuacct:/top-app
2:cpu:/top-app
1:blkio:/top
0::/apps/uid_10247/pid_11813"
sustained-fixed-context-15min-r0-v1-cpu,qwen2.5-coder-1.5b,sustained-fixed-context,sustained,api-20261003T210139Z-UNPLUGGED,"[""Run failed, was aborted, or did not parse""]",False,False,-15,Android public thermal status reached SEVERE; stop sustained load,2026-10-03T23:10:53.524038+00:00,432657.573805939,38.6,69.3,58.6,58.0,1363200,"{""clock_mhz"":""231"",""max_gpuclk"":""231000000"",""thermal_pwrlevel"":""13"",""gpu_busy_percentage"":""1 %"",""gpubusy"":""14935 1009773"",""temp"":""58200"",""reset_count"":""356125""}",4878.5234375,,"5:freezer:/
4:cpuset:/top-app
3:cpuacct:/top-app
2:cpu:/top-app
1:blkio:/top
0::/apps/uid_10247/pid_11813"
sustained-fixed-context-15min-r0-v1-cpu,qwen2.5-coder-1.5b,sustained-fixed-context,sustained,api-20261003T210139Z-UNPLUGGED,"[""Run failed, was aborted, or did not parse""]",False,False,-15,Android public thermal status reached SEVERE; stop sustained load,2026-10-03T23:10:54.644725+00:00,432658.694476564,38.9,69.3,58.6,57.6,1363200,"{""clock_mhz"":""231"",""max_gpuclk"":""231000000"",""thermal_pwrlevel"":""13"",""gpu_busy_percentage"":""1 %"",""gpubusy"":""13449 1022886"",""temp"":""58200"",""reset_count"":""356125""}",4872.62890625,,"5:freezer:/
4:cpuset:/top-app
3:cpuacct:/top-app
2:cpu:/top-app
1:blkio:/top
0::/apps/uid_10247/pid_11813"
sustained-fixed-context-15min-r0-v1-cpu,qwen2.5-coder-1.5b,sustained-fixed-context,sustained,api-20261003T210139Z-UNPLUGGED,"[""Run failed, was aborted, or did not parse""]",False,False,-15,Android public thermal status reached SEVERE; stop sustained load,2026-10-03T23:10:55.788416+00:00,432659.838168542,38.9,68.9,58.2,56.8,1363200,"{""clock_mhz"":""231"",""max_gpuclk"":""231000000"",""thermal_pwrlevel"":""13"",""gpu_busy_percentage"":""1 %"",""gpubusy"":""13071 1010289"",""temp"":""57800"",""reset_count"":""356125""}",4866.06640625,,"5:freezer:/
4:cpuset:/top-app
3:cpuacct:/top-app
2:cpu:/top-app
1:blkio:/top
0::/apps/uid_10247/pid_11813"
sustained-fixed-context-15min-r0-v1-cpu,qwen2.5-coder-1.5b,sustained-fixed-context,sustained,api-20261003T210139Z-UNPLUGGED,"[""Run failed, was aborted, or did not parse""]",False,False,-15,Android public thermal status reached SEVERE; stop sustained load,2026-10-03T23:10:56.960073+00:00,432661.009824948,38.9,68.1,57.8,56.8,1363200,"{""clock_mhz"":""231"",""max_gpuclk"":""231000000"",""thermal_pwrlevel"":""13"",""gpu_busy_percentage"":""1 %"",""gpubusy"":""13051 1010835"",""temp"":""57800"",""reset_count"":""356125""}",4862.9609375,,"5:freezer:/
4:cpuset:/top-app
3:cpuacct:/top-app
2:cpu:/top-app
1:blkio:/top
0::/apps/uid_10247/pid_11813"
sustained-fixed-context-15min-r0-v1-cpu,qwen2.5-coder-1.5b,sustained-fixed-context,sustained,api-20261003T210139Z-UNPLUGGED,"[""Run failed, was aborted, or did not parse""]",False,False,-15,Android public thermal status reached SEVERE; stop sustained load,2026-10-03T23:10:58.103363+00:00,432662.153117604,38.9,67.4,57.8,57.6,1363200,"{""clock_mhz"":""231"",""max_gpuclk"":""231000000"",""thermal_pwrlevel"":""13"",""gpu_busy_percentage"":""1 %"",""gpubusy"":""14058 1005239"",""temp"":""57800"",""reset_count"":""356125""}",4855.83984375,,"5:freezer:/
4:cpuset:/top-app
3:cpuacct:/top-app
2:cpu:/top-app
1:blkio:/top
0::/apps/uid_10247/pid_11813"
sustained-fixed-context-15min-r0-v1-cpu,qwen2.5-coder-1.5b,sustained-fixed-context,sustained,api-20261003T210139Z-UNPLUGGED,"[""Run failed, was aborted, or did not parse""]",False,False,-15,Android public thermal status reached SEVERE; stop sustained load,2026-10-03T23:10:59.259362+00:00,432663.309126249,38.9,68.9,59.0,58.4,1363200,"{""clock_mhz"":""231"",""max_gpuclk"":""231000000"",""thermal_pwrlevel"":""13"",""gpu_busy_percentage"":""1 %"",""gpubusy"":""12566 1004297"",""temp"":""59400"",""reset_count"":""356125""}",4843.7890625,,"5:freezer:/
4:cpuset:/top-app
3:cpuacct:/top-app
2:cpu:/top-app
1:blkio:/top
0::/apps/uid_10247/pid_11813"
sustained-fixed-context-15min-r0-v1-cpu,qwen2.5-coder-1.5b,sustained-fixed-context,sustained,api-20261003T210139Z-UNPLUGGED,"[""Run failed, was aborted, or did not parse""]",False,False,-15,Android public thermal status reached SEVERE; stop sustained load,2026-10-03T23:11:00.384525+00:00,432664.434279686,38.9,70.5,59.4,59.6,1363200,"{""clock_mhz"":""231"",""max_gpuclk"":""231000000"",""thermal_pwrlevel"":""13"",""gpu_busy_percentage"":""1 %"",""gpubusy"":""19659 1009296"",""temp"":""59800"",""reset_count"":""356125""}",4841.8203125,,"5:freezer:/
4:cpuset:/top-app
3:cpuacct:/top-app
2:cpu:/top-app
1:blkio:/top
0::/apps/uid_10247/pid_11813"
sustained-fixed-context-15min-r0-v1-cpu,qwen2.5-coder-1.5b,sustained-fixed-context,sustained,api-20261003T210139Z-UNPLUGGED,"[""Run failed, was aborted, or did not parse""]",False,False,-15,Android public thermal status reached SEVERE; stop sustained load,2026-10-03T23:11:01.527803+00:00,432665.577561925,38.9,70.5,60.2,60.3,1363200,"{""clock_mhz"":""231"",""max_gpuclk"":""231000000"",""thermal_pwrlevel"":""13"",""gpu_busy_percentage"":""2 %"",""gpubusy"":""22690 1025294"",""temp"":""60200"",""reset_count"":""356125""}",4841.82421875,,"5:freezer:/
4:cpuset:/top-app
3:cpuacct:/top-app
2:cpu:/top-app
1:blkio:/top
0::/apps/uid_10247/pid_11813"
sustained-fixed-context-15min-r0-v1-cpu,qwen2.5-coder-1.5b,sustained-fixed-context,sustained,api-20261003T210139Z-UNPLUGGED,"[""Run failed, was aborted, or did not parse""]",False,False,-15,Android public thermal status reached SEVERE; stop sustained load,2026-10-03T23:11:02.674069+00:00,432666.723822133,38.9,70.9,60.6,61.1,1363200,"{""clock_mhz"":""231"",""max_gpuclk"":""231000000"",""thermal_pwrlevel"":""13"",""gpu_busy_percentage"":""2 %"",""gpubusy"":""24400 1004523"",""temp"":""60600"",""reset_count"":""356125""}",4840.83984375,,"5:freezer:/
4:cpuset:/top-app
3:cpuacct:/top-app
2:cpu:/top-app
1:blkio:/top
0::/apps/uid_10247/pid_11813"
sustained-fixed-context-15min-r0-v1-cpu,qwen2.5-coder-1.5b,sustained-fixed-context,sustained,api-20261003T210139Z-UNPLUGGED,"[""Run failed, was aborted, or did not parse""]",False,False,-15,Android public thermal status reached SEVERE; stop sustained load,2026-10-03T23:11:03.790501+00:00,432667.840277289,38.9,71.3,60.6,61.1,1363200,"{""clock_mhz"":""231"",""max_gpuclk"":""231000000"",""thermal_pwrlevel"":""13"",""gpu_busy_percentage"":""2 %"",""gpubusy"":""26157 1024444"",""temp"":""60600"",""reset_count"":""356125""}",4823.18359375,,"5:freezer:/
4:cpuset:/top-app
3:cpuacct:/top-app
2:cpu:/top-app
1:blkio:/top
0::/apps/uid_10247/pid_11813"
sustained-fixed-context-15min-r0-v1-cpu,qwen2.5-coder-1.5b,sustained-fixed-context,sustained,api-20261003T210139Z-UNPLUGGED,"[""Run failed, was aborted, or did not parse""]",False,False,-15,Android public thermal status reached SEVERE; stop sustained load,2026-10-03T23:11:04.935339+00:00,432668.985107601,38.9,71.6,61.0,61.1,1363200,"{""clock_mhz"":""231"",""max_gpuclk"":""231000000"",""thermal_pwrlevel"":""13"",""gpu_busy_percentage"":""2 %"",""gpubusy"":""21911 1026778"",""temp"":""61000"",""reset_count"":""356125""}",4860.70703125,,"5:freezer:/
4:cpuset:/top-app
3:cpuacct:/top-app
2:cpu:/top-app
1:blkio:/top
0::/apps/uid_10247/pid_11813"
sustained-fixed-context-15min-r0-v1-cpu,qwen2.5-coder-1.5b,sustained-fixed-context,sustained,api-20261003T210139Z-UNPLUGGED,"[""Run failed, was aborted, or did not parse""]",False,False,-15,Android public thermal status reached SEVERE; stop sustained load,2026-10-03T23:11:06.120418+00:00,432670.170172965,38.9,71.6,60.2,59.2,1363200,"{""clock_mhz"":""231"",""max_gpuclk"":""231000000"",""thermal_pwrlevel"":""13"",""gpu_busy_percentage"":""2 %"",""gpubusy"":""24348 1015072"",""temp"":""59800"",""reset_count"":""356125""}",4857.34765625,,"5:freezer:/
4:cpuset:/top-app
3:cpuacct:/top-app
2:cpu:/top-app
1:blkio:/top
0::/apps/uid_10247/pid_11813"
sustained-fixed-context-15min-r0-v1-cpu,qwen2.5-coder-1.5b,sustained-fixed-context,sustained,api-20261003T210139Z-UNPLUGGED,"[""Run failed, was aborted, or did not parse""]",False,False,-15,Android public thermal status reached SEVERE; stop sustained load,2026-10-03T23:11:07.253189+00:00,432671.302961663,38.9,70.5,59.4,58.4,1363200,"{""clock_mhz"":""231"",""max_gpuclk"":""231000000"",""thermal_pwrlevel"":""13"",""gpu_busy_percentage"":""2 %"",""gpubusy"":""23951 1012029"",""temp"":""59000"",""reset_count"":""356125""}",4856.140625,,"5:freezer:/
4:cpuset:/top-app
3:cpuacct:/top-app
2:cpu:/top-app
1:blkio:/top
0::/apps/uid_10247/pid_11813"
sustained-fixed-context-15min-r0-v1-cpu,qwen2.5-coder-1.5b,sustained-fixed-context,sustained,api-20261003T210139Z-UNPLUGGED,"[""Run failed, was aborted, or did not parse""]",False,False,-15,Android public thermal status reached SEVERE; stop sustained load,2026-10-03T23:11:08.411896+00:00,432672.461676871,38.9,70.1,59.0,57.6,1363200,"{""clock_mhz"":""231"",""max_gpuclk"":""231000000"",""thermal_pwrlevel"":""13"",""gpu_busy_percentage"":""2 %"",""gpubusy"":""27130 1000126"",""temp"":""58600"",""reset_count"":""356125""}",4852.703125,,"5:freezer:/
4:cpuset:/top-app
3:cpuacct:/top-app
2:cpu:/top-app
1:blkio:/top
0::/apps/uid_10247/pid_11813"
sustained-fixed-context-15min-r0-v1-cpu,qwen2.5-coder-1.5b,sustained-fixed-context,sustained,api-20261003T210139Z-UNPLUGGED,"[""Run failed, was aborted, or did not parse""]",False,False,-15,Android public thermal status reached SEVERE; stop sustained load,2026-10-03T23:11:09.549912+00:00,432673.599679006,38.9,69.3,59.0,57.2,1363200,"{""clock_mhz"":""231"",""max_gpuclk"":""231000000"",""thermal_pwrlevel"":""13"",""gpu_busy_percentage"":""2 %"",""gpubusy"":""27774 1024650"",""temp"":""58200"",""reset_count"":""356125""}",4851.96875,,"5:freezer:/
4:cpuset:/top-app
3:cpuacct:/top-app
2:cpu:/top-app
1:blkio:/top
0::/apps/uid_10247/pid_11813"
sustained-fixed-context-15min-r0-v1-cpu,qwen2.5-coder-1.5b,sustained-fixed-context,sustained,api-20261003T210139Z-UNPLUGGED,"[""Run failed, was aborted, or did not parse""]",False,False,-15,Android public thermal status reached SEVERE; stop sustained load,2026-10-03T23:11:10.688824+00:00,432674.738592703,38.9,68.9,58.2,57.6,1363200,"{""clock_mhz"":""231"",""max_gpuclk"":""231000000"",""thermal_pwrlevel"":""13"",""gpu_busy_percentage"":""2 %"",""gpubusy"":""25962 1007042"",""temp"":""58600"",""reset_count"":""356125""}",4851.96875,,"5:freezer:/
4:cpuset:/top-app
3:cpuacct:/top-app
2:cpu:/top-app
1:blkio:/top
0::/apps/uid_10247/pid_11813"
sustained-fixed-context-15min-r0-v1-cpu,qwen2.5-coder-1.5b,sustained-fixed-context,sustained,api-20261003T210139Z-UNPLUGGED,"[""Run failed, was aborted, or did not parse""]",False,False,-15,Android public thermal status reached SEVERE; stop sustained load,2026-10-03T23:11:11.821399+00:00,432675.871150151,38.9,68.9,58.2,57.2,1363200,"{""clock_mhz"":""231"",""max_gpuclk"":""231000000"",""thermal_pwrlevel"":""13"",""gpu_busy_percentage"":""2 %"",""gpubusy"":""26955 1004556"",""temp"":""58200"",""reset_count"":""356125""}",4850.51953125,,"5:freezer:/
4:cpuset:/top-app
3:cpuacct:/top-app
2:cpu:/top-app
1:blkio:/top
0::/apps/uid_10247/pid_11813"
sustained-fixed-context-15min-r0-v1-cpu,qwen2.5-coder-1.5b,sustained-fixed-context,sustained,api-20261003T210139Z-UNPLUGGED,"[""Run failed, was aborted, or did not parse""]",False,False,-15,Android public thermal status reached SEVERE; stop sustained load,2026-10-03T23:11:12.945107+00:00,432676.994860879,38.9,68.9,58.6,58.8,1363200,"{""clock_mhz"":""231"",""max_gpuclk"":""231000000"",""thermal_pwrlevel"":""13"",""gpu_busy_percentage"":""2 %"",""gpubusy"":""25603 1034052"",""temp"":""59000"",""reset_count"":""356125""}",4850.02734375,,"5:freezer:/
4:cpuset:/top-app
3:cpuacct:/top-app
2:cpu:/top-app
1:blkio:/top
0::/apps/uid_10247/pid_11813"
sustained-fixed-context-15min-r0-v1-cpu,qwen2.5-coder-1.5b,sustained-fixed-context,sustained,api-20261003T210139Z-UNPLUGGED,"[""Run failed, was aborted, or did not parse""]",False,False,-15,Android public thermal status reached SEVERE; stop sustained load,2026-10-03T23:11:14.118808+00:00,432678.168640046,38.9,70.5,59.8,59.6,1363200,"{""clock_mhz"":""231"",""max_gpuclk"":""231000000"",""thermal_pwrlevel"":""13"",""gpu_busy_percentage"":""2 %"",""gpubusy"":""21986 1008990"",""temp"":""59400"",""reset_count"":""356125""}",4848.5625,,"5:freezer:/
4:cpuset:/top-app
3:cpuacct:/top-app
2:cpu:/top-app
1:blkio:/top
0::/apps/uid_10247/pid_11813"
sustained-fixed-context-15min-r0-v1-cpu,qwen2.5-coder-1.5b,sustained-fixed-context,sustained,api-20261003T210139Z-UNPLUGGED,"[""Run failed, was aborted, or did not parse""]",False,False,-15,Android public thermal status reached SEVERE; stop sustained load,2026-10-03T23:11:15.283265+00:00,432679.333023326,38.9,70.9,59.8,60.3,1363200,"{""clock_mhz"":""231"",""max_gpuclk"":""231000000"",""thermal_pwrlevel"":""13"",""gpu_busy_percentage"":""2 %"",""gpubusy"":""25786 1028687"",""temp"":""59800"",""reset_count"":""356125""}",4847.82421875,,"5:freezer:/
4:cpuset:/top-app
3:cpuacct:/top-app
2:cpu:/top-app
1:blkio:/top
0::/apps/uid_10247/pid_11813"
sustained-fixed-context-15min-r0-v1-cpu,qwen2.5-coder-1.5b,sustained-fixed-context,sustained,api-20261003T210139Z-UNPLUGGED,"[""Run failed, was aborted, or did not parse""]",False,False,-15,Android public thermal status reached SEVERE; stop sustained load,2026-10-03T23:11:16.431368+00:00,432680.481125409,38.9,71.3,59.8,60.3,1363200,"{""clock_mhz"":""231"",""max_gpuclk"":""231000000"",""thermal_pwrlevel"":""13"",""gpu_busy_percentage"":""2 %"",""gpubusy"":""24246 1029856"",""temp"":""60200"",""reset_count"":""356125""}",4843.56640625,,"5:freezer:/
4:cpuset:/top-app
3:cpuacct:/top-app
2:cpu:/top-app
1:blkio:/top
0::/apps/uid_10247/pid_11813"
sustained-fixed-context-15min-r0-v1-cpu,qwen2.5-coder-1.5b,sustained-fixed-context,sustained,api-20261003T210139Z-UNPLUGGED,"[""Run failed, was aborted, or did not parse""]",False,False,-15,Android public thermal status reached SEVERE; stop sustained load,2026-10-03T23:11:17.547108+00:00,432681.596884888,38.9,71.6,60.6,60.7,1363200,"{""clock_mhz"":""231"",""max_gpuclk"":""231000000"",""thermal_pwrlevel"":""13"",""gpu_busy_percentage"":""2 %"",""gpubusy"":""23478 1008035"",""temp"":""61000"",""reset_count"":""356125""}",4841.59765625,,"5:freezer:/
4:cpuset:/top-app
3:cpuacct:/top-app
2:cpu:/top-app
1:blkio:/top
0::/apps/uid_10247/pid_11813"
sustained-fixed-context-15min-r0-v1-cpu,qwen2.5-coder-1.5b,sustained-fixed-context,sustained,api-20261003T210139Z-UNPLUGGED,"[""Run failed, was aborted, or did not parse""]",False,False,-15,Android public thermal status reached SEVERE; stop sustained load,2026-10-03T23:11:18.692276+00:00,432682.742053221,38.9,71.3,60.6,61.1,1363200,"{""clock_mhz"":""231"",""max_gpuclk"":""231000000"",""thermal_pwrlevel"":""13"",""gpu_busy_percentage"":""2 %"",""gpubusy"":""25825 1008280"",""temp"":""61000"",""reset_count"":""356125""}",4838.40234375,,"5:freezer:/
4:cpuset:/top-app
3:cpuacct:/top-app
2:cpu:/top-app
1:blkio:/top
0::/apps/uid_10247/pid_11813"
sustained-fixed-context-15min-r0-v1-cpu,qwen2.5-coder-1.5b,sustained-fixed-context,sustained,api-20261003T210139Z-UNPLUGGED,"[""Run failed, was aborted, or did not parse""]",False,False,-15,Android public thermal status reached SEVERE; stop sustained load,2026-10-03T23:11:19.855349+00:00,432683.905102127,38.9,70.1,60.6,59.6,1363200,"{""clock_mhz"":""231"",""max_gpuclk"":""231000000"",""thermal_pwrlevel"":""13"",""gpu_busy_percentage"":""2 %"",""gpubusy"":""24371 1020062"",""temp"":""60200"",""reset_count"":""356125""}",4837.41796875,,"5:freezer:/
4:cpuset:/top-app
3:cpuacct:/top-app
2:cpu:/top-app
1:blkio:/top
0::/apps/uid_10247/pid_11813"
sustained-fixed-context-15min-r0-v1-cpu,qwen2.5-coder-1.5b,sustained-fixed-context,sustained,api-20261003T210139Z-UNPLUGGED,"[""Run failed, was aborted, or did not parse""]",False,False,-15,Android public thermal status reached SEVERE; stop sustained load,2026-10-03T23:11:21.010599+00:00,432685.060383741,38.9,69.7,59.0,58.4,1363200,"{""clock_mhz"":""231"",""max_gpuclk"":""231000000"",""thermal_pwrlevel"":""13"",""gpu_busy_percentage"":""2 %"",""gpubusy"":""24110 1001006"",""temp"":""59400"",""reset_count"":""356125""}",4846.62890625,,"5:freezer:/
4:cpuset:/top-app
3:cpuacct:/top-app
2:cpu:/top-app
1:blkio:/top
0::/apps/uid_10247/pid_11813"
sustained-fixed-context-15min-r0-v1-cpu,qwen2.5-coder-1.5b,sustained-fixed-context,sustained,api-20261003T210139Z-UNPLUGGED,"[""Run failed, was aborted, or did not parse""]",False,False,-15,Android public thermal status reached SEVERE; stop sustained load,2026-10-03T23:11:22.152636+00:00,432686.202390303,38.9,68.9,58.6,58.0,1363200,"{""clock_mhz"":""231"",""max_gpuclk"":""231000000"",""thermal_pwrlevel"":""13"",""gpu_busy_percentage"":""2 %"",""gpubusy"":""26366 1004927"",""temp"":""58600"",""reset_count"":""356125""}",4841.58203125,,"5:freezer:/
4:cpuset:/top-app
3:cpuacct:/top-app
2:cpu:/top-app
1:blkio:/top
0::/apps/uid_10247/pid_11813"
sustained-fixed-context-15min-r0-v1-cpu,qwen2.5-coder-1.5b,sustained-fixed-context,sustained,api-20261003T210139Z-UNPLUGGED,"[""Run failed, was aborted, or did not parse""]",False,False,-15,Android public thermal status reached SEVERE; stop sustained load,2026-10-03T23:11:23.328990+00:00,432687.378741448,38.9,69.7,58.6,57.2,1363200,"{""clock_mhz"":""231"",""max_gpuclk"":""231000000"",""thermal_pwrlevel"":""13"",""gpu_busy_percentage"":""2 %"",""gpubusy"":""24670 1016276"",""temp"":""58200"",""reset_count"":""356125""}",4838.3828125,,"5:freezer:/
4:cpuset:/top-app
3:cpuacct:/top-app
2:cpu:/top-app
1:blkio:/top
0::/apps/uid_10247/pid_11813"
sustained-fixed-context-15min-r0-v1-cpu,qwen2.5-coder-1.5b,sustained-fixed-context,sustained,api-20261003T210139Z-UNPLUGGED,"[""Run failed, was aborted, or did not parse""]",False,False,-15,Android public thermal status reached SEVERE; stop sustained load,2026-10-03T23:11:24.456933+00:00,432688.506705719,39.2,69.7,58.2,56.8,1363200,"{""clock_mhz"":""231"",""max_gpuclk"":""231000000"",""thermal_pwrlevel"":""13"",""gpu_busy_percentage"":""2 %"",""gpubusy"":""25324 1005902"",""temp"":""58200"",""reset_count"":""356125""}",4830.03125,,"5:freezer:/
4:cpuset:/top-app
3:cpuacct:/top-app
2:cpu:/top-app
1:blkio:/top
0::/apps/uid_10247/pid_11813"
sustained-fixed-context-15min-r0-v1-cpu,qwen2.5-coder-1.5b,sustained-fixed-context,sustained,api-20261003T210139Z-UNPLUGGED,"[""Run failed, was aborted, or did not parse""]",False,False,-15,Android public thermal status reached SEVERE; stop sustained load,2026-10-03T23:11:25.603901+00:00,432689.653688375,39.2,68.5,57.8,56.8,1363200,"{""clock_mhz"":""231"",""max_gpuclk"":""231000000"",""thermal_pwrlevel"":""13"",""gpu_busy_percentage"":""2 %"",""gpubusy"":""25933 1026636"",""temp"":""57400"",""reset_count"":""356125""}",4828.8671875,,"5:freezer:/
4:cpuset:/top-app
3:cpuacct:/top-app
2:cpu:/top-app
1:blkio:/top
0::/apps/uid_10247/pid_11813"
sustained-fixed-context-15min-r0-v1-cpu,qwen2.5-coder-1.5b,sustained-fixed-context,sustained,api-20261003T210139Z-UNPLUGGED,"[""Run failed, was aborted, or did not parse""]",False,False,-15,Android public thermal status reached SEVERE; stop sustained load,2026-10-03T23:11:26.770600+00:00,432690.820383218,39.2,65.4,57.4,56.8,1363200,"{""clock_mhz"":""231"",""max_gpuclk"":""231000000"",""thermal_pwrlevel"":""13"",""gpu_busy_percentage"":""2 %"",""gpubusy"":""25607 1022816"",""temp"":""57400"",""reset_count"":""356125""}",4826.8984375,,"5:freezer:/
4:cpuset:/top-app
3:cpuacct:/top-app
2:cpu:/top-app
1:blkio:/top
0::/apps/uid_10247/pid_11813"
sustained-fixed-context-15min-r0-v1-cpu,qwen2.5-coder-1.5b,sustained-fixed-context,sustained,api-20261003T210139Z-UNPLUGGED,"[""Run failed, was aborted, or did not parse""]",False,False,-15,Android public thermal status reached SEVERE; stop sustained load,2026-10-03T23:11:27.952688+00:00,432692.002436655,39.2,69.3,59.0,58.4,1363200,"{""clock_mhz"":""231"",""max_gpuclk"":""231000000"",""thermal_pwrlevel"":""13"",""gpu_busy_percentage"":""2 %"",""gpubusy"":""23635 1000129"",""temp"":""58600"",""reset_count"":""356126""}",4806.48828125,,"5:freezer:/
4:cpuset:/top-app
3:cpuacct:/top-app
2:cpu:/top-app
1:blkio:/top
0::/apps/uid_10247/pid_11813"
sustained-fixed-context-15min-r0-v1-cpu,qwen2.5-coder-1.5b,sustained-fixed-context,sustained,api-20261003T210139Z-UNPLUGGED,"[""Run failed, was aborted, or did not parse""]",False,False,-15,Android public thermal status reached SEVERE; stop sustained load,2026-10-03T23:11:29.110711+00:00,432693.160469311,39.2,70.5,59.4,59.6,1363200,"{""clock_mhz"":""231"",""max_gpuclk"":""231000000"",""thermal_pwrlevel"":""13"",""gpu_busy_percentage"":""1 %"",""gpubusy"":""0       0"",""temp"":""59400"",""reset_count"":""356126""}",4801.56640625,,"5:freezer:/
4:cpuset:/top-app
3:cpuacct:/top-app
2:cpu:/top-app
1:blkio:/top
0::/apps/uid_10247/pid_11813"
sustained-fixed-context-15min-r0-v1-cpu,qwen2.5-coder-1.5b,sustained-fixed-context,sustained,api-20261003T210139Z-UNPLUGGED,"[""Run failed, was aborted, or did not parse""]",False,False,-15,Android public thermal status reached SEVERE; stop sustained load,2026-10-03T23:11:30.239290+00:00,432694.289045196,39.2,70.5,59.8,60.0,1363200,"{""clock_mhz"":""231"",""max_gpuclk"":""231000000"",""thermal_pwrlevel"":""13"",""gpu_busy_percentage"":""0 %"",""gpubusy"":""0       0"",""temp"":""59800"",""reset_count"":""356131""}",4778.89453125,,"5:freezer:/
4:cpuset:/top-app
3:cpuacct:/top-app
2:cpu:/top-app
1:blkio:/top
0::/apps/uid_10247/pid_11813"
sustained-fixed-context-15min-r0-v1-cpu,qwen2.5-coder-1.5b,sustained-fixed-context,sustained,api-20261003T210139Z-UNPLUGGED,"[""Run failed, was aborted, or did not parse""]",False,False,-15,Android public thermal status reached SEVERE; stop sustained load,2026-10-03T23:11:31.394433+00:00,432695.444211654,39.2,71.3,59.8,60.7,1363200,"{""clock_mhz"":""231"",""max_gpuclk"":""231000000"",""thermal_pwrlevel"":""13"",""gpu_busy_percentage"":""2 %"",""gpubusy"":""20461 1022984"",""temp"":""60200"",""reset_count"":""356132""}",4777.41796875,,"5:freezer:/
4:cpuset:/top-app
3:cpuacct:/top-app
2:cpu:/top-app
1:blkio:/top
0::/apps/uid_10247/pid_11813"
sustained-fixed-context-15min-r0-v1-cpu,qwen2.5-coder-1.5b,sustained-fixed-context,sustained,api-20261003T210139Z-UNPLUGGED,"[""Run failed, was aborted, or did not parse""]",False,False,-15,Android public thermal status reached SEVERE; stop sustained load,2026-10-03T23:11:32.567050+00:00,432696.616818632,39.2,70.9,60.2,60.7,1363200,"{""clock_mhz"":""231"",""max_gpuclk"":""231000000"",""thermal_pwrlevel"":""13"",""gpu_busy_percentage"":""1 %"",""gpubusy"":""20065 1011201"",""temp"":""60200"",""reset_count"":""356132""}",4776.6796875,,"5:freezer:/
4:cpuset:/top-app
3:cpuacct:/top-app
2:cpu:/top-app
1:blkio:/top
0::/apps/uid_10247/pid_11813"
sustained-fixed-context-15min-r0-v1-cpu,qwen2.5-coder-1.5b,sustained-fixed-context,sustained,api-20261003T210139Z-UNPLUGGED,"[""Run failed, was aborted, or did not parse""]",False,False,-15,Android public thermal status reached SEVERE; stop sustained load,2026-10-03T23:11:33.682227+00:00,432697.732081132,39.2,71.3,60.6,61.1,1363200,"{""clock_mhz"":""231"",""max_gpuclk"":""231000000"",""thermal_pwrlevel"":""13"",""gpu_busy_percentage"":""2 %"",""gpubusy"":""20800 1037513"",""temp"":""60600"",""reset_count"":""356132""}",4774.21875,,"5:freezer:/
4:cpuset:/top-app
3:cpuacct:/top-app
2:cpu:/top-app
1:blkio:/top
0::/apps/uid_10247/pid_11813"
sustained-fixed-context-15min-r0-v1-cpu,qwen2.5-coder-1.5b,sustained-fixed-context,sustained,api-20261003T210139Z-UNPLUGGED,"[""Run failed, was aborted, or did not parse""]",False,False,-15,Android public thermal status reached SEVERE; stop sustained load,2026-10-03T23:11:34.815123+00:00,432698.86487509,39.2,70.9,59.4,59.6,1363200,"{""clock_mhz"":""231"",""max_gpuclk"":""231000000"",""thermal_pwrlevel"":""13"",""gpu_busy_percentage"":""1 %"",""gpubusy"":""19464 1010150"",""temp"":""59800"",""reset_count"":""356132""}",4772.390625,,"5:freezer:/
4:cpuset:/top-app
3:cpuacct:/top-app
2:cpu:/top-app
1:blkio:/top
0::/apps/uid_10247/pid_11813"
sustained-fixed-context-15min-r0-v1-cpu,qwen2.5-coder-1.5b,sustained-fixed-context,sustained,api-20261003T210139Z-UNPLUGGED,"[""Run failed, was aborted, or did not parse""]",False,False,-15,Android public thermal status reached SEVERE; stop sustained load,2026-10-03T23:11:35.938677+00:00,432699.988449933,39.2,70.1,59.0,58.0,1363200,"{""clock_mhz"":""231"",""max_gpuclk"":""231000000"",""thermal_pwrlevel"":""13"",""gpu_busy_percentage"":""2 %"",""gpubusy"":""21840 1032515"",""temp"":""58600"",""reset_count"":""356132""}",4771.1796875,,"5:freezer:/
4:cpuset:/top-app
3:cpuacct:/top-app
2:cpu:/top-app
1:blkio:/top
0::/apps/uid_10247/pid_11813"
sustained-fixed-context-15min-r0-v1-cpu,qwen2.5-coder-1.5b,sustained-fixed-context,sustained,api-20261003T210139Z-UNPLUGGED,"[""Run failed, was aborted, or did not parse""]",False,False,-15,Android public thermal status reached SEVERE; stop sustained load,2026-10-03T23:11:37.103586+00:00,432701.15334186,39.2,69.7,58.6,57.6,1363200,"{""clock_mhz"":""231"",""max_gpuclk"":""231000000"",""thermal_pwrlevel"":""13"",""gpu_busy_percentage"":""2 %"",""gpubusy"":""23247 1002517"",""temp"":""59000"",""reset_count"":""356132""}",4792.34765625,,"5:freezer:/
4:cpuset:/top-app
3:cpuacct:/top-app
2:cpu:/top-app
1:blkio:/top
0::/apps/uid_10247/pid_11813"
sustained-fixed-context-15min-r0-v1-cpu,qwen2.5-coder-1.5b,sustained-fixed-context,sustained,api-20261003T210139Z-UNPLUGGED,"[""Run failed, was aborted, or did not parse""]",False,False,-15,Android public thermal status reached SEVERE; stop sustained load,2026-10-03T23:11:38.221705+00:00,432702.271479776,39.2,69.7,58.6,57.2,1363200,"{""clock_mhz"":""231"",""max_gpuclk"":""231000000"",""thermal_pwrlevel"":""13"",""gpu_busy_percentage"":""2 %"",""gpubusy"":""22801 1008577"",""temp"":""58200"",""reset_count"":""356132""}",4790.62890625,,"5:freezer:/
4:cpuset:/top-app
3:cpuacct:/top-app
2:cpu:/top-app
1:blkio:/top
0::/apps/uid_10247/pid_11813"
sustained-fixed-context-15min-r0-v1-cpu,qwen2.5-coder-1.5b,sustained-fixed-context,sustained,api-20261003T210139Z-UNPLUGGED,"[""Run failed, was aborted, or did not parse""]",False,False,-15,Android public thermal status reached SEVERE; stop sustained load,2026-10-03T23:11:39.339390+00:00,432703.389146963,39.2,68.1,57.8,57.2,1363200,"{""clock_mhz"":""231"",""max_gpuclk"":""231000000"",""thermal_pwrlevel"":""13"",""gpu_busy_percentage"":""2 %"",""gpubusy"":""23409 1031142"",""temp"":""57800"",""reset_count"":""356132""}",4790.3828125,,"5:freezer:/
4:cpuset:/top-app
3:cpuacct:/top-app
2:cpu:/top-app
1:blkio:/top
0::/apps/uid_10247/pid_11813"
sustained-fixed-context-15min-r0-v1-cpu,qwen2.5-coder-1.5b,sustained-fixed-context,sustained,api-20261003T210139Z-UNPLUGGED,"[""Run failed, was aborted, or did not parse""]",False,False,-15,Android public thermal status reached SEVERE; stop sustained load,2026-10-03T23:11:40.458898+00:00,432704.508651806,39.2,69.3,57.8,56.8,1363200,"{""clock_mhz"":""231"",""max_gpuclk"":""231000000"",""thermal_pwrlevel"":""13"",""gpu_busy_percentage"":""2 %"",""gpubusy"":""21145 1018760"",""temp"":""58200"",""reset_count"":""356132""}",4812.28515625,,"5:freezer:/
4:cpuset:/top-app
3:cpuacct:/top-app
2:cpu:/top-app
1:blkio:/top
0::/apps/uid_10247/pid_11813"
sustained-fixed-context-15min-r0-v1-cpu,qwen2.5-coder-1.5b,sustained-fixed-context,sustained,api-20261003T210139Z-UNPLUGGED,"[""Run failed, was aborted, or did not parse""]",False,False,-15,Android public thermal status reached SEVERE; stop sustained load,2026-10-03T23:11:41.617448+00:00,432705.667203733,39.2,68.5,58.6,58.4,1363200,"{""clock_mhz"":""231"",""max_gpuclk"":""231000000"",""thermal_pwrlevel"":""13"",""gpu_busy_percentage"":""2 %"",""gpubusy"":""21689 1017442"",""temp"":""58200"",""reset_count"":""356132""}",4811.8046875,,"5:freezer:/
4:cpuset:/top-app
3:cpuacct:/top-app
2:cpu:/top-app
1:blkio:/top
0::/apps/uid_10247/pid_11813"
sustained-fixed-context-15min-r0-v1-cpu,qwen2.5-coder-1.5b,sustained-fixed-context,sustained,api-20261003T210139Z-UNPLUGGED,"[""Run failed, was aborted, or did not parse""]",False,False,-15,Android public thermal status reached SEVERE; stop sustained load,2026-10-03T23:11:42.759321+00:00,432706.80907217,39.2,69.3,59.0,59.2,1363200,"{""clock_mhz"":""231"",""max_gpuclk"":""231000000"",""thermal_pwrlevel"":""13"",""gpu_busy_percentage"":""1 %"",""gpubusy"":""19175 1001319"",""temp"":""59400"",""reset_count"":""356132""}",4809.36328125,,"5:freezer:/
4:cpuset:/top-app
3:cpuacct:/top-app
2:cpu:/top-app
1:blkio:/top
0::/apps/uid_10247/pid_11813"
sustained-fixed-context-15min-r0-v1-cpu,qwen2.5-coder-1.5b,sustained-fixed-context,sustained,api-20261003T210139Z-UNPLUGGED,"[""Run failed, was aborted, or did not parse""]",False,False,-15,Android public thermal status reached SEVERE; stop sustained load,2026-10-03T23:11:43.919139+00:00,432707.968902326,39.2,69.7,59.8,59.6,1363200,"{""clock_mhz"":""231"",""max_gpuclk"":""231000000"",""thermal_pwrlevel"":""13"",""gpu_busy_percentage"":""2 %"",""gpubusy"":""20564 1017935"",""temp"":""60200"",""reset_count"":""356132""}",4854.62109375,,"5:freezer:/
4:cpuset:/top-app
3:cpuacct:/top-app
2:cpu:/top-app
1:blkio:/top
0::/apps/uid_10247/pid_11813"
sustained-fixed-context-15min-r0-v1-cpu,qwen2.5-coder-1.5b,sustained-fixed-context,sustained,api-20261003T210139Z-UNPLUGGED,"[""Run failed, was aborted, or did not parse""]",False,False,-15,Android public thermal status reached SEVERE; stop sustained load,2026-10-03T23:11:45.094373+00:00,432709.144192534,39.2,70.9,60.2,60.0,1363200,"{""clock_mhz"":""231"",""max_gpuclk"":""231000000"",""thermal_pwrlevel"":""13"",""gpu_busy_percentage"":""2 %"",""gpubusy"":""21308 1010753"",""temp"":""60200"",""reset_count"":""356132""}",4851.8125,,"5:freezer:/
4:cpuset:/top-app
3:cpuacct:/top-app
2:cpu:/top-app
1:blkio:/top
0::/apps/uid_10247/pid_11813"
sustained-fixed-context-15min-r0-v1-cpu,qwen2.5-coder-1.5b,sustained-fixed-context,sustained,api-20261003T210139Z-UNPLUGGED,"[""Run failed, was aborted, or did not parse""]",False,False,-15,Android public thermal status reached SEVERE; stop sustained load,2026-10-03T23:11:46.252607+00:00,432710.302367377,39.2,70.9,59.8,60.3,1363200,"{""clock_mhz"":""231"",""max_gpuclk"":""231000000"",""thermal_pwrlevel"":""13"",""gpu_busy_percentage"":""1 %"",""gpubusy"":""19819 1048297"",""temp"":""60600"",""reset_count"":""356132""}",4850.828125,,"5:freezer:/
4:cpuset:/top-app
3:cpuacct:/top-app
2:cpu:/top-app
1:blkio:/top
0::/apps/uid_10247/pid_11813"
sustained-fixed-context-15min-r0-v1-cpu,qwen2.5-coder-1.5b,sustained-fixed-context,sustained,api-20261003T210139Z-UNPLUGGED,"[""Run failed, was aborted, or did not parse""]",False,False,-15,Android public thermal status reached SEVERE; stop sustained load,2026-10-03T23:11:47.410326+00:00,432711.460122481,39.2,70.5,60.2,60.3,1363200,"{""clock_mhz"":""231"",""max_gpuclk"":""231000000"",""thermal_pwrlevel"":""13"",""gpu_busy_percentage"":""1 %"",""gpubusy"":""19147 1033880"",""temp"":""60200"",""reset_count"":""356132""}",4850.3359375,,"5:freezer:/
4:cpuset:/top-app
3:cpuacct:/top-app
2:cpu:/top-app
1:blkio:/top
0::/apps/uid_10247/pid_11813"
sustained-fixed-context-15min-r0-v1-cpu,qwen2.5-coder-1.5b,sustained-fixed-context,sustained,api-20261003T210139Z-UNPLUGGED,"[""Run failed, was aborted, or did not parse""]",False,False,-15,Android public thermal status reached SEVERE; stop sustained load,2026-10-03T23:11:48.525299+00:00,432712.57505373,39.2,70.5,59.8,59.2,1363200,"{""clock_mhz"":""231"",""max_gpuclk"":""231000000"",""thermal_pwrlevel"":""13"",""gpu_busy_percentage"":""2 %"",""gpubusy"":""21933 1024728"",""temp"":""59800"",""reset_count"":""356132""}",4842.70703125,,"5:freezer:/
4:cpuset:/top-app
3:cpuacct:/top-app
2:cpu:/top-app
1:blkio:/top
0::/apps/uid_10247/pid_11813"
sustained-fixed-context-15min-r0-v1-cpu,qwen2.5-coder-1.5b,sustained-fixed-context,sustained,api-20261003T210139Z-UNPLUGGED,"[""Run failed, was aborted, or did not parse""]",False,False,-15,Android public thermal status reached SEVERE; stop sustained load,2026-10-03T23:11:49.655321+00:00,432713.705073313,39.2,69.7,59.0,57.6,1363200,"{""clock_mhz"":""231"",""max_gpuclk"":""231000000"",""thermal_pwrlevel"":""13"",""gpu_busy_percentage"":""1 %"",""gpubusy"":""20287 1020884"",""temp"":""58600"",""reset_count"":""356132""}",4842.21484375,,"5:freezer:/
4:cpuset:/top-app
3:cpuacct:/top-app
2:cpu:/top-app
1:blkio:/top
0::/apps/uid_10247/pid_11813"
sustained-fixed-context-15min-r0-v1-cpu,qwen2.5-coder-1.5b,sustained-fixed-context,sustained,api-20261003T210139Z-UNPLUGGED,"[""Run failed, was aborted, or did not parse""]",False,False,-15,Android public thermal status reached SEVERE; stop sustained load,2026-10-03T23:11:50.812711+00:00,432714.862485448,39.2,69.7,59.0,57.6,1363200,"{""clock_mhz"":""231"",""max_gpuclk"":""231000000"",""thermal_pwrlevel"":""13"",""gpu_busy_percentage"":""2 %"",""gpubusy"":""23223 1039488"",""temp"":""58200"",""reset_count"":""356132""}",4834.08984375,,"5:freezer:/
4:cpuset:/top-app
3:cpuacct:/top-app
2:cpu:/top-app
1:blkio:/top
0::/apps/uid_10247/pid_11813"
sustained-fixed-context-15min-r0-v1-cpu,qwen2.5-coder-1.5b,sustained-fixed-context,sustained,api-20261003T210139Z-UNPLUGGED,"[""Run failed, was aborted, or did not parse""]",False,False,-15,Android public thermal status reached SEVERE; stop sustained load,2026-10-03T23:11:52.000503+00:00,432716.050257896,39.2,68.5,58.2,56.8,1363200,"{""clock_mhz"":""231"",""max_gpuclk"":""231000000"",""thermal_pwrlevel"":""13"",""gpu_busy_percentage"":""2 %"",""gpubusy"":""23411 1007058"",""temp"":""58200"",""reset_count"":""356132""}",4830.65625,,"5:freezer:/
4:cpuset:/top-app
3:cpuacct:/top-app
2:cpu:/top-app
1:blkio:/top
0::/apps/uid_10247/pid_11813"
sustained-fixed-context-15min-r0-v1-cpu,qwen2.5-coder-1.5b,sustained-fixed-context,sustained,api-20261003T210139Z-UNPLUGGED,"[""Run failed, was aborted, or did not parse""]",False,False,-15,Android public thermal status reached SEVERE; stop sustained load,2026-10-03T23:11:53.144651+00:00,432717.194426645,39.2,68.5,57.8,56.8,1363200,"{""clock_mhz"":""231"",""max_gpuclk"":""231000000"",""thermal_pwrlevel"":""13"",""gpu_busy_percentage"":""2 %"",""gpubusy"":""22557 1022815"",""temp"":""57800"",""reset_count"":""356132""}",4830.1640625,,"5:freezer:/
4:cpuset:/top-app
3:cpuacct:/top-app
2:cpu:/top-app
1:blkio:/top
0::/apps/uid_10247/pid_11813"
sustained-fixed-context-15min-r0-v1-cpu,qwen2.5-coder-1.5b,sustained-fixed-context,sustained,api-20261003T210139Z-UNPLUGGED,"[""Run failed, was aborted, or did not parse""]",False,False,-15,Android public thermal status reached SEVERE; stop sustained load,2026-10-03T23:11:54.301780+00:00,432718.351529926,39.5,67.4,57.8,56.4,1363200,"{""clock_mhz"":""231"",""max_gpuclk"":""231000000"",""thermal_pwrlevel"":""13"",""gpu_busy_percentage"":""2 %"",""gpubusy"":""23376 1033340"",""temp"":""57800"",""reset_count"":""356132""}",4828.5078125,,"5:freezer:/
4:cpuset:/top-app
3:cpuacct:/top-app
2:cpu:/top-app
1:blkio:/top
0::/apps/uid_10247/pid_11813"
sustained-fixed-context-15min-r0-v1-cpu,qwen2.5-coder-1.5b,sustained-fixed-context,sustained,api-20261003T210139Z-UNPLUGGED,"[""Run failed, was aborted, or did not parse""]",False,False,-15,Android public thermal status reached SEVERE; stop sustained load,2026-10-03T23:11:55.428378+00:00,432719.478150447,39.5,68.9,57.8,56.4,1363200,"{""clock_mhz"":""231"",""max_gpuclk"":""231000000"",""thermal_pwrlevel"":""13"",""gpu_busy_percentage"":""2 %"",""gpubusy"":""21175 1033944"",""temp"":""57800"",""reset_count"":""356132""}",4845.41015625,,"5:freezer:/
4:cpuset:/top-app
3:cpuacct:/top-app
2:cpu:/top-app
1:blkio:/top
0::/apps/uid_10247/pid_11813"
sustained-fixed-context-15min-r0-v1-cpu,qwen2.5-coder-1.5b,sustained-fixed-context,sustained,api-20261003T210139Z-UNPLUGGED,"[""Run failed, was aborted, or did not parse""]",False,False,-15,Android public thermal status reached SEVERE; stop sustained load,2026-10-03T23:11:56.605145+00:00,432720.654919873,39.5,69.3,59.0,58.8,1363200,"{""clock_mhz"":""231"",""max_gpuclk"":""231000000"",""thermal_pwrlevel"":""13"",""gpu_busy_percentage"":""1 %"",""gpubusy"":""19250 1021550"",""temp"":""59000"",""reset_count"":""356132""}",4843.69140625,,"5:freezer:/
4:cpuset:/top-app
3:cpuacct:/top-app
2:cpu:/top-app
1:blkio:/top
0::/apps/uid_10247/pid_11813"
sustained-fixed-context-15min-r0-v1-cpu,qwen2.5-coder-1.5b,sustained-fixed-context,sustained,api-20261003T210139Z-UNPLUGGED,"[""Run failed, was aborted, or did not parse""]",False,False,-15,Android public thermal status reached SEVERE; stop sustained load,2026-10-03T23:11:57.734839+00:00,432721.784602321,39.5,70.1,59.0,59.2,1363200,"{""clock_mhz"":""231"",""max_gpuclk"":""231000000"",""thermal_pwrlevel"":""13"",""gpu_busy_percentage"":""1 %"",""gpubusy"":""19805 1000497"",""temp"":""59000"",""reset_count"":""356132""}",4841.4140625,,"5:freezer:/
4:cpuset:/top-app
3:cpuacct:/top-app
2:cpu:/top-app
1:blkio:/top
0::/apps/uid_10247/pid_11813"
sustained-fixed-context-15min-r0-v1-cpu,qwen2.5-coder-1.5b,sustained-fixed-context,sustained,api-20261003T210139Z-UNPLUGGED,"[""Run failed, was aborted, or did not parse""]",False,False,-15,Android public thermal status reached SEVERE; stop sustained load,2026-10-03T23:11:58.911460+00:00,432722.961222008,39.5,70.1,59.4,59.6,1363200,"{""clock_mhz"":""231"",""max_gpuclk"":""231000000"",""thermal_pwrlevel"":""13"",""gpu_busy_percentage"":""1 %"",""gpubusy"":""19862 1030875"",""temp"":""59400"",""reset_count"":""356132""}",4840.015625,,"5:freezer:/
4:cpuset:/top-app
3:cpuacct:/top-app
2:cpu:/top-app
1:blkio:/top
0::/apps/uid_10247/pid_11813"
sustained-fixed-context-15min-r0-v1-cpu,qwen2.5-coder-1.5b,sustained-fixed-context,sustained,api-20261003T210139Z-UNPLUGGED,"[""Run failed, was aborted, or did not parse""]",False,False,-15,Android public thermal status reached SEVERE; stop sustained load,2026-10-03T23:12:00.045934+00:00,432724.095705497,39.5,68.9,59.8,60.0,1363200,"{""clock_mhz"":""231"",""max_gpuclk"":""231000000"",""thermal_pwrlevel"":""13"",""gpu_busy_percentage"":""1 %"",""gpubusy"":""17843 1017199"",""temp"":""59800"",""reset_count"":""356132""}",4839.23046875,,"5:freezer:/
4:cpuset:/top-app
3:cpuacct:/top-app
2:cpu:/top-app
1:blkio:/top
0::/apps/uid_10247/pid_11813"
sustained-fixed-context-15min-r0-v1-cpu,qwen2.5-coder-1.5b,sustained-fixed-context,sustained,api-20261003T210139Z-UNPLUGGED,"[""Run failed, was aborted, or did not parse""]",False,False,-15,Android public thermal status reached SEVERE; stop sustained load,2026-10-03T23:12:01.218506+00:00,432725.268256121,39.5,71.3,60.2,60.3,1363200,"{""clock_mhz"":""231"",""max_gpuclk"":""231000000"",""thermal_pwrlevel"":""13"",""gpu_busy_percentage"":""2 %"",""gpubusy"":""20436 1001477"",""temp"":""60200"",""reset_count"":""356132""}",4838.25,,"5:freezer:/
4:cpuset:/top-app
3:cpuacct:/top-app
2:cpu:/top-app
1:blkio:/top
0::/apps/uid_10247/pid_11813"
sustained-fixed-context-15min-r0-v1-cpu,qwen2.5-coder-1.5b,sustained-fixed-context,sustained,api-20261003T210139Z-UNPLUGGED,"[""Run failed, was aborted, or did not parse""]",False,False,-15,Android public thermal status reached SEVERE; stop sustained load,2026-10-03T23:12:02.380611+00:00,432726.430400652,39.5,71.3,60.2,60.3,1363200,"{""clock_mhz"":""231"",""max_gpuclk"":""231000000"",""thermal_pwrlevel"":""13"",""gpu_busy_percentage"":""2 %"",""gpubusy"":""22195 1018794"",""temp"":""60200"",""reset_count"":""356133""}",4838.00390625,,"5:freezer:/
4:cpuset:/top-app
3:cpuacct:/top-app
2:cpu:/top-app
1:blkio:/top
0::/apps/uid_10247/pid_11813"
sustained-fixed-context-15min-r0-v1-cpu,qwen2.5-coder-1.5b,sustained-fixed-context,sustained,api-20261003T210139Z-UNPLUGGED,"[""Run failed, was aborted, or did not parse""]",False,False,-15,Android public thermal status reached SEVERE; stop sustained load,2026-10-03T23:12:03.524203+00:00,432727.573954037,39.5,69.7,59.0,58.4,1363200,"{""clock_mhz"":""231"",""max_gpuclk"":""231000000"",""thermal_pwrlevel"":""13"",""gpu_busy_percentage"":""2 %"",""gpubusy"":""25365 1030771"",""temp"":""59400"",""reset_count"":""356133""}",4836.8671875,,"5:freezer:/
4:cpuset:/top-app
3:cpuacct:/top-app
2:cpu:/top-app
1:blkio:/top
0::/apps/uid_10247/pid_11813"
sustained-fixed-context-15min-r0-v1-cpu,qwen2.5-coder-1.5b,sustained-fixed-context,sustained,api-20261003T210139Z-UNPLUGGED,"[""Run failed, was aborted, or did not parse""]",False,False,-15,Android public thermal status reached SEVERE; stop sustained load,2026-10-03T23:12:04.648869+00:00,432728.698638099,39.5,69.7,58.6,58.0,1363200,"{""clock_mhz"":""231"",""max_gpuclk"":""231000000"",""thermal_pwrlevel"":""13"",""gpu_busy_percentage"":""2 %"",""gpubusy"":""21576 1015069"",""temp"":""58200"",""reset_count"":""356133""}",4834.6484375,,"5:freezer:/
4:cpuset:/top-app
3:cpuacct:/top-app
2:cpu:/top-app
1:blkio:/top
0::/apps/uid_10247/pid_11813"
sustained-fixed-context-15min-r0-v1-cpu,qwen2.5-coder-1.5b,sustained-fixed-context,sustained,api-20261003T210139Z-UNPLUGGED,"[""Run failed, was aborted, or did not parse""]",False,False,-15,Android public thermal status reached SEVERE; stop sustained load,2026-10-03T23:12:05.805050+00:00,432729.854800443,39.5,68.1,58.2,56.8,1363200,"{""clock_mhz"":""231"",""max_gpuclk"":""231000000"",""thermal_pwrlevel"":""13"",""gpu_busy_percentage"":""2 %"",""gpubusy"":""23409 1028753"",""temp"":""58200"",""reset_count"":""356133""}",4833.72265625,,"5:freezer:/
4:cpuset:/top-app
3:cpuacct:/top-app
2:cpu:/top-app
1:blkio:/top
0::/apps/uid_10247/pid_11813"
sustained-fixed-context-15min-r0-v1-cpu,qwen2.5-coder-1.5b,sustained-fixed-context,sustained,api-20261003T210139Z-UNPLUGGED,"[""Run failed, was aborted, or did not parse""]",False,False,-15,Android public thermal status reached SEVERE; stop sustained load,2026-10-03T23:12:06.947954+00:00,432730.997705234,39.5,68.5,57.8,56.8,1363200,"{""clock_mhz"":""231"",""max_gpuclk"":""231000000"",""thermal_pwrlevel"":""13"",""gpu_busy_percentage"":""2 %"",""gpubusy"":""21145 1017400"",""temp"":""57800"",""reset_count"":""356133""}",4830.07421875,,"5:freezer:/
4:cpuset:/top-app
3:cpuacct:/top-app
2:cpu:/top-app
1:blkio:/top
0::/apps/uid_10247/pid_11813"
sustained-fixed-context-15min-r0-v1-cpu,qwen2.5-coder-1.5b,sustained-fixed-context,sustained,api-20261003T210139Z-UNPLUGGED,"[""Run failed, was aborted, or did not parse""]",False,False,-15,Android public thermal status reached SEVERE; stop sustained load,2026-10-03T23:12:08.096334+00:00,432732.146086952,39.5,68.5,57.8,56.4,1363200,"{""clock_mhz"":""231"",""max_gpuclk"":""231000000"",""thermal_pwrlevel"":""13"",""gpu_busy_percentage"":""2 %"",""gpubusy"":""23990 1021938"",""temp"":""57800"",""reset_count"":""356133""}",4829.08984375,,"5:freezer:/
4:cpuset:/top-app
3:cpuacct:/top-app
2:cpu:/top-app
1:blkio:/top
0::/apps/uid_10247/pid_11813"
sustained-fixed-context-15min-r0-v1-cpu,qwen2.5-coder-1.5b,sustained-fixed-context,sustained,api-20261003T210139Z-UNPLUGGED,"[""Run failed, was aborted, or did not parse""]",False,False,-15,Android public thermal status reached SEVERE; stop sustained load,2026-10-03T23:12:09.237491+00:00,432733.28724492,39.5,67.7,57.0,56.4,1363200,"{""clock_mhz"":""231"",""max_gpuclk"":""231000000"",""thermal_pwrlevel"":""13"",""gpu_busy_percentage"":""2 %"",""gpubusy"":""22769 1032646"",""temp"":""57800"",""reset_count"":""356133""}",4830.125,,"5:freezer:/
4:cpuset:/top-app
3:cpuacct:/top-app
2:cpu:/top-app
1:blkio:/top
0::/apps/uid_10247/pid_11813"
sustained-fixed-context-15min-r0-v1-cpu,qwen2.5-coder-1.5b,sustained-fixed-context,sustained,api-20261003T210139Z-UNPLUGGED,"[""Run failed, was aborted, or did not parse""]",False,False,-15,Android public thermal status reached SEVERE; stop sustained load,2026-10-03T23:12:10.396790+00:00,432734.446605649,39.5,69.3,58.2,58.0,1363200,"{""clock_mhz"":""231"",""max_gpuclk"":""231000000"",""thermal_pwrlevel"":""13"",""gpu_busy_percentage"":""2 %"",""gpubusy"":""22921 1017461"",""temp"":""57800"",""reset_count"":""356133""}",4826.68359375,,"5:freezer:/
4:cpuset:/top-app
3:cpuacct:/top-app
2:cpu:/top-app
1:blkio:/top
0::/apps/uid_10247/pid_11813"
sustained-fixed-context-15min-r0-v1-cpu,qwen2.5-coder-1.5b,sustained-fixed-context,sustained,api-20261003T210139Z-UNPLUGGED,"[""Run failed, was aborted, or did not parse""]",False,False,-15,Android public thermal status reached SEVERE; stop sustained load,2026-10-03T23:12:11.563271+00:00,432735.613046534,39.5,68.5,59.0,58.8,1363200,"{""clock_mhz"":""231"",""max_gpuclk"":""231000000"",""thermal_pwrlevel"":""13"",""gpu_busy_percentage"":""1 %"",""gpubusy"":""18637 1029427"",""temp"":""58600"",""reset_count"":""356134""}",4826.4375,,"5:freezer:/
4:cpuset:/top-app
3:cpuacct:/top-app
2:cpu:/top-app
1:blkio:/top
0::/apps/uid_10247/pid_11813"
sustained-fixed-context-15min-r0-v1-cpu,qwen2.5-coder-1.5b,sustained-fixed-context,sustained,api-20261003T210139Z-UNPLUGGED,"[""Run failed, was aborted, or did not parse""]",False,False,-15,Android public thermal status reached SEVERE; stop sustained load,2026-10-03T23:12:12.727652+00:00,432736.77741169,39.5,70.9,59.4,59.6,1363200,"{""clock_mhz"":""231"",""max_gpuclk"":""231000000"",""thermal_pwrlevel"":""13"",""gpu_busy_percentage"":""2 %"",""gpubusy"":""23395 1013377"",""temp"":""59000"",""reset_count"":""356134""}",4824.5703125,,"5:freezer:/
4:cpuset:/top-app
3:cpuacct:/top-app
2:cpu:/top-app
1:blkio:/top
0::/apps/uid_10247/pid_11813"
sustained-fixed-context-15min-r0-v1-cpu,qwen2.5-coder-1.5b,sustained-fixed-context,sustained,api-20261003T210139Z-UNPLUGGED,"[""Run failed, was aborted, or did not parse""]",False,False,-15,Android public thermal status reached SEVERE; stop sustained load,2026-10-03T23:12:13.910878+00:00,432737.960659137,39.5,70.5,59.8,59.6,1363200,"{""clock_mhz"":""231"",""max_gpuclk"":""231000000"",""thermal_pwrlevel"":""13"",""gpu_busy_percentage"":""2 %"",""gpubusy"":""22197 1002174"",""temp"":""59400"",""reset_count"":""356134""}",4824.33984375,,"5:freezer:/
4:cpuset:/top-app
3:cpuacct:/top-app
2:cpu:/top-app
1:blkio:/top
0::/apps/uid_10247/pid_11813"
sustained-fixed-context-15min-r0-v1-cpu,qwen2.5-coder-1.5b,sustained-fixed-context,sustained,api-20261003T210139Z-UNPLUGGED,"[""Run failed, was aborted, or did not parse""]",False,False,-15,Android public thermal status reached SEVERE; stop sustained load,2026-10-03T23:12:15.071224+00:00,432739.12100445,39.5,70.9,59.8,60.3,1363200,"{""clock_mhz"":""231"",""max_gpuclk"":""231000000"",""thermal_pwrlevel"":""13"",""gpu_busy_percentage"":""1 %"",""gpubusy"":""19980 1014325"",""temp"":""59800"",""reset_count"":""356134""}",4823.875,,"5:freezer:/
4:cpuset:/top-app
3:cpuacct:/top-app
2:cpu:/top-app
1:blkio:/top
0::/apps/uid_10247/pid_11813"
sustained-fixed-context-15min-r0-v1-cpu,qwen2.5-coder-1.5b,sustained-fixed-context,sustained,api-20261003T210139Z-UNPLUGGED,"[""Run failed, was aborted, or did not parse""]",False,False,-15,Android public thermal status reached SEVERE; stop sustained load,2026-10-03T23:12:16.243953+00:00,432740.293704293,39.5,70.1,59.8,60.0,1363200,"{""clock_mhz"":""231"",""max_gpuclk"":""231000000"",""thermal_pwrlevel"":""13"",""gpu_busy_percentage"":""2 %"",""gpubusy"":""21771 1004590"",""temp"":""59800"",""reset_count"":""356134""}",4818.66015625,,"5:freezer:/
4:cpuset:/top-app
3:cpuacct:/top-app
2:cpu:/top-app
1:blkio:/top
0::/apps/uid_10247/pid_11813"
sustained-fixed-context-15min-r0-v1-cpu,qwen2.5-coder-1.5b,sustained-fixed-context,sustained,api-20261003T210139Z-UNPLUGGED,"[""Run failed, was aborted, or did not parse""]",False,False,-15,Android public thermal status reached SEVERE; stop sustained load,2026-10-03T23:12:17.397881+00:00,432741.447651844,39.5,71.6,59.8,59.2,1363200,"{""clock_mhz"":""231"",""max_gpuclk"":""231000000"",""thermal_pwrlevel"":""13"",""gpu_busy_percentage"":""2 %"",""gpubusy"":""21726 1025319"",""temp"":""59800"",""reset_count"":""356134""}",4818.84375,,"5:freezer:/
4:cpuset:/top-app
3:cpuacct:/top-app
2:cpu:/top-app
1:blkio:/top
0::/apps/uid_10247/pid_11813"
sustained-fixed-context-15min-r0-v1-cpu,qwen2.5-coder-1.5b,sustained-fixed-context,sustained,api-20261003T210139Z-UNPLUGGED,"[""Run failed, was aborted, or did not parse""]",False,False,-15,Android public thermal status reached SEVERE; stop sustained load,2026-10-03T23:12:18.567550+00:00,432742.617326011,39.5,70.5,59.0,58.4,1363200,"{""clock_mhz"":""231"",""max_gpuclk"":""231000000"",""thermal_pwrlevel"":""13"",""gpu_busy_percentage"":""2 %"",""gpubusy"":""23064 1008713"",""temp"":""58600"",""reset_count"":""356134""}",4821.7265625,,"5:freezer:/
4:cpuset:/top-app
3:cpuacct:/top-app
2:cpu:/top-app
1:blkio:/top
0::/apps/uid_10247/pid_11813"
sustained-fixed-context-15min-r0-v1-cpu,qwen2.5-coder-1.5b,sustained-fixed-context,sustained,api-20261003T210139Z-UNPLUGGED,"[""Run failed, was aborted, or did not parse""]",False,False,-15,Android public thermal status reached SEVERE; stop sustained load,2026-10-03T23:12:19.708058+00:00,432743.757813198,39.5,69.3,58.6,57.6,1363200,"{""clock_mhz"":""231"",""max_gpuclk"":""231000000"",""thermal_pwrlevel"":""13"",""gpu_busy_percentage"":""2 %"",""gpubusy"":""22534 1018223"",""temp"":""58600"",""reset_count"":""356134""}",4819.2734375,,"5:freezer:/
4:cpuset:/top-app
3:cpuacct:/top-app
2:cpu:/top-app
1:blkio:/top
0::/apps/uid_10247/pid_11813"
sustained-fixed-context-15min-r0-v1-cpu,qwen2.5-coder-1.5b,sustained-fixed-context,sustained,api-20261003T210139Z-UNPLUGGED,"[""Run failed, was aborted, or did not parse""]",False,False,-15,Android public thermal status reached SEVERE; stop sustained load,2026-10-03T23:12:20.817577+00:00,432744.867341895,39.5,69.3,58.6,57.2,1363200,"{""clock_mhz"":""231"",""max_gpuclk"":""231000000"",""thermal_pwrlevel"":""13"",""gpu_busy_percentage"":""2 %"",""gpubusy"":""25415 1028852"",""temp"":""58600"",""reset_count"":""356134""}",4818.78125,,"5:freezer:/
4:cpuset:/top-app
3:cpuacct:/top-app
2:cpu:/top-app
1:blkio:/top
0::/apps/uid_10247/pid_11813"
sustained-fixed-context-15min-r0-v1-cpu,qwen2.5-coder-1.5b,sustained-fixed-context,sustained,api-20261003T210139Z-UNPLUGGED,"[""Run failed, was aborted, or did not parse""]",False,False,-15,Android public thermal status reached SEVERE; stop sustained load,2026-10-03T23:12:21.951160+00:00,432746.000938822,39.5,69.7,58.2,56.8,1363200,"{""clock_mhz"":""231"",""max_gpuclk"":""231000000"",""thermal_pwrlevel"":""13"",""gpu_busy_percentage"":""2 %"",""gpubusy"":""25404 1038246"",""temp"":""58200"",""reset_count"":""356134""}",4814.56640625,,"5:freezer:/
4:cpuset:/top-app
3:cpuacct:/top-app
2:cpu:/top-app
1:blkio:/top
0::/apps/uid_10247/pid_11813"
sustained-fixed-context-15min-r0-v1-cpu,qwen2.5-coder-1.5b,sustained-fixed-context,sustained,api-20261003T210139Z-UNPLUGGED,"[""Run failed, was aborted, or did not parse""]",False,False,-15,Android public thermal status reached SEVERE; stop sustained load,2026-10-03T23:12:23.129997+00:00,432747.179765176,39.5,68.9,58.2,57.6,1363200,"{""clock_mhz"":""231"",""max_gpuclk"":""231000000"",""thermal_pwrlevel"":""13"",""gpu_busy_percentage"":""1 %"",""gpubusy"":""19557 1022944"",""temp"":""58600"",""reset_count"":""356134""}",4846.44140625,,"5:freezer:/
4:cpuset:/top-app
3:cpuacct:/top-app
2:cpu:/top-app
1:blkio:/top
0::/apps/uid_10247/pid_11813"
sustained-fixed-context-15min-r0-v1-cpu,qwen2.5-coder-1.5b,sustained-fixed-context,sustained,api-20261003T210139Z-UNPLUGGED,"[""Run failed, was aborted, or did not parse""]",False,False,-15,Android public thermal status reached SEVERE; stop sustained load,2026-10-03T23:12:24.250721+00:00,432748.300473352,39.5,68.9,57.8,57.2,1363200,"{""clock_mhz"":""231"",""max_gpuclk"":""231000000"",""thermal_pwrlevel"":""13"",""gpu_busy_percentage"":""2 %"",""gpubusy"":""22306 1004382"",""temp"":""58600"",""reset_count"":""356134""}",4840.54296875,,"5:freezer:/
4:cpuset:/top-app
3:cpuacct:/top-app
2:cpu:/top-app
1:blkio:/top
0::/apps/uid_10247/pid_11813"
sustained-fixed-context-15min-r0-v1-cpu,qwen2.5-coder-1.5b,sustained-fixed-context,sustained,api-20261003T210139Z-UNPLUGGED,"[""Run failed, was aborted, or did not parse""]",False,False,-15,Android public thermal status reached SEVERE; stop sustained load,2026-10-03T23:12:25.397583+00:00,432749.447340279,39.4,70.1,59.0,59.6,1363200,"{""clock_mhz"":""231"",""max_gpuclk"":""231000000"",""thermal_pwrlevel"":""13"",""gpu_busy_percentage"":""1 %"",""gpubusy"":""19657 1018143"",""temp"":""59000"",""reset_count"":""356134""}",4835.30859375,,"5:freezer:/
4:cpuset:/top-app
3:cpuacct:/top-app
2:cpu:/top-app
1:blkio:/top
0::/apps/uid_10247/pid_11813"
sustained-fixed-context-15min-r0-v1-cpu,qwen2.5-coder-1.5b,sustained-fixed-context,sustained,api-20261003T210139Z-UNPLUGGED,"[""Run failed, was aborted, or did not parse""]",False,False,-15,Android public thermal status reached SEVERE; stop sustained load,2026-10-03T23:12:26.531771+00:00,432750.581524706,39.4,70.5,59.8,60.3,1363200,"{""clock_mhz"":""231"",""max_gpuclk"":""231000000"",""thermal_pwrlevel"":""13"",""gpu_busy_percentage"":""1 %"",""gpubusy"":""12576 1019503"",""temp"":""59800"",""reset_count"":""356134""}",4834.41015625,,"5:freezer:/
4:cpuset:/top-app
3:cpuacct:/top-app
2:cpu:/top-app
1:blkio:/top
0::/apps/uid_10247/pid_11813"
sustained-fixed-context-15min-r0-v1-cpu,qwen2.5-coder-1.5b,sustained-fixed-context,sustained,api-20261003T210139Z-UNPLUGGED,"[""Run failed, was aborted, or did not parse""]",False,False,-15,Android public thermal status reached SEVERE; stop sustained load,2026-10-03T23:12:27.685783+00:00,432751.735534861,39.4,71.6,60.6,61.1,1363200,"{""clock_mhz"":""231"",""max_gpuclk"":""231000000"",""thermal_pwrlevel"":""13"",""gpu_busy_percentage"":""1 %"",""gpubusy"":""11709 1005400"",""temp"":""60600"",""reset_count"":""356134""}",4831.484375,,"5:freezer:/
4:cpuset:/top-app
3:cpuacct:/top-app
2:cpu:/top-app
1:blkio:/top
0::/apps/uid_10247/pid_11813"
sustained-fixed-context-15min-r0-v1-cpu,qwen2.5-coder-1.5b,sustained-fixed-context,sustained,api-20261003T210139Z-UNPLUGGED,"[""Run failed, was aborted, or did not parse""]",False,False,-15,Android public thermal status reached SEVERE; stop sustained load,2026-10-03T23:12:28.847626+00:00,432752.897427153,39.4,71.3,61.4,61.1,1363200,"{""clock_mhz"":""231"",""max_gpuclk"":""231000000"",""thermal_pwrlevel"":""13"",""gpu_busy_percentage"":""1 %"",""gpubusy"":""12153 1023464"",""temp"":""60600"",""reset_count"":""356134""}",4828.671875,,"5:freezer:/
4:cpuset:/top-app
3:cpuacct:/top-app
2:cpu:/top-app
1:blkio:/top
0::/apps/uid_10247/pid_11813"
sustained-fixed-context-15min-r0-v1-cpu,qwen2.5-coder-1.5b,sustained-fixed-context,sustained,api-20261003T210139Z-UNPLUGGED,"[""Run failed, was aborted, or did not parse""]",False,False,-15,Android public thermal status reached SEVERE; stop sustained load,2026-10-03T23:12:30.013580+00:00,432754.063330329,39.4,72.0,61.4,61.5,1363200,"{""clock_mhz"":""231"",""max_gpuclk"":""231000000"",""thermal_pwrlevel"":""13"",""gpu_busy_percentage"":""1 %"",""gpubusy"":""13014 1014220"",""temp"":""61400"",""reset_count"":""356134""}",4828.234375,,"5:freezer:/
4:cpuset:/top-app
3:cpuacct:/top-app
2:cpu:/top-app
1:blkio:/top
0::/apps/uid_10247/pid_11813"
sustained-fixed-context-15min-r0-v1-cpu,qwen2.5-coder-1.5b,sustained-fixed-context,sustained,api-20261003T210139Z-UNPLUGGED,"[""Run failed, was aborted, or did not parse""]",False,False,-15,Android public thermal status reached SEVERE; stop sustained load,2026-10-03T23:12:31.144070+00:00,432755.193819495,39.4,72.0,61.4,61.1,1363200,"{""clock_mhz"":""231"",""max_gpuclk"":""231000000"",""thermal_pwrlevel"":""13"",""gpu_busy_percentage"":""1 %"",""gpubusy"":""12216 1018990"",""temp"":""61800"",""reset_count"":""356134""}",4842.8359375,,"5:freezer:/
4:cpuset:/top-app
3:cpuacct:/top-app
2:cpu:/top-app
1:blkio:/top
0::/apps/uid_10247/pid_11813"
sustained-fixed-context-15min-r0-v1-cpu,qwen2.5-coder-1.5b,sustained-fixed-context,sustained,api-20261003T210139Z-UNPLUGGED,"[""Run failed, was aborted, or did not parse""]",False,False,-15,Android public thermal status reached SEVERE; stop sustained load,2026-10-03T23:12:32.275751+00:00,432756.325505641,39.4,71.6,60.6,60.0,1363200,"{""clock_mhz"":""231"",""max_gpuclk"":""231000000"",""thermal_pwrlevel"":""13"",""gpu_busy_percentage"":""1 %"",""gpubusy"":""13222 1020024"",""temp"":""60600"",""reset_count"":""356134""}",4844.3359375,,"5:freezer:/
4:cpuset:/top-app
3:cpuacct:/top-app
2:cpu:/top-app
1:blkio:/top
0::/apps/uid_10247/pid_11813"
sustained-fixed-context-15min-r0-v1-cpu,qwen2.5-coder-1.5b,sustained-fixed-context,sustained,api-20261003T210139Z-UNPLUGGED,"[""Run failed, was aborted, or did not parse""]",False,False,-15,Android public thermal status reached SEVERE; stop sustained load,2026-10-03T23:12:33.389067+00:00,432757.438823088,39.4,71.3,59.4,58.4,1363200,"{""clock_mhz"":""231"",""max_gpuclk"":""231000000"",""thermal_pwrlevel"":""13"",""gpu_busy_percentage"":""1 %"",""gpubusy"":""13381 1024588"",""temp"":""59800"",""reset_count"":""356134""}",4842.90234375,,"5:freezer:/
4:cpuset:/top-app
3:cpuacct:/top-app
2:cpu:/top-app
1:blkio:/top
0::/apps/uid_10247/pid_11813"
sustained-fixed-context-15min-r0-v1-cpu,qwen2.5-coder-1.5b,sustained-fixed-context,sustained,api-20261003T210139Z-UNPLUGGED,"[""Run failed, was aborted, or did not parse""]",False,False,-15,Android public thermal status reached SEVERE; stop sustained load,2026-10-03T23:12:34.503312+00:00,432758.553063765,39.4,70.1,59.0,58.4,1363200,"{""clock_mhz"":""231"",""max_gpuclk"":""231000000"",""thermal_pwrlevel"":""13"",""gpu_busy_percentage"":""1 %"",""gpubusy"":""13413 1013043"",""temp"":""59400"",""reset_count"":""356134""}",4827.15625,,"5:freezer:/
4:cpuset:/top-app
3:cpuacct:/top-app
2:cpu:/top-app
1:blkio:/top
0::/apps/uid_10247/pid_11813"
sustained-fixed-context-15min-r0-v1-cpu,qwen2.5-coder-1.5b,sustained-fixed-context,sustained,api-20261003T210139Z-UNPLUGGED,"[""Run failed, was aborted, or did not parse""]",False,False,-15,Android public thermal status reached SEVERE; stop sustained load,2026-10-03T23:12:35.640091+00:00,432759.689845952,39.4,70.9,59.4,58.0,1363200,"{""clock_mhz"":""231"",""max_gpuclk"":""231000000"",""thermal_pwrlevel"":""13"",""gpu_busy_percentage"":""1 %"",""gpubusy"":""13236 1043852"",""temp"":""59400"",""reset_count"":""356134""}",4827.34375,,"5:freezer:/
4:cpuset:/top-app
3:cpuacct:/top-app
2:cpu:/top-app
1:blkio:/top
0::/apps/uid_10247/pid_11813"
sustained-fixed-context-15min-r0-v1-cpu,qwen2.5-coder-1.5b,sustained-fixed-context,sustained,api-20261003T210139Z-UNPLUGGED,"[""Run failed, was aborted, or did not parse""]",False,False,-15,Android public thermal status reached SEVERE; stop sustained load,2026-10-03T23:12:36.768088+00:00,432760.817842931,39.4,69.7,59.4,58.0,1363200,"{""clock_mhz"":""231"",""max_gpuclk"":""231000000"",""thermal_pwrlevel"":""13"",""gpu_busy_percentage"":""1 %"",""gpubusy"":""11884 1015618"",""temp"":""59400"",""reset_count"":""356134""}",4821.3203125,,"5:freezer:/
4:cpuset:/top-app
3:cpuacct:/top-app
2:cpu:/top-app
1:blkio:/top
0::/apps/uid_10247/pid_11813"
sustained-fixed-context-15min-r0-v1-cpu,qwen2.5-coder-1.5b,sustained-fixed-context,sustained,api-20261003T210139Z-UNPLUGGED,"[""Run failed, was aborted, or did not parse""]",False,False,-15,Android public thermal status reached SEVERE; stop sustained load,2026-10-03T23:12:37.992296+00:00,432762.042048555,39.4,70.1,59.4,58.0,1363200,"{""clock_mhz"":""231"",""max_gpuclk"":""231000000"",""thermal_pwrlevel"":""13"",""gpu_busy_percentage"":""1 %"",""gpubusy"":""13442 1013924"",""temp"":""59400"",""reset_count"":""356134""}",4790.4140625,,"5:freezer:/
4:cpuset:/top-app
3:cpuacct:/top-app
2:cpu:/top-app
1:blkio:/top
0::/apps/uid_10247/pid_11813"
sustained-fixed-context-15min-r0-v1-cpu,qwen2.5-coder-1.5b,sustained-fixed-context,sustained,api-20261003T210139Z-UNPLUGGED,"[""Run failed, was aborted, or did not parse""]",False,False,-15,Android public thermal status reached SEVERE; stop sustained load,2026-10-03T23:12:39.146518+00:00,432763.196264909,39.4,68.9,59.4,58.0,1363200,"{""clock_mhz"":""231"",""max_gpuclk"":""231000000"",""thermal_pwrlevel"":""13"",""gpu_busy_percentage"":""1 %"",""gpubusy"":""11108 1018363"",""temp"":""59000"",""reset_count"":""356134""}",4793.609375,,"5:freezer:/
4:cpuset:/top-app
3:cpuacct:/top-app
2:cpu:/top-app
1:blkio:/top
0::/apps/uid_10247/pid_11813"
sustained-fixed-context-15min-r0-v1-cpu,qwen2.5-coder-1.5b,sustained-fixed-context,sustained,api-20261003T210139Z-UNPLUGGED,"[""Run failed, was aborted, or did not parse""]",False,False,-15,Android public thermal status reached SEVERE; stop sustained load,2026-10-03T23:12:40.266490+00:00,432764.316275117,39.4,70.1,59.8,59.6,1363200,"{""clock_mhz"":""231"",""max_gpuclk"":""231000000"",""thermal_pwrlevel"":""13"",""gpu_busy_percentage"":""1 %"",""gpubusy"":""12552 1010031"",""temp"":""60200"",""reset_count"":""356134""}",4792.66796875,,"5:freezer:/
4:cpuset:/top-app
3:cpuacct:/top-app
2:cpu:/top-app
1:blkio:/top
0::/apps/uid_10247/pid_11813"
sustained-fixed-context-15min-r0-v1-cpu,qwen2.5-coder-1.5b,sustained-fixed-context,sustained,api-20261003T210139Z-UNPLUGGED,"[""Run failed, was aborted, or did not parse""]",False,False,-15,Android public thermal status reached SEVERE; stop sustained load,2026-10-03T23:12:41.450838+00:00,432765.500614179,39.4,70.5,60.2,60.3,1363200,"{""clock_mhz"":""231"",""max_gpuclk"":""231000000"",""thermal_pwrlevel"":""13"",""gpu_busy_percentage"":""1 %"",""gpubusy"":""11619 1024464"",""temp"":""60200"",""reset_count"":""356134""}",4791.9296875,,"5:freezer:/
4:cpuset:/top-app
3:cpuacct:/top-app
2:cpu:/top-app
1:blkio:/top
0::/apps/uid_10247/pid_11813"
sustained-fixed-context-15min-r0-v1-cpu,qwen2.5-coder-1.5b,sustained-fixed-context,sustained,api-20261003T210139Z-UNPLUGGED,"[""Run failed, was aborted, or did not parse""]",False,False,-15,Android public thermal status reached SEVERE; stop sustained load,2026-10-03T23:12:42.599890+00:00,432766.649641679,39.4,70.5,60.6,60.7,1363200,"{""clock_mhz"":""231"",""max_gpuclk"":""231000000"",""thermal_pwrlevel"":""13"",""gpu_busy_percentage"":""1 %"",""gpubusy"":""13904 1005131"",""temp"":""60600"",""reset_count"":""356135""}",4791.40625,,"5:freezer:/
4:cpuset:/top-app
3:cpuacct:/top-app
2:cpu:/top-app
1:blkio:/top
0::/apps/uid_10247/pid_11813"
sustained-fixed-context-15min-r0-v1-cpu,qwen2.5-coder-1.5b,sustained-fixed-context,sustained,api-20261003T210139Z-UNPLUGGED,"[""Run failed, was aborted, or did not parse""]",False,False,-15,Android public thermal status reached SEVERE; stop sustained load,2026-10-03T23:12:43.734902+00:00,432767.784703397,39.4,70.9,60.6,60.7,1363200,"{""clock_mhz"":""231"",""max_gpuclk"":""231000000"",""thermal_pwrlevel"":""13"",""gpu_busy_percentage"":""1 %"",""gpubusy"":""11680 1001922"",""temp"":""61000"",""reset_count"":""356135""}",4830.04296875,,"5:freezer:/
4:cpuset:/top-app
3:cpuacct:/top-app
2:cpu:/top-app
1:blkio:/top
0::/apps/uid_10247/pid_11813"
sustained-fixed-context-15min-r0-v1-cpu,qwen2.5-coder-1.5b,sustained-fixed-context,sustained,api-20261003T210139Z-UNPLUGGED,"[""Run failed, was aborted, or did not parse""]",False,False,-15,Android public thermal status reached SEVERE; stop sustained load,2026-10-03T23:12:44.938750+00:00,432768.988505896,39.4,72.0,61.0,60.7,1363200,"{""clock_mhz"":""231"",""max_gpuclk"":""231000000"",""thermal_pwrlevel"":""13"",""gpu_busy_percentage"":""1 %"",""gpubusy"":""10235 1019164"",""temp"":""61000"",""reset_count"":""356135""}",4814.078125,,"5:freezer:/
4:cpuset:/top-app
3:cpuacct:/top-app
2:cpu:/top-app
1:blkio:/top
0::/apps/uid_10247/pid_11813"
sustained-fixed-context-15min-r0-v1-cpu,qwen2.5-coder-1.5b,sustained-fixed-context,sustained,api-20261003T210139Z-UNPLUGGED,"[""Run failed, was aborted, or did not parse""]",False,False,-15,Android public thermal status reached SEVERE; stop sustained load,2026-10-03T23:12:46.099791+00:00,432770.149541209,39.4,70.1,61.0,61.1,1363200,"{""clock_mhz"":""231"",""max_gpuclk"":""231000000"",""thermal_pwrlevel"":""13"",""gpu_busy_percentage"":""1 %"",""gpubusy"":""11435 1013815"",""temp"":""61000"",""reset_count"":""356136""}",4826.33203125,,"5:freezer:/
4:cpuset:/top-app
3:cpuacct:/top-app
2:cpu:/top-app
1:blkio:/top
0::/apps/uid_10247/pid_11813"
sustained-fixed-context-15min-r0-v1-cpu,qwen2.5-coder-1.5b,sustained-fixed-context,sustained,api-20261003T210139Z-UNPLUGGED,"[""Run failed, was aborted, or did not parse""]",False,False,-15,Android public thermal status reached SEVERE; stop sustained load,2026-10-03T23:12:47.248438+00:00,432771.298187771,39.4,70.9,60.2,59.2,1363200,"{""clock_mhz"":""231"",""max_gpuclk"":""231000000"",""thermal_pwrlevel"":""13"",""gpu_busy_percentage"":""1 %"",""gpubusy"":""13121 1011442"",""temp"":""60200"",""reset_count"":""356136""}",4823.94140625,,"5:freezer:/
4:cpuset:/top-app
3:cpuacct:/top-app
2:cpu:/top-app
1:blkio:/top
0::/apps/uid_10247/pid_11813"
sustained-fixed-context-15min-r0-v1-cpu,qwen2.5-coder-1.5b,sustained-fixed-context,sustained,api-20261003T210139Z-UNPLUGGED,"[""Run failed, was aborted, or did not parse""]",False,False,-15,Android public thermal status reached SEVERE; stop sustained load,2026-10-03T23:12:48.381912+00:00,432772.431683135,39.4,70.9,59.8,58.4,1363200,"{""clock_mhz"":""231"",""max_gpuclk"":""231000000"",""thermal_pwrlevel"":""13"",""gpu_busy_percentage"":""1 %"",""gpubusy"":""13235 1026740"",""temp"":""59400"",""reset_count"":""356136""}",4821.24609375,,"5:freezer:/
4:cpuset:/top-app
3:cpuacct:/top-app
2:cpu:/top-app
1:blkio:/top
0::/apps/uid_10247/pid_11813"
sustained-fixed-context-15min-r0-v1-cpu,qwen2.5-coder-1.5b,sustained-fixed-context,sustained,api-20261003T210139Z-UNPLUGGED,"[""Run failed, was aborted, or did not parse""]",False,False,-15,Android public thermal status reached SEVERE; stop sustained load,2026-10-03T23:12:49.554602+00:00,432773.604379749,39.4,70.5,58.6,58.0,1363200,"{""clock_mhz"":""231"",""max_gpuclk"":""231000000"",""thermal_pwrlevel"":""13"",""gpu_busy_percentage"":""1 %"",""gpubusy"":""14123 1032710"",""temp"":""59000"",""reset_count"":""356136""}",4818.29296875,,"5:freezer:/
4:cpuset:/top-app
3:cpuacct:/top-app
2:cpu:/top-app
1:blkio:/top
0::/apps/uid_10247/pid_11813"
sustained-fixed-context-15min-r0-v1-cpu,qwen2.5-coder-1.5b,sustained-fixed-context,sustained,api-20261003T210139Z-UNPLUGGED,"[""Run failed, was aborted, or did not parse""]",False,False,-15,Android public thermal status reached SEVERE; stop sustained load,2026-10-03T23:12:50.704175+00:00,432774.753932509,39.4,69.7,58.2,57.2,1363200,"{""clock_mhz"":""231"",""max_gpuclk"":""231000000"",""thermal_pwrlevel"":""13"",""gpu_busy_percentage"":""1 %"",""gpubusy"":""13028 1002426"",""temp"":""58600"",""reset_count"":""356136""}",4818.046875,,"5:freezer:/
4:cpuset:/top-app
3:cpuacct:/top-app
2:cpu:/top-app
1:blkio:/top
0::/apps/uid_10247/pid_11813"
sustained-fixed-context-15min-r0-v1-cpu,qwen2.5-coder-1.5b,sustained-fixed-context,sustained,api-20261003T210139Z-UNPLUGGED,"[""Run failed, was aborted, or did not parse""]",False,False,-15,Android public thermal status reached SEVERE; stop sustained load,2026-10-03T23:12:51.867035+00:00,432775.916807092,39.4,68.5,58.2,57.2,1363200,"{""clock_mhz"":""231"",""max_gpuclk"":""231000000"",""thermal_pwrlevel"":""13"",""gpu_busy_percentage"":""1 %"",""gpubusy"":""12483 1000158"",""temp"":""58200"",""reset_count"":""356136""}",4817.5546875,,"5:freezer:/
4:cpuset:/top-app
3:cpuacct:/top-app
2:cpu:/top-app
1:blkio:/top
0::/apps/uid_10247/pid_11813"
sustained-fixed-context-15min-r0-v1-cpu,qwen2.5-coder-1.5b,sustained-fixed-context,sustained,api-20261003T210139Z-UNPLUGGED,"[""Run failed, was aborted, or did not parse""]",False,False,-15,Android public thermal status reached SEVERE; stop sustained load,2026-10-03T23:12:53.049561+00:00,432777.099313758,39.4,69.3,58.2,56.8,1363200,"{""clock_mhz"":""231"",""max_gpuclk"":""231000000"",""thermal_pwrlevel"":""13"",""gpu_busy_percentage"":""1 %"",""gpubusy"":""12585 1017207"",""temp"":""58200"",""reset_count"":""356136""}",4817.29296875,,"5:freezer:/
4:cpuset:/top-app
3:cpuacct:/top-app
2:cpu:/top-app
1:blkio:/top
0::/apps/uid_10247/pid_11813"
sustained-fixed-context-15min-r0-v1-cpu,qwen2.5-coder-1.5b,sustained-fixed-context,sustained,api-20261003T210139Z-UNPLUGGED,"[""Run failed, was aborted, or did not parse""]",False,False,-15,Android public thermal status reached SEVERE; stop sustained load,2026-10-03T23:12:54.199177+00:00,432778.248940112,39.4,68.5,59.0,58.4,1363200,"{""clock_mhz"":""231"",""max_gpuclk"":""231000000"",""thermal_pwrlevel"":""13"",""gpu_busy_percentage"":""1 %"",""gpubusy"":""12683 1000595"",""temp"":""58600"",""reset_count"":""356136""}",4817.296875,,"5:freezer:/
4:cpuset:/top-app
3:cpuacct:/top-app
2:cpu:/top-app
1:blkio:/top
0::/apps/uid_10247/pid_11813"
sustained-fixed-context-15min-r0-v1-cpu,qwen2.5-coder-1.5b,sustained-fixed-context,sustained,api-20261003T210139Z-UNPLUGGED,"[""Run failed, was aborted, or did not parse""]",False,False,-15,Android public thermal status reached SEVERE; stop sustained load,2026-10-03T23:12:55.330892+00:00,432779.38069433,39.7,69.7,59.8,59.6,1363200,"{""clock_mhz"":""231"",""max_gpuclk"":""231000000"",""thermal_pwrlevel"":""13"",""gpu_busy_percentage"":""1 %"",""gpubusy"":""12150 1009628"",""temp"":""59800"",""reset_count"":""356136""}",4814.1015625,,"5:freezer:/
4:cpuset:/top-app
3:cpuacct:/top-app
2:cpu:/top-app
1:blkio:/top
0::/apps/uid_10247/pid_11813"
sustained-fixed-context-15min-r0-v1-cpu,qwen2.5-coder-1.5b,sustained-fixed-context,sustained,api-20261003T210139Z-UNPLUGGED,"[""Run failed, was aborted, or did not parse""]",False,False,-15,Android public thermal status reached SEVERE; stop sustained load,2026-10-03T23:12:56.503592+00:00,432780.553340111,39.7,70.5,59.8,59.6,1363200,"{""clock_mhz"":""231"",""max_gpuclk"":""231000000"",""thermal_pwrlevel"":""13"",""gpu_busy_percentage"":""1 %"",""gpubusy"":""10966 1018039"",""temp"":""60200"",""reset_count"":""356136""}",4812.87109375,,"5:freezer:/
4:cpuset:/top-app
3:cpuacct:/top-app
2:cpu:/top-app
1:blkio:/top
0::/apps/uid_10247/pid_11813"
sustained-fixed-context-15min-r0-v1-cpu,qwen2.5-coder-1.5b,sustained-fixed-context,sustained,api-20261003T210139Z-UNPLUGGED,"[""Run failed, was aborted, or did not parse""]",False,False,-15,Android public thermal status reached SEVERE; stop sustained load,2026-10-03T23:12:57.651645+00:00,432781.70139761,39.7,68.9,60.2,60.0,1363200,"{""clock_mhz"":""231"",""max_gpuclk"":""231000000"",""thermal_pwrlevel"":""13"",""gpu_busy_percentage"":""1 %"",""gpubusy"":""11983 1000298"",""temp"":""60200"",""reset_count"":""356137""}",4808.3203125,,"5:freezer:/
4:cpuset:/top-app
3:cpuacct:/top-app
2:cpu:/top-app
1:blkio:/top
0::/apps/uid_10247/pid_11813"
sustained-fixed-context-15min-r0-v1-cpu,qwen2.5-coder-1.5b,sustained-fixed-context,sustained,api-20261003T210139Z-UNPLUGGED,"[""Run failed, was aborted, or did not parse""]",False,False,-15,Android public thermal status reached SEVERE; stop sustained load,2026-10-03T23:12:58.808712+00:00,432782.858481724,39.7,72.0,60.6,61.1,1363200,"{""clock_mhz"":""231"",""max_gpuclk"":""231000000"",""thermal_pwrlevel"":""13"",""gpu_busy_percentage"":""1 %"",""gpubusy"":""13363 1012724"",""temp"":""60600"",""reset_count"":""356137""}",4800.1875,,"5:freezer:/
4:cpuset:/top-app
3:cpuacct:/top-app
2:cpu:/top-app
1:blkio:/top
0::/apps/uid_10247/pid_11813"
sustained-fixed-context-15min-r0-v1-cpu,qwen2.5-coder-1.5b,sustained-fixed-context,sustained,api-20261003T210139Z-UNPLUGGED,"[""Run failed, was aborted, or did not parse""]",False,False,-15,Android public thermal status reached SEVERE; stop sustained load,2026-10-03T23:12:59.953099+00:00,432784.002852766,39.7,72.0,61.4,61.1,1363200,"{""clock_mhz"":""231"",""max_gpuclk"":""231000000"",""thermal_pwrlevel"":""13"",""gpu_busy_percentage"":""1 %"",""gpubusy"":""11511 1005038"",""temp"":""61400"",""reset_count"":""356137""}",4800.171875,,"5:freezer:/
4:cpuset:/top-app
3:cpuacct:/top-app
2:cpu:/top-app
1:blkio:/top
0::/apps/uid_10247/pid_11813"
sustained-fixed-context-15min-r0-v1-cpu,qwen2.5-coder-1.5b,sustained-fixed-context,sustained,api-20261003T210139Z-UNPLUGGED,"[""Run failed, was aborted, or did not parse""]",False,False,-15,Android public thermal status reached SEVERE; stop sustained load,2026-10-03T23:13:01.149458+00:00,432785.199210161,39.7,72.8,61.0,60.3,1363200,"{""clock_mhz"":""231"",""max_gpuclk"":""231000000"",""thermal_pwrlevel"":""13"",""gpu_busy_percentage"":""1 %"",""gpubusy"":""14520 1025091"",""temp"":""61000"",""reset_count"":""356137""}",4799.421875,,"5:freezer:/
4:cpuset:/top-app
3:cpuacct:/top-app
2:cpu:/top-app
1:blkio:/top
0::/apps/uid_10247/pid_11813"
sustained-fixed-context-15min-r0-v1-cpu,qwen2.5-coder-1.5b,sustained-fixed-context,sustained,api-20261003T210139Z-UNPLUGGED,"[""Run failed, was aborted, or did not parse""]",False,False,-15,Android public thermal status reached SEVERE; stop sustained load,2026-10-03T23:13:02.259790+00:00,432786.309543598,39.7,71.6,59.8,59.2,1363200,"{""clock_mhz"":""231"",""max_gpuclk"":""231000000"",""thermal_pwrlevel"":""13"",""gpu_busy_percentage"":""1 %"",""gpubusy"":""14111 1026905"",""temp"":""59800"",""reset_count"":""356137""}",4798.68359375,,"5:freezer:/
4:cpuset:/top-app
3:cpuacct:/top-app
2:cpu:/top-app
1:blkio:/top
0::/apps/uid_10247/pid_11813"
sustained-fixed-context-15min-r0-v1-cpu,qwen2.5-coder-1.5b,sustained-fixed-context,sustained,api-20261003T210139Z-UNPLUGGED,"[""Run failed, was aborted, or did not parse""]",False,False,-15,Android public thermal status reached SEVERE; stop sustained load,2026-10-03T23:13:03.391863+00:00,432787.441615212,39.7,70.1,59.8,58.8,1363200,"{""clock_mhz"":""231"",""max_gpuclk"":""231000000"",""thermal_pwrlevel"":""13"",""gpu_busy_percentage"":""1 %"",""gpubusy"":""14548 1012269"",""temp"":""59400"",""reset_count"":""356137""}",4795.484375,,"5:freezer:/
4:cpuset:/top-app
3:cpuacct:/top-app
2:cpu:/top-app
1:blkio:/top
0::/apps/uid_10247/pid_11813"
sustained-fixed-context-15min-r0-v1-cpu,qwen2.5-coder-1.5b,sustained-fixed-context,sustained,api-20261003T210139Z-UNPLUGGED,"[""Run failed, was aborted, or did not parse""]",False,False,-15,Android public thermal status reached SEVERE; stop sustained load,2026-10-03T23:13:04.496959+00:00,432788.546729222,39.7,70.1,59.4,58.0,1363200,"{""clock_mhz"":""231"",""max_gpuclk"":""231000000"",""thermal_pwrlevel"":""13"",""gpu_busy_percentage"":""1 %"",""gpubusy"":""13460 1002132"",""temp"":""59000"",""reset_count"":""356137""}",4794.0078125,,"5:freezer:/
4:cpuset:/top-app
3:cpuacct:/top-app
2:cpu:/top-app
1:blkio:/top
0::/apps/uid_10247/pid_11813"
sustained-fixed-context-15min-r0-v1-cpu,qwen2.5-coder-1.5b,sustained-fixed-context,sustained,api-20261003T210139Z-UNPLUGGED,"[""Run failed, was aborted, or did not parse""]",False,False,-15,Android public thermal status reached SEVERE; stop sustained load,2026-10-03T23:13:05.618567+00:00,432789.668338128,39.7,70.1,58.6,58.0,1363200,"{""clock_mhz"":""231"",""max_gpuclk"":""231000000"",""thermal_pwrlevel"":""13"",""gpu_busy_percentage"":""1 %"",""gpubusy"":""12835 1000354"",""temp"":""59000"",""reset_count"":""356137""}",4792.82421875,,"5:freezer:/
4:cpuset:/top-app
3:cpuacct:/top-app
2:cpu:/top-app
1:blkio:/top
0::/apps/uid_10247/pid_11813"
sustained-fixed-context-15min-r0-v1-cpu,qwen2.5-coder-1.5b,sustained-fixed-context,sustained,api-20261003T210139Z-UNPLUGGED,"[""Run failed, was aborted, or did not parse""]",False,False,-15,Android public thermal status reached SEVERE; stop sustained load,2026-10-03T23:13:06.777745+00:00,432790.827518336,39.7,69.7,58.6,58.0,1363200,"{""clock_mhz"":""231"",""max_gpuclk"":""231000000"",""thermal_pwrlevel"":""13"",""gpu_busy_percentage"":""1 %"",""gpubusy"":""14548 1006072"",""temp"":""59000"",""reset_count"":""356137""}",4791.59765625,,"5:freezer:/
4:cpuset:/top-app
3:cpuacct:/top-app
2:cpu:/top-app
1:blkio:/top
0::/apps/uid_10247/pid_11813"
sustained-fixed-context-15min-r0-v1-cpu,qwen2.5-coder-1.5b,sustained-fixed-context,sustained,api-20261003T210139Z-UNPLUGGED,"[""Run failed, was aborted, or did not parse""]",False,False,-15,Android public thermal status reached SEVERE; stop sustained load,2026-10-03T23:13:07.938235+00:00,432791.98798344,39.7,68.9,58.2,57.2,1363200,"{""clock_mhz"":""231"",""max_gpuclk"":""231000000"",""thermal_pwrlevel"":""13"",""gpu_busy_percentage"":""1 %"",""gpubusy"":""16862 1009225"",""temp"":""58600"",""reset_count"":""356137""}",4790.86328125,,"5:freezer:/
4:cpuset:/top-app
3:cpuacct:/top-app
2:cpu:/top-app
1:blkio:/top
0::/apps/uid_10247/pid_11813"
sustained-fixed-context-15min-r0-v1-cpu,qwen2.5-coder-1.5b,sustained-fixed-context,sustained,api-20261003T210139Z-UNPLUGGED,"[""Run failed, was aborted, or did not parse""]",False,False,-15,Android public thermal status reached SEVERE; stop sustained load,2026-10-03T23:13:09.078550+00:00,432793.128351668,39.7,70.5,59.8,59.6,1363200,"{""clock_mhz"":""231"",""max_gpuclk"":""231000000"",""thermal_pwrlevel"":""13"",""gpu_busy_percentage"":""1 %"",""gpubusy"":""12274 1005425"",""temp"":""59800"",""reset_count"":""356137""}",4789.38671875,,"5:freezer:/
4:cpuset:/top-app
3:cpuacct:/top-app
2:cpu:/top-app
1:blkio:/top
0::/apps/uid_10247/pid_11813"
sustained-fixed-context-15min-r0-v1-cpu,qwen2.5-coder-1.5b,sustained-fixed-context,sustained,api-20261003T210139Z-UNPLUGGED,"[""Run failed, was aborted, or did not parse""]",False,False,-15,Android public thermal status reached SEVERE; stop sustained load,2026-10-03T23:13:10.214501+00:00,432794.264267553,39.7,70.9,60.6,60.7,1363200,"{""clock_mhz"":""231"",""max_gpuclk"":""231000000"",""thermal_pwrlevel"":""13"",""gpu_busy_percentage"":""1 %"",""gpubusy"":""14087 1017820"",""temp"":""60600"",""reset_count"":""356137""}",4786.47265625,,"5:freezer:/
4:cpuset:/top-app
3:cpuacct:/top-app
2:cpu:/top-app
1:blkio:/top
0::/apps/uid_10247/pid_11813"
sustained-fixed-context-15min-r0-v1-cpu,qwen2.5-coder-1.5b,sustained-fixed-context,sustained,api-20261003T210139Z-UNPLUGGED,"[""Run failed, was aborted, or did not parse""]",False,False,-15,Android public thermal status reached SEVERE; stop sustained load,2026-10-03T23:13:11.397605+00:00,432795.447390157,39.7,72.0,61.0,60.7,1363200,"{""clock_mhz"":""231"",""max_gpuclk"":""231000000"",""thermal_pwrlevel"":""13"",""gpu_busy_percentage"":""1 %"",""gpubusy"":""12901 1011861"",""temp"":""61000"",""reset_count"":""356137""}",4785.984375,,"5:freezer:/
4:cpuset:/top-app
3:cpuacct:/top-app
2:cpu:/top-app
1:blkio:/top
0::/apps/uid_10247/pid_11813"
sustained-fixed-context-15min-r0-v1-cpu,qwen2.5-coder-1.5b,sustained-fixed-context,sustained,api-20261003T210139Z-UNPLUGGED,"[""Run failed, was aborted, or did not parse""]",False,False,-15,Android public thermal status reached SEVERE; stop sustained load,2026-10-03T23:13:12.540137+00:00,432796.58992948,39.7,71.6,61.0,61.1,1363200,"{""clock_mhz"":""231"",""max_gpuclk"":""231000000"",""thermal_pwrlevel"":""13"",""gpu_busy_percentage"":""1 %"",""gpubusy"":""12594 1002098"",""temp"":""61000"",""reset_count"":""356137""}",4785.73828125,,"5:freezer:/
4:cpuset:/top-app
3:cpuacct:/top-app
2:cpu:/top-app
1:blkio:/top
0::/apps/uid_10247/pid_11813"
sustained-fixed-context-15min-r0-v1-cpu,qwen2.5-coder-1.5b,sustained-fixed-context,sustained,api-20261003T210139Z-UNPLUGGED,"[""Run failed, was aborted, or did not parse""]",False,False,-15,Android public thermal status reached SEVERE; stop sustained load,2026-10-03T23:13:13.681155+00:00,432797.730906667,39.7,70.9,61.0,61.1,1363200,"{""clock_mhz"":""231"",""max_gpuclk"":""231000000"",""thermal_pwrlevel"":""13"",""gpu_busy_percentage"":""1 %"",""gpubusy"":""11786 1027644"",""temp"":""61000"",""reset_count"":""356137""}",4784.57421875,,"5:freezer:/
4:cpuset:/top-app
3:cpuacct:/top-app
2:cpu:/top-app
1:blkio:/top
0::/apps/uid_10247/pid_11813"
sustained-fixed-context-15min-r0-v1-cpu,qwen2.5-coder-1.5b,sustained-fixed-context,sustained,api-20261003T210139Z-UNPLUGGED,"[""Run failed, was aborted, or did not parse""]",False,False,-15,Android public thermal status reached SEVERE; stop sustained load,2026-10-03T23:13:14.839198+00:00,432798.888955729,39.7,72.4,61.0,61.5,1363200,"{""clock_mhz"":""231"",""max_gpuclk"":""231000000"",""thermal_pwrlevel"":""13"",""gpu_busy_percentage"":""1 %"",""gpubusy"":""11094 1021219"",""temp"":""61000"",""reset_count"":""356137""}",4781.3828125,,"5:freezer:/
4:cpuset:/top-app
3:cpuacct:/top-app
2:cpu:/top-app
1:blkio:/top
0::/apps/uid_10247/pid_11813"
sustained-fixed-context-15min-r0-v1-cpu,qwen2.5-coder-1.5b,sustained-fixed-context,sustained,api-20261003T210139Z-UNPLUGGED,"[""Run failed, was aborted, or did not parse""]",False,False,-15,Android public thermal status reached SEVERE; stop sustained load,2026-10-03T23:13:15.989909+00:00,432800.03969151,39.7,71.6,59.8,59.2,1363200,"{""clock_mhz"":""231"",""max_gpuclk"":""231000000"",""thermal_pwrlevel"":""13"",""gpu_busy_percentage"":""1 %"",""gpubusy"":""15140 1010460"",""temp"":""59800"",""reset_count"":""356137""}",4779.40625,,"5:freezer:/
4:cpuset:/top-app
3:cpuacct:/top-app
2:cpu:/top-app
1:blkio:/top
0::/apps/uid_10247/pid_11813"
sustained-fixed-context-15min-r0-v1-cpu,qwen2.5-coder-1.5b,sustained-fixed-context,sustained,api-20261003T210139Z-UNPLUGGED,"[""Run failed, was aborted, or did not parse""]",False,False,-15,Android public thermal status reached SEVERE; stop sustained load,2026-10-03T23:13:17.131852+00:00,432801.181619843,39.7,70.1,59.0,58.4,1363200,"{""clock_mhz"":""231"",""max_gpuclk"":""231000000"",""thermal_pwrlevel"":""13"",""gpu_busy_percentage"":""1 %"",""gpubusy"":""12859 1018137"",""temp"":""59800"",""reset_count"":""356137""}",4778.171875,,"5:freezer:/
4:cpuset:/top-app
3:cpuacct:/top-app
2:cpu:/top-app
1:blkio:/top
0::/apps/uid_10247/pid_11813"
sustained-fixed-context-15min-r0-v1-cpu,qwen2.5-coder-1.5b,sustained-fixed-context,sustained,api-20261003T210139Z-UNPLUGGED,"[""Run failed, was aborted, or did not parse""]",False,False,-15,Android public thermal status reached SEVERE; stop sustained load,2026-10-03T23:13:18.271833+00:00,432802.321611092,39.7,70.1,59.0,58.0,1363200,"{""clock_mhz"":""231"",""max_gpuclk"":""231000000"",""thermal_pwrlevel"":""13"",""gpu_busy_percentage"":""1 %"",""gpubusy"":""13339 1012921"",""temp"":""58600"",""reset_count"":""356137""}",4777.6796875,,"5:freezer:/
4:cpuset:/top-app
3:cpuacct:/top-app
2:cpu:/top-app
1:blkio:/top
0::/apps/uid_10247/pid_11813"
sustained-fixed-context-15min-r0-v1-cpu,qwen2.5-coder-1.5b,sustained-fixed-context,sustained,api-20261003T210139Z-UNPLUGGED,"[""Run failed, was aborted, or did not parse""]",False,False,-15,Android public thermal status reached SEVERE; stop sustained load,2026-10-03T23:13:19.392607+00:00,432803.442356769,39.7,69.7,58.2,57.6,1363200,"{""clock_mhz"":""231"",""max_gpuclk"":""231000000"",""thermal_pwrlevel"":""13"",""gpu_busy_percentage"":""1 %"",""gpubusy"":""12764 1015230"",""temp"":""58200"",""reset_count"":""356137""}",4799.9609375,,"5:freezer:/
4:cpuset:/top-app
3:cpuacct:/top-app
2:cpu:/top-app
1:blkio:/top
0::/apps/uid_10247/pid_11813"
sustained-fixed-context-15min-r0-v1-cpu,qwen2.5-coder-1.5b,sustained-fixed-context,sustained,api-20261003T210139Z-UNPLUGGED,"[""Run failed, was aborted, or did not parse""]",False,False,-15,Android public thermal status reached SEVERE; stop sustained load,2026-10-03T23:13:20.527074+00:00,432804.576848279,39.7,68.9,58.2,57.2,1363200,"{""clock_mhz"":""231"",""max_gpuclk"":""231000000"",""thermal_pwrlevel"":""13"",""gpu_busy_percentage"":""1 %"",""gpubusy"":""13993 1005624"",""temp"":""58200"",""reset_count"":""356137""}",4800.45703125,,"5:freezer:/
4:cpuset:/top-app
3:cpuacct:/top-app
2:cpu:/top-app
1:blkio:/top
0::/apps/uid_10247/pid_11813"
sustained-fixed-context-15min-r0-v1-cpu,qwen2.5-coder-1.5b,sustained-fixed-context,sustained,api-20261003T210139Z-UNPLUGGED,"[""Run failed, was aborted, or did not parse""]",False,False,-15,Android public thermal status reached SEVERE; stop sustained load,2026-10-03T23:13:21.698338+00:00,432805.748112185,39.7,69.3,58.2,56.8,1363200,"{""clock_mhz"":""231"",""max_gpuclk"":""231000000"",""thermal_pwrlevel"":""13"",""gpu_busy_percentage"":""1 %"",""gpubusy"":""14105 1025616"",""temp"":""58200"",""reset_count"":""356137""}",4799.2265625,,"5:freezer:/
4:cpuset:/top-app
3:cpuacct:/top-app
2:cpu:/top-app
1:blkio:/top
0::/apps/uid_10247/pid_11813"
sustained-fixed-context-15min-r0-v1-cpu,qwen2.5-coder-1.5b,sustained-fixed-context,sustained,api-20261003T210139Z-UNPLUGGED,"[""Run failed, was aborted, or did not parse""]",False,False,-15,Android public thermal status reached SEVERE; stop sustained load,2026-10-03T23:13:22.850451+00:00,432806.900214788,39.7,68.5,59.0,58.8,1363200,"{""clock_mhz"":""231"",""max_gpuclk"":""231000000"",""thermal_pwrlevel"":""13"",""gpu_busy_percentage"":""1 %"",""gpubusy"":""13417 1024763"",""temp"":""59000"",""reset_count"":""356137""}",4796.2578125,,"5:freezer:/
4:cpuset:/top-app
3:cpuacct:/top-app
2:cpu:/top-app
1:blkio:/top
0::/apps/uid_10247/pid_11813"
sustained-fixed-context-15min-r0-v1-cpu,qwen2.5-coder-1.5b,sustained-fixed-context,sustained,api-20261003T210139Z-UNPLUGGED,"[""Run failed, was aborted, or did not parse""]",False,False,-15,Android public thermal status reached SEVERE; stop sustained load,2026-10-03T23:13:24.015415+00:00,432808.065174215,39.7,70.5,59.8,59.6,1363200,"{""clock_mhz"":""231"",""max_gpuclk"":""231000000"",""thermal_pwrlevel"":""13"",""gpu_busy_percentage"":""1 %"",""gpubusy"":""12615 1016976"",""temp"":""59400"",""reset_count"":""356137""}",4792.765625,,"5:freezer:/
4:cpuset:/top-app
3:cpuacct:/top-app
2:cpu:/top-app
1:blkio:/top
0::/apps/uid_10247/pid_11813"
sustained-fixed-context-15min-r0-v1-cpu,qwen2.5-coder-1.5b,sustained-fixed-context,sustained,api-20261003T210139Z-UNPLUGGED,"[""Run failed, was aborted, or did not parse""]",False,False,-15,Android public thermal status reached SEVERE; stop sustained load,2026-10-03T23:13:25.161151+00:00,432809.210945569,39.9,70.9,60.2,60.7,1363200,"{""clock_mhz"":""231"",""max_gpuclk"":""231000000"",""thermal_pwrlevel"":""13"",""gpu_busy_percentage"":""1 %"",""gpubusy"":""14552 1026148"",""temp"":""60200"",""reset_count"":""356137""}",4787.12109375,,"5:freezer:/
4:cpuset:/top-app
3:cpuacct:/top-app
2:cpu:/top-app
1:blkio:/top
0::/apps/uid_10247/pid_11813"
sustained-fixed-context-15min-r0-v1-cpu,qwen2.5-coder-1.5b,sustained-fixed-context,sustained,api-20261003T210139Z-UNPLUGGED,"[""Run failed, was aborted, or did not parse""]",False,False,-15,Android public thermal status reached SEVERE; stop sustained load,2026-10-03T23:13:26.285011+00:00,432810.334765099,39.9,71.6,61.0,61.1,1363200,"{""clock_mhz"":""231"",""max_gpuclk"":""231000000"",""thermal_pwrlevel"":""13"",""gpu_busy_percentage"":""1 %"",""gpubusy"":""12257 1023374"",""temp"":""60600"",""reset_count"":""356137""}",4785.890625,,"5:freezer:/
4:cpuset:/top-app
3:cpuacct:/top-app
2:cpu:/top-app
1:blkio:/top
0::/apps/uid_10247/pid_11813"
sustained-fixed-context-15min-r0-v1-cpu,qwen2.5-coder-1.5b,sustained-fixed-context,sustained,api-20261003T210139Z-UNPLUGGED,"[""Run failed, was aborted, or did not parse""]",False,False,-15,Android public thermal status reached SEVERE; stop sustained load,2026-10-03T23:13:27.422780+00:00,432811.47255088,39.9,71.6,61.0,61.5,1363200,"{""clock_mhz"":""231"",""max_gpuclk"":""231000000"",""thermal_pwrlevel"":""13"",""gpu_busy_percentage"":""1 %"",""gpubusy"":""12263 1027095"",""temp"":""61000"",""reset_count"":""356137""}",4785.0,,"5:freezer:/
4:cpuset:/top-app
3:cpuacct:/top-app
2:cpu:/top-app
1:blkio:/top
0::/apps/uid_10247/pid_11813"
sustained-fixed-context-15min-r0-v1-cpu,qwen2.5-coder-1.5b,sustained-fixed-context,sustained,api-20261003T210139Z-UNPLUGGED,"[""Run failed, was aborted, or did not parse""]",False,False,-15,Android public thermal status reached SEVERE; stop sustained load,2026-10-03T23:13:28.561934+00:00,432812.611736088,39.9,72.4,61.4,61.9,1363200,"{""clock_mhz"":""231"",""max_gpuclk"":""231000000"",""thermal_pwrlevel"":""13"",""gpu_busy_percentage"":""1 %"",""gpubusy"":""13742 1027953"",""temp"":""61400"",""reset_count"":""356137""}",4784.51171875,,"5:freezer:/
4:cpuset:/top-app
3:cpuacct:/top-app
2:cpu:/top-app
1:blkio:/top
0::/apps/uid_10247/pid_11813"
sustained-fixed-context-15min-r0-v1-cpu,qwen2.5-coder-1.5b,sustained-fixed-context,sustained,api-20261003T210139Z-UNPLUGGED,"[""Run failed, was aborted, or did not parse""]",False,False,-15,Android public thermal status reached SEVERE; stop sustained load,2026-10-03T23:13:29.716686+00:00,432813.766452546,39.9,71.3,60.6,60.0,1363200,"{""clock_mhz"":""231"",""max_gpuclk"":""231000000"",""thermal_pwrlevel"":""13"",""gpu_busy_percentage"":""1 %"",""gpubusy"":""13801 1025349"",""temp"":""60600"",""reset_count"":""356137""}",4783.03515625,,"5:freezer:/
4:cpuset:/top-app
3:cpuacct:/top-app
2:cpu:/top-app
1:blkio:/top
0::/apps/uid_10247/pid_11813"
sustained-fixed-context-15min-r0-v1-cpu,qwen2.5-coder-1.5b,sustained-fixed-context,sustained,api-20261003T210139Z-UNPLUGGED,"[""Run failed, was aborted, or did not parse""]",False,False,-15,Android public thermal status reached SEVERE; stop sustained load,2026-10-03T23:13:30.839160+00:00,432814.888932077,39.9,70.9,59.8,58.8,1363200,"{""clock_mhz"":""231"",""max_gpuclk"":""231000000"",""thermal_pwrlevel"":""13"",""gpu_busy_percentage"":""1 %"",""gpubusy"":""14217 1021528"",""temp"":""59800"",""reset_count"":""356137""}",4781.55859375,,"5:freezer:/
4:cpuset:/top-app
3:cpuacct:/top-app
2:cpu:/top-app
1:blkio:/top
0::/apps/uid_10247/pid_11813"
sustained-fixed-context-15min-r0-v1-cpu,qwen2.5-coder-1.5b,sustained-fixed-context,sustained,api-20261003T210139Z-UNPLUGGED,"[""Run failed, was aborted, or did not parse""]",False,False,-15,Android public thermal status reached SEVERE; stop sustained load,2026-10-03T23:13:31.984821+00:00,432816.034573743,39.9,70.5,59.4,58.4,1363200,"{""clock_mhz"":""231"",""max_gpuclk"":""231000000"",""thermal_pwrlevel"":""13"",""gpu_busy_percentage"":""1 %"",""gpubusy"":""13340 1028413"",""temp"":""59000"",""reset_count"":""356137""}",4780.328125,,"5:freezer:/
4:cpuset:/top-app
3:cpuacct:/top-app
2:cpu:/top-app
1:blkio:/top
0::/apps/uid_10247/pid_11813"
sustained-fixed-context-15min-r0-v1-cpu,qwen2.5-coder-1.5b,sustained-fixed-context,sustained,api-20261003T210139Z-UNPLUGGED,"[""Run failed, was aborted, or did not parse""]",False,False,-15,Android public thermal status reached SEVERE; stop sustained load,2026-10-03T23:13:33.118430+00:00,432817.168200253,39.9,70.1,59.4,58.0,1363200,"{""clock_mhz"":""231"",""max_gpuclk"":""231000000"",""thermal_pwrlevel"":""13"",""gpu_busy_percentage"":""1 %"",""gpubusy"":""14029 1015357"",""temp"":""59000"",""reset_count"":""356137""}",4779.09765625,,"5:freezer:/
4:cpuset:/top-app
3:cpuacct:/top-app
2:cpu:/top-app
1:blkio:/top
0::/apps/uid_10247/pid_11813"
sustained-fixed-context-15min-r0-v1-cpu,qwen2.5-coder-1.5b,sustained-fixed-context,sustained,api-20261003T210139Z-UNPLUGGED,"[""Run failed, was aborted, or did not parse""]",False,False,-15,Android public thermal status reached SEVERE; stop sustained load,2026-10-03T23:13:34.248865+00:00,432818.298620461,39.9,70.1,59.0,58.0,1363200,"{""clock_mhz"":""231"",""max_gpuclk"":""231000000"",""thermal_pwrlevel"":""13"",""gpu_busy_percentage"":""1 %"",""gpubusy"":""15006 1016404"",""temp"":""59000"",""reset_count"":""356137""}",4778.359375,,"5:freezer:/
4:cpuset:/top-app
3:cpuacct:/top-app
2:cpu:/top-app
1:blkio:/top
0::/apps/uid_10247/pid_11813"
sustained-fixed-context-15min-r0-v1-cpu,qwen2.5-coder-1.5b,sustained-fixed-context,sustained,api-20261003T210139Z-UNPLUGGED,"[""Run failed, was aborted, or did not parse""]",False,False,-15,Android public thermal status reached SEVERE; stop sustained load,2026-10-03T23:13:35.403840+00:00,432819.453589992,39.9,69.7,59.0,57.6,1363200,"{""clock_mhz"":""231"",""max_gpuclk"":""231000000"",""thermal_pwrlevel"":""13"",""gpu_busy_percentage"":""1 %"",""gpubusy"":""13325 1015318"",""temp"":""58600"",""reset_count"":""356137""}",4776.3984375,,"5:freezer:/
4:cpuset:/top-app
3:cpuacct:/top-app
2:cpu:/top-app
1:blkio:/top
0::/apps/uid_10247/pid_11813"
sustained-fixed-context-15min-r0-v1-cpu,qwen2.5-coder-1.5b,sustained-fixed-context,sustained,api-20261003T210139Z-UNPLUGGED,"[""Run failed, was aborted, or did not parse""]",False,False,-15,Android public thermal status reached SEVERE; stop sustained load,2026-10-03T23:13:36.521784+00:00,432820.571544054,39.9,68.9,59.0,59.2,1363200,"{""clock_mhz"":""231"",""max_gpuclk"":""231000000"",""thermal_pwrlevel"":""13"",""gpu_busy_percentage"":""1 %"",""gpubusy"":""12393 1001503"",""temp"":""59000"",""reset_count"":""356137""}",4762.125,,"5:freezer:/
4:cpuset:/top-app
3:cpuacct:/top-app
2:cpu:/top-app
1:blkio:/top
0::/apps/uid_10247/pid_11813"
sustained-fixed-context-15min-r0-v1-cpu,qwen2.5-coder-1.5b,sustained-fixed-context,sustained,api-20261003T210139Z-UNPLUGGED,"[""Run failed, was aborted, or did not parse""]",False,False,-15,Android public thermal status reached SEVERE; stop sustained load,2026-10-03T23:13:37.683053+00:00,432821.732806033,39.9,70.9,60.2,60.0,1363200,"{""clock_mhz"":""231"",""max_gpuclk"":""231000000"",""thermal_pwrlevel"":""13"",""gpu_busy_percentage"":""1 %"",""gpubusy"":""13845 1002953"",""temp"":""60200"",""reset_count"":""356137""}",4758.30078125,,"5:freezer:/
4:cpuset:/top-app
3:cpuacct:/top-app
2:cpu:/top-app
1:blkio:/top
0::/apps/uid_10247/pid_11813"
sustained-fixed-context-15min-r0-v1-cpu,qwen2.5-coder-1.5b,sustained-fixed-context,sustained,api-20261003T210139Z-UNPLUGGED,"[""Run failed, was aborted, or did not parse""]",False,False,-15,Android public thermal status reached SEVERE; stop sustained load,2026-10-03T23:13:38.829669+00:00,432822.879451813,39.9,70.5,60.6,60.3,1363200,"{""clock_mhz"":""231"",""max_gpuclk"":""231000000"",""thermal_pwrlevel"":""13"",""gpu_busy_percentage"":""1 %"",""gpubusy"":""11724 1012635"",""temp"":""60200"",""reset_count"":""356137""}",4782.04296875,,"5:freezer:/
4:cpuset:/top-app
3:cpuacct:/top-app
2:cpu:/top-app
1:blkio:/top
0::/apps/uid_10247/pid_11813"
sustained-fixed-context-15min-r0-v1-cpu,qwen2.5-coder-1.5b,sustained-fixed-context,sustained,api-20261003T210139Z-UNPLUGGED,"[""Run failed, was aborted, or did not parse""]",False,False,-15,Android public thermal status reached SEVERE; stop sustained load,2026-10-03T23:13:40.024475+00:00,432824.07426275,39.9,70.9,60.6,60.7,1363200,"{""clock_mhz"":""231"",""max_gpuclk"":""231000000"",""thermal_pwrlevel"":""13"",""gpu_busy_percentage"":""1 %"",""gpubusy"":""11863 1004011"",""temp"":""60200"",""reset_count"":""356139""}",4810.7890625,,"5:freezer:/
4:cpuset:/top-app
3:cpuacct:/top-app
2:cpu:/top-app
1:blkio:/top
0::/apps/uid_10247/pid_11813"
sustained-fixed-context-15min-r0-v1-cpu,qwen2.5-coder-1.5b,sustained-fixed-context,sustained,api-20261003T210139Z-UNPLUGGED,"[""Run failed, was aborted, or did not parse""]",False,False,-15,Android public thermal status reached SEVERE; stop sustained load,2026-10-03T23:13:41.168117+00:00,432825.21790051,39.9,70.9,60.6,60.7,1363200,"{""clock_mhz"":""231"",""max_gpuclk"":""231000000"",""thermal_pwrlevel"":""13"",""gpu_busy_percentage"":""1 %"",""gpubusy"":""12976 1028039"",""temp"":""60600"",""reset_count"":""356139""}",4815.31640625,,"5:freezer:/
4:cpuset:/top-app
3:cpuacct:/top-app
2:cpu:/top-app
1:blkio:/top
0::/apps/uid_10247/pid_11813"
sustained-fixed-context-15min-r0-v1-cpu,qwen2.5-coder-1.5b,sustained-fixed-context,sustained,api-20261003T210139Z-UNPLUGGED,"[""Run failed, was aborted, or did not parse""]",False,False,-15,Android public thermal status reached SEVERE; stop sustained load,2026-10-03T23:13:42.345170+00:00,432826.394918375,39.9,72.0,61.4,61.1,1363200,"{""clock_mhz"":""231"",""max_gpuclk"":""231000000"",""thermal_pwrlevel"":""13"",""gpu_busy_percentage"":""1 %"",""gpubusy"":""11821 1000364"",""temp"":""61400"",""reset_count"":""356139""}",4814.33203125,,"5:freezer:/
4:cpuset:/top-app
3:cpuacct:/top-app
2:cpu:/top-app
1:blkio:/top
0::/apps/uid_10247/pid_11813"
sustained-fixed-context-15min-r0-v1-cpu,qwen2.5-coder-1.5b,sustained-fixed-context,sustained,api-20261003T210139Z-UNPLUGGED,"[""Run failed, was aborted, or did not parse""]",False,False,-15,Android public thermal status reached SEVERE; stop sustained load,2026-10-03T23:13:43.556899+00:00,432827.60665353,39.9,72.8,61.0,60.0,1363200,"{""clock_mhz"":""231"",""max_gpuclk"":""231000000"",""thermal_pwrlevel"":""13"",""gpu_busy_percentage"":""1 %"",""gpubusy"":""13231 1007202"",""temp"":""61000"",""reset_count"":""356139""}",4849.61328125,,"5:freezer:/
4:cpuset:/top-app
3:cpuacct:/top-app
2:cpu:/top-app
1:blkio:/top
0::/apps/uid_10247/pid_11813"
sustained-fixed-context-15min-r0-v1-cpu,qwen2.5-coder-1.5b,sustained-fixed-context,sustained,api-20261003T210139Z-UNPLUGGED,"[""Run failed, was aborted, or did not parse""]",False,False,-15,Android public thermal status reached SEVERE; stop sustained load,2026-10-03T23:13:44.700017+00:00,432828.749772749,39.9,70.5,59.8,58.8,1363200,"{""clock_mhz"":""231"",""max_gpuclk"":""231000000"",""thermal_pwrlevel"":""13"",""gpu_busy_percentage"":""1 %"",""gpubusy"":""14062 1034728"",""temp"":""59800"",""reset_count"":""356139""}",4853.8671875,,"5:freezer:/
4:cpuset:/top-app
3:cpuacct:/top-app
2:cpu:/top-app
1:blkio:/top
0::/apps/uid_10247/pid_11813"
sustained-fixed-context-15min-r0-v1-cpu,qwen2.5-coder-1.5b,sustained-fixed-context,sustained,api-20261003T210139Z-UNPLUGGED,"[""Run failed, was aborted, or did not parse""]",False,False,-15,Android public thermal status reached SEVERE; stop sustained load,2026-10-03T23:13:45.825389+00:00,432829.87516155,39.9,70.5,59.0,58.0,1363200,"{""clock_mhz"":""231"",""max_gpuclk"":""231000000"",""thermal_pwrlevel"":""13"",""gpu_busy_percentage"":""1 %"",""gpubusy"":""14955 1003998"",""temp"":""59400"",""reset_count"":""356139""}",4849.39453125,,"5:freezer:/
4:cpuset:/top-app
3:cpuacct:/top-app
2:cpu:/top-app
1:blkio:/top
0::/apps/uid_10247/pid_11813"
sustained-fixed-context-15min-r0-v1-cpu,qwen2.5-coder-1.5b,sustained-fixed-context,sustained,api-20261003T210139Z-UNPLUGGED,"[""Run failed, was aborted, or did not parse""]",False,False,-15,Android public thermal status reached SEVERE; stop sustained load,2026-10-03T23:13:46.965009+00:00,432831.014759883,39.9,70.1,58.6,58.0,1363200,"{""clock_mhz"":""231"",""max_gpuclk"":""231000000"",""thermal_pwrlevel"":""13"",""gpu_busy_percentage"":""1 %"",""gpubusy"":""13090 1001244"",""temp"":""59000"",""reset_count"":""356139""}",4851.390625,,"5:freezer:/
4:cpuset:/top-app
3:cpuacct:/top-app
2:cpu:/top-app
1:blkio:/top
0::/apps/uid_10247/pid_11813"
sustained-fixed-context-15min-r0-v1-cpu,qwen2.5-coder-1.5b,sustained-fixed-context,sustained,api-20261003T210139Z-UNPLUGGED,"[""Run failed, was aborted, or did not parse""]",False,False,-15,Android public thermal status reached SEVERE; stop sustained load,2026-10-03T23:13:48.102755+00:00,432832.152509154,39.9,69.3,58.6,57.2,1363200,"{""clock_mhz"":""231"",""max_gpuclk"":""231000000"",""thermal_pwrlevel"":""13"",""gpu_busy_percentage"":""1 %"",""gpubusy"":""13533 1009899"",""temp"":""59000"",""reset_count"":""356139""}",4851.15234375,,"5:freezer:/
4:cpuset:/top-app
3:cpuacct:/top-app
2:cpu:/top-app
1:blkio:/top
0::/apps/uid_10247/pid_11813"
sustained-fixed-context-15min-r0-v1-cpu,qwen2.5-coder-1.5b,sustained-fixed-context,sustained,api-20261003T210139Z-UNPLUGGED,"[""Run failed, was aborted, or did not parse""]",False,False,-15,Android public thermal status reached SEVERE; stop sustained load,2026-10-03T23:13:49.250968+00:00,432833.300750195,39.9,68.9,58.2,56.8,1363200,"{""clock_mhz"":""231"",""max_gpuclk"":""231000000"",""thermal_pwrlevel"":""13"",""gpu_busy_percentage"":""1 %"",""gpubusy"":""13589 1031217"",""temp"":""58600"",""reset_count"":""356139""}",4850.4140625,,"5:freezer:/
4:cpuset:/top-app
3:cpuacct:/top-app
2:cpu:/top-app
1:blkio:/top
0::/apps/uid_10247/pid_11813"
sustained-fixed-context-15min-r0-v1-cpu,qwen2.5-coder-1.5b,sustained-fixed-context,sustained,api-20261003T210139Z-UNPLUGGED,"[""Run failed, was aborted, or did not parse""]",False,False,-15,Android public thermal status reached SEVERE; stop sustained load,2026-10-03T23:13:50.393101+00:00,432834.442874934,39.9,69.3,58.2,57.2,1363200,"{""clock_mhz"":""231"",""max_gpuclk"":""231000000"",""thermal_pwrlevel"":""13"",""gpu_busy_percentage"":""1 %"",""gpubusy"":""13749 1009101"",""temp"":""58600"",""reset_count"":""356139""}",4849.4296875,,"5:freezer:/
4:cpuset:/top-app
3:cpuacct:/top-app
2:cpu:/top-app
1:blkio:/top
0::/apps/uid_10247/pid_11813"
sustained-fixed-context-15min-r0-v1-cpu,qwen2.5-coder-1.5b,sustained-fixed-context,sustained,api-20261003T210139Z-UNPLUGGED,"[""Run failed, was aborted, or did not parse""]",False,False,-15,Android public thermal status reached SEVERE; stop sustained load,2026-10-03T23:13:51.537666+00:00,432835.587427642,39.9,69.7,59.4,59.2,1363200,"{""clock_mhz"":""231"",""max_gpuclk"":""231000000"",""thermal_pwrlevel"":""13"",""gpu_busy_percentage"":""1 %"",""gpubusy"":""12815 1001884"",""temp"":""59400"",""reset_count"":""356139""}",4847.4609375,,"5:freezer:/
4:cpuset:/top-app
3:cpuacct:/top-app
2:cpu:/top-app
1:blkio:/top
0::/apps/uid_10247/pid_11813"
sustained-fixed-context-15min-r0-v1-cpu,qwen2.5-coder-1.5b,sustained-fixed-context,sustained,api-20261003T210139Z-UNPLUGGED,"[""Run failed, was aborted, or did not parse""]",False,False,-15,Android public thermal status reached SEVERE; stop sustained load,2026-10-03T23:13:52.662386+00:00,432836.71221785,39.9,69.7,59.8,59.6,1363200,"{""clock_mhz"":""231"",""max_gpuclk"":""231000000"",""thermal_pwrlevel"":""13"",""gpu_busy_percentage"":""1 %"",""gpubusy"":""11429 1002037"",""temp"":""59800"",""reset_count"":""356139""}",4845.4921875,,"5:freezer:/
4:cpuset:/top-app
3:cpuacct:/top-app
2:cpu:/top-app
1:blkio:/top
0::/apps/uid_10247/pid_11813"
sustained-fixed-context-15min-r0-v1-cpu,qwen2.5-coder-1.5b,sustained-fixed-context,sustained,api-20261003T210139Z-UNPLUGGED,"[""Run failed, was aborted, or did not parse""]",False,False,-15,Android public thermal status reached SEVERE; stop sustained load,2026-10-03T23:13:53.852703+00:00,432837.902516026,39.9,70.9,60.2,60.3,1363200,"{""clock_mhz"":""231"",""max_gpuclk"":""231000000"",""thermal_pwrlevel"":""13"",""gpu_busy_percentage"":""1 %"",""gpubusy"":""13655 1050642"",""temp"":""60600"",""reset_count"":""356139""}",4844.75390625,,"5:freezer:/
4:cpuset:/top-app
3:cpuacct:/top-app
2:cpu:/top-app
1:blkio:/top
0::/apps/uid_10247/pid_11813"
sustained-fixed-context-15min-r0-v1-cpu,qwen2.5-coder-1.5b,sustained-fixed-context,sustained,api-20261003T210139Z-UNPLUGGED,"[""Run failed, was aborted, or did not parse""]",False,False,-15,Android public thermal status reached SEVERE; stop sustained load,2026-10-03T23:13:55.058100+00:00,432839.107879411,40.1,71.6,60.6,60.7,1363200,"{""clock_mhz"":""231"",""max_gpuclk"":""231000000"",""thermal_pwrlevel"":""13"",""gpu_busy_percentage"":""1 %"",""gpubusy"":""12641 1031630"",""temp"":""60600"",""reset_count"":""356139""}",4839.1171875,,"5:freezer:/
4:cpuset:/top-app
3:cpuacct:/top-app
2:cpu:/top-app
1:blkio:/top
0::/apps/uid_10247/pid_11813"
sustained-fixed-context-15min-r0-v1-cpu,qwen2.5-coder-1.5b,sustained-fixed-context,sustained,api-20261003T210139Z-UNPLUGGED,"[""Run failed, was aborted, or did not parse""]",False,False,-15,Android public thermal status reached SEVERE; stop sustained load,2026-10-03T23:13:56.212755+00:00,432840.262511026,40.1,71.6,60.6,61.1,1363200,"{""clock_mhz"":""231"",""max_gpuclk"":""231000000"",""thermal_pwrlevel"":""13"",""gpu_busy_percentage"":""1 %"",""gpubusy"":""11681 1037487"",""temp"":""61000"",""reset_count"":""356139""}",4834.44921875,,"5:freezer:/
4:cpuset:/top-app
3:cpuacct:/top-app
2:cpu:/top-app
1:blkio:/top
0::/apps/uid_10247/pid_11813"
sustained-fixed-context-15min-r0-v1-cpu,qwen2.5-coder-1.5b,sustained-fixed-context,sustained,api-20261003T210139Z-UNPLUGGED,"[""Run failed, was aborted, or did not parse""]",False,False,-15,Android public thermal status reached SEVERE; stop sustained load,2026-10-03T23:13:57.370837+00:00,432841.420672119,40.1,71.3,61.0,60.7,1363200,"{""clock_mhz"":""231"",""max_gpuclk"":""231000000"",""thermal_pwrlevel"":""13"",""gpu_busy_percentage"":""1 %"",""gpubusy"":""12938 1017127"",""temp"":""61000"",""reset_count"":""356139""}",4833.95703125,,"5:freezer:/
4:cpuset:/top-app
3:cpuacct:/top-app
2:cpu:/top-app
1:blkio:/top
0::/apps/uid_10247/pid_11813"
sustained-fixed-context-15min-r0-v1-cpu,qwen2.5-coder-1.5b,sustained-fixed-context,sustained,api-20261003T210139Z-UNPLUGGED,"[""Run failed, was aborted, or did not parse""]",False,False,-15,Android public thermal status reached SEVERE; stop sustained load,2026-10-03T23:13:58.534809+00:00,432842.584582587,40.1,70.5,59.8,59.6,1363200,"{""clock_mhz"":""231"",""max_gpuclk"":""231000000"",""thermal_pwrlevel"":""13"",""gpu_busy_percentage"":""1 %"",""gpubusy"":""11734 1013976"",""temp"":""60200"",""reset_count"":""356139""}",4833.21875,,"5:freezer:/
4:cpuset:/top-app
3:cpuacct:/top-app
2:cpu:/top-app
1:blkio:/top
0::/apps/uid_10247/pid_11813"
sustained-fixed-context-15min-r0-v1-cpu,qwen2.5-coder-1.5b,sustained-fixed-context,sustained,api-20261003T210139Z-UNPLUGGED,"[""Run failed, was aborted, or did not parse""]",False,False,-15,Android public thermal status reached SEVERE; stop sustained load,2026-10-03T23:13:59.663027+00:00,432843.712776858,40.1,68.9,59.0,58.0,1363200,"{""clock_mhz"":""231"",""max_gpuclk"":""231000000"",""thermal_pwrlevel"":""13"",""gpu_busy_percentage"":""1 %"",""gpubusy"":""13465 1021680"",""temp"":""59000"",""reset_count"":""356139""}",4831.98828125,,"5:freezer:/
4:cpuset:/top-app
3:cpuacct:/top-app
2:cpu:/top-app
1:blkio:/top
0::/apps/uid_10247/pid_11813"
sustained-fixed-context-15min-r0-v1-cpu,qwen2.5-coder-1.5b,sustained-fixed-context,sustained,api-20261003T210139Z-UNPLUGGED,"[""Run failed, was aborted, or did not parse""]",False,False,-15,Android public thermal status reached SEVERE; stop sustained load,2026-10-03T23:14:00.781493+00:00,432844.831263993,40.1,69.7,58.6,57.6,1363200,"{""clock_mhz"":""231"",""max_gpuclk"":""231000000"",""thermal_pwrlevel"":""13"",""gpu_busy_percentage"":""1 %"",""gpubusy"":""14119 1020313"",""temp"":""59000"",""reset_count"":""356139""}",4830.76171875,,"5:freezer:/
4:cpuset:/top-app
3:cpuacct:/top-app
2:cpu:/top-app
1:blkio:/top
0::/apps/uid_10247/pid_11813"
sustained-fixed-context-15min-r0-v1-cpu,qwen2.5-coder-1.5b,sustained-fixed-context,sustained,api-20261003T210139Z-UNPLUGGED,"[""Run failed, was aborted, or did not parse""]",False,False,-15,Android public thermal status reached SEVERE; stop sustained load,2026-10-03T23:14:01.927968+00:00,432845.977720034,40.1,70.1,58.6,57.2,1363200,"{""clock_mhz"":""231"",""max_gpuclk"":""231000000"",""thermal_pwrlevel"":""13"",""gpu_busy_percentage"":""1 %"",""gpubusy"":""14039 1003371"",""temp"":""58600"",""reset_count"":""356139""}",4829.28515625,,"5:freezer:/
4:cpuset:/top-app
3:cpuacct:/top-app
2:cpu:/top-app
1:blkio:/top
0::/apps/uid_10247/pid_11813"
sustained-fixed-context-15min-r0-v1-cpu,qwen2.5-coder-1.5b,sustained-fixed-context,sustained,api-20261003T210139Z-UNPLUGGED,"[""Run failed, was aborted, or did not parse""]",False,False,-15,Android public thermal status reached SEVERE; stop sustained load,2026-10-03T23:14:03.048485+00:00,432847.09826571,40.1,69.3,58.6,57.2,1363200,"{""clock_mhz"":""231"",""max_gpuclk"":""231000000"",""thermal_pwrlevel"":""13"",""gpu_busy_percentage"":""1 %"",""gpubusy"":""13367 1011379"",""temp"":""58600"",""reset_count"":""356139""}",4828.30078125,,"5:freezer:/
4:cpuset:/top-app
3:cpuacct:/top-app
2:cpu:/top-app
1:blkio:/top
0::/apps/uid_10247/pid_11813"
sustained-fixed-context-15min-r0-v1-cpu,qwen2.5-coder-1.5b,sustained-fixed-context,sustained,api-20261003T210139Z-UNPLUGGED,"[""Run failed, was aborted, or did not parse""]",False,False,-15,Android public thermal status reached SEVERE; stop sustained load,2026-10-03T23:14:04.185488+00:00,432848.235238991,40.1,68.5,58.6,57.2,1363200,"{""clock_mhz"":""231"",""max_gpuclk"":""231000000"",""thermal_pwrlevel"":""13"",""gpu_busy_percentage"":""1 %"",""gpubusy"":""13004 1020108"",""temp"":""58600"",""reset_count"":""356139""}",4827.95703125,,"5:freezer:/
4:cpuset:/top-app
3:cpuacct:/top-app
2:cpu:/top-app
1:blkio:/top
0::/apps/uid_10247/pid_11813"
sustained-fixed-context-15min-r0-v1-cpu,qwen2.5-coder-1.5b,sustained-fixed-context,sustained,api-20261003T210139Z-UNPLUGGED,"[""Run failed, was aborted, or did not parse""]",False,False,-15,Android public thermal status reached SEVERE; stop sustained load,2026-10-03T23:14:05.321236+00:00,432849.371030553,40.1,68.9,59.0,58.8,1363200,"{""clock_mhz"":""231"",""max_gpuclk"":""231000000"",""thermal_pwrlevel"":""13"",""gpu_busy_percentage"":""1 %"",""gpubusy"":""13313 1014967"",""temp"":""59000"",""reset_count"":""356139""}",4827.44140625,,"5:freezer:/
4:cpuset:/top-app
3:cpuacct:/top-app
2:cpu:/top-app
1:blkio:/top
0::/apps/uid_10247/pid_11813"
sustained-fixed-context-15min-r0-v1-cpu,qwen2.5-coder-1.5b,sustained-fixed-context,sustained,api-20261003T210139Z-UNPLUGGED,"[""Run failed, was aborted, or did not parse""]",False,False,-15,Android public thermal status reached SEVERE; stop sustained load,2026-10-03T23:14:06.471087+00:00,432850.520870136,40.1,70.1,59.8,59.6,1363200,"{""clock_mhz"":""231"",""max_gpuclk"":""231000000"",""thermal_pwrlevel"":""13"",""gpu_busy_percentage"":""1 %"",""gpubusy"":""12384 1020685"",""temp"":""59800"",""reset_count"":""356139""}",4826.703125,,"5:freezer:/
4:cpuset:/top-app
3:cpuacct:/top-app
2:cpu:/top-app
1:blkio:/top
0::/apps/uid_10247/pid_11813"
sustained-fixed-context-15min-r0-v1-cpu,qwen2.5-coder-1.5b,sustained-fixed-context,sustained,api-20261003T210139Z-UNPLUGGED,"[""Run failed, was aborted, or did not parse""]",False,False,-15,Android public thermal status reached SEVERE; stop sustained load,2026-10-03T23:14:07.626676+00:00,432851.676427167,40.1,70.5,60.6,60.3,1363200,"{""clock_mhz"":""231"",""max_gpuclk"":""231000000"",""thermal_pwrlevel"":""13"",""gpu_busy_percentage"":""1 %"",""gpubusy"":""12987 1004779"",""temp"":""59800"",""reset_count"":""356140""}",4826.0234375,,"5:freezer:/
4:cpuset:/top-app
3:cpuacct:/top-app
2:cpu:/top-app
1:blkio:/top
0::/apps/uid_10247/pid_11813"
sustained-fixed-context-15min-r0-v1-cpu,qwen2.5-coder-1.5b,sustained-fixed-context,sustained,api-20261003T210139Z-UNPLUGGED,"[""Run failed, was aborted, or did not parse""]",False,False,-15,Android public thermal status reached SEVERE; stop sustained load,2026-10-03T23:14:08.768106+00:00,432852.817881333,40.1,70.9,60.2,60.7,1363200,"{""clock_mhz"":""231"",""max_gpuclk"":""231000000"",""thermal_pwrlevel"":""13"",""gpu_busy_percentage"":""1 %"",""gpubusy"":""13010 1009841"",""temp"":""60600"",""reset_count"":""356140""}",4825.2734375,,"5:freezer:/
4:cpuset:/top-app
3:cpuacct:/top-app
2:cpu:/top-app
1:blkio:/top
0::/apps/uid_10247/pid_11813"
sustained-fixed-context-15min-r0-v1-cpu,qwen2.5-coder-1.5b,sustained-fixed-context,sustained,api-20261003T210139Z-UNPLUGGED,"[""Run failed, was aborted, or did not parse""]",False,False,-15,Android public thermal status reached SEVERE; stop sustained load,2026-10-03T23:14:09.954753+00:00,432854.004505499,40.1,69.7,60.2,60.7,1363200,"{""clock_mhz"":""231"",""max_gpuclk"":""231000000"",""thermal_pwrlevel"":""13"",""gpu_busy_percentage"":""1 %"",""gpubusy"":""12180 1020437"",""temp"":""60600"",""reset_count"":""356140""}",4825.02734375,,"5:freezer:/
4:cpuset:/top-app
3:cpuacct:/top-app
2:cpu:/top-app
1:blkio:/top
0::/apps/uid_10247/pid_11813"
sustained-fixed-context-15min-r0-v1-cpu,qwen2.5-coder-1.5b,sustained-fixed-context,sustained,api-20261003T210139Z-UNPLUGGED,"[""Run failed, was aborted, or did not parse""]",False,False,-15,Android public thermal status reached SEVERE; stop sustained load,2026-10-03T23:14:11.084523+00:00,432855.134275916,40.1,71.6,61.4,61.1,1363200,"{""clock_mhz"":""231"",""max_gpuclk"":""231000000"",""thermal_pwrlevel"":""13"",""gpu_busy_percentage"":""1 %"",""gpubusy"":""12133 1026449"",""temp"":""61000"",""reset_count"":""356140""}",4823.55078125,,"5:freezer:/
4:cpuset:/top-app
3:cpuacct:/top-app
2:cpu:/top-app
1:blkio:/top
0::/apps/uid_10247/pid_11813"
sustained-fixed-context-15min-r0-v1-cpu,qwen2.5-coder-1.5b,sustained-fixed-context,sustained,api-20261003T210139Z-UNPLUGGED,"[""Run failed, was aborted, or did not parse""]",False,False,-15,Android public thermal status reached SEVERE; stop sustained load,2026-10-03T23:14:12.269573+00:00,432856.31932503,40.1,72.4,60.6,60.0,1363200,"{""clock_mhz"":""231"",""max_gpuclk"":""231000000"",""thermal_pwrlevel"":""13"",""gpu_busy_percentage"":""1 %"",""gpubusy"":""12213 1038853"",""temp"":""61000"",""reset_count"":""356140""}",4823.05859375,,"5:freezer:/
4:cpuset:/top-app
3:cpuacct:/top-app
2:cpu:/top-app
1:blkio:/top
0::/apps/uid_10247/pid_11813"
sustained-fixed-context-15min-r0-v1-cpu,qwen2.5-coder-1.5b,sustained-fixed-context,sustained,api-20261003T210139Z-UNPLUGGED,"[""Run failed, was aborted, or did not parse""]",False,False,-15,Android public thermal status reached SEVERE; stop sustained load,2026-10-03T23:14:13.382844+00:00,432857.432597217,40.1,70.9,59.8,58.8,1363200,"{""clock_mhz"":""231"",""max_gpuclk"":""231000000"",""thermal_pwrlevel"":""13"",""gpu_busy_percentage"":""1 %"",""gpubusy"":""14870 1039051"",""temp"":""59800"",""reset_count"":""356140""}",4822.07421875,,"5:freezer:/
4:cpuset:/top-app
3:cpuacct:/top-app
2:cpu:/top-app
1:blkio:/top
0::/apps/uid_10247/pid_11813"
sustained-fixed-context-15min-r0-v1-cpu,qwen2.5-coder-1.5b,sustained-fixed-context,sustained,api-20261003T210139Z-UNPLUGGED,"[""Run failed, was aborted, or did not parse""]",False,False,-15,Android public thermal status reached SEVERE; stop sustained load,2026-10-03T23:14:14.531629+00:00,432858.58138055,40.1,70.5,59.4,58.4,1363200,"{""clock_mhz"":""231"",""max_gpuclk"":""231000000"",""thermal_pwrlevel"":""13"",""gpu_busy_percentage"":""1 %"",""gpubusy"":""13014 1032288"",""temp"":""59000"",""reset_count"":""356140""}",4821.08984375,,"5:freezer:/
4:cpuset:/top-app
3:cpuacct:/top-app
2:cpu:/top-app
1:blkio:/top
0::/apps/uid_10247/pid_11813"
sustained-fixed-context-15min-r0-v1-cpu,qwen2.5-coder-1.5b,sustained-fixed-context,sustained,api-20261003T210139Z-UNPLUGGED,"[""Run failed, was aborted, or did not parse""]",False,False,-15,Android public thermal status reached SEVERE; stop sustained load,2026-10-03T23:14:15.703408+00:00,432859.75317581,40.1,69.7,59.4,58.0,1363200,"{""clock_mhz"":""231"",""max_gpuclk"":""231000000"",""thermal_pwrlevel"":""13"",""gpu_busy_percentage"":""1 %"",""gpubusy"":""13091 1028603"",""temp"":""59000"",""reset_count"":""356140""}",4820.62890625,,"5:freezer:/
4:cpuset:/top-app
3:cpuacct:/top-app
2:cpu:/top-app
1:blkio:/top
0::/apps/uid_10247/pid_11813"
sustained-fixed-context-15min-r0-v1-cpu,qwen2.5-coder-1.5b,sustained-fixed-context,sustained,api-20261003T210139Z-UNPLUGGED,"[""Run failed, was aborted, or did not parse""]",False,False,-15,Android public thermal status reached SEVERE; stop sustained load,2026-10-03T23:14:16.836219+00:00,432860.885969611,40.1,70.5,58.6,57.2,1363200,"{""clock_mhz"":""231"",""max_gpuclk"":""231000000"",""thermal_pwrlevel"":""13"",""gpu_busy_percentage"":""1 %"",""gpubusy"":""13780 1017139"",""temp"":""59000"",""reset_count"":""356140""}",4819.890625,,"5:freezer:/
4:cpuset:/top-app
3:cpuacct:/top-app
2:cpu:/top-app
1:blkio:/top
0::/apps/uid_10247/pid_11813"
sustained-fixed-context-15min-r0-v1-cpu,qwen2.5-coder-1.5b,sustained-fixed-context,sustained,api-20261003T210139Z-UNPLUGGED,"[""Run failed, was aborted, or did not parse""]",False,False,-15,Android public thermal status reached SEVERE; stop sustained load,2026-10-03T23:14:17.961594+00:00,432862.011348882,40.1,69.3,58.6,57.2,1363200,"{""clock_mhz"":""231"",""max_gpuclk"":""231000000"",""thermal_pwrlevel"":""13"",""gpu_busy_percentage"":""1 %"",""gpubusy"":""13766 1031373"",""temp"":""58600"",""reset_count"":""356140""}",4819.1484375,,"5:freezer:/
4:cpuset:/top-app
3:cpuacct:/top-app
2:cpu:/top-app
1:blkio:/top
0::/apps/uid_10247/pid_11813"
sustained-fixed-context-15min-r0-v1-cpu,qwen2.5-coder-1.5b,sustained-fixed-context,sustained,api-20261003T210139Z-UNPLUGGED,"[""Run failed, was aborted, or did not parse""]",False,False,-15,Android public thermal status reached SEVERE; stop sustained load,2026-10-03T23:14:19.092822+00:00,432863.14257534,40.1,69.3,58.6,57.2,1363200,"{""clock_mhz"":""231"",""max_gpuclk"":""231000000"",""thermal_pwrlevel"":""13"",""gpu_busy_percentage"":""1 %"",""gpubusy"":""12983 1027070"",""temp"":""58600"",""reset_count"":""356140""}",4818.1640625,,"5:freezer:/
4:cpuset:/top-app
3:cpuacct:/top-app
2:cpu:/top-app
1:blkio:/top
0::/apps/uid_10247/pid_11813"
sustained-fixed-context-15min-r0-v1-cpu,qwen2.5-coder-1.5b,sustained-fixed-context,sustained,api-20261003T210139Z-UNPLUGGED,"[""Run failed, was aborted, or did not parse""]",False,False,-15,Android public thermal status reached SEVERE; stop sustained load,2026-10-03T23:14:20.286863+00:00,432864.336644089,40.1,70.1,60.2,59.6,1363200,"{""clock_mhz"":""231"",""max_gpuclk"":""231000000"",""thermal_pwrlevel"":""13"",""gpu_busy_percentage"":""1 %"",""gpubusy"":""13823 1009050"",""temp"":""59800"",""reset_count"":""356140""}",4817.42578125,,"5:freezer:/
4:cpuset:/top-app
3:cpuacct:/top-app
2:cpu:/top-app
1:blkio:/top
0::/apps/uid_10247/pid_11813"
sustained-fixed-context-15min-r0-v1-cpu,qwen2.5-coder-1.5b,sustained-fixed-context,sustained,api-20261003T210139Z-UNPLUGGED,"[""Run failed, was aborted, or did not parse""]",False,False,-15,Android public thermal status reached SEVERE; stop sustained load,2026-10-03T23:14:21.455016+00:00,432865.504781641,40.1,69.3,60.2,60.0,1363200,"{""clock_mhz"":""231"",""max_gpuclk"":""231000000"",""thermal_pwrlevel"":""13"",""gpu_busy_percentage"":""1 %"",""gpubusy"":""13012 1009095"",""temp"":""59800"",""reset_count"":""356140""}",4816.4453125,,"5:freezer:/
4:cpuset:/top-app
3:cpuacct:/top-app
2:cpu:/top-app
1:blkio:/top
0::/apps/uid_10247/pid_11813"
sustained-fixed-context-15min-r0-v1-cpu,qwen2.5-coder-1.5b,sustained-fixed-context,sustained,api-20261003T210139Z-UNPLUGGED,"[""Run failed, was aborted, or did not parse""]",False,False,-15,Android public thermal status reached SEVERE; stop sustained load,2026-10-03T23:14:22.597696+00:00,432866.647516276,40.1,71.3,60.6,60.3,1363200,"{""clock_mhz"":""231"",""max_gpuclk"":""231000000"",""thermal_pwrlevel"":""13"",""gpu_busy_percentage"":""1 %"",""gpubusy"":""12661 1031105"",""temp"":""60600"",""reset_count"":""356141""}",4815.953125,,"5:freezer:/
4:cpuset:/top-app
3:cpuacct:/top-app
2:cpu:/top-app
1:blkio:/top
0::/apps/uid_10247/pid_11813"
sustained-fixed-context-15min-r0-v1-cpu,qwen2.5-coder-1.5b,sustained-fixed-context,sustained,api-20261003T210139Z-UNPLUGGED,"[""Run failed, was aborted, or did not parse""]",False,False,-15,Android public thermal status reached SEVERE; stop sustained load,2026-10-03T23:14:23.794521+00:00,432867.844466223,40.1,72.4,61.0,61.5,1363200,"{""clock_mhz"":""231"",""max_gpuclk"":""231000000"",""thermal_pwrlevel"":""13"",""gpu_busy_percentage"":""1 %"",""gpubusy"":""12705 1023160"",""temp"":""60600"",""reset_count"":""356141""}",4814.96875,,"5:freezer:/
4:cpuset:/top-app
3:cpuacct:/top-app
2:cpu:/top-app
1:blkio:/top
0::/apps/uid_10247/pid_11813"
sustained-fixed-context-15min-r0-v1-cpu,qwen2.5-coder-1.5b,sustained-fixed-context,sustained,api-20261003T210139Z-UNPLUGGED,"[""Run failed, was aborted, or did not parse""]",False,False,-15,Android public thermal status reached SEVERE; stop sustained load,2026-10-03T23:14:24.972356+00:00,432869.022133202,40.1,72.0,61.4,61.9,1363200,"{""clock_mhz"":""231"",""max_gpuclk"":""231000000"",""thermal_pwrlevel"":""13"",""gpu_busy_percentage"":""1 %"",""gpubusy"":""11841 1024891"",""temp"":""61800"",""reset_count"":""356141""}",4812.890625,,"5:freezer:/
4:cpuset:/top-app
3:cpuacct:/top-app
2:cpu:/top-app
1:blkio:/top
0::/apps/uid_10247/pid_11813"
sustained-fixed-context-15min-r0-v1-cpu,qwen2.5-coder-1.5b,sustained-fixed-context,sustained,api-20261003T210139Z-UNPLUGGED,"[""Run failed, was aborted, or did not parse""]",False,False,-15,Android public thermal status reached SEVERE; stop sustained load,2026-10-03T23:14:26.134085+00:00,432870.183844347,40.3,72.8,61.4,61.9,1363200,"{""clock_mhz"":""231"",""max_gpuclk"":""231000000"",""thermal_pwrlevel"":""13"",""gpu_busy_percentage"":""1 %"",""gpubusy"":""14491 1018723"",""temp"":""61800"",""reset_count"":""356141""}",4809.2109375,,"5:freezer:/
4:cpuset:/top-app
3:cpuacct:/top-app
2:cpu:/top-app
1:blkio:/top
0::/apps/uid_10247/pid_11813"
sustained-fixed-context-15min-r0-v1-cpu,qwen2.5-coder-1.5b,sustained-fixed-context,sustained,api-20261003T210139Z-UNPLUGGED,"[""Run failed, was aborted, or did not parse""]",False,False,-15,Android public thermal status reached SEVERE; stop sustained load,2026-10-03T23:14:27.260472+00:00,432871.310221951,40.3,71.6,60.2,60.3,1363200,"{""clock_mhz"":""231"",""max_gpuclk"":""231000000"",""thermal_pwrlevel"":""13"",""gpu_busy_percentage"":""1 %"",""gpubusy"":""12899 1041551"",""temp"":""60600"",""reset_count"":""356141""}",4807.06640625,,"5:freezer:/
4:cpuset:/top-app
3:cpuacct:/top-app
2:cpu:/top-app
1:blkio:/top
0::/apps/uid_10247/pid_11813"
sustained-fixed-context-15min-r0-v1-cpu,qwen2.5-coder-1.5b,sustained-fixed-context,sustained,api-20261003T210139Z-UNPLUGGED,"[""Run failed, was aborted, or did not parse""]",False,False,-15,Android public thermal status reached SEVERE; stop sustained load,2026-10-03T23:14:28.370841+00:00,432872.42059242,40.3,70.9,60.2,59.6,1363200,"{""clock_mhz"":""231"",""max_gpuclk"":""231000000"",""thermal_pwrlevel"":""13"",""gpu_busy_percentage"":""1 %"",""gpubusy"":""13788 1021092"",""temp"":""60200"",""reset_count"":""356141""}",4805.58984375,,"5:freezer:/
4:cpuset:/top-app
3:cpuacct:/top-app
2:cpu:/top-app
1:blkio:/top
0::/apps/uid_10247/pid_11813"
sustained-fixed-context-15min-r0-v1-cpu,qwen2.5-coder-1.5b,sustained-fixed-context,sustained,api-20261003T210139Z-UNPLUGGED,"[""Run failed, was aborted, or did not parse""]",False,False,-15,Android public thermal status reached SEVERE; stop sustained load,2026-10-03T23:14:29.538730+00:00,432873.588500544,40.3,71.3,59.8,58.8,1363200,"{""clock_mhz"":""231"",""max_gpuclk"":""231000000"",""thermal_pwrlevel"":""13"",""gpu_busy_percentage"":""1 %"",""gpubusy"":""13971 1000288"",""temp"":""59800"",""reset_count"":""356141""}",4804.11328125,,"5:freezer:/
4:cpuset:/top-app
3:cpuacct:/top-app
2:cpu:/top-app
1:blkio:/top
0::/apps/uid_10247/pid_11813"
sustained-fixed-context-15min-r0-v1-cpu,qwen2.5-coder-1.5b,sustained-fixed-context,sustained,api-20261003T210139Z-UNPLUGGED,"[""Run failed, was aborted, or did not parse""]",False,False,-15,Android public thermal status reached SEVERE; stop sustained load,2026-10-03T23:14:30.701008+00:00,432874.750764867,40.3,71.3,59.8,58.8,1363200,"{""clock_mhz"":""231"",""max_gpuclk"":""231000000"",""thermal_pwrlevel"":""13"",""gpu_busy_percentage"":""1 %"",""gpubusy"":""14858 1006226"",""temp"":""59400"",""reset_count"":""356141""}",4777.546875,,"5:freezer:/
4:cpuset:/top-app
3:cpuacct:/top-app
2:cpu:/top-app
1:blkio:/top
0::/apps/uid_10247/pid_11813"
sustained-fixed-context-15min-r0-v1-cpu,qwen2.5-coder-1.5b,sustained-fixed-context,sustained,api-20261003T210139Z-UNPLUGGED,"[""Run failed, was aborted, or did not parse""]",False,False,-15,Android public thermal status reached SEVERE; stop sustained load,2026-10-03T23:14:31.832685+00:00,432875.882437887,40.3,70.5,59.4,58.4,1363200,"{""clock_mhz"":""231"",""max_gpuclk"":""231000000"",""thermal_pwrlevel"":""13"",""gpu_busy_percentage"":""1 %"",""gpubusy"":""15539 1008179"",""temp"":""59400"",""reset_count"":""356141""}",4774.609375,,"5:freezer:/
4:cpuset:/top-app
3:cpuacct:/top-app
2:cpu:/top-app
1:blkio:/top
0::/apps/uid_10247/pid_11813"
sustained-fixed-context-15min-r0-v1-cpu,qwen2.5-coder-1.5b,sustained-fixed-context,sustained,api-20261003T210139Z-UNPLUGGED,"[""Run failed, was aborted, or did not parse""]",False,False,-15,Android public thermal status reached SEVERE; stop sustained load,2026-10-03T23:14:32.961834+00:00,432877.011610178,40.3,70.5,59.0,58.0,1363200,"{""clock_mhz"":""231"",""max_gpuclk"":""231000000"",""thermal_pwrlevel"":""13"",""gpu_busy_percentage"":""1 %"",""gpubusy"":""13782 1023631"",""temp"":""59000"",""reset_count"":""356141""}",4773.9296875,,"5:freezer:/
4:cpuset:/top-app
3:cpuacct:/top-app
2:cpu:/top-app
1:blkio:/top
0::/apps/uid_10247/pid_11813"
sustained-fixed-context-15min-r0-v1-cpu,qwen2.5-coder-1.5b,sustained-fixed-context,sustained,api-20261003T210139Z-UNPLUGGED,"[""Run failed, was aborted, or did not parse""]",False,False,-15,Android public thermal status reached SEVERE; stop sustained load,2026-10-03T23:14:34.108776+00:00,432878.158555699,40.3,70.9,60.2,60.3,1363200,"{""clock_mhz"":""231"",""max_gpuclk"":""231000000"",""thermal_pwrlevel"":""13"",""gpu_busy_percentage"":""1 %"",""gpubusy"":""13232 1023959"",""temp"":""60200"",""reset_count"":""356141""}",4773.9375,,"5:freezer:/
4:cpuset:/top-app
3:cpuacct:/top-app
2:cpu:/top-app
1:blkio:/top
0::/apps/uid_10247/pid_11813"
sustained-fixed-context-15min-r0-v1-cpu,qwen2.5-coder-1.5b,sustained-fixed-context,sustained,api-20261003T210139Z-UNPLUGGED,"[""Run failed, was aborted, or did not parse""]",False,False,-15,Android public thermal status reached SEVERE; stop sustained load,2026-10-03T23:14:35.238607+00:00,432879.288361167,40.3,71.6,60.6,61.1,1363200,"{""clock_mhz"":""231"",""max_gpuclk"":""231000000"",""thermal_pwrlevel"":""13"",""gpu_busy_percentage"":""1 %"",""gpubusy"":""12151 1003755"",""temp"":""60600"",""reset_count"":""356141""}",4772.125,,"5:freezer:/
4:cpuset:/top-app
3:cpuacct:/top-app
2:cpu:/top-app
1:blkio:/top
0::/apps/uid_10247/pid_11813"
sustained-fixed-context-15min-r0-v1-cpu,qwen2.5-coder-1.5b,sustained-fixed-context,sustained,api-20261003T210139Z-UNPLUGGED,"[""Run failed, was aborted, or did not parse""]",False,False,-15,Android public thermal status reached SEVERE; stop sustained load,2026-10-03T23:14:36.386970+00:00,432880.436735646,40.3,72.0,61.4,61.9,1363200,"{""clock_mhz"":""231"",""max_gpuclk"":""231000000"",""thermal_pwrlevel"":""13"",""gpu_busy_percentage"":""1 %"",""gpubusy"":""13385 1026144"",""temp"":""61400"",""reset_count"":""356141""}",4771.38671875,,"5:freezer:/
4:cpuset:/top-app
3:cpuacct:/top-app
2:cpu:/top-app
1:blkio:/top
0::/apps/uid_10247/pid_11813"
sustained-fixed-context-15min-r0-v1-cpu,qwen2.5-coder-1.5b,sustained-fixed-context,sustained,api-20261003T210139Z-UNPLUGGED,"[""Run failed, was aborted, or did not parse""]",False,False,-15,Android public thermal status reached SEVERE; stop sustained load,2026-10-03T23:14:37.540116+00:00,432881.589870124,40.3,72.4,61.4,61.9,1363200,"{""clock_mhz"":""231"",""max_gpuclk"":""231000000"",""thermal_pwrlevel"":""13"",""gpu_busy_percentage"":""1 %"",""gpubusy"":""12954 1000385"",""temp"":""61400"",""reset_count"":""356141""}",4770.859375,,"5:freezer:/
4:cpuset:/top-app
3:cpuacct:/top-app
2:cpu:/top-app
1:blkio:/top
0::/apps/uid_10247/pid_11813"
sustained-fixed-context-15min-r0-v1-cpu,qwen2.5-coder-1.5b,sustained-fixed-context,sustained,api-20261003T210139Z-UNPLUGGED,"[""Run failed, was aborted, or did not parse""]",False,False,-15,Android public thermal status reached SEVERE; stop sustained load,2026-10-03T23:14:38.667779+00:00,432882.717531738,40.3,72.4,62.2,61.9,1363200,"{""clock_mhz"":""231"",""max_gpuclk"":""231000000"",""thermal_pwrlevel"":""13"",""gpu_busy_percentage"":""1 %"",""gpubusy"":""13875 1032808"",""temp"":""62200"",""reset_count"":""356141""}",4768.359375,,"5:freezer:/
4:cpuset:/top-app
3:cpuacct:/top-app
2:cpu:/top-app
1:blkio:/top
0::/apps/uid_10247/pid_11813"
sustained-fixed-context-15min-r0-v1-cpu,qwen2.5-coder-1.5b,sustained-fixed-context,sustained,api-20261003T210139Z-UNPLUGGED,"[""Run failed, was aborted, or did not parse""]",False,False,-15,Android public thermal status reached SEVERE; stop sustained load,2026-10-03T23:14:39.797292+00:00,432883.847049446,40.3,72.8,62.2,62.3,1363200,"{""clock_mhz"":""231"",""max_gpuclk"":""231000000"",""thermal_pwrlevel"":""13"",""gpu_busy_percentage"":""1 %"",""gpubusy"":""14190 1034642"",""temp"":""62200"",""reset_count"":""356141""}",4765.87109375,,"5:freezer:/
4:cpuset:/top-app
3:cpuacct:/top-app
2:cpu:/top-app
1:blkio:/top
0::/apps/uid_10247/pid_11813"
sustained-fixed-context-15min-r0-v1-cpu,qwen2.5-coder-1.5b,sustained-fixed-context,sustained,api-20261003T210139Z-UNPLUGGED,"[""Run failed, was aborted, or did not parse""]",False,False,-15,Android public thermal status reached SEVERE; stop sustained load,2026-10-03T23:14:40.928476+00:00,432884.978311373,40.3,72.4,61.0,60.7,1363200,"{""clock_mhz"":""231"",""max_gpuclk"":""231000000"",""thermal_pwrlevel"":""13"",""gpu_busy_percentage"":""1 %"",""gpubusy"":""13465 1012233"",""temp"":""61400"",""reset_count"":""356141""}",4763.625,,"5:freezer:/
4:cpuset:/top-app
3:cpuacct:/top-app
2:cpu:/top-app
1:blkio:/top
0::/apps/uid_10247/pid_11813"
sustained-fixed-context-15min-r0-v1-cpu,qwen2.5-coder-1.5b,sustained-fixed-context,sustained,api-20261003T210139Z-UNPLUGGED,"[""Run failed, was aborted, or did not parse""]",False,False,-15,Android public thermal status reached SEVERE; stop sustained load,2026-10-03T23:14:42.044805+00:00,432886.094582727,40.3,71.6,61.0,59.6,1363200,"{""clock_mhz"":""231"",""max_gpuclk"":""231000000"",""thermal_pwrlevel"":""13"",""gpu_busy_percentage"":""1 %"",""gpubusy"":""13864 1021245"",""temp"":""60600"",""reset_count"":""356141""}",4763.37890625,,"5:freezer:/
4:cpuset:/top-app
3:cpuacct:/top-app
2:cpu:/top-app
1:blkio:/top
0::/apps/uid_10247/pid_11813"
sustained-fixed-context-15min-r0-v1-cpu,qwen2.5-coder-1.5b,sustained-fixed-context,sustained,api-20261003T210139Z-UNPLUGGED,"[""Run failed, was aborted, or did not parse""]",False,False,-15,Android public thermal status reached SEVERE; stop sustained load,2026-10-03T23:14:43.163737+00:00,432887.213503716,40.3,72.0,60.6,59.2,1363200,"{""clock_mhz"":""231"",""max_gpuclk"":""231000000"",""thermal_pwrlevel"":""13"",""gpu_busy_percentage"":""1 %"",""gpubusy"":""13656 1027659"",""temp"":""60200"",""reset_count"":""356141""}",4762.62890625,,"5:freezer:/
4:cpuset:/top-app
3:cpuacct:/top-app
2:cpu:/top-app
1:blkio:/top
0::/apps/uid_10247/pid_11813"
sustained-fixed-context-15min-r0-v1-cpu,qwen2.5-coder-1.5b,sustained-fixed-context,sustained,api-20261003T210139Z-UNPLUGGED,"[""Run failed, was aborted, or did not parse""]",False,False,-15,Android public thermal status reached SEVERE; stop sustained load,2026-10-03T23:14:44.304729+00:00,432888.354480018,40.3,70.1,59.8,59.2,1363200,"{""clock_mhz"":""231"",""max_gpuclk"":""231000000"",""thermal_pwrlevel"":""13"",""gpu_busy_percentage"":""1 %"",""gpubusy"":""15537 1001921"",""temp"":""59800"",""reset_count"":""356141""}",4759.26953125,,"5:freezer:/
4:cpuset:/top-app
3:cpuacct:/top-app
2:cpu:/top-app
1:blkio:/top
0::/apps/uid_10247/pid_11813"
sustained-fixed-context-15min-r0-v1-cpu,qwen2.5-coder-1.5b,sustained-fixed-context,sustained,api-20261003T210139Z-UNPLUGGED,"[""Run failed, was aborted, or did not parse""]",False,False,-15,Android public thermal status reached SEVERE; stop sustained load,2026-10-03T23:14:45.457696+00:00,432889.507449236,40.3,70.9,59.8,58.4,1363200,"{""clock_mhz"":""231"",""max_gpuclk"":""231000000"",""thermal_pwrlevel"":""13"",""gpu_busy_percentage"":""1 %"",""gpubusy"":""13573 1020042"",""temp"":""60200"",""reset_count"":""356141""}",4757.6484375,,"5:freezer:/
4:cpuset:/top-app
3:cpuacct:/top-app
2:cpu:/top-app
1:blkio:/top
0::/apps/uid_10247/pid_11813"
sustained-fixed-context-15min-r0-v1-cpu,qwen2.5-coder-1.5b,sustained-fixed-context,sustained,api-20261003T210139Z-UNPLUGGED,"[""Run failed, was aborted, or did not parse""]",False,False,-15,Android public thermal status reached SEVERE; stop sustained load,2026-10-03T23:14:46.608898+00:00,432890.658671371,40.3,71.6,59.8,58.8,1363200,"{""clock_mhz"":""231"",""max_gpuclk"":""231000000"",""thermal_pwrlevel"":""13"",""gpu_busy_percentage"":""1 %"",""gpubusy"":""11820 1027559"",""temp"":""60200"",""reset_count"":""356141""}",4736.0546875,,"5:freezer:/
4:cpuset:/top-app
3:cpuacct:/top-app
2:cpu:/top-app
1:blkio:/top
0::/apps/uid_10247/pid_11813"
sustained-fixed-context-15min-r0-v1-cpu,qwen2.5-coder-1.5b,sustained-fixed-context,sustained,api-20261003T210139Z-UNPLUGGED,"[""Run failed, was aborted, or did not parse""]",False,False,-15,Android public thermal status reached SEVERE; stop sustained load,2026-10-03T23:14:47.805972+00:00,432891.855734912,40.3,71.3,61.0,60.0,1363200,"{""clock_mhz"":""231"",""max_gpuclk"":""231000000"",""thermal_pwrlevel"":""13"",""gpu_busy_percentage"":""1 %"",""gpubusy"":""12695 1014703"",""temp"":""60200"",""reset_count"":""356141""}",4751.72265625,,"5:freezer:/
4:cpuset:/top-app
3:cpuacct:/top-app
2:cpu:/top-app
1:blkio:/top
0::/apps/uid_10247/pid_11813"
sustained-fixed-context-15min-r0-v1-cpu,qwen2.5-coder-1.5b,sustained-fixed-context,sustained,api-20261003T210139Z-UNPLUGGED,"[""Run failed, was aborted, or did not parse""]",False,False,-15,Android public thermal status reached SEVERE; stop sustained load,2026-10-03T23:14:48.956736+00:00,432893.006500485,40.3,71.6,61.0,61.1,1363200,"{""clock_mhz"":""231"",""max_gpuclk"":""231000000"",""thermal_pwrlevel"":""13"",""gpu_busy_percentage"":""1 %"",""gpubusy"":""12903 1005487"",""temp"":""61400"",""reset_count"":""356141""}",4750.93359375,,"5:freezer:/
4:cpuset:/top-app
3:cpuacct:/top-app
2:cpu:/top-app
1:blkio:/top
0::/apps/uid_10247/pid_11813"
sustained-fixed-context-15min-r0-v1-cpu,qwen2.5-coder-1.5b,sustained-fixed-context,sustained,api-20261003T210139Z-UNPLUGGED,"[""Run failed, was aborted, or did not parse""]",False,False,-15,Android public thermal status reached SEVERE; stop sustained load,2026-10-03T23:14:50.091372+00:00,432894.141171942,40.3,72.4,61.4,61.9,1363200,"{""clock_mhz"":""231"",""max_gpuclk"":""231000000"",""thermal_pwrlevel"":""13"",""gpu_busy_percentage"":""1 %"",""gpubusy"":""12083 1009468"",""temp"":""61800"",""reset_count"":""356141""}",4748.71875,,"5:freezer:/
4:cpuset:/top-app
3:cpuacct:/top-app
2:cpu:/top-app
1:blkio:/top
0::/apps/uid_10247/pid_11813"
sustained-fixed-context-15min-r0-v1-cpu,qwen2.5-coder-1.5b,sustained-fixed-context,sustained,api-20261003T210139Z-UNPLUGGED,"[""Run failed, was aborted, or did not parse""]",False,False,-15,Android public thermal status reached SEVERE; stop sustained load,2026-10-03T23:14:51.234803+00:00,432895.284557046,40.3,72.8,61.8,62.3,1363200,"{""clock_mhz"":""231"",""max_gpuclk"":""231000000"",""thermal_pwrlevel"":""13"",""gpu_busy_percentage"":""1 %"",""gpubusy"":""13023 1012813"",""temp"":""61800"",""reset_count"":""356141""}",4745.765625,,"5:freezer:/
4:cpuset:/top-app
3:cpuacct:/top-app
2:cpu:/top-app
1:blkio:/top
0::/apps/uid_10247/pid_11813"
sustained-fixed-context-15min-r0-v1-cpu,qwen2.5-coder-1.5b,sustained-fixed-context,sustained,api-20261003T210139Z-UNPLUGGED,"[""Run failed, was aborted, or did not parse""]",False,False,-15,Android public thermal status reached SEVERE; stop sustained load,2026-10-03T23:14:52.373256+00:00,432896.423020015,40.3,72.8,62.2,62.7,1363200,"{""clock_mhz"":""231"",""max_gpuclk"":""231000000"",""thermal_pwrlevel"":""13"",""gpu_busy_percentage"":""1 %"",""gpubusy"":""12488 1011239"",""temp"":""62200"",""reset_count"":""356141""}",4745.765625,,"5:freezer:/
4:cpuset:/top-app
3:cpuacct:/top-app
2:cpu:/top-app
1:blkio:/top
0::/apps/uid_10247/pid_11813"
sustained-fixed-context-15min-r0-v1-cpu,qwen2.5-coder-1.5b,sustained-fixed-context,sustained,api-20261003T210139Z-UNPLUGGED,"[""Run failed, was aborted, or did not parse""]",False,False,-15,Android public thermal status reached SEVERE; stop sustained load,2026-10-03T23:14:53.518367+00:00,432897.56815366,40.3,73.6,62.6,62.7,1363200,"{""clock_mhz"":""231"",""max_gpuclk"":""231000000"",""thermal_pwrlevel"":""13"",""gpu_busy_percentage"":""1 %"",""gpubusy"":""12503 1008216"",""temp"":""62200"",""reset_count"":""356141""}",4743.76953125,,"5:freezer:/
4:cpuset:/top-app
3:cpuacct:/top-app
2:cpu:/top-app
1:blkio:/top
0::/apps/uid_10247/pid_11813"
sustained-fixed-context-15min-r0-v1-cpu,qwen2.5-coder-1.5b,sustained-fixed-context,sustained,api-20261003T210139Z-UNPLUGGED,"[""Run failed, was aborted, or did not parse""]",False,False,-15,Android public thermal status reached SEVERE; stop sustained load,2026-10-03T23:14:54.706073+00:00,432898.755843712,40.3,73.6,61.8,60.7,1363200,"{""clock_mhz"":""231"",""max_gpuclk"":""231000000"",""thermal_pwrlevel"":""13"",""gpu_busy_percentage"":""1 %"",""gpubusy"":""14048 1020827"",""temp"":""61400"",""reset_count"":""356141""}",4743.515625,,"5:freezer:/
4:cpuset:/top-app
3:cpuacct:/top-app
2:cpu:/top-app
1:blkio:/top
0::/apps/uid_10247/pid_11813"
sustained-fixed-context-15min-r0-v1-cpu,qwen2.5-coder-1.5b,sustained-fixed-context,sustained,api-20261003T210139Z-UNPLUGGED,"[""Run failed, was aborted, or did not parse""]",False,False,-15,Android public thermal status reached SEVERE; stop sustained load,2026-10-03T23:14:55.819678+00:00,432899.869433242,40.6,72.4,61.0,60.0,1363200,"{""clock_mhz"":""231"",""max_gpuclk"":""231000000"",""thermal_pwrlevel"":""13"",""gpu_busy_percentage"":""1 %"",""gpubusy"":""13610 1008353"",""temp"":""61000"",""reset_count"":""356141""}",4784.21484375,,"5:freezer:/
4:cpuset:/top-app
3:cpuacct:/top-app
2:cpu:/top-app
1:blkio:/top
0::/apps/uid_10247/pid_11813"
sustained-fixed-context-15min-r0-v1-cpu,qwen2.5-coder-1.5b,sustained-fixed-context,sustained,api-20261003T210139Z-UNPLUGGED,"[""Run failed, was aborted, or did not parse""]",False,False,-15,Android public thermal status reached SEVERE; stop sustained load,2026-10-03T23:14:56.973285+00:00,432901.023059909,40.6,71.6,60.2,59.6,1363200,"{""clock_mhz"":""231"",""max_gpuclk"":""231000000"",""thermal_pwrlevel"":""13"",""gpu_busy_percentage"":""1 %"",""gpubusy"":""12709 1003271"",""temp"":""60200"",""reset_count"":""356141""}",4779.390625,,"5:freezer:/
4:cpuset:/top-app
3:cpuacct:/top-app
2:cpu:/top-app
1:blkio:/top
0::/apps/uid_10247/pid_11813"
sustained-fixed-context-15min-r0-v1-cpu,qwen2.5-coder-1.5b,sustained-fixed-context,sustained,api-20261003T210139Z-UNPLUGGED,"[""Run failed, was aborted, or did not parse""]",False,False,-15,Android public thermal status reached SEVERE; stop sustained load,2026-10-03T23:14:58.113656+00:00,432902.163429335,40.6,71.3,60.6,58.4,1363200,"{""clock_mhz"":""231"",""max_gpuclk"":""231000000"",""thermal_pwrlevel"":""13"",""gpu_busy_percentage"":""1 %"",""gpubusy"":""13969 1006868"",""temp"":""59800"",""reset_count"":""356141""}",4779.30859375,,"5:freezer:/
4:cpuset:/top-app
3:cpuacct:/top-app
2:cpu:/top-app
1:blkio:/top
0::/apps/uid_10247/pid_11813"
sustained-fixed-context-15min-r0-v1-cpu,qwen2.5-coder-1.5b,sustained-fixed-context,sustained,api-20261003T210139Z-UNPLUGGED,"[""Run failed, was aborted, or did not parse""]",False,False,-15,Android public thermal status reached SEVERE; stop sustained load,2026-10-03T23:14:59.238889+00:00,432903.28865522,40.6,70.1,59.8,58.4,1363200,"{""clock_mhz"":""231"",""max_gpuclk"":""231000000"",""thermal_pwrlevel"":""13"",""gpu_busy_percentage"":""1 %"",""gpubusy"":""13863 1025996"",""temp"":""59800"",""reset_count"":""356141""}",4778.6953125,,"5:freezer:/
4:cpuset:/top-app
3:cpuacct:/top-app
2:cpu:/top-app
1:blkio:/top
0::/apps/uid_10247/pid_11813"
sustained-fixed-context-15min-r0-v1-cpu,qwen2.5-coder-1.5b,sustained-fixed-context,sustained,api-20261003T210139Z-UNPLUGGED,"[""Run failed, was aborted, or did not parse""]",False,False,-15,Android public thermal status reached SEVERE; stop sustained load,2026-10-03T23:15:00.402371+00:00,432904.452125011,40.6,69.7,59.4,58.0,1363200,"{""clock_mhz"":""231"",""max_gpuclk"":""231000000"",""thermal_pwrlevel"":""13"",""gpu_busy_percentage"":""1 %"",""gpubusy"":""15393 1019696"",""temp"":""59400"",""reset_count"":""356141""}",4776.734375,,"5:freezer:/
4:cpuset:/top-app
3:cpuacct:/top-app
2:cpu:/top-app
1:blkio:/top
0::/apps/uid_10247/pid_11813"
sustained-fixed-context-15min-r0-v1-cpu,qwen2.5-coder-1.5b,sustained-fixed-context,sustained,api-20261003T210139Z-UNPLUGGED,"[""Run failed, was aborted, or did not parse""]",False,False,-15,Android public thermal status reached SEVERE; stop sustained load,2026-10-03T23:15:01.578140+00:00,432905.62792048,40.6,68.9,59.4,58.8,1363200,"{""clock_mhz"":""231"",""max_gpuclk"":""231000000"",""thermal_pwrlevel"":""13"",""gpu_busy_percentage"":""1 %"",""gpubusy"":""13503 1019852"",""temp"":""59400"",""reset_count"":""356141""}",4775.75,,"5:freezer:/
4:cpuset:/top-app
3:cpuacct:/top-app
2:cpu:/top-app
1:blkio:/top
0::/apps/uid_10247/pid_11813"
sustained-fixed-context-15min-r0-v1-cpu,qwen2.5-coder-1.5b,sustained-fixed-context,sustained,api-20261003T210139Z-UNPLUGGED,"[""Run failed, was aborted, or did not parse""]",False,False,-15,Android public thermal status reached SEVERE; stop sustained load,2026-10-03T23:15:02.789524+00:00,432906.839276886,40.6,70.5,60.2,60.0,1363200,"{""clock_mhz"":""231"",""max_gpuclk"":""231000000"",""thermal_pwrlevel"":""13"",""gpu_busy_percentage"":""1 %"",""gpubusy"":""13289 1002595"",""temp"":""60600"",""reset_count"":""356141""}",4774.03125,,"5:freezer:/
4:cpuset:/top-app
3:cpuacct:/top-app
2:cpu:/top-app
1:blkio:/top
0::/apps/uid_10247/pid_11813"
sustained-fixed-context-15min-r0-v1-cpu,qwen2.5-coder-1.5b,sustained-fixed-context,sustained,api-20261003T210139Z-UNPLUGGED,"[""Run failed, was aborted, or did not parse""]",False,False,-15,Android public thermal status reached SEVERE; stop sustained load,2026-10-03T23:15:03.932890+00:00,432907.982670166,40.6,71.3,61.0,60.7,1363200,"{""clock_mhz"":""231"",""max_gpuclk"":""231000000"",""thermal_pwrlevel"":""13"",""gpu_busy_percentage"":""1 %"",""gpubusy"":""13031 1031078"",""temp"":""61000"",""reset_count"":""356141""}",4773.34375,,"5:freezer:/
4:cpuset:/top-app
3:cpuacct:/top-app
2:cpu:/top-app
1:blkio:/top
0::/apps/uid_10247/pid_11813"
sustained-fixed-context-15min-r0-v1-cpu,qwen2.5-coder-1.5b,sustained-fixed-context,sustained,api-20261003T210139Z-UNPLUGGED,"[""Run failed, was aborted, or did not parse""]",False,False,-15,Android public thermal status reached SEVERE; stop sustained load,2026-10-03T23:15:05.082251+00:00,432909.132029697,40.6,71.6,61.0,61.1,1363200,"{""clock_mhz"":""231"",""max_gpuclk"":""231000000"",""thermal_pwrlevel"":""13"",""gpu_busy_percentage"":""1 %"",""gpubusy"":""12327 1031758"",""temp"":""61400"",""reset_count"":""356141""}",4773.02734375,,"5:freezer:/
4:cpuset:/top-app
3:cpuacct:/top-app
2:cpu:/top-app
1:blkio:/top
0::/apps/uid_10247/pid_11813"
sustained-fixed-context-15min-r0-v1-cpu,qwen2.5-coder-1.5b,sustained-fixed-context,sustained,api-20261003T210139Z-UNPLUGGED,"[""Run failed, was aborted, or did not parse""]",False,False,-15,Android public thermal status reached SEVERE; stop sustained load,2026-10-03T23:15:06.228609+00:00,432910.278396936,40.6,72.0,61.8,61.1,1363200,"{""clock_mhz"":""231"",""max_gpuclk"":""231000000"",""thermal_pwrlevel"":""13"",""gpu_busy_percentage"":""1 %"",""gpubusy"":""12744 1013127"",""temp"":""61400"",""reset_count"":""356141""}",4772.2890625,,"5:freezer:/
4:cpuset:/top-app
3:cpuacct:/top-app
2:cpu:/top-app
1:blkio:/top
0::/apps/uid_10247/pid_11813"
sustained-fixed-context-15min-r0-v1-cpu,qwen2.5-coder-1.5b,sustained-fixed-context,sustained,api-20261003T210139Z-UNPLUGGED,"[""Run failed, was aborted, or did not parse""]",False,False,-15,Android public thermal status reached SEVERE; stop sustained load,2026-10-03T23:15:07.370934+00:00,432911.420692613,40.6,72.4,62.2,61.5,1363200,"{""clock_mhz"":""231"",""max_gpuclk"":""231000000"",""thermal_pwrlevel"":""13"",""gpu_busy_percentage"":""1 %"",""gpubusy"":""13535 1016410"",""temp"":""62200"",""reset_count"":""356141""}",4772.51171875,,"5:freezer:/
4:cpuset:/top-app
3:cpuacct:/top-app
2:cpu:/top-app
1:blkio:/top
0::/apps/uid_10247/pid_11813"
sustained-fixed-context-15min-r0-v1-cpu,qwen2.5-coder-1.5b,sustained-fixed-context,sustained,api-20261003T210139Z-UNPLUGGED,"[""Run failed, was aborted, or did not parse""]",False,False,-15,Android public thermal status reached SEVERE; stop sustained load,2026-10-03T23:15:08.551659+00:00,432912.601411883,40.6,72.4,61.8,61.9,1363200,"{""clock_mhz"":""231"",""max_gpuclk"":""231000000"",""thermal_pwrlevel"":""13"",""gpu_busy_percentage"":""1 %"",""gpubusy"":""13890 1013391"",""temp"":""61800"",""reset_count"":""356141""}",4771.03125,,"5:freezer:/
4:cpuset:/top-app
3:cpuacct:/top-app
2:cpu:/top-app
1:blkio:/top
0::/apps/uid_10247/pid_11813"
sustained-fixed-context-15min-r0-v1-cpu,qwen2.5-coder-1.5b,sustained-fixed-context,sustained,api-20261003T210139Z-UNPLUGGED,"[""Run failed, was aborted, or did not parse""]",False,False,-15,Android public thermal status reached SEVERE; stop sustained load,2026-10-03T23:15:09.672246+00:00,432913.72199855,40.6,72.0,61.0,59.6,1363200,"{""clock_mhz"":""231"",""max_gpuclk"":""231000000"",""thermal_pwrlevel"":""13"",""gpu_busy_percentage"":""1 %"",""gpubusy"":""12774 1006776"",""temp"":""60600"",""reset_count"":""356141""}",4768.078125,,"5:freezer:/
4:cpuset:/top-app
3:cpuacct:/top-app
2:cpu:/top-app
1:blkio:/top
0::/apps/uid_10247/pid_11813"
sustained-fixed-context-15min-r0-v1-cpu,qwen2.5-coder-1.5b,sustained-fixed-context,sustained,api-20261003T210139Z-UNPLUGGED,"[""Run failed, was aborted, or did not parse""]",False,False,-15,Android public thermal status reached SEVERE; stop sustained load,2026-10-03T23:15:10.810155+00:00,432914.859908289,40.6,70.9,60.2,58.4,1363200,"{""clock_mhz"":""231"",""max_gpuclk"":""231000000"",""thermal_pwrlevel"":""13"",""gpu_busy_percentage"":""1 %"",""gpubusy"":""14312 1007084"",""temp"":""59800"",""reset_count"":""356141""}",4768.078125,,"5:freezer:/
4:cpuset:/top-app
3:cpuacct:/top-app
2:cpu:/top-app
1:blkio:/top
0::/apps/uid_10247/pid_11813"
sustained-fixed-context-15min-r0-v1-cpu,qwen2.5-coder-1.5b,sustained-fixed-context,sustained,api-20261003T210139Z-UNPLUGGED,"[""Run failed, was aborted, or did not parse""]",False,False,-15,Android public thermal status reached SEVERE; stop sustained load,2026-10-03T23:15:11.935288+00:00,432915.985053132,40.6,70.9,59.0,58.4,1363200,"{""clock_mhz"":""231"",""max_gpuclk"":""231000000"",""thermal_pwrlevel"":""13"",""gpu_busy_percentage"":""1 %"",""gpubusy"":""13360 1013321"",""temp"":""59800"",""reset_count"":""356141""}",4767.33984375,,"5:freezer:/
4:cpuset:/top-app
3:cpuacct:/top-app
2:cpu:/top-app
1:blkio:/top
0::/apps/uid_10247/pid_11813"
sustained-fixed-context-15min-r0-v1-cpu,qwen2.5-coder-1.5b,sustained-fixed-context,sustained,api-20261003T210139Z-UNPLUGGED,"[""Run failed, was aborted, or did not parse""]",False,False,-15,Android public thermal status reached SEVERE; stop sustained load,2026-10-03T23:15:13.078534+00:00,432917.128310684,40.6,70.1,59.8,58.0,1363200,"{""clock_mhz"":""231"",""max_gpuclk"":""231000000"",""thermal_pwrlevel"":""13"",""gpu_busy_percentage"":""1 %"",""gpubusy"":""13638 1033597"",""temp"":""59400"",""reset_count"":""356141""}",4766.35546875,,"5:freezer:/
4:cpuset:/top-app
3:cpuacct:/top-app
2:cpu:/top-app
1:blkio:/top
0::/apps/uid_10247/pid_11813"
sustained-fixed-context-15min-r0-v1-cpu,qwen2.5-coder-1.5b,sustained-fixed-context,sustained,api-20261003T210139Z-UNPLUGGED,"[""Run failed, was aborted, or did not parse""]",False,False,-15,Android public thermal status reached SEVERE; stop sustained load,2026-10-03T23:15:14.260171+00:00,432918.309924694,40.6,70.1,59.0,57.6,1363200,"{""clock_mhz"":""231"",""max_gpuclk"":""231000000"",""thermal_pwrlevel"":""13"",""gpu_busy_percentage"":""1 %"",""gpubusy"":""13654 1017519"",""temp"":""59000"",""reset_count"":""356141""}",4765.86328125,,"5:freezer:/
4:cpuset:/top-app
3:cpuacct:/top-app
2:cpu:/top-app
1:blkio:/top
0::/apps/uid_10247/pid_11813"
sustained-fixed-context-15min-r0-v1-cpu,qwen2.5-coder-1.5b,sustained-fixed-context,sustained,api-20261003T210139Z-UNPLUGGED,"[""Run failed, was aborted, or did not parse""]",False,False,-15,Android public thermal status reached SEVERE; stop sustained load,2026-10-03T23:15:15.389947+00:00,432919.439724329,40.6,70.1,59.0,57.6,1363200,"{""clock_mhz"":""231"",""max_gpuclk"":""231000000"",""thermal_pwrlevel"":""13"",""gpu_busy_percentage"":""1 %"",""gpubusy"":""12802 1015990"",""temp"":""59000"",""reset_count"":""356141""}",4765.4140625,,"5:freezer:/
4:cpuset:/top-app
3:cpuacct:/top-app
2:cpu:/top-app
1:blkio:/top
0::/apps/uid_10247/pid_11813"
sustained-fixed-context-15min-r0-v1-cpu,qwen2.5-coder-1.5b,sustained-fixed-context,sustained,api-20261003T210139Z-UNPLUGGED,"[""Run failed, was aborted, or did not parse""]",False,False,-15,Android public thermal status reached SEVERE; stop sustained load,2026-10-03T23:15:16.522863+00:00,432920.572618964,40.6,69.3,59.8,59.6,1363200,"{""clock_mhz"":""231"",""max_gpuclk"":""231000000"",""thermal_pwrlevel"":""13"",""gpu_busy_percentage"":""1 %"",""gpubusy"":""12384 1006866"",""temp"":""59800"",""reset_count"":""356141""}",4765.4140625,,"5:freezer:/
4:cpuset:/top-app
3:cpuacct:/top-app
2:cpu:/top-app
1:blkio:/top
0::/apps/uid_10247/pid_11813"
sustained-fixed-context-15min-r0-v1-cpu,qwen2.5-coder-1.5b,sustained-fixed-context,sustained,api-20261003T210139Z-UNPLUGGED,"[""Run failed, was aborted, or did not parse""]",False,False,-15,Android public thermal status reached SEVERE; stop sustained load,2026-10-03T23:15:17.683360+00:00,432921.733114536,40.6,71.3,60.6,60.0,1363200,"{""clock_mhz"":""231"",""max_gpuclk"":""231000000"",""thermal_pwrlevel"":""13"",""gpu_busy_percentage"":""1 %"",""gpubusy"":""13017 1005248"",""temp"":""60600"",""reset_count"":""356141""}",4764.18359375,,"5:freezer:/
4:cpuset:/top-app
3:cpuacct:/top-app
2:cpu:/top-app
1:blkio:/top
0::/apps/uid_10247/pid_11813"
sustained-fixed-context-15min-r0-v1-cpu,qwen2.5-coder-1.5b,sustained-fixed-context,sustained,api-20261003T210139Z-UNPLUGGED,"[""Run failed, was aborted, or did not parse""]",False,False,-15,Android public thermal status reached SEVERE; stop sustained load,2026-10-03T23:15:18.873571+00:00,432922.923357296,40.6,71.6,60.6,60.7,1363200,"{""clock_mhz"":""231"",""max_gpuclk"":""231000000"",""thermal_pwrlevel"":""13"",""gpu_busy_percentage"":""1 %"",""gpubusy"":""12180 1023225"",""temp"":""61000"",""reset_count"":""356141""}",4762.70703125,,"5:freezer:/
4:cpuset:/top-app
3:cpuacct:/top-app
2:cpu:/top-app
1:blkio:/top
0::/apps/uid_10247/pid_11813"
sustained-fixed-context-15min-r0-v1-cpu,qwen2.5-coder-1.5b,sustained-fixed-context,sustained,api-20261003T210139Z-UNPLUGGED,"[""Run failed, was aborted, or did not parse""]",False,False,-15,Android public thermal status reached SEVERE; stop sustained load,2026-10-03T23:15:20.025769+00:00,432924.075519483,40.6,72.0,61.4,61.5,1363200,"{""clock_mhz"":""231"",""max_gpuclk"":""231000000"",""thermal_pwrlevel"":""13"",""gpu_busy_percentage"":""1 %"",""gpubusy"":""12636 1029353"",""temp"":""61800"",""reset_count"":""356141""}",4760.19921875,,"5:freezer:/
4:cpuset:/top-app
3:cpuacct:/top-app
2:cpu:/top-app
1:blkio:/top
0::/apps/uid_10247/pid_11813"
sustained-fixed-context-15min-r0-v1-cpu,qwen2.5-coder-1.5b,sustained-fixed-context,sustained,api-20261003T210139Z-UNPLUGGED,"[""Run failed, was aborted, or did not parse""]",False,False,-15,Android public thermal status reached SEVERE; stop sustained load,2026-10-03T23:15:21.230997+00:00,432925.280755837,40.6,72.4,61.8,61.9,1363200,"{""clock_mhz"":""231"",""max_gpuclk"":""231000000"",""thermal_pwrlevel"":""13"",""gpu_busy_percentage"":""1 %"",""gpubusy"":""13617 1025768"",""temp"":""61800"",""reset_count"":""356141""}",4755.5234375,,"5:freezer:/
4:cpuset:/top-app
3:cpuacct:/top-app
2:cpu:/top-app
1:blkio:/top
0::/apps/uid_10247/pid_11813"
sustained-fixed-context-15min-r0-v1-cpu,qwen2.5-coder-1.5b,sustained-fixed-context,sustained,api-20261003T210139Z-UNPLUGGED,"[""Run failed, was aborted, or did not parse""]",False,False,-15,Android public thermal status reached SEVERE; stop sustained load,2026-10-03T23:15:22.358454+00:00,432926.408250836,40.6,72.4,61.8,62.3,1363200,"{""clock_mhz"":""231"",""max_gpuclk"":""231000000"",""thermal_pwrlevel"":""13"",""gpu_busy_percentage"":""1 %"",""gpubusy"":""14251 1006700"",""temp"":""62200"",""reset_count"":""356141""}",4755.73828125,,"5:freezer:/
4:cpuset:/top-app
3:cpuacct:/top-app
2:cpu:/top-app
1:blkio:/top
0::/apps/uid_10247/pid_11813"
sustained-fixed-context-15min-r0-v1-cpu,qwen2.5-coder-1.5b,sustained-fixed-context,sustained,api-20261003T210139Z-UNPLUGGED,"[""Run failed, was aborted, or did not parse""]",False,False,-15,Android public thermal status reached SEVERE; stop sustained load,2026-10-03T23:15:23.501521+00:00,432927.551271878,40.6,73.2,61.4,60.0,1363200,"{""clock_mhz"":""231"",""max_gpuclk"":""231000000"",""thermal_pwrlevel"":""13"",""gpu_busy_percentage"":""1 %"",""gpubusy"":""13319 1006974"",""temp"":""61400"",""reset_count"":""356141""}",4753.48828125,,"5:freezer:/
4:cpuset:/top-app
3:cpuacct:/top-app
2:cpu:/top-app
1:blkio:/top
0::/apps/uid_10247/pid_11813"
sustained-fixed-context-15min-r0-v1-cpu,qwen2.5-coder-1.5b,sustained-fixed-context,sustained,api-20261003T210139Z-UNPLUGGED,"[""Run failed, was aborted, or did not parse""]",False,False,-15,Android public thermal status reached SEVERE; stop sustained load,2026-10-03T23:15:24.615458+00:00,432928.665232346,40.6,71.3,60.6,59.2,1363200,"{""clock_mhz"":""231"",""max_gpuclk"":""231000000"",""thermal_pwrlevel"":""13"",""gpu_busy_percentage"":""1 %"",""gpubusy"":""13152 1001540"",""temp"":""60200"",""reset_count"":""356141""}",4750.98828125,,"5:freezer:/
4:cpuset:/top-app
3:cpuacct:/top-app
2:cpu:/top-app
1:blkio:/top
0::/apps/uid_10247/pid_11813"
sustained-fixed-context-15min-r0-v1-cpu,qwen2.5-coder-1.5b,sustained-fixed-context,sustained,api-20261003T210139Z-UNPLUGGED,"[""Run failed, was aborted, or did not parse""]",False,False,-15,Android public thermal status reached SEVERE; stop sustained load,2026-10-03T23:15:25.762631+00:00,432929.812400314,40.8,71.3,59.8,59.2,1363200,"{""clock_mhz"":""231"",""max_gpuclk"":""231000000"",""thermal_pwrlevel"":""13"",""gpu_busy_percentage"":""1 %"",""gpubusy"":""13190 1028728"",""temp"":""59800"",""reset_count"":""356141""}",4775.37890625,,"5:freezer:/
4:cpuset:/top-app
3:cpuacct:/top-app
2:cpu:/top-app
1:blkio:/top
0::/apps/uid_10247/pid_11813"
sustained-fixed-context-15min-r0-v1-cpu,qwen2.5-coder-1.5b,sustained-fixed-context,sustained,api-20261003T210139Z-UNPLUGGED,"[""Run failed, was aborted, or did not parse""]",False,False,-15,Android public thermal status reached SEVERE; stop sustained load,2026-10-03T23:15:26.916514+00:00,432930.966267137,40.8,70.9,59.8,58.4,1363200,"{""clock_mhz"":""231"",""max_gpuclk"":""231000000"",""thermal_pwrlevel"":""13"",""gpu_busy_percentage"":""1 %"",""gpubusy"":""15526 1027659"",""temp"":""59400"",""reset_count"":""356141""}",4772.92578125,,"5:freezer:/
4:cpuset:/top-app
3:cpuacct:/top-app
2:cpu:/top-app
1:blkio:/top
0::/apps/uid_10247/pid_11813"
sustained-fixed-context-15min-r0-v1-cpu,qwen2.5-coder-1.5b,sustained-fixed-context,sustained,api-20261003T210139Z-UNPLUGGED,"[""Run failed, was aborted, or did not parse""]",False,False,-15,Android public thermal status reached SEVERE; stop sustained load,2026-10-03T23:15:28.037114+00:00,432932.086886303,40.8,69.7,59.4,58.4,1363200,"{""clock_mhz"":""231"",""max_gpuclk"":""231000000"",""thermal_pwrlevel"":""13"",""gpu_busy_percentage"":""1 %"",""gpubusy"":""13871 1022562"",""temp"":""59400"",""reset_count"":""356141""}",4771.44921875,,"5:freezer:/
4:cpuset:/top-app
3:cpuacct:/top-app
2:cpu:/top-app
1:blkio:/top
0::/apps/uid_10247/pid_11813"
sustained-fixed-context-15min-r0-v1-cpu,qwen2.5-coder-1.5b,sustained-fixed-context,sustained,api-20261003T210139Z-UNPLUGGED,"[""Run failed, was aborted, or did not parse""]",False,False,-15,Android public thermal status reached SEVERE; stop sustained load,2026-10-03T23:15:29.147789+00:00,432933.197550261,40.8,70.9,59.4,58.0,1363200,"{""clock_mhz"":""231"",""max_gpuclk"":""231000000"",""thermal_pwrlevel"":""13"",""gpu_busy_percentage"":""1 %"",""gpubusy"":""15323 1001668"",""temp"":""59400"",""reset_count"":""356141""}",4769.234375,,"5:freezer:/
4:cpuset:/top-app
3:cpuacct:/top-app
2:cpu:/top-app
1:blkio:/top
0::/apps/uid_10247/pid_11813"
sustained-fixed-context-15min-r0-v1-cpu,qwen2.5-coder-1.5b,sustained-fixed-context,sustained,api-20261003T210139Z-UNPLUGGED,"[""Run failed, was aborted, or did not parse""]",False,False,-15,Android public thermal status reached SEVERE; stop sustained load,2026-10-03T23:15:30.273180+00:00,432934.322973594,40.8,70.1,60.2,59.6,1363200,"{""clock_mhz"":""231"",""max_gpuclk"":""231000000"",""thermal_pwrlevel"":""13"",""gpu_busy_percentage"":""1 %"",""gpubusy"":""14628 1009483"",""temp"":""59800"",""reset_count"":""356141""}",4765.3125,,"5:freezer:/
4:cpuset:/top-app
3:cpuacct:/top-app
2:cpu:/top-app
1:blkio:/top
0::/apps/uid_10247/pid_11813"
sustained-fixed-context-15min-r0-v1-cpu,qwen2.5-coder-1.5b,sustained-fixed-context,sustained,api-20261003T210139Z-UNPLUGGED,"[""Run failed, was aborted, or did not parse""]",False,False,-15,Android public thermal status reached SEVERE; stop sustained load,2026-10-03T23:15:31.428061+00:00,432935.47781276,40.8,72.0,61.0,61.1,1363200,"{""clock_mhz"":""231"",""max_gpuclk"":""231000000"",""thermal_pwrlevel"":""13"",""gpu_busy_percentage"":""1 %"",""gpubusy"":""13659 1007372"",""temp"":""61000"",""reset_count"":""356141""}",4763.40234375,,"5:freezer:/
4:cpuset:/top-app
3:cpuacct:/top-app
2:cpu:/top-app
1:blkio:/top
0::/apps/uid_10247/pid_11813"
sustained-fixed-context-15min-r0-v1-cpu,qwen2.5-coder-1.5b,sustained-fixed-context,sustained,api-20261003T210139Z-UNPLUGGED,"[""Run failed, was aborted, or did not parse""]",False,False,-15,Android public thermal status reached SEVERE; stop sustained load,2026-10-03T23:15:32.563190+00:00,432936.613058385,40.8,72.0,61.8,61.9,1363200,"{""clock_mhz"":""231"",""max_gpuclk"":""231000000"",""thermal_pwrlevel"":""13"",""gpu_busy_percentage"":""1 %"",""gpubusy"":""11551 1006716"",""temp"":""61400"",""reset_count"":""356141""}",4762.04296875,,"5:freezer:/
4:cpuset:/top-app
3:cpuacct:/top-app
2:cpu:/top-app
1:blkio:/top
0::/apps/uid_10247/pid_11813"
sustained-fixed-context-15min-r0-v1-cpu,qwen2.5-coder-1.5b,sustained-fixed-context,sustained,api-20261003T210139Z-UNPLUGGED,"[""Run failed, was aborted, or did not parse""]",False,False,-15,Android public thermal status reached SEVERE; stop sustained load,2026-10-03T23:15:33.750481+00:00,432937.800228957,40.8,72.8,61.8,62.3,1363200,"{""clock_mhz"":""231"",""max_gpuclk"":""231000000"",""thermal_pwrlevel"":""13"",""gpu_busy_percentage"":""1 %"",""gpubusy"":""12573 1030403"",""temp"":""62200"",""reset_count"":""356141""}",4759.4921875,,"5:freezer:/
4:cpuset:/top-app
3:cpuacct:/top-app
2:cpu:/top-app
1:blkio:/top
0::/apps/uid_10247/pid_11813"
sustained-fixed-context-15min-r0-v1-cpu,qwen2.5-coder-1.5b,sustained-fixed-context,sustained,api-20261003T210139Z-UNPLUGGED,"[""Run failed, was aborted, or did not parse""]",False,False,-15,Android public thermal status reached SEVERE; stop sustained load,2026-10-03T23:15:34.912683+00:00,432938.962845884,40.8,72.8,62.2,62.3,1363200,"{""clock_mhz"":""231"",""max_gpuclk"":""231000000"",""thermal_pwrlevel"":""13"",""gpu_busy_percentage"":""1 %"",""gpubusy"":""12804 1009467"",""temp"":""62200"",""reset_count"":""356141""}",4758.5234375,,"5:freezer:/
4:cpuset:/top-app
3:cpuacct:/top-app
2:cpu:/top-app
1:blkio:/top
0::/apps/uid_10247/pid_11813"
sustained-fixed-context-15min-r0-v1-cpu,qwen2.5-coder-1.5b,sustained-fixed-context,sustained,api-20261003T210139Z-UNPLUGGED,"[""Run failed, was aborted, or did not parse""]",False,False,-15,Android public thermal status reached SEVERE; stop sustained load,2026-10-03T23:15:36.080259+00:00,432940.130034633,40.8,73.2,62.6,62.7,1363200,"{""clock_mhz"":""231"",""max_gpuclk"":""231000000"",""thermal_pwrlevel"":""13"",""gpu_busy_percentage"":""1 %"",""gpubusy"":""13037 1025500"",""temp"":""62600"",""reset_count"":""356141""}",4754.8515625,,"5:freezer:/
4:cpuset:/top-app
3:cpuacct:/top-app
2:cpu:/top-app
1:blkio:/top
0::/apps/uid_10247/pid_11813"
sustained-fixed-context-15min-r0-v1-cpu,qwen2.5-coder-1.5b,sustained-fixed-context,sustained,api-20261003T210139Z-UNPLUGGED,"[""Run failed, was aborted, or did not parse""]",False,False,-15,Android public thermal status reached SEVERE; stop sustained load,2026-10-03T23:15:37.196983+00:00,432941.24673656,40.8,73.6,61.8,61.1,1363200,"{""clock_mhz"":""231"",""max_gpuclk"":""231000000"",""thermal_pwrlevel"":""13"",""gpu_busy_percentage"":""1 %"",""gpubusy"":""13031 1014277"",""temp"":""61800"",""reset_count"":""356141""}",4753.12890625,,"5:freezer:/
4:cpuset:/top-app
3:cpuacct:/top-app
2:cpu:/top-app
1:blkio:/top
0::/apps/uid_10247/pid_11813"
sustained-fixed-context-15min-r0-v1-cpu,qwen2.5-coder-1.5b,sustained-fixed-context,sustained,api-20261003T210139Z-UNPLUGGED,"[""Run failed, was aborted, or did not parse""]",False,False,-15,Android public thermal status reached SEVERE; stop sustained load,2026-10-03T23:15:38.342738+00:00,432942.392491351,40.8,72.4,61.0,59.6,1363200,"{""clock_mhz"":""231"",""max_gpuclk"":""231000000"",""thermal_pwrlevel"":""13"",""gpu_busy_percentage"":""1 %"",""gpubusy"":""14813 1005922"",""temp"":""60600"",""reset_count"":""356141""}",4751.33203125,,"5:freezer:/
4:cpuset:/top-app
3:cpuacct:/top-app
2:cpu:/top-app
1:blkio:/top
0::/apps/uid_10247/pid_11813"
sustained-fixed-context-15min-r0-v1-cpu,qwen2.5-coder-1.5b,sustained-fixed-context,sustained,api-20261003T210139Z-UNPLUGGED,"[""Run failed, was aborted, or did not parse""]",False,False,-15,Android public thermal status reached SEVERE; stop sustained load,2026-10-03T23:15:39.461196+00:00,432943.510949736,40.8,71.6,60.2,59.2,1363200,"{""clock_mhz"":""231"",""max_gpuclk"":""231000000"",""thermal_pwrlevel"":""13"",""gpu_busy_percentage"":""1 %"",""gpubusy"":""13938 1017108"",""temp"":""60600"",""reset_count"":""356141""}",4751.0859375,,"5:freezer:/
4:cpuset:/top-app
3:cpuacct:/top-app
2:cpu:/top-app
1:blkio:/top
0::/apps/uid_10247/pid_11813"
sustained-fixed-context-15min-r0-v1-cpu,qwen2.5-coder-1.5b,sustained-fixed-context,sustained,api-20261003T210139Z-UNPLUGGED,"[""Run failed, was aborted, or did not parse""]",False,False,-15,Android public thermal status reached SEVERE; stop sustained load,2026-10-03T23:15:40.599755+00:00,432944.649536819,40.8,70.5,60.2,59.2,1363200,"{""clock_mhz"":""231"",""max_gpuclk"":""231000000"",""thermal_pwrlevel"":""13"",""gpu_busy_percentage"":""1 %"",""gpubusy"":""14203 1019238"",""temp"":""59800"",""reset_count"":""356141""}",4746.859375,,"5:freezer:/
4:cpuset:/top-app
3:cpuacct:/top-app
2:cpu:/top-app
1:blkio:/top
0::/apps/uid_10247/pid_11813"
sustained-fixed-context-15min-r0-v1-cpu,qwen2.5-coder-1.5b,sustained-fixed-context,sustained,api-20261003T210139Z-UNPLUGGED,"[""Run failed, was aborted, or did not parse""]",False,False,-15,Android public thermal status reached SEVERE; stop sustained load,2026-10-03T23:15:41.739082+00:00,432945.788854892,40.8,71.3,60.2,58.8,1363200,"{""clock_mhz"":""231"",""max_gpuclk"":""231000000"",""thermal_pwrlevel"":""13"",""gpu_busy_percentage"":""1 %"",""gpubusy"":""12758 1008197"",""temp"":""59800"",""reset_count"":""356141""}",4725.9375,,"5:freezer:/
4:cpuset:/top-app
3:cpuacct:/top-app
2:cpu:/top-app
1:blkio:/top
0::/apps/uid_10247/pid_11813"
sustained-fixed-context-15min-r0-v1-cpu,qwen2.5-coder-1.5b,sustained-fixed-context,sustained,api-20261003T210139Z-UNPLUGGED,"[""Run failed, was aborted, or did not parse""]",False,False,-15,Android public thermal status reached SEVERE; stop sustained load,2026-10-03T23:15:42.895283+00:00,432946.945052964,40.8,70.5,59.4,58.0,1363200,"{""clock_mhz"":""231"",""max_gpuclk"":""231000000"",""thermal_pwrlevel"":""13"",""gpu_busy_percentage"":""1 %"",""gpubusy"":""14163 1023201"",""temp"":""59400"",""reset_count"":""356141""}",4725.44140625,,"5:freezer:/
4:cpuset:/top-app
3:cpuacct:/top-app
2:cpu:/top-app
1:blkio:/top
0::/apps/uid_10247/pid_11813"
sustained-fixed-context-15min-r0-v1-cpu,qwen2.5-coder-1.5b,sustained-fixed-context,sustained,api-20261003T210139Z-UNPLUGGED,"[""Run failed, was aborted, or did not parse""]",False,False,-15,Android public thermal status reached SEVERE; stop sustained load,2026-10-03T23:15:44.052516+00:00,432948.102339318,40.8,69.3,59.0,58.0,1363200,"{""clock_mhz"":""231"",""max_gpuclk"":""231000000"",""thermal_pwrlevel"":""13"",""gpu_busy_percentage"":""1 %"",""gpubusy"":""13704 1006901"",""temp"":""59800"",""reset_count"":""356141""}",4729.81640625,,"5:freezer:/
4:cpuset:/top-app
3:cpuacct:/top-app
2:cpu:/top-app
1:blkio:/top
0::/apps/uid_10247/pid_11813"
sustained-fixed-context-15min-r0-v1-cpu,qwen2.5-coder-1.5b,sustained-fixed-context,sustained,api-20261003T210139Z-UNPLUGGED,"[""Run failed, was aborted, or did not parse""]",False,False,-15,Android public thermal status reached SEVERE; stop sustained load,2026-10-03T23:15:45.227862+00:00,432949.27765989,40.8,71.3,61.0,60.3,1363200,"{""clock_mhz"":""231"",""max_gpuclk"":""231000000"",""thermal_pwrlevel"":""13"",""gpu_busy_percentage"":""1 %"",""gpubusy"":""13333 1025572"",""temp"":""61000"",""reset_count"":""356141""}",4725.8203125,,"5:freezer:/
4:cpuset:/top-app
3:cpuacct:/top-app
2:cpu:/top-app
1:blkio:/top
0::/apps/uid_10247/pid_11813"
sustained-fixed-context-15min-r0-v1-cpu,qwen2.5-coder-1.5b,sustained-fixed-context,sustained,api-20261003T210139Z-UNPLUGGED,"[""Run failed, was aborted, or did not parse""]",False,False,-15,Android public thermal status reached SEVERE; stop sustained load,2026-10-03T23:15:46.417811+00:00,432950.467588171,40.8,72.0,61.4,61.1,1363200,"{""clock_mhz"":""231"",""max_gpuclk"":""231000000"",""thermal_pwrlevel"":""13"",""gpu_busy_percentage"":""1 %"",""gpubusy"":""12047 1010804"",""temp"":""61400"",""reset_count"":""356141""}",4722.58203125,,"5:freezer:/
4:cpuset:/top-app
3:cpuacct:/top-app
2:cpu:/top-app
1:blkio:/top
0::/apps/uid_10247/pid_11813"
sustained-fixed-context-15min-r0-v1-cpu,qwen2.5-coder-1.5b,sustained-fixed-context,sustained,api-20261003T210139Z-UNPLUGGED,"[""Run failed, was aborted, or did not parse""]",False,False,-15,Android public thermal status reached SEVERE; stop sustained load,2026-10-03T23:15:47.549568+00:00,432951.59932416,40.8,72.0,61.8,61.5,1363200,"{""clock_mhz"":""231"",""max_gpuclk"":""231000000"",""thermal_pwrlevel"":""13"",""gpu_busy_percentage"":""1 %"",""gpubusy"":""11816 1016886"",""temp"":""61400"",""reset_count"":""356141""}",4711.08203125,,"5:freezer:/
4:cpuset:/top-app
3:cpuacct:/top-app
2:cpu:/top-app
1:blkio:/top
0::/apps/uid_10247/pid_11813"
sustained-fixed-context-15min-r0-v1-cpu,qwen2.5-coder-1.5b,sustained-fixed-context,sustained,api-20261003T210139Z-UNPLUGGED,"[""Run failed, was aborted, or did not parse""]",False,False,-15,Android public thermal status reached SEVERE; stop sustained load,2026-10-03T23:15:48.671064+00:00,432952.720812493,40.8,72.8,62.2,62.3,1363200,"{""clock_mhz"":""231"",""max_gpuclk"":""231000000"",""thermal_pwrlevel"":""13"",""gpu_busy_percentage"":""1 %"",""gpubusy"":""12636 1005614"",""temp"":""61800"",""reset_count"":""356141""}",4700.1484375,,"5:freezer:/
4:cpuset:/top-app
3:cpuacct:/top-app
2:cpu:/top-app
1:blkio:/top
0::/apps/uid_10247/pid_11813"
sustained-fixed-context-15min-r0-v1-cpu,qwen2.5-coder-1.5b,sustained-fixed-context,sustained,api-20261003T210139Z-UNPLUGGED,"[""Run failed, was aborted, or did not parse""]",False,False,-15,Android public thermal status reached SEVERE; stop sustained load,2026-10-03T23:15:49.814987+00:00,432953.86476942,40.8,72.8,62.2,62.3,1363200,"{""clock_mhz"":""231"",""max_gpuclk"":""231000000"",""thermal_pwrlevel"":""13"",""gpu_busy_percentage"":""1 %"",""gpubusy"":""12678 1008042"",""temp"":""62600"",""reset_count"":""356141""}",4704.8203125,,"5:freezer:/
4:cpuset:/top-app
3:cpuacct:/top-app
2:cpu:/top-app
1:blkio:/top
0::/apps/uid_10247/pid_11813"
sustained-fixed-context-15min-r0-v1-cpu,qwen2.5-coder-1.5b,sustained-fixed-context,sustained,api-20261003T210139Z-UNPLUGGED,"[""Run failed, was aborted, or did not parse""]",False,False,-15,Android public thermal status reached SEVERE; stop sustained load,2026-10-03T23:15:50.957278+00:00,432955.007029159,40.8,73.2,62.6,62.7,1363200,"{""clock_mhz"":""231"",""max_gpuclk"":""231000000"",""thermal_pwrlevel"":""13"",""gpu_busy_percentage"":""1 %"",""gpubusy"":""12431 1050876"",""temp"":""62600"",""reset_count"":""356141""}",4704.328125,,"5:freezer:/
4:cpuset:/top-app
3:cpuacct:/top-app
2:cpu:/top-app
1:blkio:/top
0::/apps/uid_10247/pid_11813"
sustained-fixed-context-15min-r0-v1-cpu,qwen2.5-coder-1.5b,sustained-fixed-context,sustained,api-20261003T210139Z-UNPLUGGED,"[""Run failed, was aborted, or did not parse""]",False,False,-15,Android public thermal status reached SEVERE; stop sustained load,2026-10-03T23:15:52.077560+00:00,432956.127336815,40.8,72.4,61.4,60.3,1363200,"{""clock_mhz"":""231"",""max_gpuclk"":""231000000"",""thermal_pwrlevel"":""13"",""gpu_busy_percentage"":""1 %"",""gpubusy"":""12433 1033482"",""temp"":""61400"",""reset_count"":""356141""}",4703.34375,,"5:freezer:/
4:cpuset:/top-app
3:cpuacct:/top-app
2:cpu:/top-app
1:blkio:/top
0::/apps/uid_10247/pid_11813"
sustained-fixed-context-15min-r0-v1-cpu,qwen2.5-coder-1.5b,sustained-fixed-context,sustained,api-20261003T210139Z-UNPLUGGED,"[""Run failed, was aborted, or did not parse""]",False,False,-15,Android public thermal status reached SEVERE; stop sustained load,2026-10-03T23:15:53.229028+00:00,432957.278782595,40.8,71.6,61.0,59.6,1363200,"{""clock_mhz"":""231"",""max_gpuclk"":""231000000"",""thermal_pwrlevel"":""13"",""gpu_busy_percentage"":""1 %"",""gpubusy"":""13905 1000005"",""temp"":""60200"",""reset_count"":""356141""}",4699.94921875,,"5:freezer:/
4:cpuset:/top-app
3:cpuacct:/top-app
2:cpu:/top-app
1:blkio:/top
0::/apps/uid_10247/pid_11813"
sustained-fixed-context-15min-r0-v1-cpu,qwen2.5-coder-1.5b,sustained-fixed-context,sustained,api-20261003T210139Z-UNPLUGGED,"[""Run failed, was aborted, or did not parse""]",False,False,-15,Android public thermal status reached SEVERE; stop sustained load,2026-10-03T23:15:54.360618+00:00,432958.410387751,40.8,71.3,60.2,58.8,1363200,"{""clock_mhz"":""231"",""max_gpuclk"":""231000000"",""thermal_pwrlevel"":""13"",""gpu_busy_percentage"":""1 %"",""gpubusy"":""13794 1008749"",""temp"":""60200"",""reset_count"":""356141""}",4697.34375,,"5:freezer:/
4:cpuset:/top-app
3:cpuacct:/top-app
2:cpu:/top-app
1:blkio:/top
0::/apps/uid_10247/pid_11813"
sustained-fixed-context-15min-r0-v1-cpu,qwen2.5-coder-1.5b,sustained-fixed-context,sustained,api-20261003T210139Z-UNPLUGGED,"[""Run failed, was aborted, or did not parse""]",False,False,-15,Android public thermal status reached SEVERE; stop sustained load,2026-10-03T23:15:55.496251+00:00,432959.546001813,40.8,71.6,60.2,59.2,1363200,"{""clock_mhz"":""231"",""max_gpuclk"":""231000000"",""thermal_pwrlevel"":""13"",""gpu_busy_percentage"":""1 %"",""gpubusy"":""14069 1001432"",""temp"":""60200"",""reset_count"":""356141""}",4763.44140625,,"5:freezer:/
4:cpuset:/top-app
3:cpuacct:/top-app
2:cpu:/top-app
1:blkio:/top
0::/apps/uid_10247/pid_11813"
sustained-fixed-context-15min-r0-v1-cpu,qwen2.5-coder-1.5b,sustained-fixed-context,sustained,api-20261003T210139Z-UNPLUGGED,"[""Run failed, was aborted, or did not parse""]",False,False,-15,Android public thermal status reached SEVERE; stop sustained load,2026-10-03T23:15:56.608429+00:00,432960.658179573,41.0,70.9,60.2,58.8,1363200,"{""clock_mhz"":""231"",""max_gpuclk"":""231000000"",""thermal_pwrlevel"":""13"",""gpu_busy_percentage"":""1 %"",""gpubusy"":""13453 1011927"",""temp"":""60200"",""reset_count"":""356141""}",4760.35546875,,"5:freezer:/
4:cpuset:/top-app
3:cpuacct:/top-app
2:cpu:/top-app
1:blkio:/top
0::/apps/uid_10247/pid_11813"
sustained-fixed-context-15min-r0-v1-cpu,qwen2.5-coder-1.5b,sustained-fixed-context,sustained,api-20261003T210139Z-UNPLUGGED,"[""Run failed, was aborted, or did not parse""]",False,False,-15,Android public thermal status reached SEVERE; stop sustained load,2026-10-03T23:15:57.737008+00:00,432961.786762385,41.0,70.5,59.8,58.4,1363200,"{""clock_mhz"":""231"",""max_gpuclk"":""231000000"",""thermal_pwrlevel"":""13"",""gpu_busy_percentage"":""1 %"",""gpubusy"":""14249 1014834"",""temp"":""59800"",""reset_count"":""356141""}",4758.40625,,"5:freezer:/
4:cpuset:/top-app
3:cpuacct:/top-app
2:cpu:/top-app
1:blkio:/top
0::/apps/uid_10247/pid_11813"
sustained-fixed-context-15min-r0-v1-cpu,qwen2.5-coder-1.5b,sustained-fixed-context,sustained,api-20261003T210139Z-UNPLUGGED,"[""Run failed, was aborted, or did not parse""]",False,False,-15,Android public thermal status reached SEVERE; stop sustained load,2026-10-03T23:15:58.849427+00:00,432962.899204416,41.0,70.9,60.2,60.3,1363200,"{""clock_mhz"":""231"",""max_gpuclk"":""231000000"",""thermal_pwrlevel"":""13"",""gpu_busy_percentage"":""1 %"",""gpubusy"":""13772 1007699"",""temp"":""60600"",""reset_count"":""356141""}",4757.66796875,,"5:freezer:/
4:cpuset:/top-app
3:cpuacct:/top-app
2:cpu:/top-app
1:blkio:/top
0::/apps/uid_10247/pid_11813"
sustained-fixed-context-15min-r0-v1-cpu,qwen2.5-coder-1.5b,sustained-fixed-context,sustained,api-20261003T210139Z-UNPLUGGED,"[""Run failed, was aborted, or did not parse""]",False,False,-15,Android public thermal status reached SEVERE; stop sustained load,2026-10-03T23:16:00.024128+00:00,432964.073879989,41.0,72.4,61.4,61.1,1363200,"{""clock_mhz"":""231"",""max_gpuclk"":""231000000"",""thermal_pwrlevel"":""13"",""gpu_busy_percentage"":""1 %"",""gpubusy"":""12050 1008624"",""temp"":""61400"",""reset_count"":""356141""}",4778.53125,,"5:freezer:/
4:cpuset:/top-app
3:cpuacct:/top-app
2:cpu:/top-app
1:blkio:/top
0::/apps/uid_10247/pid_11813"
sustained-fixed-context-15min-r0-v1-cpu,qwen2.5-coder-1.5b,sustained-fixed-context,sustained,api-20261003T210139Z-UNPLUGGED,"[""Run failed, was aborted, or did not parse""]",False,False,-15,Android public thermal status reached SEVERE; stop sustained load,2026-10-03T23:16:01.141939+00:00,432965.191719415,41.0,72.4,62.2,62.3,1363200,"{""clock_mhz"":""231"",""max_gpuclk"":""231000000"",""thermal_pwrlevel"":""13"",""gpu_busy_percentage"":""5 %"",""gpubusy"":""54563 1020731"",""temp"":""61800"",""reset_count"":""356141""}",4785.5859375,,"5:freezer:/
4:cpuset:/top-app
3:cpuacct:/top-app
2:cpu:/top-app
1:blkio:/top
0::/apps/uid_10247/pid_11813"
sustained-fixed-context-15min-r0-v1-cpu,qwen2.5-coder-1.5b,sustained-fixed-context,sustained,api-20261003T210139Z-UNPLUGGED,"[""Run failed, was aborted, or did not parse""]",False,False,-15,Android public thermal status reached SEVERE; stop sustained load,2026-10-03T23:16:02.262424+00:00,432966.31221504,41.0,72.8,62.6,62.3,1363200,"{""clock_mhz"":""231"",""max_gpuclk"":""231000000"",""thermal_pwrlevel"":""13"",""gpu_busy_percentage"":""5 %"",""gpubusy"":""52255 1016062"",""temp"":""62200"",""reset_count"":""356141""}",4782.38671875,,"5:freezer:/
4:cpuset:/top-app
3:cpuacct:/top-app
2:cpu:/top-app
1:blkio:/top
0::/apps/uid_10247/pid_11813"
sustained-fixed-context-15min-r0-v1-cpu,qwen2.5-coder-1.5b,sustained-fixed-context,sustained,api-20261003T210139Z-UNPLUGGED,"[""Run failed, was aborted, or did not parse""]",False,False,-15,Android public thermal status reached SEVERE; stop sustained load,2026-10-03T23:16:03.393162+00:00,432967.442912487,41.0,73.6,62.6,63.1,1363200,"{""clock_mhz"":""231"",""max_gpuclk"":""231000000"",""thermal_pwrlevel"":""13"",""gpu_busy_percentage"":""4 %"",""gpubusy"":""50352 1013867"",""temp"":""62600"",""reset_count"":""356141""}",4780.421875,,"5:freezer:/
4:cpuset:/top-app
3:cpuacct:/top-app
2:cpu:/top-app
1:blkio:/top
0::/apps/uid_10247/pid_11813"
sustained-fixed-context-15min-r0-v1-cpu,qwen2.5-coder-1.5b,sustained-fixed-context,sustained,api-20261003T210139Z-UNPLUGGED,"[""Run failed, was aborted, or did not parse""]",False,False,-15,Android public thermal status reached SEVERE; stop sustained load,2026-10-03T23:16:04.522446+00:00,432968.572222591,41.0,73.6,63.0,63.1,1363200,"{""clock_mhz"":""231"",""max_gpuclk"":""231000000"",""thermal_pwrlevel"":""13"",""gpu_busy_percentage"":""5 %"",""gpubusy"":""51562 1021394"",""temp"":""63000"",""reset_count"":""356141""}",4778.92578125,,"5:freezer:/
4:cpuset:/top-app
3:cpuacct:/top-app
2:cpu:/top-app
1:blkio:/top
0::/apps/uid_10247/pid_11813"
sustained-fixed-context-15min-r0-v1-cpu,qwen2.5-coder-1.5b,sustained-fixed-context,sustained,api-20261003T210139Z-UNPLUGGED,"[""Run failed, was aborted, or did not parse""]",False,False,-15,Android public thermal status reached SEVERE; stop sustained load,2026-10-03T23:16:05.693466+00:00,432969.743240299,41.0,74.8,63.0,62.3,1363200,"{""clock_mhz"":""231"",""max_gpuclk"":""231000000"",""thermal_pwrlevel"":""13"",""gpu_busy_percentage"":""4 %"",""gpubusy"":""48288 1006805"",""temp"":""62600"",""reset_count"":""356141""}",4778.171875,,"5:freezer:/
4:cpuset:/top-app
3:cpuacct:/top-app
2:cpu:/top-app
1:blkio:/top
0::/apps/uid_10247/pid_11813"
sustained-fixed-context-15min-r0-v1-cpu,qwen2.5-coder-1.5b,sustained-fixed-context,sustained,api-20261003T210139Z-UNPLUGGED,"[""Run failed, was aborted, or did not parse""]",False,False,-15,Android public thermal status reached SEVERE; stop sustained load,2026-10-03T23:16:06.837571+00:00,432970.887340663,41.0,73.2,61.8,61.1,1363200,"{""clock_mhz"":""231"",""max_gpuclk"":""231000000"",""thermal_pwrlevel"":""13"",""gpu_busy_percentage"":""5 %"",""gpubusy"":""52333 1011663"",""temp"":""61800"",""reset_count"":""356141""}",4776.94140625,,"5:freezer:/
4:cpuset:/top-app
3:cpuacct:/top-app
2:cpu:/top-app
1:blkio:/top
0::/apps/uid_10247/pid_11813"
sustained-fixed-context-15min-r0-v1-cpu,qwen2.5-coder-1.5b,sustained-fixed-context,sustained,api-20261003T210139Z-UNPLUGGED,"[""Run failed, was aborted, or did not parse""]",False,False,-15,Android public thermal status reached SEVERE; stop sustained load,2026-10-03T23:16:07.984344+00:00,432972.034115559,41.0,72.8,61.0,60.3,1363200,"{""clock_mhz"":""231"",""max_gpuclk"":""231000000"",""thermal_pwrlevel"":""13"",""gpu_busy_percentage"":""5 %"",""gpubusy"":""53416 1010711"",""temp"":""61000"",""reset_count"":""356141""}",4776.171875,,"5:freezer:/
4:cpuset:/top-app
3:cpuacct:/top-app
2:cpu:/top-app
1:blkio:/top
0::/apps/uid_10247/pid_11813"
sustained-fixed-context-15min-r0-v1-cpu,qwen2.5-coder-1.5b,sustained-fixed-context,sustained,api-20261003T210139Z-UNPLUGGED,"[""Run failed, was aborted, or did not parse""]",False,False,-15,Android public thermal status reached SEVERE; stop sustained load,2026-10-03T23:16:09.098668+00:00,432973.148447902,41.0,72.0,61.0,59.6,1363200,"{""clock_mhz"":""231"",""max_gpuclk"":""231000000"",""thermal_pwrlevel"":""13"",""gpu_busy_percentage"":""5 %"",""gpubusy"":""52202 1002390"",""temp"":""60600"",""reset_count"":""356141""}",4773.7109375,,"5:freezer:/
4:cpuset:/top-app
3:cpuacct:/top-app
2:cpu:/top-app
1:blkio:/top
0::/apps/uid_10247/pid_11813"
sustained-fixed-context-15min-r0-v1-cpu,qwen2.5-coder-1.5b,sustained-fixed-context,sustained,api-20261003T210139Z-UNPLUGGED,"[""Run failed, was aborted, or did not parse""]",False,False,-15,Android public thermal status reached SEVERE; stop sustained load,2026-10-03T23:16:10.246433+00:00,432974.296208735,41.0,71.3,60.6,59.6,1363200,"{""clock_mhz"":""231"",""max_gpuclk"":""231000000"",""thermal_pwrlevel"":""13"",""gpu_busy_percentage"":""5 %"",""gpubusy"":""52020 1037616"",""temp"":""60600"",""reset_count"":""356141""}",4770.30859375,,"5:freezer:/
4:cpuset:/top-app
3:cpuacct:/top-app
2:cpu:/top-app
1:blkio:/top
0::/apps/uid_10247/pid_11813"
sustained-fixed-context-15min-r0-v1-cpu,qwen2.5-coder-1.5b,sustained-fixed-context,sustained,api-20261003T210139Z-UNPLUGGED,"[""Run failed, was aborted, or did not parse""]",False,False,-15,Android public thermal status reached SEVERE; stop sustained load,2026-10-03T23:16:11.423774+00:00,432975.473545349,41.0,71.6,60.2,59.2,1363200,"{""clock_mhz"":""231"",""max_gpuclk"":""231000000"",""thermal_pwrlevel"":""13"",""gpu_busy_percentage"":""5 %"",""gpubusy"":""52146 1000635"",""temp"":""60200"",""reset_count"":""356141""}",4770.06640625,,"5:freezer:/
4:cpuset:/top-app
3:cpuacct:/top-app
2:cpu:/top-app
1:blkio:/top
0::/apps/uid_10247/pid_11813"
sustained-fixed-context-15min-r0-v1-cpu,qwen2.5-coder-1.5b,sustained-fixed-context,sustained,api-20261003T210139Z-UNPLUGGED,"[""Run failed, was aborted, or did not parse""]",False,False,-15,Android public thermal status reached SEVERE; stop sustained load,2026-10-03T23:16:12.549527+00:00,432976.599304776,41.0,70.1,60.6,59.6,1363200,"{""clock_mhz"":""231"",""max_gpuclk"":""231000000"",""thermal_pwrlevel"":""13"",""gpu_busy_percentage"":""4 %"",""gpubusy"":""48334 1003422"",""temp"":""60600"",""reset_count"":""356141""}",4768.8359375,,"5:freezer:/
4:cpuset:/top-app
3:cpuacct:/top-app
2:cpu:/top-app
1:blkio:/top
0::/apps/uid_10247/pid_11813"
sustained-fixed-context-15min-r0-v1-cpu,qwen2.5-coder-1.5b,sustained-fixed-context,sustained,api-20261003T210139Z-UNPLUGGED,"[""Run failed, was aborted, or did not parse""]",False,False,-15,Android public thermal status reached SEVERE; stop sustained load,2026-10-03T23:16:13.675736+00:00,432977.725498317,41.0,72.0,61.8,60.7,1363200,"{""clock_mhz"":""231"",""max_gpuclk"":""231000000"",""thermal_pwrlevel"":""13"",""gpu_busy_percentage"":""4 %"",""gpubusy"":""51475 1035881"",""temp"":""61800"",""reset_count"":""356141""}",4763.18359375,,"5:freezer:/
4:cpuset:/top-app
3:cpuacct:/top-app
2:cpu:/top-app
1:blkio:/top
0::/apps/uid_10247/pid_11813"
sustained-fixed-context-15min-r0-v1-cpu,qwen2.5-coder-1.5b,sustained-fixed-context,sustained,api-20261003T210139Z-UNPLUGGED,"[""Run failed, was aborted, or did not parse""]",False,False,-15,Android public thermal status reached SEVERE; stop sustained load,2026-10-03T23:16:14.855125+00:00,432978.904877587,41.0,73.2,61.8,62.3,1363200,"{""clock_mhz"":""231"",""max_gpuclk"":""231000000"",""thermal_pwrlevel"":""13"",""gpu_busy_percentage"":""4 %"",""gpubusy"":""49976 1018079"",""temp"":""62200"",""reset_count"":""356141""}",4759.83203125,,"5:freezer:/
4:cpuset:/top-app
3:cpuacct:/top-app
2:cpu:/top-app
1:blkio:/top
0::/apps/uid_10247/pid_11813"
sustained-fixed-context-15min-r0-v1-cpu,qwen2.5-coder-1.5b,sustained-fixed-context,sustained,api-20261003T210139Z-UNPLUGGED,"[""Run failed, was aborted, or did not parse""]",False,False,-15,Android public thermal status reached SEVERE; stop sustained load,2026-10-03T23:16:15.985802+00:00,432980.035554878,41.0,72.4,62.2,62.3,1363200,"{""clock_mhz"":""231"",""max_gpuclk"":""231000000"",""thermal_pwrlevel"":""13"",""gpu_busy_percentage"":""4 %"",""gpubusy"":""50921 1019794"",""temp"":""62200"",""reset_count"":""356141""}",4745.6015625,,"5:freezer:/
4:cpuset:/top-app
3:cpuacct:/top-app
2:cpu:/top-app
1:blkio:/top
0::/apps/uid_10247/pid_11813"
sustained-fixed-context-15min-r0-v1-cpu,qwen2.5-coder-1.5b,sustained-fixed-context,sustained,api-20261003T210139Z-UNPLUGGED,"[""Run failed, was aborted, or did not parse""]",False,False,-15,Android public thermal status reached SEVERE; stop sustained load,2026-10-03T23:16:17.137907+00:00,432981.187659774,41.0,74.4,63.0,63.1,1363200,"{""clock_mhz"":""231"",""max_gpuclk"":""231000000"",""thermal_pwrlevel"":""13"",""gpu_busy_percentage"":""5 %"",""gpubusy"":""51411 1020716"",""temp"":""63000"",""reset_count"":""356141""}",4744.6171875,,"5:freezer:/
4:cpuset:/top-app
3:cpuacct:/top-app
2:cpu:/top-app
1:blkio:/top
0::/apps/uid_10247/pid_11813"
sustained-fixed-context-15min-r0-v1-cpu,qwen2.5-coder-1.5b,sustained-fixed-context,sustained,api-20261003T210139Z-UNPLUGGED,"[""Run failed, was aborted, or did not parse""]",False,False,-15,Android public thermal status reached SEVERE; stop sustained load,2026-10-03T23:16:18.260782+00:00,432982.310533315,41.0,74.0,63.4,63.1,1363200,"{""clock_mhz"":""231"",""max_gpuclk"":""231000000"",""thermal_pwrlevel"":""13"",""gpu_busy_percentage"":""4 %"",""gpubusy"":""48193 1016799"",""temp"":""63000"",""reset_count"":""356141""}",4757.68359375,,"5:freezer:/
4:cpuset:/top-app
3:cpuacct:/top-app
2:cpu:/top-app
1:blkio:/top
0::/apps/uid_10247/pid_11813"
sustained-fixed-context-15min-r0-v1-cpu,qwen2.5-coder-1.5b,sustained-fixed-context,sustained,api-20261003T210139Z-UNPLUGGED,"[""Run failed, was aborted, or did not parse""]",False,False,-15,Android public thermal status reached SEVERE; stop sustained load,2026-10-03T23:16:19.415504+00:00,432983.465251492,41.0,74.8,63.8,63.1,1363200,"{""clock_mhz"":""231"",""max_gpuclk"":""231000000"",""thermal_pwrlevel"":""13"",""gpu_busy_percentage"":""4 %"",""gpubusy"":""41482 1005314"",""temp"":""63000"",""reset_count"":""356141""}",4744.69921875,,"5:freezer:/
4:cpuset:/top-app
3:cpuacct:/top-app
2:cpu:/top-app
1:blkio:/top
0::/apps/uid_10247/pid_11813"
sustained-fixed-context-15min-r0-v1-cpu,qwen2.5-coder-1.5b,sustained-fixed-context,sustained,api-20261003T210139Z-UNPLUGGED,"[""Run failed, was aborted, or did not parse""]",False,False,-15,Android public thermal status reached SEVERE; stop sustained load,2026-10-03T23:16:20.562685+00:00,432984.612436179,41.0,75.2,63.4,62.3,1363200,"{""clock_mhz"":""231"",""max_gpuclk"":""231000000"",""thermal_pwrlevel"":""13"",""gpu_busy_percentage"":""3 %"",""gpubusy"":""37485 1005350"",""temp"":""63000"",""reset_count"":""356141""}",4577.7734375,,"5:freezer:/
4:cpuset:/top-app
3:cpuacct:/top-app
2:cpu:/top-app
1:blkio:/top
0::/apps/uid_10247/pid_11813"
sustained-fixed-context-15min-r0-v1-cpu,qwen2.5-coder-1.5b,sustained-fixed-context,sustained,api-20261003T210139Z-UNPLUGGED,"[""Run failed, was aborted, or did not parse""]",False,False,-15,Android public thermal status reached SEVERE; stop sustained load,2026-10-03T23:16:21.757468+00:00,432985.807217532,41.0,74.0,62.2,61.5,1363200,"{""clock_mhz"":""231"",""max_gpuclk"":""231000000"",""thermal_pwrlevel"":""13"",""gpu_busy_percentage"":""4 %"",""gpubusy"":""42914 1014773"",""temp"":""62200"",""reset_count"":""356141""}",4772.1484375,,"5:freezer:/
4:cpuset:/top-app
3:cpuacct:/top-app
2:cpu:/top-app
1:blkio:/top
0::/apps/uid_10247/pid_11813"
sustained-fixed-context-15min-r0-v1-cpu,qwen2.5-coder-1.5b,sustained-fixed-context,sustained,api-20261003T210139Z-UNPLUGGED,"[""Run failed, was aborted, or did not parse""]",False,False,-15,Android public thermal status reached SEVERE; stop sustained load,2026-10-03T23:16:22.865692+00:00,432986.915446855,41.0,72.4,61.4,60.3,1363200,"{""clock_mhz"":""231"",""max_gpuclk"":""231000000"",""thermal_pwrlevel"":""13"",""gpu_busy_percentage"":""5 %"",""gpubusy"":""55093 1004672"",""temp"":""61800"",""reset_count"":""356141""}",4772.1796875,,"5:freezer:/
4:cpuset:/top-app
3:cpuacct:/top-app
2:cpu:/top-app
1:blkio:/top
0::/apps/uid_10247/pid_11813"
sustained-fixed-context-15min-r0-v1-cpu,qwen2.5-coder-1.5b,sustained-fixed-context,sustained,api-20261003T210139Z-UNPLUGGED,"[""Run failed, was aborted, or did not parse""]",False,False,-15,Android public thermal status reached SEVERE; stop sustained load,2026-10-03T23:16:24.020592+00:00,432988.070360709,41.0,72.4,61.4,60.3,1363200,"{""clock_mhz"":""231"",""max_gpuclk"":""231000000"",""thermal_pwrlevel"":""13"",""gpu_busy_percentage"":""5 %"",""gpubusy"":""54174 1000863"",""temp"":""61400"",""reset_count"":""356141""}",4767.60546875,,"5:freezer:/
4:cpuset:/top-app
3:cpuacct:/top-app
2:cpu:/top-app
1:blkio:/top
0::/apps/uid_10247/pid_11813"
sustained-fixed-context-15min-r0-v1-npu,qwen2.5-coder-1.5b,sustained-fixed-context,sustained,api-20261003T210139Z-UNPLUGGED,"[""Run failed, was aborted, or did not parse""]",False,False,-15,Android public thermal status reached SEVERE; stop sustained load,2026-10-03T23:25:59.933500+00:00,433563.983243718,38.0,53.3,43.6,44.4,2745600,"{""clock_mhz"":""231"",""max_gpuclk"":""680000000"",""thermal_pwrlevel"":""6"",""gpu_busy_percentage"":""2 %"",""gpubusy"":""28768 1012262"",""temp"":""43600"",""reset_count"":""356160""}",6219.8125,,"5:freezer:/
4:cpuset:/top-app
3:cpuacct:/top-app
2:cpu:/top-app
1:blkio:/top
0::/apps/uid_10247/pid_11813"
sustained-fixed-context-15min-r0-v1-npu,qwen2.5-coder-1.5b,sustained-fixed-context,sustained,api-20261003T210139Z-UNPLUGGED,"[""Run failed, was aborted, or did not parse""]",False,False,-15,Android public thermal status reached SEVERE; stop sustained load,2026-10-03T23:26:00.959506+00:00,433565.00924778,38.0,63.1,49.1,47.9,2745600,"{""clock_mhz"":""231"",""max_gpuclk"":""680000000"",""thermal_pwrlevel"":""6"",""gpu_busy_percentage"":""2 %"",""gpubusy"":""27058 1025901"",""temp"":""48700"",""reset_count"":""356160""}",5104.19140625,,"5:freezer:/
4:cpuset:/top-app
3:cpuacct:/top-app
2:cpu:/top-app
1:blkio:/top
0::/apps/uid_10247/pid_11813"
sustained-fixed-context-15min-r0-v1-npu,qwen2.5-coder-1.5b,sustained-fixed-context,sustained,api-20261003T210139Z-UNPLUGGED,"[""Run failed, was aborted, or did not parse""]",False,False,-15,Android public thermal status reached SEVERE; stop sustained load,2026-10-03T23:26:01.987308+00:00,433566.037054238,38.0,61.5,47.9,48.7,2745600,"{""clock_mhz"":""231"",""max_gpuclk"":""680000000"",""thermal_pwrlevel"":""6"",""gpu_busy_percentage"":""2 %"",""gpubusy"":""23791 1015813"",""temp"":""47900"",""reset_count"":""356160""}",5109.93359375,,"5:freezer:/
4:cpuset:/top-app
3:cpuacct:/top-app
2:cpu:/top-app
1:blkio:/top
0::/apps/uid_10247/pid_11813"
sustained-fixed-context-15min-r0-v1-npu,qwen2.5-coder-1.5b,sustained-fixed-context,sustained,api-20261003T210139Z-UNPLUGGED,"[""Run failed, was aborted, or did not parse""]",False,False,-15,Android public thermal status reached SEVERE; stop sustained load,2026-10-03T23:26:03.016785+00:00,433567.066533405,38.0,56.1,48.3,58.8,2745600,"{""clock_mhz"":""231"",""max_gpuclk"":""680000000"",""thermal_pwrlevel"":""6"",""gpu_busy_percentage"":""2 %"",""gpubusy"":""24146 1015538"",""temp"":""48300"",""reset_count"":""356160""}",4900.1015625,,"5:freezer:/
4:cpuset:/top-app
3:cpuacct:/top-app
2:cpu:/top-app
1:blkio:/top
0::/apps/uid_10247/pid_11813"
sustained-fixed-context-15min-r0-v1-npu,qwen2.5-coder-1.5b,sustained-fixed-context,sustained,api-20261003T210139Z-UNPLUGGED,"[""Run failed, was aborted, or did not parse""]",False,False,-15,Android public thermal status reached SEVERE; stop sustained load,2026-10-03T23:26:04.059774+00:00,433568.109526165,38.0,60.0,50.7,79.0,2745600,"{""clock_mhz"":""231"",""max_gpuclk"":""680000000"",""thermal_pwrlevel"":""6"",""gpu_busy_percentage"":""2 %"",""gpubusy"":""23986 1015725"",""temp"":""50700"",""reset_count"":""356160""}",4886.796875,,"5:freezer:/
4:cpuset:/top-app
3:cpuacct:/top-app
2:cpu:/top-app
1:blkio:/top
0::/apps/uid_10247/pid_11813"
sustained-fixed-context-15min-r0-v1-npu,qwen2.5-coder-1.5b,sustained-fixed-context,sustained,api-20261003T210139Z-UNPLUGGED,"[""Run failed, was aborted, or did not parse""]",False,False,-15,Android public thermal status reached SEVERE; stop sustained load,2026-10-03T23:26:05.096710+00:00,433569.14645856,38.0,56.4,52.7,83.3,2745600,"{""clock_mhz"":""231"",""max_gpuclk"":""680000000"",""thermal_pwrlevel"":""6"",""gpu_busy_percentage"":""2 %"",""gpubusy"":""27676 1014346"",""temp"":""53100"",""reset_count"":""356160""}",4880.86328125,,"5:freezer:/
4:cpuset:/top-app
3:cpuacct:/top-app
2:cpu:/top-app
1:blkio:/top
0::/apps/uid_10247/pid_11813"
sustained-fixed-context-15min-r0-v1-npu,qwen2.5-coder-1.5b,sustained-fixed-context,sustained,api-20261003T210139Z-UNPLUGGED,"[""Run failed, was aborted, or did not parse""]",False,False,-15,Android public thermal status reached SEVERE; stop sustained load,2026-10-03T23:26:06.141062+00:00,433570.190808247,38.0,56.4,54.7,84.5,2745600,"{""clock_mhz"":""231"",""max_gpuclk"":""680000000"",""thermal_pwrlevel"":""6"",""gpu_busy_percentage"":""2 %"",""gpubusy"":""25053 1001150"",""temp"":""54300"",""reset_count"":""356160""}",4879.140625,,"5:freezer:/
4:cpuset:/top-app
3:cpuacct:/top-app
2:cpu:/top-app
1:blkio:/top
0::/apps/uid_10247/pid_11813"
sustained-fixed-context-15min-r0-v1-npu,qwen2.5-coder-1.5b,sustained-fixed-context,sustained,api-20261003T210139Z-UNPLUGGED,"[""Run failed, was aborted, or did not parse""]",False,False,-15,Android public thermal status reached SEVERE; stop sustained load,2026-10-03T23:26:07.178515+00:00,433571.228275747,38.0,59.2,55.9,88.4,2745600,"{""clock_mhz"":""231"",""max_gpuclk"":""680000000"",""thermal_pwrlevel"":""6"",""gpu_busy_percentage"":""2 %"",""gpubusy"":""26479 1012569"",""temp"":""55900"",""reset_count"":""356160""}",4874.71484375,,"5:freezer:/
4:cpuset:/top-app
3:cpuacct:/top-app
2:cpu:/top-app
1:blkio:/top
0::/apps/uid_10247/pid_11813"
sustained-fixed-context-15min-r0-v1-npu,qwen2.5-coder-1.5b,sustained-fixed-context,sustained,api-20261003T210139Z-UNPLUGGED,"[""Run failed, was aborted, or did not parse""]",False,False,-15,Android public thermal status reached SEVERE; stop sustained load,2026-10-03T23:26:08.218718+00:00,433572.268468298,38.0,56.8,55.5,60.3,2745600,"{""clock_mhz"":""231"",""max_gpuclk"":""680000000"",""thermal_pwrlevel"":""6"",""gpu_busy_percentage"":""2 %"",""gpubusy"":""26799 1016403"",""temp"":""55100"",""reset_count"":""356160""}",4898.2578125,,"5:freezer:/
4:cpuset:/top-app
3:cpuacct:/top-app
2:cpu:/top-app
1:blkio:/top
0::/apps/uid_10247/pid_11813"
sustained-fixed-context-15min-r0-v1-npu,qwen2.5-coder-1.5b,sustained-fixed-context,sustained,api-20261003T210139Z-UNPLUGGED,"[""Run failed, was aborted, or did not parse""]",False,False,-15,Android public thermal status reached SEVERE; stop sustained load,2026-10-03T23:26:09.252018+00:00,433573.301779913,38.0,59.6,51.9,54.5,2745600,"{""clock_mhz"":""231"",""max_gpuclk"":""680000000"",""thermal_pwrlevel"":""6"",""gpu_busy_percentage"":""2 %"",""gpubusy"":""25615 1030363"",""temp"":""52300"",""reset_count"":""356160""}",4898.5078125,,"5:freezer:/
4:cpuset:/top-app
3:cpuacct:/top-app
2:cpu:/top-app
1:blkio:/top
0::/apps/uid_10247/pid_11813"
sustained-fixed-context-15min-r0-v1-npu,qwen2.5-coder-1.5b,sustained-fixed-context,sustained,api-20261003T210139Z-UNPLUGGED,"[""Run failed, was aborted, or did not parse""]",False,False,-15,Android public thermal status reached SEVERE; stop sustained load,2026-10-03T23:26:10.298111+00:00,433574.34786835,38.0,51.8,49.9,52.6,2745600,"{""clock_mhz"":""231"",""max_gpuclk"":""680000000"",""thermal_pwrlevel"":""6"",""gpu_busy_percentage"":""2 %"",""gpubusy"":""24927 1028284"",""temp"":""50300"",""reset_count"":""356160""}",4896.02734375,,"5:freezer:/
4:cpuset:/top-app
3:cpuacct:/top-app
2:cpu:/top-app
1:blkio:/top
0::/apps/uid_10247/pid_11813"
sustained-fixed-context-15min-r0-v1-npu,qwen2.5-coder-1.5b,sustained-fixed-context,sustained,api-20261003T210139Z-UNPLUGGED,"[""Run failed, was aborted, or did not parse""]",False,False,-15,Android public thermal status reached SEVERE; stop sustained load,2026-10-03T23:26:11.349456+00:00,433575.399206995,38.0,50.2,49.1,50.6,2745600,"{""clock_mhz"":""231"",""max_gpuclk"":""680000000"",""thermal_pwrlevel"":""6"",""gpu_busy_percentage"":""2 %"",""gpubusy"":""23437 1002629"",""temp"":""49100"",""reset_count"":""356160""}",4896.02734375,,"5:freezer:/
4:cpuset:/top-app
3:cpuacct:/top-app
2:cpu:/top-app
1:blkio:/top
0::/apps/uid_10247/pid_11813"
sustained-fixed-context-15min-r0-v1-npu,qwen2.5-coder-1.5b,sustained-fixed-context,sustained,api-20261003T210139Z-UNPLUGGED,"[""Run failed, was aborted, or did not parse""]",False,False,-15,Android public thermal status reached SEVERE; stop sustained load,2026-10-03T23:26:12.404962+00:00,433576.454709963,38.0,49.8,48.3,49.4,2745600,"{""clock_mhz"":""231"",""max_gpuclk"":""680000000"",""thermal_pwrlevel"":""6"",""gpu_busy_percentage"":""2 %"",""gpubusy"":""22282 1009957"",""temp"":""48300"",""reset_count"":""356160""}",4894.66015625,,"5:freezer:/
4:cpuset:/top-app
3:cpuacct:/top-app
2:cpu:/top-app
1:blkio:/top
0::/apps/uid_10247/pid_11813"
sustained-fixed-context-15min-r0-v1-npu,qwen2.5-coder-1.5b,sustained-fixed-context,sustained,api-20261003T210139Z-UNPLUGGED,"[""Run failed, was aborted, or did not parse""]",False,False,-15,Android public thermal status reached SEVERE; stop sustained load,2026-10-03T23:26:13.452034+00:00,433577.501788036,38.0,49.4,47.5,49.0,2745600,"{""clock_mhz"":""231"",""max_gpuclk"":""680000000"",""thermal_pwrlevel"":""6"",""gpu_busy_percentage"":""2 %"",""gpubusy"":""23424 1010946"",""temp"":""47500"",""reset_count"":""356160""}",4890.73046875,,"5:freezer:/
4:cpuset:/top-app
3:cpuacct:/top-app
2:cpu:/top-app
1:blkio:/top
0::/apps/uid_10247/pid_11813"
sustained-fixed-context-15min-r0-v1-npu,qwen2.5-coder-1.5b,sustained-fixed-context,sustained,api-20261003T210139Z-UNPLUGGED,"[""Run failed, was aborted, or did not parse""]",False,False,-15,Android public thermal status reached SEVERE; stop sustained load,2026-10-03T23:26:14.496045+00:00,433578.545797254,38.0,52.6,47.1,48.7,2745600,"{""clock_mhz"":""231"",""max_gpuclk"":""680000000"",""thermal_pwrlevel"":""6"",""gpu_busy_percentage"":""2 %"",""gpubusy"":""21949 1020097"",""temp"":""47100"",""reset_count"":""356160""}",4890.54296875,,"5:freezer:/
4:cpuset:/top-app
3:cpuacct:/top-app
2:cpu:/top-app
1:blkio:/top
0::/apps/uid_10247/pid_11813"
sustained-fixed-context-15min-r0-v1-npu,qwen2.5-coder-1.5b,sustained-fixed-context,sustained,api-20261003T210139Z-UNPLUGGED,"[""Run failed, was aborted, or did not parse""]",False,False,-15,Android public thermal status reached SEVERE; stop sustained load,2026-10-03T23:26:15.542304+00:00,433579.592051056,38.0,53.3,47.1,47.9,2745600,"{""clock_mhz"":""231"",""max_gpuclk"":""680000000"",""thermal_pwrlevel"":""6"",""gpu_busy_percentage"":""2 %"",""gpubusy"":""24012 1033312"",""temp"":""47100"",""reset_count"":""356160""}",4890.00390625,,"5:freezer:/
4:cpuset:/top-app
3:cpuacct:/top-app
2:cpu:/top-app
1:blkio:/top
0::/apps/uid_10247/pid_11813"
sustained-fixed-context-15min-r0-v1-npu,qwen2.5-coder-1.5b,sustained-fixed-context,sustained,api-20261003T210139Z-UNPLUGGED,"[""Run failed, was aborted, or did not parse""]",False,False,-15,Android public thermal status reached SEVERE; stop sustained load,2026-10-03T23:26:16.588448+00:00,433580.638207306,38.0,49.8,47.1,48.3,2745600,"{""clock_mhz"":""231"",""max_gpuclk"":""680000000"",""thermal_pwrlevel"":""6"",""gpu_busy_percentage"":""2 %"",""gpubusy"":""24049 1015013"",""temp"":""47100"",""reset_count"":""356160""}",4944.16015625,,"5:freezer:/
4:cpuset:/top-app
3:cpuacct:/top-app
2:cpu:/top-app
1:blkio:/top
0::/apps/uid_10247/pid_11813"
sustained-fixed-context-15min-r0-v1-npu,qwen2.5-coder-1.5b,sustained-fixed-context,sustained,api-20261003T210139Z-UNPLUGGED,"[""Run failed, was aborted, or did not parse""]",False,False,-15,Android public thermal status reached SEVERE; stop sustained load,2026-10-03T23:26:17.636577+00:00,433581.686325222,38.0,49.4,46.7,47.9,2745600,"{""clock_mhz"":""231"",""max_gpuclk"":""680000000"",""thermal_pwrlevel"":""6"",""gpu_busy_percentage"":""2 %"",""gpubusy"":""24309 1008935"",""temp"":""47100"",""reset_count"":""356160""}",4943.1796875,,"5:freezer:/
4:cpuset:/top-app
3:cpuacct:/top-app
2:cpu:/top-app
1:blkio:/top
0::/apps/uid_10247/pid_11813"
sustained-fixed-context-15min-r0-v1-npu,qwen2.5-coder-1.5b,sustained-fixed-context,sustained,api-20261003T210139Z-UNPLUGGED,"[""Run failed, was aborted, or did not parse""]",False,False,-15,Android public thermal status reached SEVERE; stop sustained load,2026-10-03T23:26:18.678791+00:00,433582.728535899,38.0,51.8,49.5,79.0,2745600,"{""clock_mhz"":""231"",""max_gpuclk"":""680000000"",""thermal_pwrlevel"":""6"",""gpu_busy_percentage"":""2 %"",""gpubusy"":""22975 1003604"",""temp"":""49100"",""reset_count"":""356160""}",4942.6875,,"5:freezer:/
4:cpuset:/top-app
3:cpuacct:/top-app
2:cpu:/top-app
1:blkio:/top
0::/apps/uid_10247/pid_11813"
sustained-fixed-context-15min-r0-v1-npu,qwen2.5-coder-1.5b,sustained-fixed-context,sustained,api-20261003T210139Z-UNPLUGGED,"[""Run failed, was aborted, or did not parse""]",False,False,-15,Android public thermal status reached SEVERE; stop sustained load,2026-10-03T23:26:19.729158+00:00,433583.77891444,38.0,53.3,52.3,82.2,2745600,"{""clock_mhz"":""231"",""max_gpuclk"":""680000000"",""thermal_pwrlevel"":""6"",""gpu_busy_percentage"":""2 %"",""gpubusy"":""23695 1001891"",""temp"":""51900"",""reset_count"":""356160""}",4939.2421875,,"5:freezer:/
4:cpuset:/top-app
3:cpuacct:/top-app
2:cpu:/top-app
1:blkio:/top
0::/apps/uid_10247/pid_11813"
sustained-fixed-context-15min-r0-v1-npu,qwen2.5-coder-1.5b,sustained-fixed-context,sustained,api-20261003T210139Z-UNPLUGGED,"[""Run failed, was aborted, or did not parse""]",False,False,-15,Android public thermal status reached SEVERE; stop sustained load,2026-10-03T23:26:20.765553+00:00,433584.815298398,38.0,59.6,54.3,83.3,2745600,"{""clock_mhz"":""231"",""max_gpuclk"":""680000000"",""thermal_pwrlevel"":""6"",""gpu_busy_percentage"":""2 %"",""gpubusy"":""25766 1013189"",""temp"":""54300"",""reset_count"":""356160""}",4938.99609375,,"5:freezer:/
4:cpuset:/top-app
3:cpuacct:/top-app
2:cpu:/top-app
1:blkio:/top
0::/apps/uid_10247/pid_11813"
sustained-fixed-context-15min-r0-v1-npu,qwen2.5-coder-1.5b,sustained-fixed-context,sustained,api-20261003T210139Z-UNPLUGGED,"[""Run failed, was aborted, or did not parse""]",False,False,-15,Android public thermal status reached SEVERE; stop sustained load,2026-10-03T23:26:21.822414+00:00,433585.872174595,38.0,56.1,55.5,86.5,2745600,"{""clock_mhz"":""231"",""max_gpuclk"":""680000000"",""thermal_pwrlevel"":""6"",""gpu_busy_percentage"":""2 %"",""gpubusy"":""25497 1007385"",""temp"":""55500"",""reset_count"":""356160""}",4938.50390625,,"5:freezer:/
4:cpuset:/top-app
3:cpuacct:/top-app
2:cpu:/top-app
1:blkio:/top
0::/apps/uid_10247/pid_11813"
sustained-fixed-context-15min-r0-v1-npu,qwen2.5-coder-1.5b,sustained-fixed-context,sustained,api-20261003T210139Z-UNPLUGGED,"[""Run failed, was aborted, or did not parse""]",False,False,-15,Android public thermal status reached SEVERE; stop sustained load,2026-10-03T23:26:22.868172+00:00,433586.917983345,38.0,58.0,56.6,75.5,2745600,"{""clock_mhz"":""231"",""max_gpuclk"":""680000000"",""thermal_pwrlevel"":""6"",""gpu_busy_percentage"":""2 %"",""gpubusy"":""24600 1005936"",""temp"":""56300"",""reset_count"":""356160""}",4937.5234375,,"5:freezer:/
4:cpuset:/top-app
3:cpuacct:/top-app
2:cpu:/top-app
1:blkio:/top
0::/apps/uid_10247/pid_11813"
sustained-fixed-context-15min-r0-v1-npu,qwen2.5-coder-1.5b,sustained-fixed-context,sustained,api-20261003T210139Z-UNPLUGGED,"[""Run failed, was aborted, or did not parse""]",False,False,-15,Android public thermal status reached SEVERE; stop sustained load,2026-10-03T23:26:23.913794+00:00,433587.963547563,38.0,57.2,56.6,88.4,2380800,"{""clock_mhz"":""231"",""max_gpuclk"":""500000000"",""thermal_pwrlevel"":""9"",""gpu_busy_percentage"":""2 %"",""gpubusy"":""24684 1008569"",""temp"":""57400"",""reset_count"":""356160""}",4936.30078125,,"5:freezer:/
4:cpuset:/top-app
3:cpuacct:/top-app
2:cpu:/top-app
1:blkio:/top
0::/apps/uid_10247/pid_11813"
sustained-fixed-context-15min-r0-v1-npu,qwen2.5-coder-1.5b,sustained-fixed-context,sustained,api-20261003T210139Z-UNPLUGGED,"[""Run failed, was aborted, or did not parse""]",False,False,-15,Android public thermal status reached SEVERE; stop sustained load,2026-10-03T23:26:24.961789+00:00,433589.011541417,38.0,58.8,57.4,90.7,2380800,"{""clock_mhz"":""231"",""max_gpuclk"":""500000000"",""thermal_pwrlevel"":""9"",""gpu_busy_percentage"":""2 %"",""gpubusy"":""25041 1005261"",""temp"":""57800"",""reset_count"":""356160""}",4935.5703125,,"5:freezer:/
4:cpuset:/top-app
3:cpuacct:/top-app
2:cpu:/top-app
1:blkio:/top
0::/apps/uid_10247/pid_11813"
sustained-fixed-context-15min-r0-v1-npu,qwen2.5-coder-1.5b,sustained-fixed-context,sustained,api-20261003T210139Z-UNPLUGGED,"[""Run failed, was aborted, or did not parse""]",False,False,-15,Android public thermal status reached SEVERE; stop sustained load,2026-10-03T23:26:26.001821+00:00,433590.051569542,38.0,59.2,58.2,90.7,2380800,"{""clock_mhz"":""231"",""max_gpuclk"":""500000000"",""thermal_pwrlevel"":""9"",""gpu_busy_percentage"":""2 %"",""gpubusy"":""26294 1033512"",""temp"":""59000"",""reset_count"":""356160""}",4928.70703125,,"5:freezer:/
4:cpuset:/top-app
3:cpuacct:/top-app
2:cpu:/top-app
1:blkio:/top
0::/apps/uid_10247/pid_11813"
sustained-fixed-context-15min-r0-v1-npu,qwen2.5-coder-1.5b,sustained-fixed-context,sustained,api-20261003T210139Z-UNPLUGGED,"[""Run failed, was aborted, or did not parse""]",False,False,-15,Android public thermal status reached SEVERE; stop sustained load,2026-10-03T23:26:27.037144+00:00,433591.08689126,38.0,62.7,59.4,90.3,2380800,"{""clock_mhz"":""231"",""max_gpuclk"":""500000000"",""thermal_pwrlevel"":""9"",""gpu_busy_percentage"":""2 %"",""gpubusy"":""27727 1012944"",""temp"":""59400"",""reset_count"":""356160""}",4927.96875,,"5:freezer:/
4:cpuset:/top-app
3:cpuacct:/top-app
2:cpu:/top-app
1:blkio:/top
0::/apps/uid_10247/pid_11813"
sustained-fixed-context-15min-r0-v1-npu,qwen2.5-coder-1.5b,sustained-fixed-context,sustained,api-20261003T210139Z-UNPLUGGED,"[""Run failed, was aborted, or did not parse""]",False,False,-15,Android public thermal status reached SEVERE; stop sustained load,2026-10-03T23:26:28.074805+00:00,433592.124552926,38.0,62.7,60.2,81.0,2380800,"{""clock_mhz"":""231"",""max_gpuclk"":""500000000"",""thermal_pwrlevel"":""9"",""gpu_busy_percentage"":""2 %"",""gpubusy"":""25640 1014198"",""temp"":""59800"",""reset_count"":""356160""}",4927.67578125,,"5:freezer:/
4:cpuset:/top-app
3:cpuacct:/top-app
2:cpu:/top-app
1:blkio:/top
0::/apps/uid_10247/pid_11813"
sustained-fixed-context-15min-r0-v1-npu,qwen2.5-coder-1.5b,sustained-fixed-context,sustained,api-20261003T210139Z-UNPLUGGED,"[""Run failed, was aborted, or did not parse""]",False,False,-15,Android public thermal status reached SEVERE; stop sustained load,2026-10-03T23:26:29.114239+00:00,433593.163993863,38.3,62.7,60.6,91.1,2380800,"{""clock_mhz"":""231"",""max_gpuclk"":""500000000"",""thermal_pwrlevel"":""9"",""gpu_busy_percentage"":""2 %"",""gpubusy"":""26372 1022769"",""temp"":""60200"",""reset_count"":""356160""}",4925.9609375,,"5:freezer:/
4:cpuset:/top-app
3:cpuacct:/top-app
2:cpu:/top-app
1:blkio:/top
0::/apps/uid_10247/pid_11813"
sustained-fixed-context-15min-r0-v1-npu,qwen2.5-coder-1.5b,sustained-fixed-context,sustained,api-20261003T210139Z-UNPLUGGED,"[""Run failed, was aborted, or did not parse""]",False,False,-15,Android public thermal status reached SEVERE; stop sustained load,2026-10-03T23:26:30.152446+00:00,433594.20219954,38.3,64.6,60.6,92.7,2380800,"{""clock_mhz"":""231"",""max_gpuclk"":""500000000"",""thermal_pwrlevel"":""9"",""gpu_busy_percentage"":""2 %"",""gpubusy"":""26225 1002293"",""temp"":""61000"",""reset_count"":""356160""}",4925.46875,,"5:freezer:/
4:cpuset:/top-app
3:cpuacct:/top-app
2:cpu:/top-app
1:blkio:/top
0::/apps/uid_10247/pid_11813"
sustained-fixed-context-15min-r0-v1-npu,qwen2.5-coder-1.5b,sustained-fixed-context,sustained,api-20261003T210139Z-UNPLUGGED,"[""Run failed, was aborted, or did not parse""]",False,False,-15,Android public thermal status reached SEVERE; stop sustained load,2026-10-03T23:26:31.192864+00:00,433595.242623446,38.3,62.3,61.4,93.9,2380800,"{""clock_mhz"":""231"",""max_gpuclk"":""500000000"",""thermal_pwrlevel"":""9"",""gpu_busy_percentage"":""2 %"",""gpubusy"":""25050 1010134"",""temp"":""61000"",""reset_count"":""356160""}",4921.953125,,"5:freezer:/
4:cpuset:/top-app
3:cpuacct:/top-app
2:cpu:/top-app
1:blkio:/top
0::/apps/uid_10247/pid_11813"
sustained-fixed-context-15min-r0-v1-npu,qwen2.5-coder-1.5b,sustained-fixed-context,sustained,api-20261003T210139Z-UNPLUGGED,"[""Run failed, was aborted, or did not parse""]",False,False,-15,Android public thermal status reached SEVERE; stop sustained load,2026-10-03T23:26:32.233501+00:00,433596.283250737,38.3,61.9,61.4,92.3,2380800,"{""clock_mhz"":""231"",""max_gpuclk"":""500000000"",""thermal_pwrlevel"":""9"",""gpu_busy_percentage"":""2 %"",""gpubusy"":""25712 1013178"",""temp"":""61400"",""reset_count"":""356160""}",4921.953125,,"5:freezer:/
4:cpuset:/top-app
3:cpuacct:/top-app
2:cpu:/top-app
1:blkio:/top
0::/apps/uid_10247/pid_11813"
sustained-fixed-context-15min-r0-v1-npu,qwen2.5-coder-1.5b,sustained-fixed-context,sustained,api-20261003T210139Z-UNPLUGGED,"[""Run failed, was aborted, or did not parse""]",False,False,-15,Android public thermal status reached SEVERE; stop sustained load,2026-10-03T23:26:33.285558+00:00,433597.33532058,38.3,61.1,61.0,84.5,2380800,"{""clock_mhz"":""231"",""max_gpuclk"":""500000000"",""thermal_pwrlevel"":""9"",""gpu_busy_percentage"":""2 %"",""gpubusy"":""24129 1027630"",""temp"":""61400"",""reset_count"":""356160""}",4921.70703125,,"5:freezer:/
4:cpuset:/top-app
3:cpuacct:/top-app
2:cpu:/top-app
1:blkio:/top
0::/apps/uid_10247/pid_11813"
sustained-fixed-context-15min-r0-v1-npu,qwen2.5-coder-1.5b,sustained-fixed-context,sustained,api-20261003T210139Z-UNPLUGGED,"[""Run failed, was aborted, or did not parse""]",False,False,-15,Android public thermal status reached SEVERE; stop sustained load,2026-10-03T23:26:34.330205+00:00,433598.379962872,38.3,61.9,62.2,95.0,1593600,"{""clock_mhz"":""231"",""max_gpuclk"":""366000000"",""thermal_pwrlevel"":""11"",""gpu_busy_percentage"":""2 %"",""gpubusy"":""26372 1033553"",""temp"":""62200"",""reset_count"":""356160""}",4921.70703125,,"5:freezer:/
4:cpuset:/top-app
3:cpuacct:/top-app
2:cpu:/top-app
1:blkio:/top
0::/apps/uid_10247/pid_11813"
sustained-fixed-context-15min-r0-v1-npu,qwen2.5-coder-1.5b,sustained-fixed-context,sustained,api-20261003T210139Z-UNPLUGGED,"[""Run failed, was aborted, or did not parse""]",False,False,-15,Android public thermal status reached SEVERE; stop sustained load,2026-10-03T23:26:35.380254+00:00,433599.43001459,38.3,62.7,62.2,93.9,1593600,"{""clock_mhz"":""231"",""max_gpuclk"":""366000000"",""thermal_pwrlevel"":""11"",""gpu_busy_percentage"":""2 %"",""gpubusy"":""24946 1015606"",""temp"":""62200"",""reset_count"":""356160""}",4921.0078125,,"5:freezer:/
4:cpuset:/top-app
3:cpuacct:/top-app
2:cpu:/top-app
1:blkio:/top
0::/apps/uid_10247/pid_11813"
sustained-fixed-context-15min-r0-v1-npu,qwen2.5-coder-1.5b,sustained-fixed-context,sustained,api-20261003T210139Z-UNPLUGGED,"[""Run failed, was aborted, or did not parse""]",False,False,-15,Android public thermal status reached SEVERE; stop sustained load,2026-10-03T23:26:36.422045+00:00,433600.471795736,38.3,62.7,62.6,95.4,1593600,"{""clock_mhz"":""231"",""max_gpuclk"":""366000000"",""thermal_pwrlevel"":""11"",""gpu_busy_percentage"":""2 %"",""gpubusy"":""26968 1047850"",""temp"":""63000"",""reset_count"":""356160""}",4920.76171875,,"5:freezer:/
4:cpuset:/top-app
3:cpuacct:/top-app
2:cpu:/top-app
1:blkio:/top
0::/apps/uid_10247/pid_11813"
sustained-fixed-context-15min-r0-v1-npu,qwen2.5-coder-1.5b,sustained-fixed-context,sustained,api-20261003T210139Z-UNPLUGGED,"[""Run failed, was aborted, or did not parse""]",False,False,-15,Android public thermal status reached SEVERE; stop sustained load,2026-10-03T23:26:37.464907+00:00,433601.5146611,38.3,62.7,63.0,93.9,1593600,"{""clock_mhz"":""231"",""max_gpuclk"":""366000000"",""thermal_pwrlevel"":""11"",""gpu_busy_percentage"":""2 %"",""gpubusy"":""25842 1012414"",""temp"":""62600"",""reset_count"":""356160""}",4919.53125,,"5:freezer:/
4:cpuset:/top-app
3:cpuacct:/top-app
2:cpu:/top-app
1:blkio:/top
0::/apps/uid_10247/pid_11813"
sustained-fixed-context-15min-r0-v1-npu,qwen2.5-coder-1.5b,sustained-fixed-context,sustained,api-20261003T210139Z-UNPLUGGED,"[""Run failed, was aborted, or did not parse""]",False,False,-15,Android public thermal status reached SEVERE; stop sustained load,2026-10-03T23:26:38.513568+00:00,433602.563321516,38.3,62.7,62.2,93.5,1593600,"{""clock_mhz"":""231"",""max_gpuclk"":""366000000"",""thermal_pwrlevel"":""11"",""gpu_busy_percentage"":""2 %"",""gpubusy"":""26218 1024382"",""temp"":""62200"",""reset_count"":""356160""}",4943.65625,,"5:freezer:/
4:cpuset:/top-app
3:cpuacct:/top-app
2:cpu:/top-app
1:blkio:/top
0::/apps/uid_10247/pid_11813"
sustained-fixed-context-15min-r0-v1-npu,qwen2.5-coder-1.5b,sustained-fixed-context,sustained,api-20261003T210139Z-UNPLUGGED,"[""Run failed, was aborted, or did not parse""]",False,False,-15,Android public thermal status reached SEVERE; stop sustained load,2026-10-03T23:26:39.561056+00:00,433603.610820891,38.3,63.5,62.6,93.1,1593600,"{""clock_mhz"":""231"",""max_gpuclk"":""366000000"",""thermal_pwrlevel"":""11"",""gpu_busy_percentage"":""2 %"",""gpubusy"":""27203 1010611"",""temp"":""63000"",""reset_count"":""356160""}",4943.3359375,,"5:freezer:/
4:cpuset:/top-app
3:cpuacct:/top-app
2:cpu:/top-app
1:blkio:/top
0::/apps/uid_10247/pid_11813"
sustained-fixed-context-15min-r0-v1-npu,qwen2.5-coder-1.5b,sustained-fixed-context,sustained,api-20261003T210139Z-UNPLUGGED,"[""Run failed, was aborted, or did not parse""]",False,False,-15,Android public thermal status reached SEVERE; stop sustained load,2026-10-03T23:26:40.604538+00:00,433604.654291515,38.3,63.1,63.0,94.6,1593600,"{""clock_mhz"":""231"",""max_gpuclk"":""366000000"",""thermal_pwrlevel"":""11"",""gpu_busy_percentage"":""2 %"",""gpubusy"":""25627 1008875"",""temp"":""63000"",""reset_count"":""356160""}",4941.61328125,,"5:freezer:/
4:cpuset:/top-app
3:cpuacct:/top-app
2:cpu:/top-app
1:blkio:/top
0::/apps/uid_10247/pid_11813"
sustained-fixed-context-15min-r0-v1-npu,qwen2.5-coder-1.5b,sustained-fixed-context,sustained,api-20261003T210139Z-UNPLUGGED,"[""Run failed, was aborted, or did not parse""]",False,False,-15,Android public thermal status reached SEVERE; stop sustained load,2026-10-03T23:26:41.669185+00:00,433605.718953286,38.3,63.9,63.0,94.2,1593600,"{""clock_mhz"":""231"",""max_gpuclk"":""366000000"",""thermal_pwrlevel"":""11"",""gpu_busy_percentage"":""2 %"",""gpubusy"":""27500 1037008"",""temp"":""63000"",""reset_count"":""356160""}",4941.25,,"5:freezer:/
4:cpuset:/top-app
3:cpuacct:/top-app
2:cpu:/top-app
1:blkio:/top
0::/apps/uid_10247/pid_11813"
sustained-fixed-context-15min-r0-v1-npu,qwen2.5-coder-1.5b,sustained-fixed-context,sustained,api-20261003T210139Z-UNPLUGGED,"[""Run failed, was aborted, or did not parse""]",False,False,-15,Android public thermal status reached SEVERE; stop sustained load,2026-10-03T23:26:42.724941+00:00,433606.774695889,38.3,64.2,63.4,95.0,1593600,"{""clock_mhz"":""231"",""max_gpuclk"":""366000000"",""thermal_pwrlevel"":""11"",""gpu_busy_percentage"":""2 %"",""gpubusy"":""25523 1000536"",""temp"":""63800"",""reset_count"":""356160""}",4932.8046875,,"5:freezer:/
4:cpuset:/top-app
3:cpuacct:/top-app
2:cpu:/top-app
1:blkio:/top
0::/apps/uid_10247/pid_11813"
sustained-fixed-context-15min-r0-v1-npu,qwen2.5-coder-1.5b,sustained-fixed-context,sustained,api-20261003T210139Z-UNPLUGGED,"[""Run failed, was aborted, or did not parse""]",False,False,-15,Android public thermal status reached SEVERE; stop sustained load,2026-10-03T23:26:43.763898+00:00,433607.813653754,38.3,63.9,63.8,93.9,1593600,"{""clock_mhz"":""231"",""max_gpuclk"":""366000000"",""thermal_pwrlevel"":""11"",""gpu_busy_percentage"":""1 %"",""gpubusy"":""20349 1026915"",""temp"":""63800"",""reset_count"":""356160""}",4932.33984375,,"5:freezer:/
4:cpuset:/top-app
3:cpuacct:/top-app
2:cpu:/top-app
1:blkio:/top
0::/apps/uid_10247/pid_11813"
sustained-fixed-context-15min-r0-v1-npu,qwen2.5-coder-1.5b,sustained-fixed-context,sustained,api-20261003T210139Z-UNPLUGGED,"[""Run failed, was aborted, or did not parse""]",False,False,-15,Android public thermal status reached SEVERE; stop sustained load,2026-10-03T23:26:44.810949+00:00,433608.860705055,38.3,64.2,64.2,94.6,1593600,"{""clock_mhz"":""231"",""max_gpuclk"":""366000000"",""thermal_pwrlevel"":""11"",""gpu_busy_percentage"":""1 %"",""gpubusy"":""16617 1019070"",""temp"":""64200"",""reset_count"":""356160""}",4931.85546875,,"5:freezer:/
4:cpuset:/top-app
3:cpuacct:/top-app
2:cpu:/top-app
1:blkio:/top
0::/apps/uid_10247/pid_11813"
sustained-fixed-context-15min-r0-v1-npu,qwen2.5-coder-1.5b,sustained-fixed-context,sustained,api-20261003T210139Z-UNPLUGGED,"[""Run failed, was aborted, or did not parse""]",False,False,-15,Android public thermal status reached SEVERE; stop sustained load,2026-10-03T23:26:45.852575+00:00,433609.902331357,38.3,64.6,64.2,93.1,1593600,"{""clock_mhz"":""231"",""max_gpuclk"":""366000000"",""thermal_pwrlevel"":""11"",""gpu_busy_percentage"":""1 %"",""gpubusy"":""17298 1010950"",""temp"":""64600"",""reset_count"":""356160""}",4932.2265625,,"5:freezer:/
4:cpuset:/top-app
3:cpuacct:/top-app
2:cpu:/top-app
1:blkio:/top
0::/apps/uid_10247/pid_11813"
sustained-fixed-context-15min-r0-v1-npu,qwen2.5-coder-1.5b,sustained-fixed-context,sustained,api-20261003T210139Z-UNPLUGGED,"[""Run failed, was aborted, or did not parse""]",False,False,-15,Android public thermal status reached SEVERE; stop sustained load,2026-10-03T23:26:46.911578+00:00,433610.961336565,38.3,64.6,64.6,93.9,1593600,"{""clock_mhz"":""231"",""max_gpuclk"":""366000000"",""thermal_pwrlevel"":""11"",""gpu_busy_percentage"":""1 %"",""gpubusy"":""18810 1014098"",""temp"":""63800"",""reset_count"":""356160""}",4930.50390625,,"5:freezer:/
4:cpuset:/top-app
3:cpuacct:/top-app
2:cpu:/top-app
1:blkio:/top
0::/apps/uid_10247/pid_11813"
sustained-fixed-context-15min-r0-v1-npu,qwen2.5-coder-1.5b,sustained-fixed-context,sustained,api-20261003T210139Z-UNPLUGGED,"[""Run failed, was aborted, or did not parse""]",False,False,-15,Android public thermal status reached SEVERE; stop sustained load,2026-10-03T23:26:47.962769+00:00,433612.012522033,38.3,65.0,64.6,94.2,1593600,"{""clock_mhz"":""231"",""max_gpuclk"":""366000000"",""thermal_pwrlevel"":""11"",""gpu_busy_percentage"":""1 %"",""gpubusy"":""16588 1013667"",""temp"":""65000"",""reset_count"":""356160""}",4930.50390625,,"5:freezer:/
4:cpuset:/top-app
3:cpuacct:/top-app
2:cpu:/top-app
1:blkio:/top
0::/apps/uid_10247/pid_11813"
sustained-fixed-context-15min-r0-v1-npu,qwen2.5-coder-1.5b,sustained-fixed-context,sustained,api-20261003T210139Z-UNPLUGGED,"[""Run failed, was aborted, or did not parse""]",False,False,-15,Android public thermal status reached SEVERE; stop sustained load,2026-10-03T23:26:49.015914+00:00,433613.065679272,38.3,64.2,64.6,93.1,1593600,"{""clock_mhz"":""231"",""max_gpuclk"":""366000000"",""thermal_pwrlevel"":""11"",""gpu_busy_percentage"":""1 %"",""gpubusy"":""16617 1001370"",""temp"":""64600"",""reset_count"":""356160""}",4930.01171875,,"5:freezer:/
4:cpuset:/top-app
3:cpuacct:/top-app
2:cpu:/top-app
1:blkio:/top
0::/apps/uid_10247/pid_11813"
sustained-fixed-context-15min-r0-v1-npu,qwen2.5-coder-1.5b,sustained-fixed-context,sustained,api-20261003T210139Z-UNPLUGGED,"[""Run failed, was aborted, or did not parse""]",False,False,-15,Android public thermal status reached SEVERE; stop sustained load,2026-10-03T23:26:50.061124+00:00,433614.110884116,38.3,65.0,64.6,93.9,1593600,"{""clock_mhz"":""231"",""max_gpuclk"":""366000000"",""thermal_pwrlevel"":""11"",""gpu_busy_percentage"":""1 %"",""gpubusy"":""16765 1020421"",""temp"":""64600"",""reset_count"":""356160""}",4928.53515625,,"5:freezer:/
4:cpuset:/top-app
3:cpuacct:/top-app
2:cpu:/top-app
1:blkio:/top
0::/apps/uid_10247/pid_11813"
sustained-fixed-context-15min-r0-v1-npu,qwen2.5-coder-1.5b,sustained-fixed-context,sustained,api-20261003T210139Z-UNPLUGGED,"[""Run failed, was aborted, or did not parse""]",False,False,-15,Android public thermal status reached SEVERE; stop sustained load,2026-10-03T23:26:51.112042+00:00,433615.161798074,38.3,70.1,64.6,93.9,1593600,"{""clock_mhz"":""231"",""max_gpuclk"":""366000000"",""thermal_pwrlevel"":""11"",""gpu_busy_percentage"":""1 %"",""gpubusy"":""18725 1017581"",""temp"":""65000"",""reset_count"":""356160""}",4924.2265625,,"5:freezer:/
4:cpuset:/top-app
3:cpuacct:/top-app
2:cpu:/top-app
1:blkio:/top
0::/apps/uid_10247/pid_11813"
sustained-fixed-context-15min-r0-v1-npu,qwen2.5-coder-1.5b,sustained-fixed-context,sustained,api-20261003T210139Z-UNPLUGGED,"[""Run failed, was aborted, or did not parse""]",False,False,-15,Android public thermal status reached SEVERE; stop sustained load,2026-10-03T23:26:52.153113+00:00,433616.202874219,38.3,66.2,65.0,93.9,1593600,"{""clock_mhz"":""231"",""max_gpuclk"":""366000000"",""thermal_pwrlevel"":""11"",""gpu_busy_percentage"":""1 %"",""gpubusy"":""17286 1031401"",""temp"":""65400"",""reset_count"":""356160""}",4924.453125,,"5:freezer:/
4:cpuset:/top-app
3:cpuacct:/top-app
2:cpu:/top-app
1:blkio:/top
0::/apps/uid_10247/pid_11813"
sustained-fixed-context-15min-r0-v1-npu,qwen2.5-coder-1.5b,sustained-fixed-context,sustained,api-20261003T210139Z-UNPLUGGED,"[""Run failed, was aborted, or did not parse""]",False,False,-15,Android public thermal status reached SEVERE; stop sustained load,2026-10-03T23:26:53.206103+00:00,433617.255856562,38.3,65.4,65.0,85.7,1593600,"{""clock_mhz"":""231"",""max_gpuclk"":""366000000"",""thermal_pwrlevel"":""11"",""gpu_busy_percentage"":""1 %"",""gpubusy"":""17828 1005663"",""temp"":""65000"",""reset_count"":""356160""}",4924.453125,,"5:freezer:/
4:cpuset:/top-app
3:cpuacct:/top-app
2:cpu:/top-app
1:blkio:/top
0::/apps/uid_10247/pid_11813"
sustained-fixed-context-15min-r0-v1-npu,qwen2.5-coder-1.5b,sustained-fixed-context,sustained,api-20261003T210139Z-UNPLUGGED,"[""Run failed, was aborted, or did not parse""]",False,False,-15,Android public thermal status reached SEVERE; stop sustained load,2026-10-03T23:26:54.247511+00:00,433618.297276875,38.3,67.0,65.0,94.6,1363200,"{""clock_mhz"":""231"",""max_gpuclk"":""231000000"",""thermal_pwrlevel"":""13"",""gpu_busy_percentage"":""1 %"",""gpubusy"":""16365 1022304"",""temp"":""65000"",""reset_count"":""356160""}",4923.80859375,,"5:freezer:/
4:cpuset:/top-app
3:cpuacct:/top-app
2:cpu:/top-app
1:blkio:/top
0::/apps/uid_10247/pid_11813"
sustained-fixed-context-15min-r0-v1-npu,qwen2.5-coder-1.5b,sustained-fixed-context,sustained,api-20261003T210139Z-UNPLUGGED,"[""Run failed, was aborted, or did not parse""]",False,False,-15,Android public thermal status reached SEVERE; stop sustained load,2026-10-03T23:26:55.291353+00:00,433619.341110207,38.3,65.8,65.4,94.2,1363200,"{""clock_mhz"":""231"",""max_gpuclk"":""231000000"",""thermal_pwrlevel"":""13"",""gpu_busy_percentage"":""1 %"",""gpubusy"":""16849 1018164"",""temp"":""65400"",""reset_count"":""356160""}",4919.203125,,"5:freezer:/
4:cpuset:/top-app
3:cpuacct:/top-app
2:cpu:/top-app
1:blkio:/top
0::/apps/uid_10247/pid_11813"
sustained-fixed-context-15min-r0-v1-npu,qwen2.5-coder-1.5b,sustained-fixed-context,sustained,api-20261003T210139Z-UNPLUGGED,"[""Run failed, was aborted, or did not parse""]",False,False,-15,Android public thermal status reached SEVERE; stop sustained load,2026-10-03T23:26:56.343663+00:00,433620.393424947,38.3,66.2,65.0,94.2,1363200,"{""clock_mhz"":""231"",""max_gpuclk"":""231000000"",""thermal_pwrlevel"":""13"",""gpu_busy_percentage"":""1 %"",""gpubusy"":""17446 1019530"",""temp"":""65000"",""reset_count"":""356160""}",4918.95703125,,"5:freezer:/
4:cpuset:/top-app
3:cpuacct:/top-app
2:cpu:/top-app
1:blkio:/top
0::/apps/uid_10247/pid_11813"
sustained-fixed-context-15min-r0-v1-npu,qwen2.5-coder-1.5b,sustained-fixed-context,sustained,api-20261003T210139Z-UNPLUGGED,"[""Run failed, was aborted, or did not parse""]",False,False,-15,Android public thermal status reached SEVERE; stop sustained load,2026-10-03T23:26:57.404405+00:00,433621.454158123,38.3,67.0,65.0,95.0,1363200,"{""clock_mhz"":""231"",""max_gpuclk"":""231000000"",""thermal_pwrlevel"":""13"",""gpu_busy_percentage"":""1 %"",""gpubusy"":""17596 1015572"",""temp"":""65000"",""reset_count"":""356160""}",4916.28125,,"5:freezer:/
4:cpuset:/top-app
3:cpuacct:/top-app
2:cpu:/top-app
1:blkio:/top
0::/apps/uid_10247/pid_11813"
sustained-fixed-context-15min-r0-v1-npu,qwen2.5-coder-1.5b,sustained-fixed-context,sustained,api-20261003T210139Z-UNPLUGGED,"[""Run failed, was aborted, or did not parse""]",False,False,-15,Android public thermal status reached SEVERE; stop sustained load,2026-10-03T23:26:58.456993+00:00,433622.506754685,38.3,67.7,65.0,85.3,1363200,"{""clock_mhz"":""231"",""max_gpuclk"":""231000000"",""thermal_pwrlevel"":""13"",""gpu_busy_percentage"":""1 %"",""gpubusy"":""17587 1016400"",""temp"":""64600"",""reset_count"":""356160""}",4916.2734375,,"5:freezer:/
4:cpuset:/top-app
3:cpuacct:/top-app
2:cpu:/top-app
1:blkio:/top
0::/apps/uid_10247/pid_11813"
sustained-fixed-context-15min-r0-v1-npu,qwen2.5-coder-1.5b,sustained-fixed-context,sustained,api-20261003T210139Z-UNPLUGGED,"[""Run failed, was aborted, or did not parse""]",False,False,-15,Android public thermal status reached SEVERE; stop sustained load,2026-10-03T23:26:59.511032+00:00,433623.560798331,39.6,66.2,65.0,93.5,1363200,"{""clock_mhz"":""231"",""max_gpuclk"":""231000000"",""thermal_pwrlevel"":""13"",""gpu_busy_percentage"":""1 %"",""gpubusy"":""18129 1031626"",""temp"":""64600"",""reset_count"":""356160""}",4936.5703125,,"5:freezer:/
4:cpuset:/top-app
3:cpuacct:/top-app
2:cpu:/top-app
1:blkio:/top
0::/apps/uid_10247/pid_11813"
sustained-fixed-context-15min-r0-v1-npu,qwen2.5-coder-1.5b,sustained-fixed-context,sustained,api-20261003T210139Z-UNPLUGGED,"[""Run failed, was aborted, or did not parse""]",False,False,-15,Android public thermal status reached SEVERE; stop sustained load,2026-10-03T23:27:00.562360+00:00,433624.612118018,39.6,67.0,65.0,93.5,1363200,"{""clock_mhz"":""231"",""max_gpuclk"":""231000000"",""thermal_pwrlevel"":""13"",""gpu_busy_percentage"":""1 %"",""gpubusy"":""17705 1015693"",""temp"":""65000"",""reset_count"":""356160""}",4935.83203125,,"5:freezer:/
4:cpuset:/top-app
3:cpuacct:/top-app
2:cpu:/top-app
1:blkio:/top
0::/apps/uid_10247/pid_11813"
sustained-fixed-context-15min-r0-v1-npu,qwen2.5-coder-1.5b,sustained-fixed-context,sustained,api-20261003T210139Z-UNPLUGGED,"[""Run failed, was aborted, or did not parse""]",False,False,-15,Android public thermal status reached SEVERE; stop sustained load,2026-10-03T23:27:01.617682+00:00,433625.66743734,39.6,65.8,65.0,94.2,1363200,"{""clock_mhz"":""231"",""max_gpuclk"":""231000000"",""thermal_pwrlevel"":""13"",""gpu_busy_percentage"":""1 %"",""gpubusy"":""17197 1014944"",""temp"":""65000"",""reset_count"":""356160""}",4934.37109375,,"5:freezer:/
4:cpuset:/top-app
3:cpuacct:/top-app
2:cpu:/top-app
1:blkio:/top
0::/apps/uid_10247/pid_11813"
sustained-fixed-context-15min-r0-v1-npu,qwen2.5-coder-1.5b,sustained-fixed-context,sustained,api-20261003T210139Z-UNPLUGGED,"[""Run failed, was aborted, or did not parse""]",False,False,-15,Android public thermal status reached SEVERE; stop sustained load,2026-10-03T23:27:02.671098+00:00,433626.720854007,39.6,66.2,65.0,94.6,1363200,"{""clock_mhz"":""231"",""max_gpuclk"":""231000000"",""thermal_pwrlevel"":""13"",""gpu_busy_percentage"":""1 %"",""gpubusy"":""16749 1020440"",""temp"":""65000"",""reset_count"":""356160""}",4934.37109375,,"5:freezer:/
4:cpuset:/top-app
3:cpuacct:/top-app
2:cpu:/top-app
1:blkio:/top
0::/apps/uid_10247/pid_11813"
sustained-fixed-context-15min-r0-v1-npu,qwen2.5-coder-1.5b,sustained-fixed-context,sustained,api-20261003T210139Z-UNPLUGGED,"[""Run failed, was aborted, or did not parse""]",False,False,-15,Android public thermal status reached SEVERE; stop sustained load,2026-10-03T23:27:03.721818+00:00,433627.771573173,39.6,65.0,65.0,88.0,1363200,"{""clock_mhz"":""231"",""max_gpuclk"":""231000000"",""thermal_pwrlevel"":""13"",""gpu_busy_percentage"":""1 %"",""gpubusy"":""16858 1013264"",""temp"":""64600"",""reset_count"":""356160""}",4933.95703125,,"5:freezer:/
4:cpuset:/top-app
3:cpuacct:/top-app
2:cpu:/top-app
1:blkio:/top
0::/apps/uid_10247/pid_11813"
sustained-fixed-context-15min-r0-v1-npu,qwen2.5-coder-1.5b,sustained-fixed-context,sustained,api-20261003T210139Z-UNPLUGGED,"[""Run failed, was aborted, or did not parse""]",False,False,-15,Android public thermal status reached SEVERE; stop sustained load,2026-10-03T23:27:04.772864+00:00,433628.82263036,39.6,67.7,64.6,93.5,1363200,"{""clock_mhz"":""231"",""max_gpuclk"":""231000000"",""thermal_pwrlevel"":""13"",""gpu_busy_percentage"":""1 %"",""gpubusy"":""17345 1008021"",""temp"":""65000"",""reset_count"":""356160""}",4940.29296875,,"5:freezer:/
4:cpuset:/top-app
3:cpuacct:/top-app
2:cpu:/top-app
1:blkio:/top
0::/apps/uid_10247/pid_11813"
sustained-fixed-context-15min-r0-v1-npu,qwen2.5-coder-1.5b,sustained-fixed-context,sustained,api-20261003T210139Z-UNPLUGGED,"[""Run failed, was aborted, or did not parse""]",False,False,-15,Android public thermal status reached SEVERE; stop sustained load,2026-10-03T23:27:05.822419+00:00,433629.872194943,39.6,65.8,65.4,92.7,1363200,"{""clock_mhz"":""231"",""max_gpuclk"":""231000000"",""thermal_pwrlevel"":""13"",""gpu_busy_percentage"":""1 %"",""gpubusy"":""16455 1004434"",""temp"":""65400"",""reset_count"":""356160""}",4939.8828125,,"5:freezer:/
4:cpuset:/top-app
3:cpuacct:/top-app
2:cpu:/top-app
1:blkio:/top
0::/apps/uid_10247/pid_11813"
sustained-fixed-context-15min-r0-v1-npu,qwen2.5-coder-1.5b,sustained-fixed-context,sustained,api-20261003T210139Z-UNPLUGGED,"[""Run failed, was aborted, or did not parse""]",False,False,-15,Android public thermal status reached SEVERE; stop sustained load,2026-10-03T23:27:06.870149+00:00,433630.919908536,39.6,67.7,65.0,94.6,1363200,"{""clock_mhz"":""231"",""max_gpuclk"":""231000000"",""thermal_pwrlevel"":""13"",""gpu_busy_percentage"":""1 %"",""gpubusy"":""17364 1008910"",""temp"":""65800"",""reset_count"":""356160""}",4939.390625,,"5:freezer:/
4:cpuset:/top-app
3:cpuacct:/top-app
2:cpu:/top-app
1:blkio:/top
0::/apps/uid_10247/pid_11813"
sustained-fixed-context-15min-r0-v1-npu,qwen2.5-coder-1.5b,sustained-fixed-context,sustained,api-20261003T210139Z-UNPLUGGED,"[""Run failed, was aborted, or did not parse""]",False,False,-15,Android public thermal status reached SEVERE; stop sustained load,2026-10-03T23:27:07.923528+00:00,433631.973284161,39.6,66.2,65.0,95.4,1363200,"{""clock_mhz"":""231"",""max_gpuclk"":""231000000"",""thermal_pwrlevel"":""13"",""gpu_busy_percentage"":""1 %"",""gpubusy"":""16510 1018147"",""temp"":""65400"",""reset_count"":""356160""}",4938.62109375,,"5:freezer:/
4:cpuset:/top-app
3:cpuacct:/top-app
2:cpu:/top-app
1:blkio:/top
0::/apps/uid_10247/pid_11813"
sustained-fixed-context-15min-r0-v1-npu,qwen2.5-coder-1.5b,sustained-fixed-context,sustained,api-20261003T210139Z-UNPLUGGED,"[""Run failed, was aborted, or did not parse""]",False,False,-15,Android public thermal status reached SEVERE; stop sustained load,2026-10-03T23:27:08.976584+00:00,433633.02635114,39.6,67.0,65.0,84.1,1363200,"{""clock_mhz"":""231"",""max_gpuclk"":""231000000"",""thermal_pwrlevel"":""13"",""gpu_busy_percentage"":""1 %"",""gpubusy"":""17417 1015021"",""temp"":""65000"",""reset_count"":""356160""}",4938.6796875,,"5:freezer:/
4:cpuset:/top-app
3:cpuacct:/top-app
2:cpu:/top-app
1:blkio:/top
0::/apps/uid_10247/pid_11813"
sustained-fixed-context-15min-r0-v1-npu,qwen2.5-coder-1.5b,sustained-fixed-context,sustained,api-20261003T210139Z-UNPLUGGED,"[""Run failed, was aborted, or did not parse""]",False,False,-15,Android public thermal status reached SEVERE; stop sustained load,2026-10-03T23:27:10.028410+00:00,433634.078167806,39.6,65.8,65.4,92.3,1363200,"{""clock_mhz"":""231"",""max_gpuclk"":""231000000"",""thermal_pwrlevel"":""13"",""gpu_busy_percentage"":""1 %"",""gpubusy"":""18541 1019676"",""temp"":""65800"",""reset_count"":""356160""}",4938.4375,,"5:freezer:/
4:cpuset:/top-app
3:cpuacct:/top-app
2:cpu:/top-app
1:blkio:/top
0::/apps/uid_10247/pid_11813"
sustained-fixed-context-15min-r0-v1-npu,qwen2.5-coder-1.5b,sustained-fixed-context,sustained,api-20261003T210139Z-UNPLUGGED,"[""Run failed, was aborted, or did not parse""]",False,False,-15,Android public thermal status reached SEVERE; stop sustained load,2026-10-03T23:27:11.083647+00:00,433635.133406399,39.6,66.6,65.4,94.2,1363200,"{""clock_mhz"":""231"",""max_gpuclk"":""231000000"",""thermal_pwrlevel"":""13"",""gpu_busy_percentage"":""1 %"",""gpubusy"":""16936 1030703"",""temp"":""65800"",""reset_count"":""356160""}",4936.2734375,,"5:freezer:/
4:cpuset:/top-app
3:cpuacct:/top-app
2:cpu:/top-app
1:blkio:/top
0::/apps/uid_10247/pid_11813"
sustained-fixed-context-15min-r0-v1-npu,qwen2.5-coder-1.5b,sustained-fixed-context,sustained,api-20261003T210139Z-UNPLUGGED,"[""Run failed, was aborted, or did not parse""]",False,False,-15,Android public thermal status reached SEVERE; stop sustained load,2026-10-03T23:27:12.137958+00:00,433636.187718951,39.6,66.6,65.4,94.2,1363200,"{""clock_mhz"":""231"",""max_gpuclk"":""231000000"",""thermal_pwrlevel"":""13"",""gpu_busy_percentage"":""1 %"",""gpubusy"":""16819 1010264"",""temp"":""65800"",""reset_count"":""356160""}",4935.51953125,,"5:freezer:/
4:cpuset:/top-app
3:cpuacct:/top-app
2:cpu:/top-app
1:blkio:/top
0::/apps/uid_10247/pid_11813"
sustained-fixed-context-15min-r0-v1-npu,qwen2.5-coder-1.5b,sustained-fixed-context,sustained,api-20261003T210139Z-UNPLUGGED,"[""Run failed, was aborted, or did not parse""]",False,False,-15,Android public thermal status reached SEVERE; stop sustained load,2026-10-03T23:27:13.197629+00:00,433637.247382336,39.6,66.6,65.4,95.8,1363200,"{""clock_mhz"":""231"",""max_gpuclk"":""231000000"",""thermal_pwrlevel"":""13"",""gpu_busy_percentage"":""1 %"",""gpubusy"":""17316 1020738"",""temp"":""65400"",""reset_count"":""356160""}",4935.2734375,,"5:freezer:/
4:cpuset:/top-app
3:cpuacct:/top-app
2:cpu:/top-app
1:blkio:/top
0::/apps/uid_10247/pid_11813"
sustained-fixed-context-15min-r0-v1-npu,qwen2.5-coder-1.5b,sustained-fixed-context,sustained,api-20261003T210139Z-UNPLUGGED,"[""Run failed, was aborted, or did not parse""]",False,False,-15,Android public thermal status reached SEVERE; stop sustained load,2026-10-03T23:27:14.249621+00:00,433638.299375565,39.6,65.4,65.0,86.1,1363200,"{""clock_mhz"":""231"",""max_gpuclk"":""231000000"",""thermal_pwrlevel"":""13"",""gpu_busy_percentage"":""1 %"",""gpubusy"":""17100 1009847"",""temp"":""65000"",""reset_count"":""356160""}",4934.07421875,,"5:freezer:/
4:cpuset:/top-app
3:cpuacct:/top-app
2:cpu:/top-app
1:blkio:/top
0::/apps/uid_10247/pid_11813"
sustained-fixed-context-15min-r0-v1-npu,qwen2.5-coder-1.5b,sustained-fixed-context,sustained,api-20261003T210139Z-UNPLUGGED,"[""Run failed, was aborted, or did not parse""]",False,False,-15,Android public thermal status reached SEVERE; stop sustained load,2026-10-03T23:27:15.301020+00:00,433639.350776085,39.6,66.6,65.8,93.9,1363200,"{""clock_mhz"":""231"",""max_gpuclk"":""231000000"",""thermal_pwrlevel"":""13"",""gpu_busy_percentage"":""1 %"",""gpubusy"":""17174 1021625"",""temp"":""65400"",""reset_count"":""356160""}",4934.3515625,,"5:freezer:/
4:cpuset:/top-app
3:cpuacct:/top-app
2:cpu:/top-app
1:blkio:/top
0::/apps/uid_10247/pid_11813"
sustained-fixed-context-15min-r0-v1-npu,qwen2.5-coder-1.5b,sustained-fixed-context,sustained,api-20261003T210139Z-UNPLUGGED,"[""Run failed, was aborted, or did not parse""]",False,False,-15,Android public thermal status reached SEVERE; stop sustained load,2026-10-03T23:27:16.355651+00:00,433640.405405095,39.6,67.0,65.4,93.5,1363200,"{""clock_mhz"":""231"",""max_gpuclk"":""231000000"",""thermal_pwrlevel"":""13"",""gpu_busy_percentage"":""1 %"",""gpubusy"":""17072 1014471"",""temp"":""65800"",""reset_count"":""356160""}",4933.37890625,,"5:freezer:/
4:cpuset:/top-app
3:cpuacct:/top-app
2:cpu:/top-app
1:blkio:/top
0::/apps/uid_10247/pid_11813"
sustained-fixed-context-15min-r0-v1-npu,qwen2.5-coder-1.5b,sustained-fixed-context,sustained,api-20261003T210139Z-UNPLUGGED,"[""Run failed, was aborted, or did not parse""]",False,False,-15,Android public thermal status reached SEVERE; stop sustained load,2026-10-03T23:27:17.408047+00:00,433641.457798793,39.6,67.0,65.8,95.0,1363200,"{""clock_mhz"":""231"",""max_gpuclk"":""231000000"",""thermal_pwrlevel"":""13"",""gpu_busy_percentage"":""1 %"",""gpubusy"":""18059 1016166"",""temp"":""65800"",""reset_count"":""356160""}",4933.3828125,,"5:freezer:/
4:cpuset:/top-app
3:cpuacct:/top-app
2:cpu:/top-app
1:blkio:/top
0::/apps/uid_10247/pid_11813"
sustained-fixed-context-15min-r0-v1-npu,qwen2.5-coder-1.5b,sustained-fixed-context,sustained,api-20261003T210139Z-UNPLUGGED,"[""Run failed, was aborted, or did not parse""]",False,False,-15,Android public thermal status reached SEVERE; stop sustained load,2026-10-03T23:27:18.457651+00:00,433642.507408688,39.6,67.7,65.8,93.1,1363200,"{""clock_mhz"":""231"",""max_gpuclk"":""231000000"",""thermal_pwrlevel"":""13"",""gpu_busy_percentage"":""1 %"",""gpubusy"":""17540 1015810"",""temp"":""65800"",""reset_count"":""356160""}",4933.13671875,,"5:freezer:/
4:cpuset:/top-app
3:cpuacct:/top-app
2:cpu:/top-app
1:blkio:/top
0::/apps/uid_10247/pid_11813"
sustained-fixed-context-15min-r0-v1-npu,qwen2.5-coder-1.5b,sustained-fixed-context,sustained,api-20261003T210139Z-UNPLUGGED,"[""Run failed, was aborted, or did not parse""]",False,False,-15,Android public thermal status reached SEVERE; stop sustained load,2026-10-03T23:27:19.512542+00:00,433643.562295198,39.6,66.2,65.0,86.1,1363200,"{""clock_mhz"":""231"",""max_gpuclk"":""231000000"",""thermal_pwrlevel"":""13"",""gpu_busy_percentage"":""1 %"",""gpubusy"":""17906 1035482"",""temp"":""65400"",""reset_count"":""356160""}",4946.9140625,,"5:freezer:/
4:cpuset:/top-app
3:cpuacct:/top-app
2:cpu:/top-app
1:blkio:/top
0::/apps/uid_10247/pid_11813"
sustained-fixed-context-15min-r0-v1-npu,qwen2.5-coder-1.5b,sustained-fixed-context,sustained,api-20261003T210139Z-UNPLUGGED,"[""Run failed, was aborted, or did not parse""]",False,False,-15,Android public thermal status reached SEVERE; stop sustained load,2026-10-03T23:27:20.568221+00:00,433644.617978323,39.6,66.2,65.8,93.1,1363200,"{""clock_mhz"":""231"",""max_gpuclk"":""231000000"",""thermal_pwrlevel"":""13"",""gpu_busy_percentage"":""1 %"",""gpubusy"":""16763 1048852"",""temp"":""65800"",""reset_count"":""356160""}",4946.015625,,"5:freezer:/
4:cpuset:/top-app
3:cpuacct:/top-app
2:cpu:/top-app
1:blkio:/top
0::/apps/uid_10247/pid_11813"
sustained-fixed-context-15min-r0-v1-npu,qwen2.5-coder-1.5b,sustained-fixed-context,sustained,api-20261003T210139Z-UNPLUGGED,"[""Run failed, was aborted, or did not parse""]",False,False,-15,Android public thermal status reached SEVERE; stop sustained load,2026-10-03T23:27:21.621447+00:00,433645.671213218,39.6,66.6,65.4,93.9,1363200,"{""clock_mhz"":""231"",""max_gpuclk"":""231000000"",""thermal_pwrlevel"":""13"",""gpu_busy_percentage"":""1 %"",""gpubusy"":""17173 1006833"",""temp"":""65800"",""reset_count"":""356160""}",4946.015625,,"5:freezer:/
4:cpuset:/top-app
3:cpuacct:/top-app
2:cpu:/top-app
1:blkio:/top
0::/apps/uid_10247/pid_11813"
sustained-fixed-context-15min-r0-v1-npu,qwen2.5-coder-1.5b,sustained-fixed-context,sustained,api-20261003T210139Z-UNPLUGGED,"[""Run failed, was aborted, or did not parse""]",False,False,-15,Android public thermal status reached SEVERE; stop sustained load,2026-10-03T23:27:22.675755+00:00,433646.725512801,39.6,66.6,65.8,94.6,1363200,"{""clock_mhz"":""231"",""max_gpuclk"":""231000000"",""thermal_pwrlevel"":""13"",""gpu_busy_percentage"":""1 %"",""gpubusy"":""17324 1001190"",""temp"":""65800"",""reset_count"":""356160""}",4945.86328125,,"5:freezer:/
4:cpuset:/top-app
3:cpuacct:/top-app
2:cpu:/top-app
1:blkio:/top
0::/apps/uid_10247/pid_11813"
sustained-fixed-context-15min-r0-v1-npu,qwen2.5-coder-1.5b,sustained-fixed-context,sustained,api-20261003T210139Z-UNPLUGGED,"[""Run failed, was aborted, or did not parse""]",False,False,-15,Android public thermal status reached SEVERE; stop sustained load,2026-10-03T23:27:23.723596+00:00,433647.77334853,39.6,68.9,65.8,94.6,1363200,"{""clock_mhz"":""231"",""max_gpuclk"":""231000000"",""thermal_pwrlevel"":""13"",""gpu_busy_percentage"":""1 %"",""gpubusy"":""17291 1000962"",""temp"":""65800"",""reset_count"":""356160""}",4945.37109375,,"5:freezer:/
4:cpuset:/top-app
3:cpuacct:/top-app
2:cpu:/top-app
1:blkio:/top
0::/apps/uid_10247/pid_11813"
sustained-fixed-context-15min-r0-v1-npu,qwen2.5-coder-1.5b,sustained-fixed-context,sustained,api-20261003T210139Z-UNPLUGGED,"[""Run failed, was aborted, or did not parse""]",False,False,-15,Android public thermal status reached SEVERE; stop sustained load,2026-10-03T23:27:24.769973+00:00,433648.819744988,39.6,65.8,65.4,87.2,1363200,"{""clock_mhz"":""231"",""max_gpuclk"":""231000000"",""thermal_pwrlevel"":""13"",""gpu_busy_percentage"":""1 %"",""gpubusy"":""17887 1031021"",""temp"":""65400"",""reset_count"":""356160""}",4943.6484375,,"5:freezer:/
4:cpuset:/top-app
3:cpuacct:/top-app
2:cpu:/top-app
1:blkio:/top
0::/apps/uid_10247/pid_11813"
sustained-fixed-context-15min-r0-v1-npu,qwen2.5-coder-1.5b,sustained-fixed-context,sustained,api-20261003T210139Z-UNPLUGGED,"[""Run failed, was aborted, or did not parse""]",False,False,-15,Android public thermal status reached SEVERE; stop sustained load,2026-10-03T23:27:25.828619+00:00,433649.878373477,39.6,67.0,65.8,94.6,1363200,"{""clock_mhz"":""231"",""max_gpuclk"":""231000000"",""thermal_pwrlevel"":""13"",""gpu_busy_percentage"":""1 %"",""gpubusy"":""16926 1016688"",""temp"":""65800"",""reset_count"":""356160""}",4942.5390625,,"5:freezer:/
4:cpuset:/top-app
3:cpuacct:/top-app
2:cpu:/top-app
1:blkio:/top
0::/apps/uid_10247/pid_11813"
sustained-fixed-context-15min-r0-v1-npu,qwen2.5-coder-1.5b,sustained-fixed-context,sustained,api-20261003T210139Z-UNPLUGGED,"[""Run failed, was aborted, or did not parse""]",False,False,-15,Android public thermal status reached SEVERE; stop sustained load,2026-10-03T23:27:26.878576+00:00,433650.9283353,39.6,68.5,66.6,93.9,1363200,"{""clock_mhz"":""231"",""max_gpuclk"":""231000000"",""thermal_pwrlevel"":""13"",""gpu_busy_percentage"":""1 %"",""gpubusy"":""16841 1030891"",""temp"":""66600"",""reset_count"":""356160""}",4926.53515625,,"5:freezer:/
4:cpuset:/top-app
3:cpuacct:/top-app
2:cpu:/top-app
1:blkio:/top
0::/apps/uid_10247/pid_11813"
sustained-fixed-context-15min-r0-v1-npu,qwen2.5-coder-1.5b,sustained-fixed-context,sustained,api-20261003T210139Z-UNPLUGGED,"[""Run failed, was aborted, or did not parse""]",False,False,-15,Android public thermal status reached SEVERE; stop sustained load,2026-10-03T23:27:27.923868+00:00,433651.973642435,39.6,67.4,67.0,94.6,1363200,"{""clock_mhz"":""231"",""max_gpuclk"":""231000000"",""thermal_pwrlevel"":""13"",""gpu_busy_percentage"":""1 %"",""gpubusy"":""16786 1014034"",""temp"":""67000"",""reset_count"":""356160""}",4926.53515625,,"5:freezer:/
4:cpuset:/top-app
3:cpuacct:/top-app
2:cpu:/top-app
1:blkio:/top
0::/apps/uid_10247/pid_11813"
sustained-fixed-context-15min-r0-v1-npu,qwen2.5-coder-1.5b,sustained-fixed-context,sustained,api-20261003T210139Z-UNPLUGGED,"[""Run failed, was aborted, or did not parse""]",False,False,-15,Android public thermal status reached SEVERE; stop sustained load,2026-10-03T23:27:28.970306+00:00,433653.020071184,39.6,68.9,67.0,93.5,1363200,"{""clock_mhz"":""231"",""max_gpuclk"":""231000000"",""thermal_pwrlevel"":""13"",""gpu_busy_percentage"":""1 %"",""gpubusy"":""17088 1011501"",""temp"":""67000"",""reset_count"":""356160""}",4926.2890625,,"5:freezer:/
4:cpuset:/top-app
3:cpuacct:/top-app
2:cpu:/top-app
1:blkio:/top
0::/apps/uid_10247/pid_11813"
sustained-fixed-context-15min-r0-v1-npu,qwen2.5-coder-1.5b,sustained-fixed-context,sustained,api-20261003T210139Z-UNPLUGGED,"[""Run failed, was aborted, or did not parse""]",False,False,-15,Android public thermal status reached SEVERE; stop sustained load,2026-10-03T23:27:30.017625+00:00,433654.06738983,40.6,67.0,66.6,90.7,1363200,"{""clock_mhz"":""231"",""max_gpuclk"":""231000000"",""thermal_pwrlevel"":""13"",""gpu_busy_percentage"":""1 %"",""gpubusy"":""16027 1003364"",""temp"":""67000"",""reset_count"":""356160""}",4925.55859375,,"5:freezer:/
4:cpuset:/top-app
3:cpuacct:/top-app
2:cpu:/top-app
1:blkio:/top
0::/apps/uid_10247/pid_11813"
sustained-fixed-context-15min-r0-v1-npu,qwen2.5-coder-1.5b,sustained-fixed-context,sustained,api-20261003T210139Z-UNPLUGGED,"[""Run failed, was aborted, or did not parse""]",False,False,-15,Android public thermal status reached SEVERE; stop sustained load,2026-10-03T23:27:31.063887+00:00,433655.113640246,40.6,67.7,67.4,94.2,1363200,"{""clock_mhz"":""231"",""max_gpuclk"":""231000000"",""thermal_pwrlevel"":""13"",""gpu_busy_percentage"":""1 %"",""gpubusy"":""16401 1001537"",""temp"":""67400"",""reset_count"":""356160""}",4925.3125,,"5:freezer:/
4:cpuset:/top-app
3:cpuacct:/top-app
2:cpu:/top-app
1:blkio:/top
0::/apps/uid_10247/pid_11813"
sustained-fixed-context-15min-r0-v1-npu,qwen2.5-coder-1.5b,sustained-fixed-context,sustained,api-20261003T210139Z-UNPLUGGED,"[""Run failed, was aborted, or did not parse""]",False,False,-15,Android public thermal status reached SEVERE; stop sustained load,2026-10-03T23:27:32.110580+00:00,433656.160341339,40.6,67.7,67.7,95.0,1363200,"{""clock_mhz"":""231"",""max_gpuclk"":""231000000"",""thermal_pwrlevel"":""13"",""gpu_busy_percentage"":""1 %"",""gpubusy"":""16434 1006584"",""temp"":""67700"",""reset_count"":""356160""}",4924.08203125,,"5:freezer:/
4:cpuset:/top-app
3:cpuacct:/top-app
2:cpu:/top-app
1:blkio:/top
0::/apps/uid_10247/pid_11813"
sustained-fixed-context-15min-r0-v1-npu,qwen2.5-coder-1.5b,sustained-fixed-context,sustained,api-20261003T210139Z-UNPLUGGED,"[""Run failed, was aborted, or did not parse""]",False,False,-15,Android public thermal status reached SEVERE; stop sustained load,2026-10-03T23:27:33.159726+00:00,433657.209478683,40.6,68.1,67.7,93.9,1363200,"{""clock_mhz"":""231"",""max_gpuclk"":""231000000"",""thermal_pwrlevel"":""13"",""gpu_busy_percentage"":""1 %"",""gpubusy"":""15464 1002808"",""temp"":""67400"",""reset_count"":""356160""}",4923.84375,,"5:freezer:/
4:cpuset:/top-app
3:cpuacct:/top-app
2:cpu:/top-app
1:blkio:/top
0::/apps/uid_10247/pid_11813"
sustained-fixed-context-15min-r0-v1-npu,qwen2.5-coder-1.5b,sustained-fixed-context,sustained,api-20261003T210139Z-UNPLUGGED,"[""Run failed, was aborted, or did not parse""]",False,False,-15,Android public thermal status reached SEVERE; stop sustained load,2026-10-03T23:27:34.204204+00:00,433658.253973943,40.6,68.1,67.4,93.9,1363200,"{""clock_mhz"":""231"",""max_gpuclk"":""231000000"",""thermal_pwrlevel"":""13"",""gpu_busy_percentage"":""1 %"",""gpubusy"":""16887 1016185"",""temp"":""67400"",""reset_count"":""356160""}",4954.26171875,,"5:freezer:/
4:cpuset:/top-app
3:cpuacct:/top-app
2:cpu:/top-app
1:blkio:/top
0::/apps/uid_10247/pid_11813"
sustained-fixed-context-15min-r0-v1-npu,qwen2.5-coder-1.5b,sustained-fixed-context,sustained,api-20261003T210139Z-UNPLUGGED,"[""Run failed, was aborted, or did not parse""]",False,False,-15,Android public thermal status reached SEVERE; stop sustained load,2026-10-03T23:27:35.257241+00:00,433659.306990505,40.6,69.3,67.4,88.8,1363200,"{""clock_mhz"":""231"",""max_gpuclk"":""231000000"",""thermal_pwrlevel"":""13"",""gpu_busy_percentage"":""1 %"",""gpubusy"":""17757 1049195"",""temp"":""67400"",""reset_count"":""356160""}",4952.91796875,,"5:freezer:/
4:cpuset:/top-app
3:cpuacct:/top-app
2:cpu:/top-app
1:blkio:/top
0::/apps/uid_10247/pid_11813"
sustained-fixed-context-15min-r0-v1-npu,qwen2.5-coder-1.5b,sustained-fixed-context,sustained,api-20261003T210139Z-UNPLUGGED,"[""Run failed, was aborted, or did not parse""]",False,False,-15,Android public thermal status reached SEVERE; stop sustained load,2026-10-03T23:27:36.301387+00:00,433660.351147223,40.6,68.1,67.4,95.4,1363200,"{""clock_mhz"":""231"",""max_gpuclk"":""231000000"",""thermal_pwrlevel"":""13"",""gpu_busy_percentage"":""1 %"",""gpubusy"":""17195 1010640"",""temp"":""67700"",""reset_count"":""356160""}",4947.47265625,,"5:freezer:/
4:cpuset:/top-app
3:cpuacct:/top-app
2:cpu:/top-app
1:blkio:/top
0::/apps/uid_10247/pid_11813"
sustained-fixed-context-15min-r0-v1-npu,qwen2.5-coder-1.5b,sustained-fixed-context,sustained,api-20261003T210139Z-UNPLUGGED,"[""Run failed, was aborted, or did not parse""]",False,False,-15,Android public thermal status reached SEVERE; stop sustained load,2026-10-03T23:27:37.347006+00:00,433661.396759358,40.6,68.5,67.7,93.9,1363200,"{""clock_mhz"":""231"",""max_gpuclk"":""231000000"",""thermal_pwrlevel"":""13"",""gpu_busy_percentage"":""1 %"",""gpubusy"":""16217 1034521"",""temp"":""67400"",""reset_count"":""356160""}",4951.171875,,"5:freezer:/
4:cpuset:/top-app
3:cpuacct:/top-app
2:cpu:/top-app
1:blkio:/top
0::/apps/uid_10247/pid_11813"
sustained-fixed-context-15min-r0-v1-npu,qwen2.5-coder-1.5b,sustained-fixed-context,sustained,api-20261003T210139Z-UNPLUGGED,"[""Run failed, was aborted, or did not parse""]",False,False,-15,Android public thermal status reached SEVERE; stop sustained load,2026-10-03T23:27:38.392967+00:00,433662.442717639,40.6,68.5,67.7,93.5,1363200,"{""clock_mhz"":""231"",""max_gpuclk"":""231000000"",""thermal_pwrlevel"":""13"",""gpu_busy_percentage"":""1 %"",""gpubusy"":""15852 1033522"",""temp"":""67700"",""reset_count"":""356160""}",4949.9453125,,"5:freezer:/
4:cpuset:/top-app
3:cpuacct:/top-app
2:cpu:/top-app
1:blkio:/top
0::/apps/uid_10247/pid_11813"
sustained-fixed-context-15min-r0-v1-npu,qwen2.5-coder-1.5b,sustained-fixed-context,sustained,api-20261003T210139Z-UNPLUGGED,"[""Run failed, was aborted, or did not parse""]",False,False,-15,Android public thermal status reached SEVERE; stop sustained load,2026-10-03T23:27:39.447362+00:00,433663.497122222,40.6,68.1,67.7,94.2,1363200,"{""clock_mhz"":""231"",""max_gpuclk"":""231000000"",""thermal_pwrlevel"":""13"",""gpu_busy_percentage"":""1 %"",""gpubusy"":""17284 1034811"",""temp"":""67700"",""reset_count"":""356160""}",4949.9453125,,"5:freezer:/
4:cpuset:/top-app
3:cpuacct:/top-app
2:cpu:/top-app
1:blkio:/top
0::/apps/uid_10247/pid_11813"
sustained-fixed-context-15min-r0-v1-npu,qwen2.5-coder-1.5b,sustained-fixed-context,sustained,api-20261003T210139Z-UNPLUGGED,"[""Run failed, was aborted, or did not parse""]",False,False,-15,Android public thermal status reached SEVERE; stop sustained load,2026-10-03T23:27:40.491143+00:00,433664.540896909,40.6,67.7,67.7,90.0,1363200,"{""clock_mhz"":""231"",""max_gpuclk"":""231000000"",""thermal_pwrlevel"":""13"",""gpu_busy_percentage"":""1 %"",""gpubusy"":""15276 1012249"",""temp"":""67400"",""reset_count"":""356160""}",4946.50390625,,"5:freezer:/
4:cpuset:/top-app
3:cpuacct:/top-app
2:cpu:/top-app
1:blkio:/top
0::/apps/uid_10247/pid_11813"
